Elapsed 0:00:00 [Baseline] logging enabled -> /home/chenlin/krona/anchor-nav/output_logs/baseline_sam_all_0_0.2/20260522-204436-detailed/refhm3d-nav-sequence-baseline-20260522-204457-927843-pid2656246.log
Elapsed 0:00:00 [baseline] reproducibility_seed=1234
Elapsed 0:00:00 [baseline] 输出 JSON 每条记录含 task_level（object|room|region|instance），与 vlmcore refine 及 test_scripts/aggregate_shard_results.py --by-level 一致
Elapsed 0:00:00 [baseline] enabled_task_levels=['instance', 'object', 'region', 'room']
Elapsed 0:00:00 NUMBER OF BLACK IDS: 0
Elapsed 0:00:00 [baseline] live metrics log -> /home/chenlin/krona/anchor-nav/output_logs/baseline_sam_all_0_0.2/20260522-204436-detailed/baseline_live_metrics_0.0_0.2.log
Elapsed 0:00:00 

Total selected number of scenes 7: ['00800-TEEsavR23oF.json.gz', '00802-wcojb4TFT35.json.gz', '00803-k1cupFYWXJ6.json.gz', '00808-y9hTuugGdiq.json.gz', '00810-CrMo8WxCyVb.json.gz', '00813-svBbv1Pavdk.json.gz', '00814-p53SfW6mjZe.json.gz']


[sam-baseline] model_type=vit_h checkpoint=/home/chenlin/krona/anchor-nav/hm3d-online/SAM/sam_vit_h_4b8939.pth device=cuda legacy(pts=32,iou=0.88,stab=0.95,max=0) per-level profiles=['object', 'room', 'region', 'instance']
/home/chenlin/krona/anchor-nav/hm3d-online/data_utils.py:314: UserWarning: 
The version_base parameter is not specified.
Please specify a compatability version level, or None.
Will assume defaults for version 1.1
  hydra.initialize(config_path=config_path)
Using PCDMask3DSegLevelEncoder module from Registry vision
Using ObjectEncoder module from Registry vision
Using QueryMaskEncoder module from Registry grounding
Using MaskHeadSegLevelWithBox module from Registry heads
Using OpenVocabHead module from Registry heads
/home/chenlin/krona/anchor-nav/hm3d-online/data_utils.py:326: UserWarning: 
The version_base parameter is not specified.
Please specify a compatability version level, or None.
Will assume defaults for version 1.1
  hydra.initialize(config_path=config_path)
Using CLIPLanguageEncoder module from Registry language
Using ObjectEncoder module from Registry vision
Using ObjectEncoder module from Registry vision
Using ObjectEncoder module from Registry vision
Using QueryMaskEncoder module from Registry grounding
Using GroundHead module from Registry heads
Using ClsHead module from Registry heads
Using DecisionHead module from Registry heads
*** Scene ***:   0%|          | 0/7 [00:00<?, ?it/s]Elapsed 0:00:34 




*************************** Processing 00800-TEEsavR23oF.json.gz, Total Episode 20 ***************************

=== Episode ===: 0it [00:00, ?it/s][AElapsed 0:00:41 

Begin to process [00800-TEEsavR23oF_sequence_0_0] type: [instance], Question: [tall brown wood wardrobe in bedroom with plain white sheets and light teal pillows on bed near Mickey Mouse plush toy]

Elapsed 0:00:41 Current start position is [     -4.039      3.1134    -0.06032]
Elapsed 1:39:36 ===Episode_id 0 task_id 0 task_level=instance===
SR: False, SPL: 0.0, Object category: wardrobe, goal type: sequence===

Elapsed 1:39:36 [baseline] task_level=instance scene=00800-TEEsavR23oF episode=0 task=0 sec=5934.704
Elapsed 1:39:36 [BASELINE_LIVE_METRICS] rows=1 avg_sr=0.000000 avg_spl=0.000000 follower_error_count=0 levels=[object:n=0,sr=0.000000,spl=0.000000; room:n=0,sr=0.000000,spl=0.000000; region:n=0,sr=0.000000,spl=0.000000; instance:n=1,sr=0.000000,spl=0.000000] latest_scene=00800-TEEsavR23oF latest_episode=0 latest_task=0 latest_level=instance by_level={"instance": {"avg_spl": 0.0, "avg_sr": 0.0, "count": 1}, "object": {"avg_spl": 0.0, "avg_sr": 0.0, "count": 0}, "region": {"avg_spl": 0.0, "avg_sr": 0.0, "count": 0}, "room": {"avg_spl": 0.0, "avg_sr": 0.0, "count": 0}}
Elapsed 1:39:36 

Begin to process [00800-TEEsavR23oF_sequence_0_1] type: [region], Question: [blanket in the office that has computer desk with printer and black PC tower, black office chair below colorful painting, rack with books and wicker basket, brown leather couch with diamond-patterned blanket by railing]

Elapsed 1:39:36 Current start position is [    -7.6887      3.1134      -4.228]
Elapsed 1:46:24 ===Episode_id 0 task_id 1 task_level=region===
SR: False, SPL: 0.0, Object category: blanket, goal type: sequence===

Elapsed 1:46:24 [baseline] task_level=region scene=00800-TEEsavR23oF episode=0 task=1 sec=408.234
Elapsed 1:46:24 [BASELINE_LIVE_METRICS] rows=2 avg_sr=0.000000 avg_spl=0.000000 follower_error_count=0 levels=[object:n=0,sr=0.000000,spl=0.000000; room:n=0,sr=0.000000,spl=0.000000; region:n=1,sr=0.000000,spl=0.000000; instance:n=1,sr=0.000000,spl=0.000000] latest_scene=00800-TEEsavR23oF latest_episode=0 latest_task=1 latest_level=region by_level={"instance": {"avg_spl": 0.0, "avg_sr": 0.0, "count": 1}, "object": {"avg_spl": 0.0, "avg_sr": 0.0, "count": 0}, "region": {"avg_spl": 0.0, "avg_sr": 0.0, "count": 1}, "room": {"avg_spl": 0.0, "avg_sr": 0.0, "count": 0}}
Elapsed 1:46:24 

Begin to process [00800-TEEsavR23oF_sequence_0_2] type: [region], Question: [nightstand in the bedroom that has bed with plain white sheets and light teal pillows, tall wooden headboard, Mickey Mouse plush on dark wood nightstand, matching wardrobe and beige armchair, TV on wood cabinet]

Elapsed 1:46:24 Current start position is [    -1.2114      3.1416     -7.0093]
Elapsed 1:53:45 ===Episode_id 0 task_id 2 task_level=region===
SR: False, SPL: 0.0, Object category: nightstand, goal type: sequence===

Elapsed 1:53:45 [baseline] task_level=region scene=00800-TEEsavR23oF episode=0 task=2 sec=440.914
Elapsed 1:53:45 [BASELINE_LIVE_METRICS] rows=3 avg_sr=0.000000 avg_spl=0.000000 follower_error_count=0 levels=[object:n=0,sr=0.000000,spl=0.000000; room:n=0,sr=0.000000,spl=0.000000; region:n=2,sr=0.000000,spl=0.000000; instance:n=1,sr=0.000000,spl=0.000000] latest_scene=00800-TEEsavR23oF latest_episode=0 latest_task=2 latest_level=region by_level={"instance": {"avg_spl": 0.0, "avg_sr": 0.0, "count": 1}, "object": {"avg_spl": 0.0, "avg_sr": 0.0, "count": 0}, "region": {"avg_spl": 0.0, "avg_sr": 0.0, "count": 2}, "room": {"avg_spl": 0.0, "avg_sr": 0.0, "count": 0}}
Elapsed 1:53:45 

Begin to process [00800-TEEsavR23oF_sequence_0_3] type: [room], Question: [side table in the office]

Elapsed 1:53:45 Current start position is [   -0.28193      3.1134      -5.673]
Elapsed 2:00:32 ===Episode_id 0 task_id 3 task_level=room===
SR: True, SPL: 0.588736546967928, Object category: side table, goal type: sequence===

Elapsed 2:00:32 [baseline] task_level=room scene=00800-TEEsavR23oF episode=0 task=3 sec=406.880
Elapsed 2:00:32 [BASELINE_LIVE_METRICS] rows=4 avg_sr=0.250000 avg_spl=0.147184 follower_error_count=0 levels=[object:n=0,sr=0.000000,spl=0.000000; room:n=1,sr=1.000000,spl=0.588737; region:n=2,sr=0.000000,spl=0.000000; instance:n=1,sr=0.000000,spl=0.000000] latest_scene=00800-TEEsavR23oF latest_episode=0 latest_task=3 latest_level=room by_level={"instance": {"avg_spl": 0.0, "avg_sr": 0.0, "count": 1}, "object": {"avg_spl": 0.0, "avg_sr": 0.0, "count": 0}, "region": {"avg_spl": 0.0, "avg_sr": 0.0, "count": 2}, "room": {"avg_spl": 0.588736546967928, "avg_sr": 1.0, "count": 1}}
Elapsed 2:00:32 

Begin to process [00800-TEEsavR23oF_sequence_0_4] type: [region], Question: [bathroom cabinet in the bathroom that has toilet beside black toilet brush, dark wood single-sink vanity by dark blue bath mat, hanging beige towel, blue shower curtain with seashell, starfish, and coral motifs]

Elapsed 2:00:32 Current start position is [    -5.8256      3.1134   -0.023716]
Elapsed 2:09:08 ===Episode_id 0 task_id 4 task_level=region===
SR: True, SPL: 0.8856340381880374, Object category: bathroom cabinet, goal type: sequence===

Elapsed 2:09:08 [baseline] task_level=region scene=00800-TEEsavR23oF episode=0 task=4 sec=516.586
Elapsed 2:09:08 [BASELINE_LIVE_METRICS] rows=5 avg_sr=0.400000 avg_spl=0.294874 follower_error_count=0 levels=[object:n=0,sr=0.000000,spl=0.000000; room:n=1,sr=1.000000,spl=0.588737; region:n=3,sr=0.333333,spl=0.295211; instance:n=1,sr=0.000000,spl=0.000000] latest_scene=00800-TEEsavR23oF latest_episode=0 latest_task=4 latest_level=region by_level={"instance": {"avg_spl": 0.0, "avg_sr": 0.0, "count": 1}, "object": {"avg_spl": 0.0, "avg_sr": 0.0, "count": 0}, "region": {"avg_spl": 0.2952113460626791, "avg_sr": 0.3333333333333333, "count": 3}, "room": {"avg_spl": 0.588736546967928, "avg_sr": 1.0, "count": 1}}
Elapsed 2:09:08 [Metrics] sequence count: 5, invalid_count: 0, follower_error_count: 0, avg_sr: 0.400000, avg_spl: 0.294874

=== Episode ===: 1it [2:08:34, 7714.21s/it][AElapsed 2:09:16 

Begin to process [00800-TEEsavR23oF_sequence_1_0] type: [instance], Question: [wood dresser below TV in bedroom with bed with plain white sheets and light teal pillows near Mickey Mouse plush toy]

Elapsed 2:09:16 Current start position is [    -5.7018      3.1134    -0.97872]
Elapsed 3:01:02 ===Episode_id 1 task_id 0 task_level=instance===
SR: False, SPL: 0.0, Object category: wardrobe, goal type: sequence===

Elapsed 3:01:02 [baseline] task_level=instance scene=00800-TEEsavR23oF episode=1 task=0 sec=3106.413
Elapsed 3:01:02 [BASELINE_LIVE_METRICS] rows=6 avg_sr=0.333333 avg_spl=0.245728 follower_error_count=0 levels=[object:n=0,sr=0.000000,spl=0.000000; room:n=1,sr=1.000000,spl=0.588737; region:n=3,sr=0.333333,spl=0.295211; instance:n=2,sr=0.000000,spl=0.000000] latest_scene=00800-TEEsavR23oF latest_episode=1 latest_task=0 latest_level=instance by_level={"instance": {"avg_spl": 0.0, "avg_sr": 0.0, "count": 2}, "object": {"avg_spl": 0.0, "avg_sr": 0.0, "count": 0}, "region": {"avg_spl": 0.2952113460626791, "avg_sr": 0.3333333333333333, "count": 3}, "room": {"avg_spl": 0.588736546967928, "avg_sr": 1.0, "count": 1}}
Elapsed 3:01:02 

Begin to process [00800-TEEsavR23oF_sequence_1_1] type: [room], Question: [picture in the hall]

Elapsed 3:01:02 Current start position is [    -3.5249      3.1134      -1.795]
Elapsed 3:06:03 ===Episode_id 1 task_id 1 task_level=room===
SR: True, SPL: 0.7670519170272557, Object category: picture, goal type: sequence===

Elapsed 3:06:03 [baseline] task_level=room scene=00800-TEEsavR23oF episode=1 task=1 sec=300.753
Elapsed 3:06:03 [BASELINE_LIVE_METRICS] rows=7 avg_sr=0.428571 avg_spl=0.320203 follower_error_count=0 levels=[object:n=0,sr=0.000000,spl=0.000000; room:n=2,sr=1.000000,spl=0.677894; region:n=3,sr=0.333333,spl=0.295211; instance:n=2,sr=0.000000,spl=0.000000] latest_scene=00800-TEEsavR23oF latest_episode=1 latest_task=1 latest_level=room by_level={"instance": {"avg_spl": 0.0, "avg_sr": 0.0, "count": 2}, "object": {"avg_spl": 0.0, "avg_sr": 0.0, "count": 0}, "region": {"avg_spl": 0.2952113460626791, "avg_sr": 0.3333333333333333, "count": 3}, "room": {"avg_spl": 0.6778942319975918, "avg_sr": 1.0, "count": 2}}
Elapsed 3:06:03 

Begin to process [00800-TEEsavR23oF_sequence_1_2] type: [room], Question: [pc tower in the office]

Elapsed 3:06:03 Current start position is [     -7.947      3.1134     -4.5605]
Elapsed 3:09:31 ===Episode_id 1 task_id 2 task_level=room===
SR: False, SPL: 0.0, Object category: pc tower, goal type: sequence===

Elapsed 3:09:31 [baseline] task_level=room scene=00800-TEEsavR23oF episode=1 task=2 sec=208.412
Elapsed 3:09:31 [BASELINE_LIVE_METRICS] rows=8 avg_sr=0.375000 avg_spl=0.280178 follower_error_count=0 levels=[object:n=0,sr=0.000000,spl=0.000000; room:n=3,sr=0.666667,spl=0.451929; region:n=3,sr=0.333333,spl=0.295211; instance:n=2,sr=0.000000,spl=0.000000] latest_scene=00800-TEEsavR23oF latest_episode=1 latest_task=2 latest_level=room by_level={"instance": {"avg_spl": 0.0, "avg_sr": 0.0, "count": 2}, "object": {"avg_spl": 0.0, "avg_sr": 0.0, "count": 0}, "region": {"avg_spl": 0.2952113460626791, "avg_sr": 0.3333333333333333, "count": 3}, "room": {"avg_spl": 0.45192948799839455, "avg_sr": 0.6666666666666666, "count": 3}}
Elapsed 3:09:31 

Begin to process [00800-TEEsavR23oF_sequence_1_3] type: [region], Question: [bed in the bedroom that has bed with plain white sheets and light teal pillows, tall wooden headboard, Mickey Mouse plush on dark wood nightstand, matching wardrobe and beige armchair, TV on wood cabinet]

Elapsed 3:09:31 Current start position is [    -3.6794      3.1551     -5.0064]
Elapsed 3:39:08 ===Episode_id 1 task_id 3 task_level=region===
SR: True, SPL: 0.21392819021416368, Object category: bed, goal type: sequence===

Elapsed 3:39:08 [baseline] task_level=region scene=00800-TEEsavR23oF episode=1 task=3 sec=1777.143
Elapsed 3:39:08 [BASELINE_LIVE_METRICS] rows=9 avg_sr=0.444444 avg_spl=0.272817 follower_error_count=0 levels=[object:n=0,sr=0.000000,spl=0.000000; room:n=3,sr=0.666667,spl=0.451929; region:n=4,sr=0.500000,spl=0.274891; instance:n=2,sr=0.000000,spl=0.000000] latest_scene=00800-TEEsavR23oF latest_episode=1 latest_task=3 latest_level=region by_level={"instance": {"avg_spl": 0.0, "avg_sr": 0.0, "count": 2}, "object": {"avg_spl": 0.0, "avg_sr": 0.0, "count": 0}, "region": {"avg_spl": 0.27489055710055027, "avg_sr": 0.5, "count": 4}, "room": {"avg_spl": 0.45192948799839455, "avg_sr": 0.6666666666666666, "count": 3}}
Elapsed 3:39:08 

Begin to process [00800-TEEsavR23oF_sequence_1_4] type: [object], Question: [shower curtain]

Elapsed 3:39:08 Current start position is [    -1.1358       3.117     -7.5124]
Elapsed 3:43:55 ===Episode_id 1 task_id 4 task_level=object===
SR: True, SPL: 0.8257552779808521, Object category: shower curtain, goal type: sequence===

Elapsed 3:43:55 [baseline] task_level=object scene=00800-TEEsavR23oF episode=1 task=4 sec=286.802
Elapsed 3:43:55 [BASELINE_LIVE_METRICS] rows=10 avg_sr=0.500000 avg_spl=0.328111 follower_error_count=0 levels=[object:n=1,sr=1.000000,spl=0.825755; room:n=3,sr=0.666667,spl=0.451929; region:n=4,sr=0.500000,spl=0.274891; instance:n=2,sr=0.000000,spl=0.000000] latest_scene=00800-TEEsavR23oF latest_episode=1 latest_task=4 latest_level=object by_level={"instance": {"avg_spl": 0.0, "avg_sr": 0.0, "count": 2}, "object": {"avg_spl": 0.8257552779808521, "avg_sr": 1.0, "count": 1}, "region": {"avg_spl": 0.27489055710055027, "avg_sr": 0.5, "count": 4}, "room": {"avg_spl": 0.45192948799839455, "avg_sr": 0.6666666666666666, "count": 3}}
Elapsed 3:43:55 [Metrics] sequence count: 10, invalid_count: 0, follower_error_count: 0, avg_sr: 0.500000, avg_spl: 0.328111

=== Episode ===: 2it [3:43:21, 6521.71s/it][AElapsed 3:44:02 

Begin to process [00800-TEEsavR23oF_sequence_2_0] type: [instance], Question: [white bed with mint pillows and wood headboard in bedroom with Mickey Mouse plush on dark wood nightstand and TV on wood cabinet]

Elapsed 3:44:02 Current start position is [    -5.1674      3.1134     -1.1771]
Elapsed 4:47:35 ===Episode_id 2 task_id 0 task_level=instance===
SR: False, SPL: 0.0, Object category: bed, goal type: sequence===

Elapsed 4:47:35 [baseline] task_level=instance scene=00800-TEEsavR23oF episode=2 task=0 sec=3813.470
Elapsed 4:47:35 [BASELINE_LIVE_METRICS] rows=11 avg_sr=0.454545 avg_spl=0.298282 follower_error_count=0 levels=[object:n=1,sr=1.000000,spl=0.825755; room:n=3,sr=0.666667,spl=0.451929; region:n=4,sr=0.500000,spl=0.274891; instance:n=3,sr=0.000000,spl=0.000000] latest_scene=00800-TEEsavR23oF latest_episode=2 latest_task=0 latest_level=instance by_level={"instance": {"avg_spl": 0.0, "avg_sr": 0.0, "count": 3}, "object": {"avg_spl": 0.8257552779808521, "avg_sr": 1.0, "count": 1}, "region": {"avg_spl": 0.27489055710055027, "avg_sr": 0.5, "count": 4}, "room": {"avg_spl": 0.45192948799839455, "avg_sr": 0.6666666666666666, "count": 3}}
Elapsed 4:47:35 

Begin to process [00800-TEEsavR23oF_sequence_2_1] type: [room], Question: [wardrobe in the office]

Elapsed 4:47:35 Current start position is [    -1.0642      3.1158     -7.6066]
Elapsed 4:51:19 ===Episode_id 2 task_id 1 task_level=room===
SR: False, SPL: 0.0, Object category: wardrobe, goal type: sequence===

Elapsed 4:51:19 [baseline] task_level=room scene=00800-TEEsavR23oF episode=2 task=1 sec=223.726
Elapsed 4:51:19 [BASELINE_LIVE_METRICS] rows=12 avg_sr=0.416667 avg_spl=0.273425 follower_error_count=0 levels=[object:n=1,sr=1.000000,spl=0.825755; room:n=4,sr=0.500000,spl=0.338947; region:n=4,sr=0.500000,spl=0.274891; instance:n=3,sr=0.000000,spl=0.000000] latest_scene=00800-TEEsavR23oF latest_episode=2 latest_task=1 latest_level=room by_level={"instance": {"avg_spl": 0.0, "avg_sr": 0.0, "count": 3}, "object": {"avg_spl": 0.8257552779808521, "avg_sr": 1.0, "count": 1}, "region": {"avg_spl": 0.27489055710055027, "avg_sr": 0.5, "count": 4}, "room": {"avg_spl": 0.3389471159987959, "avg_sr": 0.5, "count": 4}}
Elapsed 4:51:19 

Begin to process [00800-TEEsavR23oF_sequence_2_2] type: [object], Question: [shower curtain]

Elapsed 4:51:19 Current start position is [     -3.454      3.1134     -1.8659]
Elapsed 4:54:57 ===Episode_id 2 task_id 2 task_level=object===
SR: True, SPL: 0.8476801065263797, Object category: shower curtain, goal type: sequence===

Elapsed 4:54:57 [baseline] task_level=object scene=00800-TEEsavR23oF episode=2 task=2 sec=218.544
Elapsed 4:54:57 [BASELINE_LIVE_METRICS] rows=13 avg_sr=0.461538 avg_spl=0.317599 follower_error_count=0 levels=[object:n=2,sr=1.000000,spl=0.836718; room:n=4,sr=0.500000,spl=0.338947; region:n=4,sr=0.500000,spl=0.274891; instance:n=3,sr=0.000000,spl=0.000000] latest_scene=00800-TEEsavR23oF latest_episode=2 latest_task=2 latest_level=object by_level={"instance": {"avg_spl": 0.0, "avg_sr": 0.0, "count": 3}, "object": {"avg_spl": 0.8367176922536159, "avg_sr": 1.0, "count": 2}, "region": {"avg_spl": 0.27489055710055027, "avg_sr": 0.5, "count": 4}, "room": {"avg_spl": 0.3389471159987959, "avg_sr": 0.5, "count": 4}}
Elapsed 4:54:57 

Begin to process [00800-TEEsavR23oF_sequence_2_3] type: [room], Question: [side table in the office]

Elapsed 4:54:57 Current start position is [    -6.0261      3.1134     -7.8177]
Elapsed 4:58:43 ===Episode_id 2 task_id 3 task_level=room===
SR: True, SPL: 0.5567057063333696, Object category: side table, goal type: sequence===

Elapsed 4:58:43 [baseline] task_level=room scene=00800-TEEsavR23oF episode=2 task=3 sec=225.460
Elapsed 4:58:43 [BASELINE_LIVE_METRICS] rows=14 avg_sr=0.500000 avg_spl=0.334678 follower_error_count=0 levels=[object:n=2,sr=1.000000,spl=0.836718; room:n=5,sr=0.600000,spl=0.382499; region:n=4,sr=0.500000,spl=0.274891; instance:n=3,sr=0.000000,spl=0.000000] latest_scene=00800-TEEsavR23oF latest_episode=2 latest_task=3 latest_level=room by_level={"instance": {"avg_spl": 0.0, "avg_sr": 0.0, "count": 3}, "object": {"avg_spl": 0.8367176922536159, "avg_sr": 1.0, "count": 2}, "region": {"avg_spl": 0.27489055710055027, "avg_sr": 0.5, "count": 4}, "room": {"avg_spl": 0.3824988340657106, "avg_sr": 0.6, "count": 5}}
Elapsed 4:58:43 

Begin to process [00800-TEEsavR23oF_sequence_2_4] type: [room], Question: [cross trainer in the office]

Elapsed 4:58:43 Current start position is [    -5.9288      3.1134     0.07712]
Elapsed 5:03:10 ===Episode_id 2 task_id 4 task_level=room===
SR: True, SPL: 0.5049607647051263, Object category: cross trainer, goal type: sequence===

Elapsed 5:03:10 [baseline] task_level=room scene=00800-TEEsavR23oF episode=2 task=4 sec=267.442
Elapsed 5:03:10 [BASELINE_LIVE_METRICS] rows=15 avg_sr=0.533333 avg_spl=0.346030 follower_error_count=0 levels=[object:n=2,sr=1.000000,spl=0.836718; room:n=6,sr=0.666667,spl=0.402909; region:n=4,sr=0.500000,spl=0.274891; instance:n=3,sr=0.000000,spl=0.000000] latest_scene=00800-TEEsavR23oF latest_episode=2 latest_task=4 latest_level=room by_level={"instance": {"avg_spl": 0.0, "avg_sr": 0.0, "count": 3}, "object": {"avg_spl": 0.8367176922536159, "avg_sr": 1.0, "count": 2}, "region": {"avg_spl": 0.27489055710055027, "avg_sr": 0.5, "count": 4}, "room": {"avg_spl": 0.4029091558389466, "avg_sr": 0.6666666666666666, "count": 6}}
Elapsed 5:03:10 [Metrics] sequence count: 15, invalid_count: 0, follower_error_count: 0, avg_sr: 0.533333, avg_spl: 0.346030

=== Episode ===: 3it [5:02:36, 5715.03s/it][AElapsed 5:03:18 

Begin to process [00800-TEEsavR23oF_sequence_3_0] type: [instance], Question: [micky mouse plush toy in bedroom with bed having plain white sheets and light teal pillows and beige armchair]

Elapsed 5:03:18 Current start position is [     -5.834      3.1134     -2.6407]
Elapsed 5:49:14 ===Episode_id 3 task_id 0 task_level=instance===
SR: True, SPL: 0.27488031159725196, Object category: plush toy, goal type: sequence===

Elapsed 5:49:14 [baseline] task_level=instance scene=00800-TEEsavR23oF episode=3 task=0 sec=2756.291
Elapsed 5:49:14 [BASELINE_LIVE_METRICS] rows=16 avg_sr=0.562500 avg_spl=0.341583 follower_error_count=0 levels=[object:n=2,sr=1.000000,spl=0.836718; room:n=6,sr=0.666667,spl=0.402909; region:n=4,sr=0.500000,spl=0.274891; instance:n=4,sr=0.250000,spl=0.068720] latest_scene=00800-TEEsavR23oF latest_episode=3 latest_task=0 latest_level=instance by_level={"instance": {"avg_spl": 0.06872007789931299, "avg_sr": 0.25, "count": 4}, "object": {"avg_spl": 0.8367176922536159, "avg_sr": 1.0, "count": 2}, "region": {"avg_spl": 0.27489055710055027, "avg_sr": 0.5, "count": 4}, "room": {"avg_spl": 0.4029091558389466, "avg_sr": 0.6666666666666666, "count": 6}}
Elapsed 5:49:14 

Begin to process [00800-TEEsavR23oF_sequence_3_1] type: [region], Question: [blanket in the office that has computer desk with printer and black PC tower, black office chair below colorful painting, rack with books and wicker basket, brown leather couch with diamond-patterned blanket by railing]

Elapsed 5:49:14 Current start position is [    -1.8875      3.1634     -8.4377]
Elapsed 5:50:55 ===Episode_id 3 task_id 1 task_level=region===
SR: False, SPL: 0.0, Object category: blanket, goal type: sequence===

Elapsed 5:50:55 [baseline] task_level=region scene=00800-TEEsavR23oF episode=3 task=1 sec=100.911
Elapsed 5:50:55 [BASELINE_LIVE_METRICS] rows=17 avg_sr=0.529412 avg_spl=0.321490 follower_error_count=0 levels=[object:n=2,sr=1.000000,spl=0.836718; room:n=6,sr=0.666667,spl=0.402909; region:n=5,sr=0.400000,spl=0.219912; instance:n=4,sr=0.250000,spl=0.068720] latest_scene=00800-TEEsavR23oF latest_episode=3 latest_task=1 latest_level=region by_level={"instance": {"avg_spl": 0.06872007789931299, "avg_sr": 0.25, "count": 4}, "object": {"avg_spl": 0.8367176922536159, "avg_sr": 1.0, "count": 2}, "region": {"avg_spl": 0.21991244568044022, "avg_sr": 0.4, "count": 5}, "room": {"avg_spl": 0.4029091558389466, "avg_sr": 0.6666666666666666, "count": 6}}
Elapsed 5:50:55 

Begin to process [00800-TEEsavR23oF_sequence_3_2] type: [object], Question: [shower curtain]

Elapsed 5:50:55 Current start position is [    -3.7736      3.1134     -1.2669]
Elapsed 5:54:47 Target is not navigable
Elapsed 5:54:47 cannt find path
Elapsed 5:54:47 [baseline][follow-error] scene=00800-TEEsavR23oF episode_id=3 task_id=2 task_level=object final=True error=GreedyFollowerError path_found=False
Elapsed 5:54:47 ===Episode_id 3 task_id 2 task_level=object===
SR: 0, SPL: 0, Object category: shower curtain, goal type: sequence===

Elapsed 5:54:47 [baseline] task_level=object scene=00800-TEEsavR23oF episode=3 task=2 sec=232.239
Elapsed 5:54:47 [BASELINE_LIVE_METRICS] rows=18 avg_sr=0.500000 avg_spl=0.303630 follower_error_count=1 levels=[object:n=3,sr=0.666667,spl=0.557812; room:n=6,sr=0.666667,spl=0.402909; region:n=5,sr=0.400000,spl=0.219912; instance:n=4,sr=0.250000,spl=0.068720] latest_scene=00800-TEEsavR23oF latest_episode=3 latest_task=2 latest_level=object by_level={"instance": {"avg_spl": 0.06872007789931299, "avg_sr": 0.25, "count": 4}, "object": {"avg_spl": 0.557811794835744, "avg_sr": 0.6666666666666666, "count": 3}, "region": {"avg_spl": 0.21991244568044022, "avg_sr": 0.4, "count": 5}, "room": {"avg_spl": 0.4029091558389466, "avg_sr": 0.6666666666666666, "count": 6}}
Elapsed 5:54:47 

Begin to process [00800-TEEsavR23oF_sequence_3_3] type: [object], Question: [tv]

Elapsed 5:54:47 Current start position is [    -3.7736      3.1134     -1.2669]
Elapsed 5:57:34 ===Episode_id 3 task_id 3 task_level=object===
SR: True, SPL: 0.8362632253860323, Object category: tv, goal type: sequence===

Elapsed 5:57:34 [baseline] task_level=object scene=00800-TEEsavR23oF episode=3 task=3 sec=167.124
Elapsed 5:57:34 [BASELINE_LIVE_METRICS] rows=19 avg_sr=0.526316 avg_spl=0.331663 follower_error_count=1 levels=[object:n=4,sr=0.750000,spl=0.627425; room:n=6,sr=0.666667,spl=0.402909; region:n=5,sr=0.400000,spl=0.219912; instance:n=4,sr=0.250000,spl=0.068720] latest_scene=00800-TEEsavR23oF latest_episode=3 latest_task=3 latest_level=object by_level={"instance": {"avg_spl": 0.06872007789931299, "avg_sr": 0.25, "count": 4}, "object": {"avg_spl": 0.627424652473316, "avg_sr": 0.75, "count": 4}, "region": {"avg_spl": 0.21991244568044022, "avg_sr": 0.4, "count": 5}, "room": {"avg_spl": 0.4029091558389466, "avg_sr": 0.6666666666666666, "count": 6}}
Elapsed 5:57:34 

Begin to process [00800-TEEsavR23oF_sequence_3_4] type: [object], Question: [photo]

Elapsed 5:57:34 Current start position is [   -0.48117      3.1134     -5.5395]
Elapsed 5:59:53 ===Episode_id 3 task_id 4 task_level=object===
SR: False, SPL: 0.0, Object category: photo, goal type: sequence===

Elapsed 5:59:53 [baseline] task_level=object scene=00800-TEEsavR23oF episode=3 task=4 sec=138.321
Elapsed 5:59:53 [BASELINE_LIVE_METRICS] rows=20 avg_sr=0.500000 avg_spl=0.315080 follower_error_count=1 levels=[object:n=5,sr=0.600000,spl=0.501940; room:n=6,sr=0.666667,spl=0.402909; region:n=5,sr=0.400000,spl=0.219912; instance:n=4,sr=0.250000,spl=0.068720] latest_scene=00800-TEEsavR23oF latest_episode=3 latest_task=4 latest_level=object by_level={"instance": {"avg_spl": 0.06872007789931299, "avg_sr": 0.25, "count": 4}, "object": {"avg_spl": 0.5019397219786528, "avg_sr": 0.6, "count": 5}, "region": {"avg_spl": 0.21991244568044022, "avg_sr": 0.4, "count": 5}, "room": {"avg_spl": 0.4029091558389466, "avg_sr": 0.6666666666666666, "count": 6}}
Elapsed 5:59:53 [Metrics] sequence count: 20, invalid_count: 0, follower_error_count: 1, avg_sr: 0.500000, avg_spl: 0.315080

=== Episode ===: 4it [5:59:18, 4802.02s/it][AElapsed 6:00:04 

Begin to process [00800-TEEsavR23oF_sequence_4_0] type: [instance], Question: [beige bear plush toy beside Mickey Mouse plush toy on nightstand in bedroom with bed having plain white sheets and light teal pillows]

Elapsed 6:00:04 Current start position is [    -5.1054      3.1134     -1.5611]
Elapsed 6:33:32 ===Episode_id 4 task_id 0 task_level=instance===
SR: False, SPL: 0.0, Object category: plush toy, goal type: sequence===

Elapsed 6:33:32 [baseline] task_level=instance scene=00800-TEEsavR23oF episode=4 task=0 sec=2007.650
Elapsed 6:33:32 [BASELINE_LIVE_METRICS] rows=21 avg_sr=0.476190 avg_spl=0.300076 follower_error_count=1 levels=[object:n=5,sr=0.600000,spl=0.501940; room:n=6,sr=0.666667,spl=0.402909; region:n=5,sr=0.400000,spl=0.219912; instance:n=5,sr=0.200000,spl=0.054976] latest_scene=00800-TEEsavR23oF latest_episode=4 latest_task=0 latest_level=instance by_level={"instance": {"avg_spl": 0.05497606231945039, "avg_sr": 0.2, "count": 5}, "object": {"avg_spl": 0.5019397219786528, "avg_sr": 0.6, "count": 5}, "region": {"avg_spl": 0.21991244568044022, "avg_sr": 0.4, "count": 5}, "room": {"avg_spl": 0.4029091558389466, "avg_sr": 0.6666666666666666, "count": 6}}
Elapsed 6:33:32 

Begin to process [00800-TEEsavR23oF_sequence_4_1] type: [room], Question: [table in the office]

Elapsed 6:33:32 Current start position is [    -4.3474      3.1134     -2.6206]
Elapsed 6:42:56 ===Episode_id 4 task_id 1 task_level=room===
SR: True, SPL: 0.0653234992691285, Object category: table, goal type: sequence===

Elapsed 6:42:56 [baseline] task_level=room scene=00800-TEEsavR23oF episode=4 task=1 sec=564.134
Elapsed 6:42:56 [BASELINE_LIVE_METRICS] rows=22 avg_sr=0.500000 avg_spl=0.289405 follower_error_count=1 levels=[object:n=5,sr=0.600000,spl=0.501940; room:n=7,sr=0.714286,spl=0.354683; region:n=5,sr=0.400000,spl=0.219912; instance:n=5,sr=0.200000,spl=0.054976] latest_scene=00800-TEEsavR23oF latest_episode=4 latest_task=1 latest_level=room by_level={"instance": {"avg_spl": 0.05497606231945039, "avg_sr": 0.2, "count": 5}, "object": {"avg_spl": 0.5019397219786528, "avg_sr": 0.6, "count": 5}, "region": {"avg_spl": 0.21991244568044022, "avg_sr": 0.4, "count": 5}, "room": {"avg_spl": 0.3546826334718297, "avg_sr": 0.7142857142857143, "count": 7}}
Elapsed 6:42:56 

Begin to process [00800-TEEsavR23oF_sequence_4_2] type: [region], Question: [wardrobe in the bedroom that has bed with plain white sheets and light teal pillows, tall wooden headboard, Mickey Mouse plush on dark wood nightstand, matching wardrobe and beige armchair, TV on wood cabinet]

Elapsed 6:42:56 Current start position is [    -6.0256      3.1134     -2.7429]
Elapsed 6:57:22 ===Episode_id 4 task_id 2 task_level=region===
SR: False, SPL: 0.0, Object category: wardrobe, goal type: sequence===

Elapsed 6:57:22 [baseline] task_level=region scene=00800-TEEsavR23oF episode=4 task=2 sec=865.829
Elapsed 6:57:22 [BASELINE_LIVE_METRICS] rows=23 avg_sr=0.478261 avg_spl=0.276823 follower_error_count=1 levels=[object:n=5,sr=0.600000,spl=0.501940; room:n=7,sr=0.714286,spl=0.354683; region:n=6,sr=0.333333,spl=0.183260; instance:n=5,sr=0.200000,spl=0.054976] latest_scene=00800-TEEsavR23oF latest_episode=4 latest_task=2 latest_level=region by_level={"instance": {"avg_spl": 0.05497606231945039, "avg_sr": 0.2, "count": 5}, "object": {"avg_spl": 0.5019397219786528, "avg_sr": 0.6, "count": 5}, "region": {"avg_spl": 0.18326037140036686, "avg_sr": 0.3333333333333333, "count": 6}, "room": {"avg_spl": 0.3546826334718297, "avg_sr": 0.7142857142857143, "count": 7}}
Elapsed 6:57:22 

Begin to process [00800-TEEsavR23oF_sequence_4_3] type: [region], Question: [cabinet in the bathroom that has toilet beside black toilet brush, dark wood single-sink vanity by dark blue bath mat, hanging beige towel, blue shower curtain with seashell, starfish, and coral motifs]

Elapsed 6:57:22 Current start position is [    -1.0699      3.1134       -7.65]
Elapsed 7:01:10 ===Episode_id 4 task_id 3 task_level=region===
SR: True, SPL: 0.8280440353220946, Object category: cabinet, goal type: sequence===

Elapsed 7:01:10 [baseline] task_level=region scene=00800-TEEsavR23oF episode=4 task=3 sec=228.608
Elapsed 7:01:10 [BASELINE_LIVE_METRICS] rows=24 avg_sr=0.500000 avg_spl=0.299790 follower_error_count=1 levels=[object:n=5,sr=0.600000,spl=0.501940; room:n=7,sr=0.714286,spl=0.354683; region:n=7,sr=0.428571,spl=0.275372; instance:n=5,sr=0.200000,spl=0.054976] latest_scene=00800-TEEsavR23oF latest_episode=4 latest_task=3 latest_level=region by_level={"instance": {"avg_spl": 0.05497606231945039, "avg_sr": 0.2, "count": 5}, "object": {"avg_spl": 0.5019397219786528, "avg_sr": 0.6, "count": 5}, "region": {"avg_spl": 0.2753723233891851, "avg_sr": 0.42857142857142855, "count": 7}, "room": {"avg_spl": 0.3546826334718297, "avg_sr": 0.7142857142857143, "count": 7}}
Elapsed 7:01:10 

Begin to process [00800-TEEsavR23oF_sequence_4_4] type: [region], Question: [tv in the bedroom that has bed with plain white sheets and light teal pillows, tall wooden headboard, Mickey Mouse plush on dark wood nightstand, matching wardrobe and beige armchair, TV on wood cabinet]

Elapsed 7:01:10 Current start position is [    -4.4509       3.129     -7.9205]
Elapsed 7:03:40 ===Episode_id 4 task_id 4 task_level=region===
SR: True, SPL: 0.7641637386937018, Object category: tv, goal type: sequence===

Elapsed 7:03:40 [baseline] task_level=region scene=00800-TEEsavR23oF episode=4 task=4 sec=149.908
Elapsed 7:03:40 [BASELINE_LIVE_METRICS] rows=25 avg_sr=0.520000 avg_spl=0.318365 follower_error_count=1 levels=[object:n=5,sr=0.600000,spl=0.501940; room:n=7,sr=0.714286,spl=0.354683; region:n=8,sr=0.500000,spl=0.336471; instance:n=5,sr=0.200000,spl=0.054976] latest_scene=00800-TEEsavR23oF latest_episode=4 latest_task=4 latest_level=region by_level={"instance": {"avg_spl": 0.05497606231945039, "avg_sr": 0.2, "count": 5}, "object": {"avg_spl": 0.5019397219786528, "avg_sr": 0.6, "count": 5}, "region": {"avg_spl": 0.33647125030224967, "avg_sr": 0.5, "count": 8}, "room": {"avg_spl": 0.3546826334718297, "avg_sr": 0.7142857142857143, "count": 7}}
Elapsed 7:03:40 [Metrics] sequence count: 25, invalid_count: 0, follower_error_count: 1, avg_sr: 0.520000, avg_spl: 0.318365

=== Episode ===: 5it [7:03:06, 4450.60s/it][AElapsed 7:03:46 

Begin to process [00800-TEEsavR23oF_sequence_5_0] type: [instance], Question: [beige bath towel on rack in bathroom with toilet, dark wood single-sink vanity, blue shower curtain with seashell, starfish, and coral motifs]

Elapsed 7:03:46 Current start position is [    -4.5575      3.1134    -0.97152]
Elapsed 7:07:59 geodesic_distance: 2.883424997329712
Elapsed 7:07:59 [baseline][follow-error] scene=00800-TEEsavR23oF episode_id=5 task_id=0 task_level=instance final=False error=GreedyFollowerError path_found=True
Elapsed 7:07:59 ===Episode_id 5 task_id 0 task_level=instance===
SR: 0, SPL: 0, Object category: towel, goal type: sequence===

Elapsed 7:07:59 [baseline] task_level=instance scene=00800-TEEsavR23oF episode=5 task=0 sec=253.834
Elapsed 7:07:59 [BASELINE_LIVE_METRICS] rows=26 avg_sr=0.500000 avg_spl=0.306120 follower_error_count=2 levels=[object:n=5,sr=0.600000,spl=0.501940; room:n=7,sr=0.714286,spl=0.354683; region:n=8,sr=0.500000,spl=0.336471; instance:n=6,sr=0.166667,spl=0.045813] latest_scene=00800-TEEsavR23oF latest_episode=5 latest_task=0 latest_level=instance by_level={"instance": {"avg_spl": 0.04581338526620866, "avg_sr": 0.16666666666666666, "count": 6}, "object": {"avg_spl": 0.5019397219786528, "avg_sr": 0.6, "count": 5}, "region": {"avg_spl": 0.33647125030224967, "avg_sr": 0.5, "count": 8}, "room": {"avg_spl": 0.3546826334718297, "avg_sr": 0.7142857142857143, "count": 7}}
Elapsed 7:07:59 

Begin to process [00800-TEEsavR23oF_sequence_5_1] type: [room], Question: [picture in the living room]

Elapsed 7:07:59 Current start position is [    -4.5575      3.1134    -0.97152]
Elapsed 7:09:44 ===Episode_id 5 task_id 1 task_level=room===
SR: False, SPL: 0.0, Object category: picture, goal type: sequence===

Elapsed 7:09:44 [baseline] task_level=room scene=00800-TEEsavR23oF episode=5 task=1 sec=104.808
Elapsed 7:09:44 [BASELINE_LIVE_METRICS] rows=27 avg_sr=0.481481 avg_spl=0.294782 follower_error_count=2 levels=[object:n=5,sr=0.600000,spl=0.501940; room:n=8,sr=0.625000,spl=0.310347; region:n=8,sr=0.500000,spl=0.336471; instance:n=6,sr=0.166667,spl=0.045813] latest_scene=00800-TEEsavR23oF latest_episode=5 latest_task=1 latest_level=room by_level={"instance": {"avg_spl": 0.04581338526620866, "avg_sr": 0.16666666666666666, "count": 6}, "object": {"avg_spl": 0.5019397219786528, "avg_sr": 0.6, "count": 5}, "region": {"avg_spl": 0.33647125030224967, "avg_sr": 0.5, "count": 8}, "room": {"avg_spl": 0.310347304287851, "avg_sr": 0.625, "count": 8}}
Elapsed 7:09:44 

Begin to process [00800-TEEsavR23oF_sequence_5_2] type: [region], Question: [wardrobe in the bedroom that has bed with plain white sheets and light teal pillows, tall wooden headboard, Mickey Mouse plush on dark wood nightstand, matching wardrobe and beige armchair, TV on wood cabinet]

Elapsed 7:09:44 Current start position is [    -4.7302      3.1134   -0.074404]
Elapsed 7:12:28 ===Episode_id 5 task_id 2 task_level=region===
SR: False, SPL: 0.0, Object category: wardrobe, goal type: sequence===

Elapsed 7:12:28 [baseline] task_level=region scene=00800-TEEsavR23oF episode=5 task=2 sec=163.637
Elapsed 7:12:28 [BASELINE_LIVE_METRICS] rows=28 avg_sr=0.464286 avg_spl=0.284255 follower_error_count=2 levels=[object:n=5,sr=0.600000,spl=0.501940; room:n=8,sr=0.625000,spl=0.310347; region:n=9,sr=0.444444,spl=0.299086; instance:n=6,sr=0.166667,spl=0.045813] latest_scene=00800-TEEsavR23oF latest_episode=5 latest_task=2 latest_level=region by_level={"instance": {"avg_spl": 0.04581338526620866, "avg_sr": 0.16666666666666666, "count": 6}, "object": {"avg_spl": 0.5019397219786528, "avg_sr": 0.6, "count": 5}, "region": {"avg_spl": 0.2990855558242219, "avg_sr": 0.4444444444444444, "count": 9}, "room": {"avg_spl": 0.310347304287851, "avg_sr": 0.625, "count": 8}}
Elapsed 7:12:28 

Begin to process [00800-TEEsavR23oF_sequence_5_3] type: [room], Question: [side table in the office]

Elapsed 7:12:28 Current start position is [    -5.8848      3.1134   -0.010483]
Elapsed 7:18:11 ===Episode_id 5 task_id 3 task_level=room===
SR: True, SPL: 0.017353816727159556, Object category: side table, goal type: sequence===

Elapsed 7:18:11 [baseline] task_level=room scene=00800-TEEsavR23oF episode=5 task=3 sec=342.750
Elapsed 7:18:11 [BASELINE_LIVE_METRICS] rows=29 avg_sr=0.482759 avg_spl=0.275051 follower_error_count=2 levels=[object:n=5,sr=0.600000,spl=0.501940; room:n=9,sr=0.666667,spl=0.277792; region:n=9,sr=0.444444,spl=0.299086; instance:n=6,sr=0.166667,spl=0.045813] latest_scene=00800-TEEsavR23oF latest_episode=5 latest_task=3 latest_level=room by_level={"instance": {"avg_spl": 0.04581338526620866, "avg_sr": 0.16666666666666666, "count": 6}, "object": {"avg_spl": 0.5019397219786528, "avg_sr": 0.6, "count": 5}, "region": {"avg_spl": 0.2990855558242219, "avg_sr": 0.4444444444444444, "count": 9}, "room": {"avg_spl": 0.2777924723366631, "avg_sr": 0.6666666666666666, "count": 9}}
Elapsed 7:18:11 

Begin to process [00800-TEEsavR23oF_sequence_5_4] type: [room], Question: [shower curtain in the bathroom]

Elapsed 7:18:11 Current start position is [    -6.7037      3.1134     -3.3547]
Elapsed 7:20:37 ===Episode_id 5 task_id 4 task_level=room===
SR: False, SPL: 0.0, Object category: shower curtain, goal type: sequence===

Elapsed 7:20:37 [baseline] task_level=room scene=00800-TEEsavR23oF episode=5 task=4 sec=146.186
Elapsed 7:20:37 [BASELINE_LIVE_METRICS] rows=30 avg_sr=0.466667 avg_spl=0.265883 follower_error_count=2 levels=[object:n=5,sr=0.600000,spl=0.501940; room:n=10,sr=0.600000,spl=0.250013; region:n=9,sr=0.444444,spl=0.299086; instance:n=6,sr=0.166667,spl=0.045813] latest_scene=00800-TEEsavR23oF latest_episode=5 latest_task=4 latest_level=room by_level={"instance": {"avg_spl": 0.04581338526620866, "avg_sr": 0.16666666666666666, "count": 6}, "object": {"avg_spl": 0.5019397219786528, "avg_sr": 0.6, "count": 5}, "region": {"avg_spl": 0.2990855558242219, "avg_sr": 0.4444444444444444, "count": 9}, "room": {"avg_spl": 0.2500132251029968, "avg_sr": 0.6, "count": 10}}
Elapsed 7:20:37 [Metrics] sequence count: 30, invalid_count: 0, follower_error_count: 2, avg_sr: 0.466667, avg_spl: 0.265883

=== Episode ===: 6it [7:20:02, 3283.06s/it][AElapsed 7:20:43 

Begin to process [00800-TEEsavR23oF_sequence_6_0] type: [instance], Question: [blue seashell-patterned shower curtain in bathroom with dark wood single-sink vanity]

Elapsed 7:20:43 Current start position is [    -4.0158      3.1134     -2.3666]
Elapsed 8:08:45 ===Episode_id 6 task_id 0 task_level=instance===
SR: True, SPL: 0.7245916364177172, Object category: shower curtain, goal type: sequence===

Elapsed 8:08:45 [baseline] task_level=instance scene=00800-TEEsavR23oF episode=6 task=0 sec=2882.492
Elapsed 8:08:45 [BASELINE_LIVE_METRICS] rows=31 avg_sr=0.483871 avg_spl=0.280680 follower_error_count=2 levels=[object:n=5,sr=0.600000,spl=0.501940; room:n=10,sr=0.600000,spl=0.250013; region:n=9,sr=0.444444,spl=0.299086; instance:n=7,sr=0.285714,spl=0.142782] latest_scene=00800-TEEsavR23oF latest_episode=6 latest_task=0 latest_level=instance by_level={"instance": {"avg_spl": 0.14278170685928132, "avg_sr": 0.2857142857142857, "count": 7}, "object": {"avg_spl": 0.5019397219786528, "avg_sr": 0.6, "count": 5}, "region": {"avg_spl": 0.2990855558242219, "avg_sr": 0.4444444444444444, "count": 9}, "room": {"avg_spl": 0.2500132251029968, "avg_sr": 0.6, "count": 10}}
Elapsed 8:08:45 

Begin to process [00800-TEEsavR23oF_sequence_6_1] type: [object], Question: [couch]

Elapsed 8:08:45 Current start position is [    -5.9647      3.1134     -7.4121]
Elapsed 8:12:07 ===Episode_id 6 task_id 1 task_level=object===
SR: True, SPL: 0.5836305044343157, Object category: couch, goal type: sequence===

Elapsed 8:12:07 [baseline] task_level=object scene=00800-TEEsavR23oF episode=6 task=1 sec=201.354
Elapsed 8:12:07 [BASELINE_LIVE_METRICS] rows=32 avg_sr=0.500000 avg_spl=0.290147 follower_error_count=2 levels=[object:n=6,sr=0.666667,spl=0.515555; room:n=10,sr=0.600000,spl=0.250013; region:n=9,sr=0.444444,spl=0.299086; instance:n=7,sr=0.285714,spl=0.142782] latest_scene=00800-TEEsavR23oF latest_episode=6 latest_task=1 latest_level=object by_level={"instance": {"avg_spl": 0.14278170685928132, "avg_sr": 0.2857142857142857, "count": 7}, "object": {"avg_spl": 0.51555485238793, "avg_sr": 0.6666666666666666, "count": 6}, "region": {"avg_spl": 0.2990855558242219, "avg_sr": 0.4444444444444444, "count": 9}, "room": {"avg_spl": 0.2500132251029968, "avg_sr": 0.6, "count": 10}}
Elapsed 8:12:07 

Begin to process [00800-TEEsavR23oF_sequence_6_2] type: [region], Question: [plush toy in the bedroom that has bed with plain white sheets and light teal pillows, tall wooden headboard, Mickey Mouse plush on dark wood nightstand, matching wardrobe and beige armchair, TV on wood cabinet]

Elapsed 8:12:07 Current start position is [    -4.6866      3.1134     -2.5552]
Elapsed 8:29:00 ===Episode_id 6 task_id 2 task_level=region===
SR: True, SPL: 0.8482606372921861, Object category: plush toy, goal type: sequence===

Elapsed 8:29:00 [baseline] task_level=region scene=00800-TEEsavR23oF episode=6 task=2 sec=1013.392
Elapsed 8:29:00 [BASELINE_LIVE_METRICS] rows=33 avg_sr=0.515152 avg_spl=0.307060 follower_error_count=2 levels=[object:n=6,sr=0.666667,spl=0.515555; room:n=10,sr=0.600000,spl=0.250013; region:n=10,sr=0.500000,spl=0.354003; instance:n=7,sr=0.285714,spl=0.142782] latest_scene=00800-TEEsavR23oF latest_episode=6 latest_task=2 latest_level=region by_level={"instance": {"avg_spl": 0.14278170685928132, "avg_sr": 0.2857142857142857, "count": 7}, "object": {"avg_spl": 0.51555485238793, "avg_sr": 0.6666666666666666, "count": 6}, "region": {"avg_spl": 0.35400306397101833, "avg_sr": 0.5, "count": 10}, "room": {"avg_spl": 0.2500132251029968, "avg_sr": 0.6, "count": 10}}
Elapsed 8:29:00 

Begin to process [00800-TEEsavR23oF_sequence_6_3] type: [region], Question: [computer desk in the office that has computer desk with printer and black PC tower, black office chair below colorful painting, rack with books and wicker basket, brown leather couch with diamond-patterned blanket by railing]

Elapsed 8:29:00 Current start position is [    -1.9625      3.1585     -8.4332]
Elapsed 8:31:55 ===Episode_id 6 task_id 3 task_level=region===
SR: True, SPL: 0.8800842549116056, Object category: computer desk, goal type: sequence===

Elapsed 8:31:55 [baseline] task_level=region scene=00800-TEEsavR23oF episode=6 task=3 sec=174.767
Elapsed 8:31:55 [BASELINE_LIVE_METRICS] rows=34 avg_sr=0.529412 avg_spl=0.323913 follower_error_count=2 levels=[object:n=6,sr=0.666667,spl=0.515555; room:n=10,sr=0.600000,spl=0.250013; region:n=11,sr=0.545455,spl=0.401829; instance:n=7,sr=0.285714,spl=0.142782] latest_scene=00800-TEEsavR23oF latest_episode=6 latest_task=3 latest_level=region by_level={"instance": {"avg_spl": 0.14278170685928132, "avg_sr": 0.2857142857142857, "count": 7}, "object": {"avg_spl": 0.51555485238793, "avg_sr": 0.6666666666666666, "count": 6}, "region": {"avg_spl": 0.401828626783799, "avg_sr": 0.5454545454545454, "count": 11}, "room": {"avg_spl": 0.2500132251029968, "avg_sr": 0.6, "count": 10}}
Elapsed 8:31:55 

Begin to process [00800-TEEsavR23oF_sequence_6_4] type: [region], Question: [bathroom cabinet in the bathroom that has toilet beside black toilet brush, dark wood single-sink vanity by dark blue bath mat, hanging beige towel, blue shower curtain with seashell, starfish, and coral motifs]

Elapsed 8:31:55 Current start position is [    -4.6804      3.1134    -0.21875]
Elapsed 8:37:14 ===Episode_id 6 task_id 4 task_level=region===
SR: True, SPL: 0.8922390655831097, Object category: bathroom cabinet, goal type: sequence===

Elapsed 8:37:14 [baseline] task_level=region scene=00800-TEEsavR23oF episode=6 task=4 sec=319.168
Elapsed 8:37:14 [BASELINE_LIVE_METRICS] rows=35 avg_sr=0.542857 avg_spl=0.340151 follower_error_count=2 levels=[object:n=6,sr=0.666667,spl=0.515555; room:n=10,sr=0.600000,spl=0.250013; region:n=12,sr=0.583333,spl=0.442696; instance:n=7,sr=0.285714,spl=0.142782] latest_scene=00800-TEEsavR23oF latest_episode=6 latest_task=4 latest_level=region by_level={"instance": {"avg_spl": 0.14278170685928132, "avg_sr": 0.2857142857142857, "count": 7}, "object": {"avg_spl": 0.51555485238793, "avg_sr": 0.6666666666666666, "count": 6}, "region": {"avg_spl": 0.44269616335040823, "avg_sr": 0.5833333333333334, "count": 12}, "room": {"avg_spl": 0.2500132251029968, "avg_sr": 0.6, "count": 10}}
Elapsed 8:37:14 [Metrics] sequence count: 35, invalid_count: 0, follower_error_count: 2, avg_sr: 0.542857, avg_spl: 0.340151

=== Episode ===: 7it [8:36:39, 3712.67s/it][AElapsed 8:37:19 

Begin to process [00800-TEEsavR23oF_sequence_7_0] type: [instance], Question: [dark wood-framed blackboard leaning against white door below doorknob with yellow-and-blue toy]

Elapsed 8:37:19 Current start position is [    -3.8193      3.1134     -1.6744]
Elapsed 9:35:03 ===Episode_id 7 task_id 0 task_level=instance===
SR: False, SPL: 0.0, Object category: board, goal type: sequence===

Elapsed 9:35:03 [baseline] task_level=instance scene=00800-TEEsavR23oF episode=7 task=0 sec=3463.643
Elapsed 9:35:03 [BASELINE_LIVE_METRICS] rows=36 avg_sr=0.527778 avg_spl=0.330702 follower_error_count=2 levels=[object:n=6,sr=0.666667,spl=0.515555; room:n=10,sr=0.600000,spl=0.250013; region:n=12,sr=0.583333,spl=0.442696; instance:n=8,sr=0.250000,spl=0.124934] latest_scene=00800-TEEsavR23oF latest_episode=7 latest_task=0 latest_level=instance by_level={"instance": {"avg_spl": 0.12493399350187115, "avg_sr": 0.25, "count": 8}, "object": {"avg_spl": 0.51555485238793, "avg_sr": 0.6666666666666666, "count": 6}, "region": {"avg_spl": 0.44269616335040823, "avg_sr": 0.5833333333333334, "count": 12}, "room": {"avg_spl": 0.2500132251029968, "avg_sr": 0.6, "count": 10}}
Elapsed 9:35:03 

Begin to process [00800-TEEsavR23oF_sequence_7_1] type: [region], Question: [wardrobe in the bedroom that has bed with plain white sheets and light teal pillows, tall wooden headboard, Mickey Mouse plush on dark wood nightstand, matching wardrobe and beige armchair, TV on wood cabinet]

Elapsed 9:35:03 Current start position is [    -6.8856      3.1134     -3.3699]
Elapsed 9:39:46 ===Episode_id 7 task_id 1 task_level=region===
SR: True, SPL: 0.5991502899268188, Object category: wardrobe, goal type: sequence===

Elapsed 9:39:46 [baseline] task_level=region scene=00800-TEEsavR23oF episode=7 task=1 sec=282.577
Elapsed 9:39:46 [BASELINE_LIVE_METRICS] rows=37 avg_sr=0.540541 avg_spl=0.337958 follower_error_count=2 levels=[object:n=6,sr=0.666667,spl=0.515555; room:n=10,sr=0.600000,spl=0.250013; region:n=13,sr=0.615385,spl=0.454731; instance:n=8,sr=0.250000,spl=0.124934] latest_scene=00800-TEEsavR23oF latest_episode=7 latest_task=1 latest_level=region by_level={"instance": {"avg_spl": 0.12493399350187115, "avg_sr": 0.25, "count": 8}, "object": {"avg_spl": 0.51555485238793, "avg_sr": 0.6666666666666666, "count": 6}, "region": {"avg_spl": 0.4547310961639782, "avg_sr": 0.6153846153846154, "count": 13}, "room": {"avg_spl": 0.2500132251029968, "avg_sr": 0.6, "count": 10}}
Elapsed 9:39:46 

Begin to process [00800-TEEsavR23oF_sequence_7_2] type: [region], Question: [blanket in the office that has computer desk with printer and black PC tower, black office chair below colorful painting, rack with books and wicker basket, brown leather couch with diamond-patterned blanket by railing]

Elapsed 9:39:46 Current start position is [    -2.3528      3.1452     -7.4995]
Elapsed 9:43:42 ===Episode_id 7 task_id 2 task_level=region===
SR: True, SPL: 0.6978745494752613, Object category: blanket, goal type: sequence===

Elapsed 9:43:42 [baseline] task_level=region scene=00800-TEEsavR23oF episode=7 task=2 sec=235.867
Elapsed 9:43:42 [BASELINE_LIVE_METRICS] rows=38 avg_sr=0.552632 avg_spl=0.347429 follower_error_count=2 levels=[object:n=6,sr=0.666667,spl=0.515555; room:n=10,sr=0.600000,spl=0.250013; region:n=14,sr=0.642857,spl=0.472098; instance:n=8,sr=0.250000,spl=0.124934] latest_scene=00800-TEEsavR23oF latest_episode=7 latest_task=2 latest_level=region by_level={"instance": {"avg_spl": 0.12493399350187115, "avg_sr": 0.25, "count": 8}, "object": {"avg_spl": 0.51555485238793, "avg_sr": 0.6666666666666666, "count": 6}, "region": {"avg_spl": 0.47209848568621277, "avg_sr": 0.6428571428571429, "count": 14}, "room": {"avg_spl": 0.2500132251029968, "avg_sr": 0.6, "count": 10}}
Elapsed 9:43:42 

Begin to process [00800-TEEsavR23oF_sequence_7_3] type: [room], Question: [bath towel in the bathroom]

Elapsed 9:43:42 Current start position is [    -5.7719      3.1134   -0.070709]
Elapsed 9:50:15 ===Episode_id 7 task_id 3 task_level=room===
SR: True, SPL: 0.8720430812931074, Object category: bath towel, goal type: sequence===

Elapsed 9:50:15 [baseline] task_level=room scene=00800-TEEsavR23oF episode=7 task=3 sec=393.506
Elapsed 9:50:15 [BASELINE_LIVE_METRICS] rows=39 avg_sr=0.564103 avg_spl=0.360881 follower_error_count=2 levels=[object:n=6,sr=0.666667,spl=0.515555; room:n=11,sr=0.636364,spl=0.306561; region:n=14,sr=0.642857,spl=0.472098; instance:n=8,sr=0.250000,spl=0.124934] latest_scene=00800-TEEsavR23oF latest_episode=7 latest_task=3 latest_level=room by_level={"instance": {"avg_spl": 0.12493399350187115, "avg_sr": 0.25, "count": 8}, "object": {"avg_spl": 0.51555485238793, "avg_sr": 0.6666666666666666, "count": 6}, "region": {"avg_spl": 0.47209848568621277, "avg_sr": 0.6428571428571429, "count": 14}, "room": {"avg_spl": 0.30656139384755227, "avg_sr": 0.6363636363636364, "count": 11}}
Elapsed 9:50:15 

Begin to process [00800-TEEsavR23oF_sequence_7_4] type: [region], Question: [photo in the office that has computer desk with printer and black PC tower, black office chair below colorful painting, rack with books and wicker basket, brown leather couch with diamond-patterned blanket by railing]

Elapsed 9:50:15 Current start position is [    -3.8618      3.1605     -7.9041]
Elapsed 9:54:33 ===Episode_id 7 task_id 4 task_level=region===
SR: False, SPL: 0.0, Object category: photo, goal type: sequence===

Elapsed 9:54:33 [baseline] task_level=region scene=00800-TEEsavR23oF episode=7 task=4 sec=257.710
Elapsed 9:54:33 [BASELINE_LIVE_METRICS] rows=40 avg_sr=0.550000 avg_spl=0.351859 follower_error_count=2 levels=[object:n=6,sr=0.666667,spl=0.515555; room:n=11,sr=0.636364,spl=0.306561; region:n=15,sr=0.600000,spl=0.440625; instance:n=8,sr=0.250000,spl=0.124934] latest_scene=00800-TEEsavR23oF latest_episode=7 latest_task=4 latest_level=region by_level={"instance": {"avg_spl": 0.12493399350187115, "avg_sr": 0.25, "count": 8}, "object": {"avg_spl": 0.51555485238793, "avg_sr": 0.6666666666666666, "count": 6}, "region": {"avg_spl": 0.44062525330713187, "avg_sr": 0.6, "count": 15}, "room": {"avg_spl": 0.30656139384755227, "avg_sr": 0.6363636363636364, "count": 11}}
Elapsed 9:54:33 [Metrics] sequence count: 40, invalid_count: 0, follower_error_count: 2, avg_sr: 0.550000, avg_spl: 0.351859

=== Episode ===: 8it [9:53:58, 4007.54s/it][AElapsed 9:54:39 

Begin to process [00800-TEEsavR23oF_sequence_8_0] type: [instance], Question: [black cross trainer in office with computer desk beside brown leather couch]

Elapsed 9:54:39 Current start position is [    -2.3795      3.1333     -7.8539]
Elapsed 10:36:18 ===Episode_id 8 task_id 0 task_level=instance===
SR: False, SPL: 0.0, Object category: bicycle, goal type: sequence===

Elapsed 10:36:18 [baseline] task_level=instance scene=00800-TEEsavR23oF episode=8 task=0 sec=2499.498
Elapsed 10:36:18 [BASELINE_LIVE_METRICS] rows=41 avg_sr=0.536585 avg_spl=0.343277 follower_error_count=2 levels=[object:n=6,sr=0.666667,spl=0.515555; room:n=11,sr=0.636364,spl=0.306561; region:n=15,sr=0.600000,spl=0.440625; instance:n=9,sr=0.222222,spl=0.111052] latest_scene=00800-TEEsavR23oF latest_episode=8 latest_task=0 latest_level=instance by_level={"instance": {"avg_spl": 0.11105243866832991, "avg_sr": 0.2222222222222222, "count": 9}, "object": {"avg_spl": 0.51555485238793, "avg_sr": 0.6666666666666666, "count": 6}, "region": {"avg_spl": 0.44062525330713187, "avg_sr": 0.6, "count": 15}, "room": {"avg_spl": 0.30656139384755227, "avg_sr": 0.6363636363636364, "count": 11}}
Elapsed 10:36:18 

Begin to process [00800-TEEsavR23oF_sequence_8_1] type: [room], Question: [pc tower in the office]

Elapsed 10:36:18 Current start position is [     -3.606      3.1134     -1.0995]
Elapsed 10:39:09 ===Episode_id 8 task_id 1 task_level=room===
SR: True, SPL: 0.3906909661902621, Object category: pc tower, goal type: sequence===

Elapsed 10:39:09 [baseline] task_level=room scene=00800-TEEsavR23oF episode=8 task=1 sec=170.791
Elapsed 10:39:09 [BASELINE_LIVE_METRICS] rows=42 avg_sr=0.547619 avg_spl=0.344406 follower_error_count=2 levels=[object:n=6,sr=0.666667,spl=0.515555; room:n=12,sr=0.666667,spl=0.313572; region:n=15,sr=0.600000,spl=0.440625; instance:n=9,sr=0.222222,spl=0.111052] latest_scene=00800-TEEsavR23oF latest_episode=8 latest_task=1 latest_level=room by_level={"instance": {"avg_spl": 0.11105243866832991, "avg_sr": 0.2222222222222222, "count": 9}, "object": {"avg_spl": 0.51555485238793, "avg_sr": 0.6666666666666666, "count": 6}, "region": {"avg_spl": 0.44062525330713187, "avg_sr": 0.6, "count": 15}, "room": {"avg_spl": 0.3135721915427781, "avg_sr": 0.6666666666666666, "count": 12}}
Elapsed 10:39:09 

Begin to process [00800-TEEsavR23oF_sequence_8_2] type: [region], Question: [bath towel in the bathroom that has toilet beside black toilet brush, dark wood single-sink vanity by dark blue bath mat, hanging beige towel, blue shower curtain with seashell, starfish, and coral motifs]

Elapsed 10:39:09 Current start position is [    -3.7988      3.1134    0.054084]
Elapsed 10:46:57 ===Episode_id 8 task_id 2 task_level=region===
SR: True, SPL: 0.8580697609609561, Object category: bath towel, goal type: sequence===

Elapsed 10:46:57 [baseline] task_level=region scene=00800-TEEsavR23oF episode=8 task=2 sec=467.637
Elapsed 10:46:57 [BASELINE_LIVE_METRICS] rows=43 avg_sr=0.558140 avg_spl=0.356352 follower_error_count=2 levels=[object:n=6,sr=0.666667,spl=0.515555; room:n=12,sr=0.666667,spl=0.313572; region:n=16,sr=0.625000,spl=0.466716; instance:n=9,sr=0.222222,spl=0.111052] latest_scene=00800-TEEsavR23oF latest_episode=8 latest_task=2 latest_level=region by_level={"instance": {"avg_spl": 0.11105243866832991, "avg_sr": 0.2222222222222222, "count": 9}, "object": {"avg_spl": 0.51555485238793, "avg_sr": 0.6666666666666666, "count": 6}, "region": {"avg_spl": 0.4667155350354959, "avg_sr": 0.625, "count": 16}, "room": {"avg_spl": 0.3135721915427781, "avg_sr": 0.6666666666666666, "count": 12}}
Elapsed 10:46:57 

Begin to process [00800-TEEsavR23oF_sequence_8_3] type: [region], Question: [armchair in the bedroom that has bed with plain white sheets and light teal pillows, tall wooden headboard, Mickey Mouse plush on dark wood nightstand, matching wardrobe and beige armchair, TV on wood cabinet]

Elapsed 10:46:57 Current start position is [    -3.9291      3.1581      -7.861]
Elapsed 10:49:31 ===Episode_id 8 task_id 3 task_level=region===
SR: True, SPL: 0.8962361179569177, Object category: armchair, goal type: sequence===

Elapsed 10:49:31 [baseline] task_level=region scene=00800-TEEsavR23oF episode=8 task=3 sec=154.357
Elapsed 10:49:31 [BASELINE_LIVE_METRICS] rows=44 avg_sr=0.568182 avg_spl=0.368622 follower_error_count=2 levels=[object:n=6,sr=0.666667,spl=0.515555; room:n=12,sr=0.666667,spl=0.313572; region:n=17,sr=0.647059,spl=0.491981; instance:n=9,sr=0.222222,spl=0.111052] latest_scene=00800-TEEsavR23oF latest_episode=8 latest_task=3 latest_level=region by_level={"instance": {"avg_spl": 0.11105243866832991, "avg_sr": 0.2222222222222222, "count": 9}, "object": {"avg_spl": 0.51555485238793, "avg_sr": 0.6666666666666666, "count": 6}, "region": {"avg_spl": 0.49198145167793245, "avg_sr": 0.6470588235294118, "count": 17}, "room": {"avg_spl": 0.3135721915427781, "avg_sr": 0.6666666666666666, "count": 12}}
Elapsed 10:49:31 

Begin to process [00800-TEEsavR23oF_sequence_8_4] type: [room], Question: [photo in the office]

Elapsed 10:49:31 Current start position is [   -0.10769      3.1134     -5.5757]
Elapsed 10:53:08 ===Episode_id 8 task_id 4 task_level=room===
SR: True, SPL: 0.9576183656721461, Object category: photo, goal type: sequence===

Elapsed 10:53:08 [baseline] task_level=room scene=00800-TEEsavR23oF episode=8 task=4 sec=216.289
Elapsed 10:53:08 [BASELINE_LIVE_METRICS] rows=45 avg_sr=0.577778 avg_spl=0.381710 follower_error_count=2 levels=[object:n=6,sr=0.666667,spl=0.515555; room:n=13,sr=0.692308,spl=0.363114; region:n=17,sr=0.647059,spl=0.491981; instance:n=9,sr=0.222222,spl=0.111052] latest_scene=00800-TEEsavR23oF latest_episode=8 latest_task=4 latest_level=room by_level={"instance": {"avg_spl": 0.11105243866832991, "avg_sr": 0.2222222222222222, "count": 9}, "object": {"avg_spl": 0.51555485238793, "avg_sr": 0.6666666666666666, "count": 6}, "region": {"avg_spl": 0.49198145167793245, "avg_sr": 0.6470588235294118, "count": 17}, "room": {"avg_spl": 0.36311420493734486, "avg_sr": 0.6923076923076923, "count": 13}}
Elapsed 10:53:08 [Metrics] sequence count: 45, invalid_count: 0, follower_error_count: 2, avg_sr: 0.577778, avg_spl: 0.381710

=== Episode ===: 9it [10:52:33, 3853.49s/it][AElapsed 10:53:13 

Begin to process [00800-TEEsavR23oF_sequence_9_0] type: [instance], Question: [blue toy cart beside pink bin and brown leather couch in office with computer desk]

Elapsed 10:53:13 Current start position is [    -2.1596      3.1397     -8.3785]
Elapsed 11:27:08 ===Episode_id 9 task_id 0 task_level=instance===
SR: False, SPL: 0.0, Object category: toy, goal type: sequence===

Elapsed 11:27:08 [baseline] task_level=instance scene=00800-TEEsavR23oF episode=9 task=0 sec=2035.057
Elapsed 11:27:08 [BASELINE_LIVE_METRICS] rows=46 avg_sr=0.565217 avg_spl=0.373412 follower_error_count=2 levels=[object:n=6,sr=0.666667,spl=0.515555; room:n=13,sr=0.692308,spl=0.363114; region:n=17,sr=0.647059,spl=0.491981; instance:n=10,sr=0.200000,spl=0.099947] latest_scene=00800-TEEsavR23oF latest_episode=9 latest_task=0 latest_level=instance by_level={"instance": {"avg_spl": 0.09994719480149691, "avg_sr": 0.2, "count": 10}, "object": {"avg_spl": 0.51555485238793, "avg_sr": 0.6666666666666666, "count": 6}, "region": {"avg_spl": 0.49198145167793245, "avg_sr": 0.6470588235294118, "count": 17}, "room": {"avg_spl": 0.36311420493734486, "avg_sr": 0.6923076923076923, "count": 13}}
Elapsed 11:27:08 

Begin to process [00800-TEEsavR23oF_sequence_9_1] type: [room], Question: [tv in the bedroom]

Elapsed 11:27:08 Current start position is [     -5.236      3.1134    -0.52288]
Elapsed 11:30:55 ===Episode_id 9 task_id 1 task_level=room===
SR: True, SPL: 0.8129569245470224, Object category: tv, goal type: sequence===

Elapsed 11:30:55 [baseline] task_level=room scene=00800-TEEsavR23oF episode=9 task=1 sec=226.392
Elapsed 11:30:55 [BASELINE_LIVE_METRICS] rows=47 avg_sr=0.574468 avg_spl=0.382764 follower_error_count=2 levels=[object:n=6,sr=0.666667,spl=0.515555; room:n=14,sr=0.714286,spl=0.395246; region:n=17,sr=0.647059,spl=0.491981; instance:n=10,sr=0.200000,spl=0.099947] latest_scene=00800-TEEsavR23oF latest_episode=9 latest_task=1 latest_level=room by_level={"instance": {"avg_spl": 0.09994719480149691, "avg_sr": 0.2, "count": 10}, "object": {"avg_spl": 0.51555485238793, "avg_sr": 0.6666666666666666, "count": 6}, "region": {"avg_spl": 0.49198145167793245, "avg_sr": 0.6470588235294118, "count": 17}, "room": {"avg_spl": 0.3952458277666076, "avg_sr": 0.7142857142857143, "count": 14}}
Elapsed 11:30:55 

Begin to process [00800-TEEsavR23oF_sequence_9_2] type: [region], Question: [picture in the office that has computer desk with printer and black PC tower, black office chair below colorful painting, rack with books and wicker basket, brown leather couch with diamond-patterned blanket by railing]

Elapsed 11:30:55 Current start position is [   -0.17339      3.1134     -5.5716]
Elapsed 11:34:57 ===Episode_id 9 task_id 2 task_level=region===
SR: False, SPL: 0.0, Object category: picture, goal type: sequence===

Elapsed 11:34:57 [baseline] task_level=region scene=00800-TEEsavR23oF episode=9 task=2 sec=242.420
Elapsed 11:34:57 [BASELINE_LIVE_METRICS] rows=48 avg_sr=0.562500 avg_spl=0.374790 follower_error_count=2 levels=[object:n=6,sr=0.666667,spl=0.515555; room:n=14,sr=0.714286,spl=0.395246; region:n=18,sr=0.611111,spl=0.464649; instance:n=10,sr=0.200000,spl=0.099947] latest_scene=00800-TEEsavR23oF latest_episode=9 latest_task=2 latest_level=region by_level={"instance": {"avg_spl": 0.09994719480149691, "avg_sr": 0.2, "count": 10}, "object": {"avg_spl": 0.51555485238793, "avg_sr": 0.6666666666666666, "count": 6}, "region": {"avg_spl": 0.4646491488069362, "avg_sr": 0.6111111111111112, "count": 18}, "room": {"avg_spl": 0.3952458277666076, "avg_sr": 0.7142857142857143, "count": 14}}
Elapsed 11:34:57 

Begin to process [00800-TEEsavR23oF_sequence_9_3] type: [region], Question: [nightstand in the bedroom that has bed with plain white sheets and light teal pillows, tall wooden headboard, Mickey Mouse plush on dark wood nightstand, matching wardrobe and beige armchair, TV on wood cabinet]

Elapsed 11:34:57 Current start position is [    -7.8175      3.1134     -4.5274]
Elapsed 11:38:53 ===Episode_id 9 task_id 3 task_level=region===
SR: True, SPL: 0.8650783950592426, Object category: nightstand, goal type: sequence===

Elapsed 11:38:53 [baseline] task_level=region scene=00800-TEEsavR23oF episode=9 task=3 sec=235.552
Elapsed 11:38:53 [BASELINE_LIVE_METRICS] rows=49 avg_sr=0.571429 avg_spl=0.384796 follower_error_count=2 levels=[object:n=6,sr=0.666667,spl=0.515555; room:n=14,sr=0.714286,spl=0.395246; region:n=19,sr=0.631579,spl=0.485724; instance:n=10,sr=0.200000,spl=0.099947] latest_scene=00800-TEEsavR23oF latest_episode=9 latest_task=3 latest_level=region by_level={"instance": {"avg_spl": 0.09994719480149691, "avg_sr": 0.2, "count": 10}, "object": {"avg_spl": 0.51555485238793, "avg_sr": 0.6666666666666666, "count": 6}, "region": {"avg_spl": 0.4857243722938997, "avg_sr": 0.631578947368421, "count": 19}, "room": {"avg_spl": 0.3952458277666076, "avg_sr": 0.7142857142857143, "count": 14}}
Elapsed 11:38:53 

Begin to process [00800-TEEsavR23oF_sequence_9_4] type: [object], Question: [computer desk]

Elapsed 11:38:53 Current start position is [    -1.9631      3.1609     -8.2945]
Elapsed 11:42:36 ===Episode_id 9 task_id 4 task_level=object===
SR: True, SPL: 0.873883056852158, Object category: computer desk, goal type: sequence===

Elapsed 11:42:36 [baseline] task_level=object scene=00800-TEEsavR23oF episode=9 task=4 sec=223.251
Elapsed 11:42:36 [BASELINE_LIVE_METRICS] rows=50 avg_sr=0.580000 avg_spl=0.394578 follower_error_count=2 levels=[object:n=7,sr=0.714286,spl=0.566745; room:n=14,sr=0.714286,spl=0.395246; region:n=19,sr=0.631579,spl=0.485724; instance:n=10,sr=0.200000,spl=0.099947] latest_scene=00800-TEEsavR23oF latest_episode=9 latest_task=4 latest_level=object by_level={"instance": {"avg_spl": 0.09994719480149691, "avg_sr": 0.2, "count": 10}, "object": {"avg_spl": 0.5667445958828197, "avg_sr": 0.7142857142857143, "count": 7}, "region": {"avg_spl": 0.4857243722938997, "avg_sr": 0.631578947368421, "count": 19}, "room": {"avg_spl": 0.3952458277666076, "avg_sr": 0.7142857142857143, "count": 14}}
Elapsed 11:42:36 [Metrics] sequence count: 50, invalid_count: 0, follower_error_count: 2, avg_sr: 0.580000, avg_spl: 0.394578

=== Episode ===: 10it [11:42:01, 3580.19s/it][AElapsed 11:42:42 

Begin to process [00800-TEEsavR23oF_sequence_10_0] type: [instance], Question: [square wooden side table with plants to the right of computer desk in office with brown couch]

Elapsed 11:42:42 Current start position is [    -1.3524      3.1142     -5.6864]
Elapsed 12:31:39 ===Episode_id 10 task_id 0 task_level=instance===
SR: False, SPL: 0.0, Object category: table, goal type: sequence===

Elapsed 12:31:39 [baseline] task_level=instance scene=00800-TEEsavR23oF episode=10 task=0 sec=2937.365
Elapsed 12:31:39 [BASELINE_LIVE_METRICS] rows=51 avg_sr=0.568627 avg_spl=0.386841 follower_error_count=2 levels=[object:n=7,sr=0.714286,spl=0.566745; room:n=14,sr=0.714286,spl=0.395246; region:n=19,sr=0.631579,spl=0.485724; instance:n=11,sr=0.181818,spl=0.090861] latest_scene=00800-TEEsavR23oF latest_episode=10 latest_task=0 latest_level=instance by_level={"instance": {"avg_spl": 0.09086108618317902, "avg_sr": 0.18181818181818182, "count": 11}, "object": {"avg_spl": 0.5667445958828197, "avg_sr": 0.7142857142857143, "count": 7}, "region": {"avg_spl": 0.4857243722938997, "avg_sr": 0.631578947368421, "count": 19}, "room": {"avg_spl": 0.3952458277666076, "avg_sr": 0.7142857142857143, "count": 14}}
Elapsed 12:31:39 

Begin to process [00800-TEEsavR23oF_sequence_10_1] type: [object], Question: [bed]

Elapsed 12:31:39 Current start position is [     -4.747      3.1134    -0.14082]
Elapsed 12:36:01 ===Episode_id 10 task_id 1 task_level=object===
SR: True, SPL: 0.8256545927723323, Object category: bed, goal type: sequence===

Elapsed 12:36:01 [baseline] task_level=object scene=00800-TEEsavR23oF episode=10 task=1 sec=261.841
Elapsed 12:36:01 [BASELINE_LIVE_METRICS] rows=52 avg_sr=0.576923 avg_spl=0.395280 follower_error_count=2 levels=[object:n=8,sr=0.750000,spl=0.599108; room:n=14,sr=0.714286,spl=0.395246; region:n=19,sr=0.631579,spl=0.485724; instance:n=11,sr=0.181818,spl=0.090861] latest_scene=00800-TEEsavR23oF latest_episode=10 latest_task=1 latest_level=object by_level={"instance": {"avg_spl": 0.09086108618317902, "avg_sr": 0.18181818181818182, "count": 11}, "object": {"avg_spl": 0.5991083454940088, "avg_sr": 0.75, "count": 8}, "region": {"avg_spl": 0.4857243722938997, "avg_sr": 0.631578947368421, "count": 19}, "room": {"avg_spl": 0.3952458277666076, "avg_sr": 0.7142857142857143, "count": 14}}
Elapsed 12:36:01 

Begin to process [00800-TEEsavR23oF_sequence_10_2] type: [room], Question: [picture in the office]

Elapsed 12:36:01 Current start position is [  -0.025551      3.1305     -6.3729]
Elapsed 12:38:43 ===Episode_id 10 task_id 2 task_level=room===
SR: True, SPL: 0.9512706508559967, Object category: picture, goal type: sequence===

Elapsed 12:38:43 [baseline] task_level=room scene=00800-TEEsavR23oF episode=10 task=2 sec=162.073
Elapsed 12:38:43 [BASELINE_LIVE_METRICS] rows=53 avg_sr=0.584906 avg_spl=0.405770 follower_error_count=2 levels=[object:n=8,sr=0.750000,spl=0.599108; room:n=15,sr=0.733333,spl=0.432314; region:n=19,sr=0.631579,spl=0.485724; instance:n=11,sr=0.181818,spl=0.090861] latest_scene=00800-TEEsavR23oF latest_episode=10 latest_task=2 latest_level=room by_level={"instance": {"avg_spl": 0.09086108618317902, "avg_sr": 0.18181818181818182, "count": 11}, "object": {"avg_spl": 0.5991083454940088, "avg_sr": 0.75, "count": 8}, "region": {"avg_spl": 0.4857243722938997, "avg_sr": 0.631578947368421, "count": 19}, "room": {"avg_spl": 0.4323141493059002, "avg_sr": 0.7333333333333333, "count": 15}}
Elapsed 12:38:43 

Begin to process [00800-TEEsavR23oF_sequence_10_3] type: [region], Question: [cross trainer in the office that has computer desk with printer and black PC tower, black office chair below colorful painting, rack with books and wicker basket, brown leather couch with diamond-patterned blanket by railing]

Elapsed 12:38:43 Current start position is [    -4.6835      3.1134   -0.078649]
Elapsed 12:44:14 ===Episode_id 10 task_id 3 task_level=region===
SR: False, SPL: 0.0, Object category: cross trainer, goal type: sequence===

Elapsed 12:44:14 [baseline] task_level=region scene=00800-TEEsavR23oF episode=10 task=3 sec=330.754
Elapsed 12:44:14 [BASELINE_LIVE_METRICS] rows=54 avg_sr=0.574074 avg_spl=0.398256 follower_error_count=2 levels=[object:n=8,sr=0.750000,spl=0.599108; room:n=15,sr=0.733333,spl=0.432314; region:n=20,sr=0.600000,spl=0.461438; instance:n=11,sr=0.181818,spl=0.090861] latest_scene=00800-TEEsavR23oF latest_episode=10 latest_task=3 latest_level=region by_level={"instance": {"avg_spl": 0.09086108618317902, "avg_sr": 0.18181818181818182, "count": 11}, "object": {"avg_spl": 0.5991083454940088, "avg_sr": 0.75, "count": 8}, "region": {"avg_spl": 0.4614381536792047, "avg_sr": 0.6, "count": 20}, "room": {"avg_spl": 0.4323141493059002, "avg_sr": 0.7333333333333333, "count": 15}}
Elapsed 12:44:14 

Begin to process [00800-TEEsavR23oF_sequence_10_4] type: [room], Question: [computer desk in the office]

Elapsed 12:44:14 Current start position is [    -3.6696      3.1134     -1.1456]
Elapsed 12:49:56 ===Episode_id 10 task_id 4 task_level=room===
SR: True, SPL: 0.43597231543438464, Object category: computer desk, goal type: sequence===

Elapsed 12:49:56 [baseline] task_level=room scene=00800-TEEsavR23oF episode=10 task=4 sec=342.132
Elapsed 12:49:56 [BASELINE_LIVE_METRICS] rows=55 avg_sr=0.581818 avg_spl=0.398942 follower_error_count=2 levels=[object:n=8,sr=0.750000,spl=0.599108; room:n=16,sr=0.750000,spl=0.432543; region:n=20,sr=0.600000,spl=0.461438; instance:n=11,sr=0.181818,spl=0.090861] latest_scene=00800-TEEsavR23oF latest_episode=10 latest_task=4 latest_level=room by_level={"instance": {"avg_spl": 0.09086108618317902, "avg_sr": 0.18181818181818182, "count": 11}, "object": {"avg_spl": 0.5991083454940088, "avg_sr": 0.75, "count": 8}, "region": {"avg_spl": 0.4614381536792047, "avg_sr": 0.6, "count": 20}, "room": {"avg_spl": 0.4325427846889305, "avg_sr": 0.75, "count": 16}}
Elapsed 12:49:56 [Metrics] sequence count: 55, invalid_count: 0, follower_error_count: 2, avg_sr: 0.581818, avg_spl: 0.398942

=== Episode ===: 11it [12:49:22, 3721.03s/it][AElapsed 12:50:03 

Begin to process [00800-TEEsavR23oF_sequence_11_0] type: [instance], Question: [brown three-seater leather couch with diamond-patterned throw beside railing in office with computer desk beside couch]

Elapsed 12:50:03 Current start position is [    -5.9948      3.1134     -7.6873]
Elapsed 13:34:26 ===Episode_id 11 task_id 0 task_level=instance===
SR: False, SPL: 0.0, Object category: couch, goal type: sequence===

Elapsed 13:34:26 [baseline] task_level=instance scene=00800-TEEsavR23oF episode=11 task=0 sec=2662.446
Elapsed 13:34:26 [BASELINE_LIVE_METRICS] rows=56 avg_sr=0.571429 avg_spl=0.391818 follower_error_count=2 levels=[object:n=8,sr=0.750000,spl=0.599108; room:n=16,sr=0.750000,spl=0.432543; region:n=20,sr=0.600000,spl=0.461438; instance:n=12,sr=0.166667,spl=0.083289] latest_scene=00800-TEEsavR23oF latest_episode=11 latest_task=0 latest_level=instance by_level={"instance": {"avg_spl": 0.08328932900124743, "avg_sr": 0.16666666666666666, "count": 12}, "object": {"avg_spl": 0.5991083454940088, "avg_sr": 0.75, "count": 8}, "region": {"avg_spl": 0.4614381536792047, "avg_sr": 0.6, "count": 20}, "room": {"avg_spl": 0.4325427846889305, "avg_sr": 0.75, "count": 16}}
Elapsed 13:34:26 

Begin to process [00800-TEEsavR23oF_sequence_11_1] type: [object], Question: [bed]

Elapsed 13:34:26 Current start position is [     -4.688      3.1134     -2.5677]
Elapsed 13:44:30 ===Episode_id 11 task_id 1 task_level=object===
SR: True, SPL: 0.7968319415827363, Object category: bed, goal type: sequence===

Elapsed 13:44:30 [baseline] task_level=object scene=00800-TEEsavR23oF episode=11 task=1 sec=604.365
Elapsed 13:44:30 [BASELINE_LIVE_METRICS] rows=57 avg_sr=0.578947 avg_spl=0.398923 follower_error_count=2 levels=[object:n=9,sr=0.777778,spl=0.621078; room:n=16,sr=0.750000,spl=0.432543; region:n=20,sr=0.600000,spl=0.461438; instance:n=12,sr=0.166667,spl=0.083289] latest_scene=00800-TEEsavR23oF latest_episode=11 latest_task=1 latest_level=object by_level={"instance": {"avg_spl": 0.08328932900124743, "avg_sr": 0.16666666666666666, "count": 12}, "object": {"avg_spl": 0.6210776339483118, "avg_sr": 0.7777777777777778, "count": 9}, "region": {"avg_spl": 0.4614381536792047, "avg_sr": 0.6, "count": 20}, "room": {"avg_spl": 0.4325427846889305, "avg_sr": 0.75, "count": 16}}
Elapsed 13:44:30 

Begin to process [00800-TEEsavR23oF_sequence_11_2] type: [region], Question: [side table in the office that has computer desk with printer and black PC tower, black office chair below colorful painting, rack with books and wicker basket, brown leather couch with diamond-patterned blanket by railing]

Elapsed 13:44:30 Current start position is [   0.016144       3.129     -6.3729]
Elapsed 13:57:40 ===Episode_id 11 task_id 2 task_level=region===
SR: False, SPL: 0.0, Object category: side table, goal type: sequence===

Elapsed 13:57:40 [baseline] task_level=region scene=00800-TEEsavR23oF episode=11 task=2 sec=790.388
Elapsed 13:57:40 [BASELINE_LIVE_METRICS] rows=58 avg_sr=0.568966 avg_spl=0.392045 follower_error_count=2 levels=[object:n=9,sr=0.777778,spl=0.621078; room:n=16,sr=0.750000,spl=0.432543; region:n=21,sr=0.571429,spl=0.439465; instance:n=12,sr=0.166667,spl=0.083289] latest_scene=00800-TEEsavR23oF latest_episode=11 latest_task=2 latest_level=region by_level={"instance": {"avg_spl": 0.08328932900124743, "avg_sr": 0.16666666666666666, "count": 12}, "object": {"avg_spl": 0.6210776339483118, "avg_sr": 0.7777777777777778, "count": 9}, "region": {"avg_spl": 0.4394649082659092, "avg_sr": 0.5714285714285714, "count": 21}, "room": {"avg_spl": 0.4325427846889305, "avg_sr": 0.75, "count": 16}}
Elapsed 13:57:40 

Begin to process [00800-TEEsavR23oF_sequence_11_3] type: [object], Question: [plush toy]

Elapsed 13:57:40 Current start position is [    -4.6751      3.1134    -0.12758]
Elapsed 14:04:09 ===Episode_id 11 task_id 3 task_level=object===
SR: True, SPL: 0.8754303440787475, Object category: plush toy, goal type: sequence===

Elapsed 14:04:09 [baseline] task_level=object scene=00800-TEEsavR23oF episode=11 task=3 sec=388.227
Elapsed 14:04:09 [BASELINE_LIVE_METRICS] rows=59 avg_sr=0.576271 avg_spl=0.400238 follower_error_count=2 levels=[object:n=10,sr=0.800000,spl=0.646513; room:n=16,sr=0.750000,spl=0.432543; region:n=21,sr=0.571429,spl=0.439465; instance:n=12,sr=0.166667,spl=0.083289] latest_scene=00800-TEEsavR23oF latest_episode=11 latest_task=3 latest_level=object by_level={"instance": {"avg_spl": 0.08328932900124743, "avg_sr": 0.16666666666666666, "count": 12}, "object": {"avg_spl": 0.6465129049613554, "avg_sr": 0.8, "count": 10}, "region": {"avg_spl": 0.4394649082659092, "avg_sr": 0.5714285714285714, "count": 21}, "room": {"avg_spl": 0.4325427846889305, "avg_sr": 0.75, "count": 16}}
Elapsed 14:04:09 

Begin to process [00800-TEEsavR23oF_sequence_11_4] type: [region], Question: [picture in the office that has computer desk with printer and black PC tower, black office chair below colorful painting, rack with books and wicker basket, brown leather couch with diamond-patterned blanket by railing]

Elapsed 14:04:09 Current start position is [    -1.9032      3.1634     -8.3144]
Elapsed 14:08:56 ===Episode_id 11 task_id 4 task_level=region===
SR: False, SPL: 0.0, Object category: picture, goal type: sequence===

Elapsed 14:08:56 [baseline] task_level=region scene=00800-TEEsavR23oF episode=11 task=4 sec=287.268
Elapsed 14:08:56 [BASELINE_LIVE_METRICS] rows=60 avg_sr=0.566667 avg_spl=0.393567 follower_error_count=2 levels=[object:n=10,sr=0.800000,spl=0.646513; room:n=16,sr=0.750000,spl=0.432543; region:n=22,sr=0.545455,spl=0.419489; instance:n=12,sr=0.166667,spl=0.083289] latest_scene=00800-TEEsavR23oF latest_episode=11 latest_task=4 latest_level=region by_level={"instance": {"avg_spl": 0.08328932900124743, "avg_sr": 0.16666666666666666, "count": 12}, "object": {"avg_spl": 0.6465129049613554, "avg_sr": 0.8, "count": 10}, "region": {"avg_spl": 0.41948923061745885, "avg_sr": 0.5454545454545454, "count": 22}, "room": {"avg_spl": 0.4325427846889305, "avg_sr": 0.75, "count": 16}}
Elapsed 14:08:56 [Metrics] sequence count: 60, invalid_count: 0, follower_error_count: 2, avg_sr: 0.566667, avg_spl: 0.393567

=== Episode ===: 12it [14:08:21, 4030.92s/it][AElapsed 14:09:02 

Begin to process [00800-TEEsavR23oF_sequence_12_0] type: [instance], Question: [black-framed black-and-white striped picture on beige wall above staircase]

Elapsed 14:09:02 Current start position is [    -1.7657      3.1634     -7.1749]
Elapsed 15:14:07 geodesic_distance: 5.197294235229492
Elapsed 15:14:07 [baseline][follow-error] scene=00800-TEEsavR23oF episode_id=12 task_id=0 task_level=instance final=True error=GreedyFollowerError path_found=True
Elapsed 15:14:07 ===Episode_id 12 task_id 0 task_level=instance===
SR: 0, SPL: 0, Object category: picture, goal type: sequence===

Elapsed 15:14:07 [baseline] task_level=instance scene=00800-TEEsavR23oF episode=12 task=0 sec=3904.814
Elapsed 15:14:07 [BASELINE_LIVE_METRICS] rows=61 avg_sr=0.557377 avg_spl=0.387116 follower_error_count=3 levels=[object:n=10,sr=0.800000,spl=0.646513; room:n=16,sr=0.750000,spl=0.432543; region:n=22,sr=0.545455,spl=0.419489; instance:n=13,sr=0.153846,spl=0.076882] latest_scene=00800-TEEsavR23oF latest_episode=12 latest_task=0 latest_level=instance by_level={"instance": {"avg_spl": 0.07688245753961301, "avg_sr": 0.15384615384615385, "count": 13}, "object": {"avg_spl": 0.6465129049613554, "avg_sr": 0.8, "count": 10}, "region": {"avg_spl": 0.41948923061745885, "avg_sr": 0.5454545454545454, "count": 22}, "room": {"avg_spl": 0.4325427846889305, "avg_sr": 0.75, "count": 16}}
Elapsed 15:14:07 

Begin to process [00800-TEEsavR23oF_sequence_12_1] type: [region], Question: [tv in the bedroom that has bed with plain white sheets and light teal pillows, tall wooden headboard, Mickey Mouse plush on dark wood nightstand, matching wardrobe and beige armchair, TV on wood cabinet]

Elapsed 15:14:07 Current start position is [    -4.8111      3.1134    -0.60252]
Elapsed 15:20:42 ===Episode_id 12 task_id 1 task_level=region===
SR: False, SPL: 0.0, Object category: tv, goal type: sequence===

Elapsed 15:20:42 [baseline] task_level=region scene=00800-TEEsavR23oF episode=12 task=1 sec=395.204
Elapsed 15:20:42 [BASELINE_LIVE_METRICS] rows=62 avg_sr=0.548387 avg_spl=0.380872 follower_error_count=3 levels=[object:n=10,sr=0.800000,spl=0.646513; room:n=16,sr=0.750000,spl=0.432543; region:n=23,sr=0.521739,spl=0.401251; instance:n=13,sr=0.153846,spl=0.076882] latest_scene=00800-TEEsavR23oF latest_episode=12 latest_task=1 latest_level=region by_level={"instance": {"avg_spl": 0.07688245753961301, "avg_sr": 0.15384615384615385, "count": 13}, "object": {"avg_spl": 0.6465129049613554, "avg_sr": 0.8, "count": 10}, "region": {"avg_spl": 0.40125056841669976, "avg_sr": 0.5217391304347826, "count": 23}, "room": {"avg_spl": 0.4325427846889305, "avg_sr": 0.75, "count": 16}}
Elapsed 15:20:42 

Begin to process [00800-TEEsavR23oF_sequence_12_2] type: [region], Question: [table in the office that has computer desk with printer and black PC tower, black office chair below colorful painting, rack with books and wicker basket, brown leather couch with diamond-patterned blanket by railing]

Elapsed 15:20:42 Current start position is [    -1.1191      3.1134     -7.6008]
Elapsed 15:26:53 ===Episode_id 12 task_id 2 task_level=region===
SR: True, SPL: 0.5643323554337633, Object category: table, goal type: sequence===

Elapsed 15:26:53 [baseline] task_level=region scene=00800-TEEsavR23oF episode=12 task=2 sec=370.294
Elapsed 15:26:53 [BASELINE_LIVE_METRICS] rows=63 avg_sr=0.555556 avg_spl=0.383784 follower_error_count=3 levels=[object:n=10,sr=0.800000,spl=0.646513; room:n=16,sr=0.750000,spl=0.432543; region:n=24,sr=0.541667,spl=0.408046; instance:n=13,sr=0.153846,spl=0.076882] latest_scene=00800-TEEsavR23oF latest_episode=12 latest_task=2 latest_level=region by_level={"instance": {"avg_spl": 0.07688245753961301, "avg_sr": 0.15384615384615385, "count": 13}, "object": {"avg_spl": 0.6465129049613554, "avg_sr": 0.8, "count": 10}, "region": {"avg_spl": 0.408045642875744, "avg_sr": 0.5416666666666666, "count": 24}, "room": {"avg_spl": 0.4325427846889305, "avg_sr": 0.75, "count": 16}}
Elapsed 15:26:53 

Begin to process [00800-TEEsavR23oF_sequence_12_3] type: [object], Question: [bed]

Elapsed 15:26:53 Current start position is [     -3.802      3.1134    0.042159]
Elapsed 15:32:30 ===Episode_id 12 task_id 3 task_level=object===
SR: True, SPL: 0.8281892158126445, Object category: bed, goal type: sequence===

Elapsed 15:32:30 [baseline] task_level=object scene=00800-TEEsavR23oF episode=12 task=3 sec=337.225
Elapsed 15:32:30 [BASELINE_LIVE_METRICS] rows=64 avg_sr=0.562500 avg_spl=0.390728 follower_error_count=3 levels=[object:n=11,sr=0.818182,spl=0.663029; room:n=16,sr=0.750000,spl=0.432543; region:n=24,sr=0.541667,spl=0.408046; instance:n=13,sr=0.153846,spl=0.076882] latest_scene=00800-TEEsavR23oF latest_episode=12 latest_task=3 latest_level=object by_level={"instance": {"avg_spl": 0.07688245753961301, "avg_sr": 0.15384615384615385, "count": 13}, "object": {"avg_spl": 0.6630289332205636, "avg_sr": 0.8181818181818182, "count": 11}, "region": {"avg_spl": 0.408045642875744, "avg_sr": 0.5416666666666666, "count": 24}, "room": {"avg_spl": 0.4325427846889305, "avg_sr": 0.75, "count": 16}}
Elapsed 15:32:30 

Begin to process [00800-TEEsavR23oF_sequence_12_4] type: [region], Question: [printer in the office that has computer desk with printer and black PC tower, black office chair below colorful painting, rack with books and wicker basket, brown leather couch with diamond-patterned blanket by railing]

Elapsed 15:32:30 Current start position is [    -1.0633      3.1215     -7.4936]
Elapsed 15:39:08 ===Episode_id 12 task_id 4 task_level=region===
SR: False, SPL: 0.0, Object category: printer, goal type: sequence===

Elapsed 15:39:08 [baseline] task_level=region scene=00800-TEEsavR23oF episode=12 task=4 sec=398.581
Elapsed 15:39:08 [BASELINE_LIVE_METRICS] rows=65 avg_sr=0.553846 avg_spl=0.384716 follower_error_count=3 levels=[object:n=11,sr=0.818182,spl=0.663029; room:n=16,sr=0.750000,spl=0.432543; region:n=25,sr=0.520000,spl=0.391724; instance:n=13,sr=0.153846,spl=0.076882] latest_scene=00800-TEEsavR23oF latest_episode=12 latest_task=4 latest_level=region by_level={"instance": {"avg_spl": 0.07688245753961301, "avg_sr": 0.15384615384615385, "count": 13}, "object": {"avg_spl": 0.6630289332205636, "avg_sr": 0.8181818181818182, "count": 11}, "region": {"avg_spl": 0.39172381716071425, "avg_sr": 0.52, "count": 25}, "room": {"avg_spl": 0.4325427846889305, "avg_sr": 0.75, "count": 16}}
Elapsed 15:39:08 [Metrics] sequence count: 65, invalid_count: 0, follower_error_count: 3, avg_sr: 0.553846, avg_spl: 0.384716

=== Episode ===: 13it [15:38:34, 4449.46s/it][AElapsed 15:39:15 

Begin to process [00800-TEEsavR23oF_sequence_13_0] type: [instance], Question: [black wall-mounted tv above fireplace in tie: living room & hall with dark leather couch under staircase]

Elapsed 15:39:15 Current start position is [    -1.3286     0.01338     -1.6738]
Elapsed 16:12:36 ===Episode_id 13 task_id 0 task_level=instance===
SR: False, SPL: 0.0, Object category: tv, goal type: sequence===

Elapsed 16:12:36 [baseline] task_level=instance scene=00800-TEEsavR23oF episode=13 task=0 sec=2000.995
Elapsed 16:12:36 [BASELINE_LIVE_METRICS] rows=66 avg_sr=0.545455 avg_spl=0.378887 follower_error_count=3 levels=[object:n=11,sr=0.818182,spl=0.663029; room:n=16,sr=0.750000,spl=0.432543; region:n=25,sr=0.520000,spl=0.391724; instance:n=14,sr=0.142857,spl=0.071391] latest_scene=00800-TEEsavR23oF latest_episode=13 latest_task=0 latest_level=instance by_level={"instance": {"avg_spl": 0.07139085342964066, "avg_sr": 0.14285714285714285, "count": 14}, "object": {"avg_spl": 0.6630289332205636, "avg_sr": 0.8181818181818182, "count": 11}, "region": {"avg_spl": 0.39172381716071425, "avg_sr": 0.52, "count": 25}, "room": {"avg_spl": 0.4325427846889305, "avg_sr": 0.75, "count": 16}}
Elapsed 16:12:36 

Begin to process [00800-TEEsavR23oF_sequence_13_1] type: [region], Question: [doormat in the hall that has brown-framed sailboats painting on wall, colorful floral door entry mat]

Elapsed 16:12:36 Current start position is [     1.4909    0.013378     -5.4826]
Elapsed 16:15:26 ===Episode_id 13 task_id 1 task_level=region===
SR: True, SPL: 0.8494079632371486, Object category: doormat, goal type: sequence===

Elapsed 16:15:26 [baseline] task_level=region scene=00800-TEEsavR23oF episode=13 task=1 sec=169.392
Elapsed 16:15:26 [BASELINE_LIVE_METRICS] rows=67 avg_sr=0.552239 avg_spl=0.385910 follower_error_count=3 levels=[object:n=11,sr=0.818182,spl=0.663029; room:n=16,sr=0.750000,spl=0.432543; region:n=26,sr=0.538462,spl=0.409327; instance:n=14,sr=0.142857,spl=0.071391] latest_scene=00800-TEEsavR23oF latest_episode=13 latest_task=1 latest_level=region by_level={"instance": {"avg_spl": 0.07139085342964066, "avg_sr": 0.14285714285714285, "count": 14}, "object": {"avg_spl": 0.6630289332205636, "avg_sr": 0.8181818181818182, "count": 11}, "region": {"avg_spl": 0.4093270535482694, "avg_sr": 0.5384615384615384, "count": 26}, "room": {"avg_spl": 0.4325427846889305, "avg_sr": 0.75, "count": 16}}
Elapsed 16:15:26 

Begin to process [00800-TEEsavR23oF_sequence_13_2] type: [room], Question: [laundry basket in the bedroom]

Elapsed 16:15:26 Current start position is [    -1.0158    0.013378    -0.46354]
Elapsed 16:16:53 ===Episode_id 13 task_id 2 task_level=room===
SR: False, SPL: 0.0, Object category: laundry basket, goal type: sequence===

Elapsed 16:16:53 [baseline] task_level=room scene=00800-TEEsavR23oF episode=13 task=2 sec=87.367
Elapsed 16:16:53 [BASELINE_LIVE_METRICS] rows=68 avg_sr=0.544118 avg_spl=0.380235 follower_error_count=3 levels=[object:n=11,sr=0.818182,spl=0.663029; room:n=17,sr=0.705882,spl=0.407099; region:n=26,sr=0.538462,spl=0.409327; instance:n=14,sr=0.142857,spl=0.071391] latest_scene=00800-TEEsavR23oF latest_episode=13 latest_task=2 latest_level=room by_level={"instance": {"avg_spl": 0.07139085342964066, "avg_sr": 0.14285714285714285, "count": 14}, "object": {"avg_spl": 0.6630289332205636, "avg_sr": 0.8181818181818182, "count": 11}, "region": {"avg_spl": 0.4093270535482694, "avg_sr": 0.5384615384615384, "count": 26}, "room": {"avg_spl": 0.40709909147193457, "avg_sr": 0.7058823529411765, "count": 17}}
Elapsed 16:16:53 

Begin to process [00800-TEEsavR23oF_sequence_13_3] type: [region], Question: [bath sink in the bathroom that has pedestal sink beneath oval mirror and hand towel, toilet below colorful tropical harbor picture, wire rack with bottle of cleaner, wooden flooring]

Elapsed 16:16:53 Current start position is [    -4.0284    0.013378    -0.16665]
Elapsed 16:28:30 ===Episode_id 13 task_id 3 task_level=region===
SR: False, SPL: 0.0, Object category: bath sink, goal type: sequence===

Elapsed 16:28:30 [baseline] task_level=region scene=00800-TEEsavR23oF episode=13 task=3 sec=696.791
Elapsed 16:28:30 [BASELINE_LIVE_METRICS] rows=69 avg_sr=0.536232 avg_spl=0.374724 follower_error_count=3 levels=[object:n=11,sr=0.818182,spl=0.663029; room:n=17,sr=0.705882,spl=0.407099; region:n=27,sr=0.518519,spl=0.394167; instance:n=14,sr=0.142857,spl=0.071391] latest_scene=00800-TEEsavR23oF latest_episode=13 latest_task=3 latest_level=region by_level={"instance": {"avg_spl": 0.07139085342964066, "avg_sr": 0.14285714285714285, "count": 14}, "object": {"avg_spl": 0.6630289332205636, "avg_sr": 0.8181818181818182, "count": 11}, "region": {"avg_spl": 0.3941667923057409, "avg_sr": 0.5185185185185185, "count": 27}, "room": {"avg_spl": 0.40709909147193457, "avg_sr": 0.7058823529411765, "count": 17}}
Elapsed 16:28:30 

Begin to process [00800-TEEsavR23oF_sequence_13_4] type: [object], Question: [sideboard]

Elapsed 16:28:30 Current start position is [    -2.0803    0.013378     -7.3468]
Elapsed 16:30:37 ===Episode_id 13 task_id 4 task_level=object===
SR: False, SPL: 0.0, Object category: sideboard, goal type: sequence===

Elapsed 16:30:37 [baseline] task_level=object scene=00800-TEEsavR23oF episode=13 task=4 sec=127.278
Elapsed 16:30:37 [BASELINE_LIVE_METRICS] rows=70 avg_sr=0.528571 avg_spl=0.369371 follower_error_count=3 levels=[object:n=12,sr=0.750000,spl=0.607777; room:n=17,sr=0.705882,spl=0.407099; region:n=27,sr=0.518519,spl=0.394167; instance:n=14,sr=0.142857,spl=0.071391] latest_scene=00800-TEEsavR23oF latest_episode=13 latest_task=4 latest_level=object by_level={"instance": {"avg_spl": 0.07139085342964066, "avg_sr": 0.14285714285714285, "count": 14}, "object": {"avg_spl": 0.6077765221188499, "avg_sr": 0.75, "count": 12}, "region": {"avg_spl": 0.3941667923057409, "avg_sr": 0.5185185185185185, "count": 27}, "room": {"avg_spl": 0.40709909147193457, "avg_sr": 0.7058823529411765, "count": 17}}
Elapsed 16:30:37 [Metrics] sequence count: 70, invalid_count: 0, follower_error_count: 3, avg_sr: 0.528571, avg_spl: 0.369371

=== Episode ===: 14it [16:30:03, 4038.46s/it][AElapsed 16:30:45 

Begin to process [00800-TEEsavR23oF_sequence_14_0] type: [instance], Question: [white mantel fireplace below TV in living room with dark couch near staircase]

Elapsed 16:30:45 Current start position is [    -1.2395     0.01338    -0.12146]
Elapsed 17:52:12 ===Episode_id 14 task_id 0 task_level=instance===
SR: False, SPL: 0.0, Object category: fireplace, goal type: sequence===

Elapsed 17:52:12 [baseline] task_level=instance scene=00800-TEEsavR23oF episode=14 task=0 sec=4886.823
Elapsed 17:52:12 [BASELINE_LIVE_METRICS] rows=71 avg_sr=0.521127 avg_spl=0.364169 follower_error_count=3 levels=[object:n=12,sr=0.750000,spl=0.607777; room:n=17,sr=0.705882,spl=0.407099; region:n=27,sr=0.518519,spl=0.394167; instance:n=15,sr=0.133333,spl=0.066631] latest_scene=00800-TEEsavR23oF latest_episode=14 latest_task=0 latest_level=instance by_level={"instance": {"avg_spl": 0.06663146320099794, "avg_sr": 0.13333333333333333, "count": 15}, "object": {"avg_spl": 0.6077765221188499, "avg_sr": 0.75, "count": 12}, "region": {"avg_spl": 0.3941667923057409, "avg_sr": 0.5185185185185185, "count": 27}, "room": {"avg_spl": 0.40709909147193457, "avg_sr": 0.7058823529411765, "count": 17}}
Elapsed 17:52:12 

Begin to process [00800-TEEsavR23oF_sequence_14_1] type: [object], Question: [cabinet]

Elapsed 17:52:12 Current start position is [     1.6124    0.013378      -5.513]
Elapsed 17:57:14 ===Episode_id 14 task_id 1 task_level=object===
SR: True, SPL: 0.02075051196651672, Object category: cabinet, goal type: sequence===

Elapsed 17:57:14 [baseline] task_level=object scene=00800-TEEsavR23oF episode=14 task=1 sec=301.408
Elapsed 17:57:14 [BASELINE_LIVE_METRICS] rows=72 avg_sr=0.527778 avg_spl=0.359399 follower_error_count=3 levels=[object:n=13,sr=0.769231,spl=0.562621; room:n=17,sr=0.705882,spl=0.407099; region:n=27,sr=0.518519,spl=0.394167; instance:n=15,sr=0.133333,spl=0.066631] latest_scene=00800-TEEsavR23oF latest_episode=14 latest_task=1 latest_level=object by_level={"instance": {"avg_spl": 0.06663146320099794, "avg_sr": 0.13333333333333333, "count": 15}, "object": {"avg_spl": 0.562620675184055, "avg_sr": 0.7692307692307693, "count": 13}, "region": {"avg_spl": 0.3941667923057409, "avg_sr": 0.5185185185185185, "count": 27}, "room": {"avg_spl": 0.40709909147193457, "avg_sr": 0.7058823529411765, "count": 17}}
Elapsed 17:57:14 

Begin to process [00800-TEEsavR23oF_sequence_14_2] type: [room], Question: [armchair in the hall]

Elapsed 17:57:14 Current start position is [   -0.71957    0.013378     -3.9222]
Elapsed 18:01:42 ===Episode_id 14 task_id 2 task_level=room===
SR: True, SPL: 0.847365255963072, Object category: armchair, goal type: sequence===

Elapsed 18:01:42 [baseline] task_level=room scene=00800-TEEsavR23oF episode=14 task=2 sec=268.362
Elapsed 18:01:42 [BASELINE_LIVE_METRICS] rows=73 avg_sr=0.534247 avg_spl=0.366083 follower_error_count=3 levels=[object:n=13,sr=0.769231,spl=0.562621; room:n=18,sr=0.722222,spl=0.431558; region:n=27,sr=0.518519,spl=0.394167; instance:n=15,sr=0.133333,spl=0.066631] latest_scene=00800-TEEsavR23oF latest_episode=14 latest_task=2 latest_level=room by_level={"instance": {"avg_spl": 0.06663146320099794, "avg_sr": 0.13333333333333333, "count": 15}, "object": {"avg_spl": 0.562620675184055, "avg_sr": 0.7692307692307693, "count": 13}, "region": {"avg_spl": 0.3941667923057409, "avg_sr": 0.5185185185185185, "count": 27}, "room": {"avg_spl": 0.4315583228325533, "avg_sr": 0.7222222222222222, "count": 18}}
Elapsed 18:01:42 

Begin to process [00800-TEEsavR23oF_sequence_14_3] type: [room], Question: [bath towel in the bathroom]

Elapsed 18:01:42 Current start position is [     -7.386     0.02043    -0.58473]
Elapsed 18:19:35 ===Episode_id 14 task_id 3 task_level=room===
SR: False, SPL: 0.0, Object category: bath towel, goal type: sequence===

Elapsed 18:19:35 [baseline] task_level=room scene=00800-TEEsavR23oF episode=14 task=3 sec=1072.660
Elapsed 18:19:35 [BASELINE_LIVE_METRICS] rows=74 avg_sr=0.527027 avg_spl=0.361136 follower_error_count=3 levels=[object:n=13,sr=0.769231,spl=0.562621; room:n=19,sr=0.684211,spl=0.408845; region:n=27,sr=0.518519,spl=0.394167; instance:n=15,sr=0.133333,spl=0.066631] latest_scene=00800-TEEsavR23oF latest_episode=14 latest_task=3 latest_level=room by_level={"instance": {"avg_spl": 0.06663146320099794, "avg_sr": 0.13333333333333333, "count": 15}, "object": {"avg_spl": 0.562620675184055, "avg_sr": 0.7692307692307693, "count": 13}, "region": {"avg_spl": 0.3941667923057409, "avg_sr": 0.5185185185185185, "count": 27}, "room": {"avg_spl": 0.40884472689399787, "avg_sr": 0.6842105263157895, "count": 19}}
Elapsed 18:19:35 

Begin to process [00800-TEEsavR23oF_sequence_14_4] type: [region], Question: [floor mat in the tie: hall & living room that has dark leather couch between lamps under staircase, white-mantled fireplace with wall-mounted TV above between windows, leather armchair]

Elapsed 18:19:35 Current start position is [    -1.4233    0.013378      -7.188]
Elapsed 18:26:32 ===Episode_id 14 task_id 4 task_level=region===
SR: False, SPL: 0.0, Object category: floor mat, goal type: sequence===

Elapsed 18:26:32 [baseline] task_level=region scene=00800-TEEsavR23oF episode=14 task=4 sec=416.988
Elapsed 18:26:32 [BASELINE_LIVE_METRICS] rows=75 avg_sr=0.520000 avg_spl=0.356321 follower_error_count=3 levels=[object:n=13,sr=0.769231,spl=0.562621; room:n=19,sr=0.684211,spl=0.408845; region:n=28,sr=0.500000,spl=0.380089; instance:n=15,sr=0.133333,spl=0.066631] latest_scene=00800-TEEsavR23oF latest_episode=14 latest_task=4 latest_level=region by_level={"instance": {"avg_spl": 0.06663146320099794, "avg_sr": 0.13333333333333333, "count": 15}, "object": {"avg_spl": 0.562620675184055, "avg_sr": 0.7692307692307693, "count": 13}, "region": {"avg_spl": 0.3800894068662502, "avg_sr": 0.5, "count": 28}, "room": {"avg_spl": 0.40884472689399787, "avg_sr": 0.6842105263157895, "count": 19}}
Elapsed 18:26:32 [Metrics] sequence count: 75, invalid_count: 0, follower_error_count: 3, avg_sr: 0.520000, avg_spl: 0.356321

=== Episode ===: 15it [18:25:57, 4917.44s/it][AElapsed 18:26:38 

Begin to process [00800-TEEsavR23oF_sequence_15_0] type: [instance], Question: [dark two-seater leather couch beside fireplace with white mantel below TV]

Elapsed 18:26:38 Current start position is [    -4.4257     0.01338     -7.4543]
Elapsed 20:11:09 ===Episode_id 15 task_id 0 task_level=instance===
SR: False, SPL: 0.0, Object category: armchair, goal type: sequence===

Elapsed 20:11:09 [baseline] task_level=instance scene=00800-TEEsavR23oF episode=15 task=0 sec=6270.813
Elapsed 20:11:09 [BASELINE_LIVE_METRICS] rows=76 avg_sr=0.513158 avg_spl=0.351633 follower_error_count=3 levels=[object:n=13,sr=0.769231,spl=0.562621; room:n=19,sr=0.684211,spl=0.408845; region:n=28,sr=0.500000,spl=0.380089; instance:n=16,sr=0.125000,spl=0.062467] latest_scene=00800-TEEsavR23oF latest_episode=15 latest_task=0 latest_level=instance by_level={"instance": {"avg_spl": 0.062466996750935574, "avg_sr": 0.125, "count": 16}, "object": {"avg_spl": 0.562620675184055, "avg_sr": 0.7692307692307693, "count": 13}, "region": {"avg_spl": 0.3800894068662502, "avg_sr": 0.5, "count": 28}, "room": {"avg_spl": 0.40884472689399787, "avg_sr": 0.6842105263157895, "count": 19}}
Elapsed 20:11:09 

Begin to process [00800-TEEsavR23oF_sequence_15_1] type: [region], Question: [pedestal sink in the bathroom that has pedestal sink beneath oval mirror and hand towel, toilet below colorful tropical harbor picture, wire rack with bottle of cleaner, wooden flooring]

Elapsed 20:11:09 Current start position is [      1.547    0.013378     -5.4853]
Elapsed 20:17:28 ===Episode_id 15 task_id 1 task_level=region===
SR: False, SPL: 0.0, Object category: pedestal sink, goal type: sequence===

Elapsed 20:17:28 [baseline] task_level=region scene=00800-TEEsavR23oF episode=15 task=1 sec=379.132
Elapsed 20:17:28 [BASELINE_LIVE_METRICS] rows=77 avg_sr=0.506494 avg_spl=0.347066 follower_error_count=3 levels=[object:n=13,sr=0.769231,spl=0.562621; room:n=19,sr=0.684211,spl=0.408845; region:n=29,sr=0.482759,spl=0.366983; instance:n=16,sr=0.125000,spl=0.062467] latest_scene=00800-TEEsavR23oF latest_episode=15 latest_task=1 latest_level=region by_level={"instance": {"avg_spl": 0.062466996750935574, "avg_sr": 0.125, "count": 16}, "object": {"avg_spl": 0.562620675184055, "avg_sr": 0.7692307692307693, "count": 13}, "region": {"avg_spl": 0.36698287559500015, "avg_sr": 0.4827586206896552, "count": 29}, "room": {"avg_spl": 0.40884472689399787, "avg_sr": 0.6842105263157895, "count": 19}}
Elapsed 20:17:28 

Begin to process [00800-TEEsavR23oF_sequence_15_2] type: [room], Question: [tv in the hall]

Elapsed 20:17:28 Current start position is [    -1.4075    0.013378     -6.6548]
Elapsed 20:23:20 ===Episode_id 15 task_id 2 task_level=room===
SR: False, SPL: 0.0, Object category: tv, goal type: sequence===

Elapsed 20:23:20 [baseline] task_level=room scene=00800-TEEsavR23oF episode=15 task=2 sec=351.831
Elapsed 20:23:20 [BASELINE_LIVE_METRICS] rows=78 avg_sr=0.500000 avg_spl=0.342617 follower_error_count=3 levels=[object:n=13,sr=0.769231,spl=0.562621; room:n=20,sr=0.650000,spl=0.388402; region:n=29,sr=0.482759,spl=0.366983; instance:n=16,sr=0.125000,spl=0.062467] latest_scene=00800-TEEsavR23oF latest_episode=15 latest_task=2 latest_level=room by_level={"instance": {"avg_spl": 0.062466996750935574, "avg_sr": 0.125, "count": 16}, "object": {"avg_spl": 0.562620675184055, "avg_sr": 0.7692307692307693, "count": 13}, "region": {"avg_spl": 0.36698287559500015, "avg_sr": 0.4827586206896552, "count": 29}, "room": {"avg_spl": 0.388402490549298, "avg_sr": 0.65, "count": 20}}
Elapsed 20:23:20 

Begin to process [00800-TEEsavR23oF_sequence_15_3] type: [region], Question: [cabinet in the kitchen that has wood kitchen cabinets with granite countertop, stove above stainless oven with towel, silver dishwasher, microwave, coffee machine, stainless steel refrigerator, wall clock, wall-mounted US flag]

Elapsed 20:23:20 Current start position is [      1.547    0.013378     -5.4853]
Elapsed 20:30:48 ===Episode_id 15 task_id 3 task_level=region===
SR: True, SPL: 0.5936120190576748, Object category: cabinet, goal type: sequence===

Elapsed 20:30:48 [baseline] task_level=region scene=00800-TEEsavR23oF episode=15 task=3 sec=448.258
Elapsed 20:30:48 [BASELINE_LIVE_METRICS] rows=79 avg_sr=0.506329 avg_spl=0.345794 follower_error_count=3 levels=[object:n=13,sr=0.769231,spl=0.562621; room:n=20,sr=0.650000,spl=0.388402; region:n=30,sr=0.500000,spl=0.374537; instance:n=16,sr=0.125000,spl=0.062467] latest_scene=00800-TEEsavR23oF latest_episode=15 latest_task=3 latest_level=region by_level={"instance": {"avg_spl": 0.062466996750935574, "avg_sr": 0.125, "count": 16}, "object": {"avg_spl": 0.562620675184055, "avg_sr": 0.7692307692307693, "count": 13}, "region": {"avg_spl": 0.37453718037708933, "avg_sr": 0.5, "count": 30}, "room": {"avg_spl": 0.388402490549298, "avg_sr": 0.65, "count": 20}}
Elapsed 20:30:48 

Begin to process [00800-TEEsavR23oF_sequence_15_4] type: [region], Question: [bathroom cabinet in the bathroom that has dark wood double-sink bath vanity below rectangle mirror, built-in bathtub, grey bath mat, gray towel by white towel, connects to bedroom with striped bedding]

Elapsed 20:30:48 Current start position is [    -6.0774    0.013378    -0.25248]
Elapsed 20:41:25 ===Episode_id 15 task_id 4 task_level=region===
SR: True, SPL: 0.6478946387949557, Object category: bathroom cabinet, goal type: sequence===

Elapsed 20:41:25 [baseline] task_level=region scene=00800-TEEsavR23oF episode=15 task=4 sec=637.195
Elapsed 20:41:25 [BASELINE_LIVE_METRICS] rows=80 avg_sr=0.512500 avg_spl=0.349570 follower_error_count=3 levels=[object:n=13,sr=0.769231,spl=0.562621; room:n=20,sr=0.650000,spl=0.388402; region:n=31,sr=0.516129,spl=0.383355; instance:n=16,sr=0.125000,spl=0.062467] latest_scene=00800-TEEsavR23oF latest_episode=15 latest_task=4 latest_level=region by_level={"instance": {"avg_spl": 0.062466996750935574, "avg_sr": 0.125, "count": 16}, "object": {"avg_spl": 0.562620675184055, "avg_sr": 0.7692307692307693, "count": 13}, "region": {"avg_spl": 0.3833551629066979, "avg_sr": 0.5161290322580645, "count": 31}, "room": {"avg_spl": 0.388402490549298, "avg_sr": 0.65, "count": 20}}
Elapsed 20:41:25 [Metrics] sequence count: 80, invalid_count: 0, follower_error_count: 3, avg_sr: 0.512500, avg_spl: 0.349570

=== Episode ===: 16it [20:40:51, 5873.42s/it][AElapsed 20:41:31 

Begin to process [00800-TEEsavR23oF_sequence_16_0] type: [instance], Question: [small wooden side table with remote between white fireplace and armchair in living room]

Elapsed 20:41:31 Current start position is [   -0.28228     0.01338     0.31235]
Elapsed 21:28:58 ===Episode_id 16 task_id 0 task_level=instance===
SR: True, SPL: 0.6264484775444767, Object category: table, goal type: sequence===

Elapsed 21:28:58 [baseline] task_level=instance scene=00800-TEEsavR23oF episode=16 task=0 sec=2846.785
Elapsed 21:28:58 [BASELINE_LIVE_METRICS] rows=81 avg_sr=0.518519 avg_spl=0.352988 follower_error_count=3 levels=[object:n=13,sr=0.769231,spl=0.562621; room:n=20,sr=0.650000,spl=0.388402; region:n=31,sr=0.516129,spl=0.383355; instance:n=17,sr=0.176471,spl=0.095642] latest_scene=00800-TEEsavR23oF latest_episode=16 latest_task=0 latest_level=instance by_level={"instance": {"avg_spl": 0.09564237797408505, "avg_sr": 0.17647058823529413, "count": 17}, "object": {"avg_spl": 0.562620675184055, "avg_sr": 0.7692307692307693, "count": 13}, "region": {"avg_spl": 0.3833551629066979, "avg_sr": 0.5161290322580645, "count": 31}, "room": {"avg_spl": 0.388402490549298, "avg_sr": 0.65, "count": 20}}
Elapsed 21:28:58 

Begin to process [00800-TEEsavR23oF_sequence_16_1] type: [region], Question: [doormat in the hall that has brown-framed sailboats painting on wall, colorful floral door entry mat]

Elapsed 21:28:58 Current start position is [     -9.148    0.013378     0.37712]
Elapsed 21:31:54 ===Episode_id 16 task_id 1 task_level=region===
SR: True, SPL: 0.8427388509177035, Object category: doormat, goal type: sequence===

Elapsed 21:31:54 [baseline] task_level=region scene=00800-TEEsavR23oF episode=16 task=1 sec=175.793
Elapsed 21:31:54 [BASELINE_LIVE_METRICS] rows=82 avg_sr=0.524390 avg_spl=0.358961 follower_error_count=3 levels=[object:n=13,sr=0.769231,spl=0.562621; room:n=20,sr=0.650000,spl=0.388402; region:n=32,sr=0.531250,spl=0.397711; instance:n=17,sr=0.176471,spl=0.095642] latest_scene=00800-TEEsavR23oF latest_episode=16 latest_task=1 latest_level=region by_level={"instance": {"avg_spl": 0.09564237797408505, "avg_sr": 0.17647058823529413, "count": 17}, "object": {"avg_spl": 0.562620675184055, "avg_sr": 0.7692307692307693, "count": 13}, "region": {"avg_spl": 0.39771090315704183, "avg_sr": 0.53125, "count": 32}, "room": {"avg_spl": 0.388402490549298, "avg_sr": 0.65, "count": 20}}
Elapsed 21:31:54 

Begin to process [00800-TEEsavR23oF_sequence_16_2] type: [room], Question: [armchair in the living room]

Elapsed 21:31:54 Current start position is [   -0.20939    0.013378      -0.228]
Elapsed 22:38:42 ===Episode_id 16 task_id 2 task_level=room===
SR: False, SPL: 0.0, Object category: armchair, goal type: sequence===

Elapsed 22:38:42 [baseline] task_level=room scene=00800-TEEsavR23oF episode=16 task=2 sec=4008.156
Elapsed 22:38:42 [BASELINE_LIVE_METRICS] rows=83 avg_sr=0.518072 avg_spl=0.354636 follower_error_count=3 levels=[object:n=13,sr=0.769231,spl=0.562621; room:n=21,sr=0.619048,spl=0.369907; region:n=32,sr=0.531250,spl=0.397711; instance:n=17,sr=0.176471,spl=0.095642] latest_scene=00800-TEEsavR23oF latest_episode=16 latest_task=2 latest_level=room by_level={"instance": {"avg_spl": 0.09564237797408505, "avg_sr": 0.17647058823529413, "count": 17}, "object": {"avg_spl": 0.562620675184055, "avg_sr": 0.7692307692307693, "count": 13}, "region": {"avg_spl": 0.39771090315704183, "avg_sr": 0.53125, "count": 32}, "room": {"avg_spl": 0.3699071338564743, "avg_sr": 0.6190476190476191, "count": 21}}
Elapsed 22:38:42 

Begin to process [00800-TEEsavR23oF_sequence_16_3] type: [region], Question: [sideboard in the dining room that has rectangular wooden dining table with carved chairs, potted plant on side cabinet, large canal scene painting above]

Elapsed 22:38:42 Current start position is [    -4.8207    0.037858     -7.5199]
Elapsed 22:47:45 ===Episode_id 16 task_id 3 task_level=region===
SR: False, SPL: 0.0, Object category: sideboard, goal type: sequence===

Elapsed 22:47:45 [baseline] task_level=region scene=00800-TEEsavR23oF episode=16 task=3 sec=542.949
Elapsed 22:47:45 [BASELINE_LIVE_METRICS] rows=84 avg_sr=0.511905 avg_spl=0.350414 follower_error_count=3 levels=[object:n=13,sr=0.769231,spl=0.562621; room:n=21,sr=0.619048,spl=0.369907; region:n=33,sr=0.515152,spl=0.385659; instance:n=17,sr=0.176471,spl=0.095642] latest_scene=00800-TEEsavR23oF latest_episode=16 latest_task=3 latest_level=region by_level={"instance": {"avg_spl": 0.09564237797408505, "avg_sr": 0.17647058823529413, "count": 17}, "object": {"avg_spl": 0.562620675184055, "avg_sr": 0.7692307692307693, "count": 13}, "region": {"avg_spl": 0.38565905760682845, "avg_sr": 0.5151515151515151, "count": 33}, "room": {"avg_spl": 0.3699071338564743, "avg_sr": 0.6190476190476191, "count": 21}}
Elapsed 22:47:45 

Begin to process [00800-TEEsavR23oF_sequence_16_4] type: [region], Question: [case in the walk-in closet that has ironing board and tightly packed clothes hanging above storage boxes]

Elapsed 22:47:45 Current start position is [    -3.8942    0.013378     -1.8847]
Elapsed 22:58:28 ===Episode_id 16 task_id 4 task_level=region===
SR: True, SPL: 0.9325291685287714, Object category: case, goal type: sequence===

Elapsed 22:58:28 [baseline] task_level=region scene=00800-TEEsavR23oF episode=16 task=4 sec=642.528
Elapsed 22:58:28 [BASELINE_LIVE_METRICS] rows=85 avg_sr=0.517647 avg_spl=0.357263 follower_error_count=3 levels=[object:n=13,sr=0.769231,spl=0.562621; room:n=21,sr=0.619048,spl=0.369907; region:n=34,sr=0.529412,spl=0.401743; instance:n=17,sr=0.176471,spl=0.095642] latest_scene=00800-TEEsavR23oF latest_episode=16 latest_task=4 latest_level=region by_level={"instance": {"avg_spl": 0.09564237797408505, "avg_sr": 0.17647058823529413, "count": 17}, "object": {"avg_spl": 0.562620675184055, "avg_sr": 0.7692307692307693, "count": 13}, "region": {"avg_spl": 0.40174347263394444, "avg_sr": 0.5294117647058824, "count": 34}, "room": {"avg_spl": 0.3699071338564743, "avg_sr": 0.6190476190476191, "count": 21}}
Elapsed 22:58:28 [Metrics] sequence count: 85, invalid_count: 0, follower_error_count: 3, avg_sr: 0.517647, avg_spl: 0.357263

=== Episode ===: 17it [22:57:53, 6579.80s/it][AElapsed 22:58:34 

Begin to process [00800-TEEsavR23oF_sequence_17_0] type: [instance], Question: [dark floor mat beside fireplace in tie: living room & hall with dark leather couch near staircase]

Elapsed 22:58:34 Current start position is [    -4.8219     0.05259     -7.7573]
Elapsed 1 day, 0:43:11 ===Episode_id 17 task_id 0 task_level=instance===
SR: False, SPL: 0.0, Object category: floor mat, goal type: sequence===

Elapsed 1 day, 0:43:11 [baseline] task_level=instance scene=00800-TEEsavR23oF episode=17 task=0 sec=6276.373
Elapsed 1 day, 0:43:11 [BASELINE_LIVE_METRICS] rows=86 avg_sr=0.511628 avg_spl=0.353108 follower_error_count=3 levels=[object:n=13,sr=0.769231,spl=0.562621; room:n=21,sr=0.619048,spl=0.369907; region:n=34,sr=0.529412,spl=0.401743; instance:n=18,sr=0.166667,spl=0.090329] latest_scene=00800-TEEsavR23oF latest_episode=17 latest_task=0 latest_level=instance by_level={"instance": {"avg_spl": 0.09032891253108033, "avg_sr": 0.16666666666666666, "count": 18}, "object": {"avg_spl": 0.562620675184055, "avg_sr": 0.7692307692307693, "count": 13}, "region": {"avg_spl": 0.40174347263394444, "avg_sr": 0.5294117647058824, "count": 34}, "room": {"avg_spl": 0.3699071338564743, "avg_sr": 0.6190476190476191, "count": 21}}
Elapsed 1 day, 0:43:11 

Begin to process [00800-TEEsavR23oF_sequence_17_1] type: [room], Question: [kitchen cabinet in the kitchen]

Elapsed 1 day, 0:43:11 Current start position is [   0.040392    0.027952    -0.23893]
Elapsed 1 day, 0:47:55 ===Episode_id 17 task_id 1 task_level=room===
SR: True, SPL: 0.6943528116602665, Object category: kitchen cabinet, goal type: sequence===

Elapsed 1 day, 0:47:55 [baseline] task_level=room scene=00800-TEEsavR23oF episode=17 task=1 sec=284.218
Elapsed 1 day, 0:47:55 [BASELINE_LIVE_METRICS] rows=87 avg_sr=0.517241 avg_spl=0.357031 follower_error_count=3 levels=[object:n=13,sr=0.769231,spl=0.562621; room:n=22,sr=0.636364,spl=0.384655; region:n=34,sr=0.529412,spl=0.401743; instance:n=18,sr=0.166667,spl=0.090329] latest_scene=00800-TEEsavR23oF latest_episode=17 latest_task=1 latest_level=room by_level={"instance": {"avg_spl": 0.09032891253108033, "avg_sr": 0.16666666666666666, "count": 18}, "object": {"avg_spl": 0.562620675184055, "avg_sr": 0.7692307692307693, "count": 13}, "region": {"avg_spl": 0.40174347263394444, "avg_sr": 0.5294117647058824, "count": 34}, "room": {"avg_spl": 0.3846546646657376, "avg_sr": 0.6363636363636364, "count": 22}}
Elapsed 1 day, 0:47:55 

Begin to process [00800-TEEsavR23oF_sequence_17_2] type: [region], Question: [fireplace in the tie: hall & living room that has dark leather couch between lamps under staircase, white-mantled fireplace with wall-mounted TV above between windows, leather armchair]

Elapsed 1 day, 0:47:55 Current start position is [    -3.6209    0.013378    -0.78792]
Elapsed 1 day, 0:55:50 ===Episode_id 17 task_id 2 task_level=region===
SR: True, SPL: 0.8171755851397307, Object category: fireplace, goal type: sequence===

Elapsed 1 day, 0:55:50 [baseline] task_level=region scene=00800-TEEsavR23oF episode=17 task=2 sec=474.657
Elapsed 1 day, 0:55:50 [BASELINE_LIVE_METRICS] rows=88 avg_sr=0.522727 avg_spl=0.362260 follower_error_count=3 levels=[object:n=13,sr=0.769231,spl=0.562621; room:n=22,sr=0.636364,spl=0.384655; region:n=35,sr=0.542857,spl=0.413613; instance:n=18,sr=0.166667,spl=0.090329] latest_scene=00800-TEEsavR23oF latest_episode=17 latest_task=2 latest_level=region by_level={"instance": {"avg_spl": 0.09032891253108033, "avg_sr": 0.16666666666666666, "count": 18}, "object": {"avg_spl": 0.562620675184055, "avg_sr": 0.7692307692307693, "count": 13}, "region": {"avg_spl": 0.4136129615626812, "avg_sr": 0.5428571428571428, "count": 35}, "room": {"avg_spl": 0.3846546646657376, "avg_sr": 0.6363636363636364, "count": 22}}
Elapsed 1 day, 0:55:50 

Begin to process [00800-TEEsavR23oF_sequence_17_3] type: [region], Question: [doormat in the hall that has brown-framed sailboats painting on wall, colorful floral door entry mat]

Elapsed 1 day, 0:55:50 Current start position is [    -9.4396    0.013378     0.36547]
Elapsed 1 day, 1:04:27 ===Episode_id 17 task_id 3 task_level=region===
SR: True, SPL: 0.8369896962640526, Object category: doormat, goal type: sequence===

Elapsed 1 day, 1:04:27 [baseline] task_level=region scene=00800-TEEsavR23oF episode=17 task=3 sec=517.362
Elapsed 1 day, 1:04:27 [BASELINE_LIVE_METRICS] rows=89 avg_sr=0.528090 avg_spl=0.367594 follower_error_count=3 levels=[object:n=13,sr=0.769231,spl=0.562621; room:n=22,sr=0.636364,spl=0.384655; region:n=36,sr=0.555556,spl=0.425373; instance:n=18,sr=0.166667,spl=0.090329] latest_scene=00800-TEEsavR23oF latest_episode=17 latest_task=3 latest_level=region by_level={"instance": {"avg_spl": 0.09032891253108033, "avg_sr": 0.16666666666666666, "count": 18}, "object": {"avg_spl": 0.562620675184055, "avg_sr": 0.7692307692307693, "count": 13}, "region": {"avg_spl": 0.425373426415497, "avg_sr": 0.5555555555555556, "count": 36}, "room": {"avg_spl": 0.3846546646657376, "avg_sr": 0.6363636363636364, "count": 22}}
Elapsed 1 day, 1:04:27 

Begin to process [00800-TEEsavR23oF_sequence_17_4] type: [region], Question: [wardrobe in the bedroom that has wood bed with gray-striped bedding, lamp on nightstand, TV atop dresser, laundry basket, dark cabinet below wall decoration between windows]

Elapsed 1 day, 1:04:27 Current start position is [  0.0057502    0.024166    -0.24049]
Elapsed 1 day, 1:08:39 ===Episode_id 17 task_id 4 task_level=region===
SR: False, SPL: 0.0, Object category: wardrobe, goal type: sequence===

Elapsed 1 day, 1:08:39 [baseline] task_level=region scene=00800-TEEsavR23oF episode=17 task=4 sec=251.574
Elapsed 1 day, 1:08:39 [BASELINE_LIVE_METRICS] rows=90 avg_sr=0.522222 avg_spl=0.363509 follower_error_count=3 levels=[object:n=13,sr=0.769231,spl=0.562621; room:n=22,sr=0.636364,spl=0.384655; region:n=37,sr=0.540541,spl=0.413877; instance:n=18,sr=0.166667,spl=0.090329] latest_scene=00800-TEEsavR23oF latest_episode=17 latest_task=4 latest_level=region by_level={"instance": {"avg_spl": 0.09032891253108033, "avg_sr": 0.16666666666666666, "count": 18}, "object": {"avg_spl": 0.562620675184055, "avg_sr": 0.7692307692307693, "count": 13}, "region": {"avg_spl": 0.4138768473231863, "avg_sr": 0.5405405405405406, "count": 37}, "room": {"avg_spl": 0.3846546646657376, "avg_sr": 0.6363636363636364, "count": 22}}
Elapsed 1 day, 1:08:39 [Metrics] sequence count: 90, invalid_count: 0, follower_error_count: 3, avg_sr: 0.522222, avg_spl: 0.363509

=== Episode ===: 18it [25:08:04, 6949.76s/it][AElapsed 1 day, 1:08:45 

Begin to process [00800-TEEsavR23oF_sequence_18_0] type: [instance], Question: [green leafy plant in flowerpot left of black three-seater couch under staircase]

Elapsed 1 day, 1:08:45 Current start position is [    -4.5729      0.0326     -7.7306]
Elapsed 1 day, 2:31:43 ===Episode_id 18 task_id 0 task_level=instance===
SR: False, SPL: 0.0, Object category: plant, goal type: sequence===

Elapsed 1 day, 2:31:43 [baseline] task_level=instance scene=00800-TEEsavR23oF episode=18 task=0 sec=4977.614
Elapsed 1 day, 2:31:43 [BASELINE_LIVE_METRICS] rows=91 avg_sr=0.516484 avg_spl=0.359515 follower_error_count=3 levels=[object:n=13,sr=0.769231,spl=0.562621; room:n=22,sr=0.636364,spl=0.384655; region:n=37,sr=0.540541,spl=0.413877; instance:n=19,sr=0.157895,spl=0.085575] latest_scene=00800-TEEsavR23oF latest_episode=18 latest_task=0 latest_level=instance by_level={"instance": {"avg_spl": 0.08557475923997084, "avg_sr": 0.15789473684210525, "count": 19}, "object": {"avg_spl": 0.562620675184055, "avg_sr": 0.7692307692307693, "count": 13}, "region": {"avg_spl": 0.4138768473231863, "avg_sr": 0.5405405405405406, "count": 37}, "room": {"avg_spl": 0.3846546646657376, "avg_sr": 0.6363636363636364, "count": 22}}
Elapsed 1 day, 2:31:43 

Begin to process [00800-TEEsavR23oF_sequence_18_1] type: [room], Question: [kitchen sink in the kitchen]

Elapsed 1 day, 2:31:43 Current start position is [    -7.3894    0.013378     -1.3961]
Elapsed 1 day, 2:36:59 ===Episode_id 18 task_id 1 task_level=room===
SR: False, SPL: 0.0, Object category: kitchen sink, goal type: sequence===

Elapsed 1 day, 2:36:59 [baseline] task_level=room scene=00800-TEEsavR23oF episode=18 task=1 sec=316.889
Elapsed 1 day, 2:37:00 [BASELINE_LIVE_METRICS] rows=92 avg_sr=0.510870 avg_spl=0.355607 follower_error_count=3 levels=[object:n=13,sr=0.769231,spl=0.562621; room:n=23,sr=0.608696,spl=0.367931; region:n=37,sr=0.540541,spl=0.413877; instance:n=19,sr=0.157895,spl=0.085575] latest_scene=00800-TEEsavR23oF latest_episode=18 latest_task=1 latest_level=room by_level={"instance": {"avg_spl": 0.08557475923997084, "avg_sr": 0.15789473684210525, "count": 19}, "object": {"avg_spl": 0.562620675184055, "avg_sr": 0.7692307692307693, "count": 13}, "region": {"avg_spl": 0.4138768473231863, "avg_sr": 0.5405405405405406, "count": 37}, "room": {"avg_spl": 0.3679305488107055, "avg_sr": 0.6086956521739131, "count": 23}}
Elapsed 1 day, 2:37:00 

Begin to process [00800-TEEsavR23oF_sequence_18_2] type: [object], Question: [sink]

Elapsed 1 day, 2:37:00 Current start position is [    -2.0028    0.013378     -6.5972]
Elapsed 1 day, 2:42:36 ===Episode_id 18 task_id 2 task_level=object===
SR: True, SPL: 1.0, Object category: sink, goal type: sequence===

Elapsed 1 day, 2:42:36 [baseline] task_level=object scene=00800-TEEsavR23oF episode=18 task=2 sec=336.236
Elapsed 1 day, 2:42:36 [BASELINE_LIVE_METRICS] rows=93 avg_sr=0.516129 avg_spl=0.362536 follower_error_count=3 levels=[object:n=14,sr=0.785714,spl=0.593862; room:n=23,sr=0.608696,spl=0.367931; region:n=37,sr=0.540541,spl=0.413877; instance:n=19,sr=0.157895,spl=0.085575] latest_scene=00800-TEEsavR23oF latest_episode=18 latest_task=2 latest_level=object by_level={"instance": {"avg_spl": 0.08557475923997084, "avg_sr": 0.15789473684210525, "count": 19}, "object": {"avg_spl": 0.5938620555280512, "avg_sr": 0.7857142857142857, "count": 14}, "region": {"avg_spl": 0.4138768473231863, "avg_sr": 0.5405405405405406, "count": 37}, "room": {"avg_spl": 0.3679305488107055, "avg_sr": 0.6086956521739131, "count": 23}}
Elapsed 1 day, 2:42:36 

Begin to process [00800-TEEsavR23oF_sequence_18_3] type: [object], Question: [floor mat]

Elapsed 1 day, 2:42:36 Current start position is [    -2.0028    0.013378     -6.5972]
Elapsed 1 day, 2:50:24 ===Episode_id 18 task_id 3 task_level=object===
SR: False, SPL: 0.0, Object category: floor mat, goal type: sequence===

Elapsed 1 day, 2:50:24 [baseline] task_level=object scene=00800-TEEsavR23oF episode=18 task=3 sec=467.922
Elapsed 1 day, 2:50:24 [BASELINE_LIVE_METRICS] rows=94 avg_sr=0.510638 avg_spl=0.358679 follower_error_count=3 levels=[object:n=15,sr=0.733333,spl=0.554271; room:n=23,sr=0.608696,spl=0.367931; region:n=37,sr=0.540541,spl=0.413877; instance:n=19,sr=0.157895,spl=0.085575] latest_scene=00800-TEEsavR23oF latest_episode=18 latest_task=3 latest_level=object by_level={"instance": {"avg_spl": 0.08557475923997084, "avg_sr": 0.15789473684210525, "count": 19}, "object": {"avg_spl": 0.5542712518261811, "avg_sr": 0.7333333333333333, "count": 15}, "region": {"avg_spl": 0.4138768473231863, "avg_sr": 0.5405405405405406, "count": 37}, "room": {"avg_spl": 0.3679305488107055, "avg_sr": 0.6086956521739131, "count": 23}}
Elapsed 1 day, 2:50:24 

Begin to process [00800-TEEsavR23oF_sequence_18_4] type: [room], Question: [case in the walk-in closet]

Elapsed 1 day, 2:50:24 Current start position is [    -2.0028    0.013378     -6.5972]
Elapsed 1 day, 2:59:32 ===Episode_id 18 task_id 4 task_level=room===
SR: True, SPL: 0.8538841411569267, Object category: case, goal type: sequence===

Elapsed 1 day, 2:59:32 [baseline] task_level=room scene=00800-TEEsavR23oF episode=18 task=4 sec=547.837
Elapsed 1 day, 2:59:32 [BASELINE_LIVE_METRICS] rows=95 avg_sr=0.515789 avg_spl=0.363892 follower_error_count=3 levels=[object:n=15,sr=0.733333,spl=0.554271; room:n=24,sr=0.625000,spl=0.388179; region:n=37,sr=0.540541,spl=0.413877; instance:n=19,sr=0.157895,spl=0.085575] latest_scene=00800-TEEsavR23oF latest_episode=18 latest_task=4 latest_level=room by_level={"instance": {"avg_spl": 0.08557475923997084, "avg_sr": 0.15789473684210525, "count": 19}, "object": {"avg_spl": 0.5542712518261811, "avg_sr": 0.7333333333333333, "count": 15}, "region": {"avg_spl": 0.4138768473231863, "avg_sr": 0.5405405405405406, "count": 37}, "room": {"avg_spl": 0.38817861515846475, "avg_sr": 0.625, "count": 24}}
Elapsed 1 day, 2:59:32 [Metrics] sequence count: 95, invalid_count: 0, follower_error_count: 3, avg_sr: 0.515789, avg_spl: 0.363892

=== Episode ===: 19it [26:58:57, 6860.60s/it][AElapsed 1 day, 2:59:37 

Begin to process [00800-TEEsavR23oF_sequence_19_0] type: [instance], Question: [small dark wood side table with lamp and plant to the right of black three-seater couch under staircase in living room with fireplace]

Elapsed 1 day, 2:59:37 Current start position is [    -4.9911     0.04042     -6.2274]
Elapsed 1 day, 4:09:27 ===Episode_id 19 task_id 0 task_level=instance===
SR: False, SPL: 0.0, Object category: table, goal type: sequence===

Elapsed 1 day, 4:09:27 [baseline] task_level=instance scene=00800-TEEsavR23oF episode=19 task=0 sec=4189.375
Elapsed 1 day, 4:09:27 [BASELINE_LIVE_METRICS] rows=96 avg_sr=0.510417 avg_spl=0.360101 follower_error_count=3 levels=[object:n=15,sr=0.733333,spl=0.554271; room:n=24,sr=0.625000,spl=0.388179; region:n=37,sr=0.540541,spl=0.413877; instance:n=20,sr=0.150000,spl=0.081296] latest_scene=00800-TEEsavR23oF latest_episode=19 latest_task=0 latest_level=instance by_level={"instance": {"avg_spl": 0.0812960212779723, "avg_sr": 0.15, "count": 20}, "object": {"avg_spl": 0.5542712518261811, "avg_sr": 0.7333333333333333, "count": 15}, "region": {"avg_spl": 0.4138768473231863, "avg_sr": 0.5405405405405406, "count": 37}, "room": {"avg_spl": 0.38817861515846475, "avg_sr": 0.625, "count": 24}}
Elapsed 1 day, 4:09:27 

Begin to process [00800-TEEsavR23oF_sequence_19_1] type: [region], Question: [cabinet in the kitchen that has wood kitchen cabinets with granite countertop, stove above stainless oven with towel, silver dishwasher, microwave, coffee machine, stainless steel refrigerator, wall clock, wall-mounted US flag]

Elapsed 1 day, 4:09:27 Current start position is [    -7.2651    0.013378     -3.2496]
Elapsed 1 day, 4:16:00 ===Episode_id 19 task_id 1 task_level=region===
SR: True, SPL: 0.4283384781884111, Object category: cabinet, goal type: sequence===

Elapsed 1 day, 4:16:00 [baseline] task_level=region scene=00800-TEEsavR23oF episode=19 task=1 sec=393.052
Elapsed 1 day, 4:16:00 [BASELINE_LIVE_METRICS] rows=97 avg_sr=0.515464 avg_spl=0.360805 follower_error_count=3 levels=[object:n=15,sr=0.733333,spl=0.554271; room:n=24,sr=0.625000,spl=0.388179; region:n=38,sr=0.552632,spl=0.414257; instance:n=20,sr=0.150000,spl=0.081296] latest_scene=00800-TEEsavR23oF latest_episode=19 latest_task=1 latest_level=region by_level={"instance": {"avg_spl": 0.0812960212779723, "avg_sr": 0.15, "count": 20}, "object": {"avg_spl": 0.5542712518261811, "avg_sr": 0.7333333333333333, "count": 15}, "region": {"avg_spl": 0.4142574165564817, "avg_sr": 0.5526315789473685, "count": 38}, "room": {"avg_spl": 0.38817861515846475, "avg_sr": 0.625, "count": 24}}
Elapsed 1 day, 4:16:00 

Begin to process [00800-TEEsavR23oF_sequence_19_2] type: [region], Question: [sideboard in the dining room that has rectangular wooden dining table with carved chairs, potted plant on side cabinet, large canal scene painting above]

Elapsed 1 day, 4:16:00 Current start position is [    -3.6031    0.013378    -0.22449]
Elapsed 1 day, 4:23:06 ===Episode_id 19 task_id 2 task_level=region===
SR: False, SPL: 0.0, Object category: sideboard, goal type: sequence===

Elapsed 1 day, 4:23:06 [baseline] task_level=region scene=00800-TEEsavR23oF episode=19 task=2 sec=426.113
Elapsed 1 day, 4:23:06 [BASELINE_LIVE_METRICS] rows=98 avg_sr=0.510204 avg_spl=0.357123 follower_error_count=3 levels=[object:n=15,sr=0.733333,spl=0.554271; room:n=24,sr=0.625000,spl=0.388179; region:n=39,sr=0.538462,spl=0.403635; instance:n=20,sr=0.150000,spl=0.081296] latest_scene=00800-TEEsavR23oF latest_episode=19 latest_task=2 latest_level=region by_level={"instance": {"avg_spl": 0.0812960212779723, "avg_sr": 0.15, "count": 20}, "object": {"avg_spl": 0.5542712518261811, "avg_sr": 0.7333333333333333, "count": 15}, "region": {"avg_spl": 0.40363543151657194, "avg_sr": 0.5384615384615384, "count": 39}, "room": {"avg_spl": 0.38817861515846475, "avg_sr": 0.625, "count": 24}}
Elapsed 1 day, 4:23:06 

Begin to process [00800-TEEsavR23oF_sequence_19_3] type: [room], Question: [armchair in the living room]

Elapsed 1 day, 4:23:06 Current start position is [    0.41786    0.013378     -3.6457]
Elapsed 1 day, 4:55:42 ===Episode_id 19 task_id 3 task_level=room===
SR: True, SPL: 0.7067140526859927, Object category: armchair, goal type: sequence===

Elapsed 1 day, 4:55:42 [baseline] task_level=room scene=00800-TEEsavR23oF episode=19 task=3 sec=1956.446
Elapsed 1 day, 4:55:42 [BASELINE_LIVE_METRICS] rows=99 avg_sr=0.515152 avg_spl=0.360654 follower_error_count=3 levels=[object:n=15,sr=0.733333,spl=0.554271; room:n=25,sr=0.640000,spl=0.400920; region:n=39,sr=0.538462,spl=0.403635; instance:n=20,sr=0.150000,spl=0.081296] latest_scene=00800-TEEsavR23oF latest_episode=19 latest_task=3 latest_level=room by_level={"instance": {"avg_spl": 0.0812960212779723, "avg_sr": 0.15, "count": 20}, "object": {"avg_spl": 0.5542712518261811, "avg_sr": 0.7333333333333333, "count": 15}, "region": {"avg_spl": 0.40363543151657194, "avg_sr": 0.5384615384615384, "count": 39}, "room": {"avg_spl": 0.40092003265956583, "avg_sr": 0.64, "count": 25}}
Elapsed 1 day, 4:55:42 

Begin to process [00800-TEEsavR23oF_sequence_19_4] type: [room], Question: [sink in the kitchen]

Elapsed 1 day, 4:55:42 Current start position is [    -8.3835    0.013378    -0.63188]
Elapsed 1 day, 5:06:34 ===Episode_id 19 task_id 4 task_level=room===
SR: False, SPL: 0.0, Object category: sink, goal type: sequence===

Elapsed 1 day, 5:06:34 [baseline] task_level=room scene=00800-TEEsavR23oF episode=19 task=4 sec=652.244
Elapsed 1 day, 5:06:34 [BASELINE_LIVE_METRICS] rows=100 avg_sr=0.510000 avg_spl=0.357048 follower_error_count=3 levels=[object:n=15,sr=0.733333,spl=0.554271; room:n=26,sr=0.615385,spl=0.385500; region:n=39,sr=0.538462,spl=0.403635; instance:n=20,sr=0.150000,spl=0.081296] latest_scene=00800-TEEsavR23oF latest_episode=19 latest_task=4 latest_level=room by_level={"instance": {"avg_spl": 0.0812960212779723, "avg_sr": 0.15, "count": 20}, "object": {"avg_spl": 0.5542712518261811, "avg_sr": 0.7333333333333333, "count": 15}, "region": {"avg_spl": 0.40363543151657194, "avg_sr": 0.5384615384615384, "count": 39}, "room": {"avg_spl": 0.3855000314034287, "avg_sr": 0.6153846153846154, "count": 26}}
Elapsed 1 day, 5:06:34 [Metrics] sequence count: 100, invalid_count: 0, follower_error_count: 3, avg_sr: 0.510000, avg_spl: 0.357048

=== Episode ===: 20it [29:06:00, 7089.47s/it][A=== Episode ===: 20it [29:06:00, 5238.02s/it]
Elapsed 1 day, 5:06:34 [Metrics] sequence count: 100, invalid_count: 0, follower_error_count: 3, avg_sr: 0.510000, avg_spl: 0.357048
*** Scene ***:  14%|#4        | 1/7 [29:06:00<174:36:02, 104760.50s/it]Elapsed 1 day, 5:06:35 




*************************** Processing 00802-wcojb4TFT35.json.gz, Total Episode 20 ***************************

=== Episode ===: 0it [00:00, ?it/s][AElapsed 1 day, 5:06:45 

Begin to process [00802-wcojb4TFT35_sequence_0_0] type: [instance], Question: [bottom black-framed line drawing picture on gray wall between two others in bedroom with light gray bedding and red bookshelf]

Elapsed 1 day, 5:06:45 Current start position is [    -3.1095      2.6949     -11.032]
Elapsed 1 day, 5:33:30 geodesic_distance: 2.0741424560546875
Elapsed 1 day, 5:33:30 [baseline][follow-error] scene=00802-wcojb4TFT35 episode_id=0 task_id=0 task_level=instance final=False error=GreedyFollowerError path_found=True
Elapsed 1 day, 5:33:30 ===Episode_id 0 task_id 0 task_level=instance===
SR: 0, SPL: 0, Object category: picture, goal type: sequence===

Elapsed 1 day, 5:33:30 [baseline] task_level=instance scene=00802-wcojb4TFT35 episode=0 task=0 sec=1605.037
Elapsed 1 day, 5:33:30 [BASELINE_LIVE_METRICS] rows=101 avg_sr=0.504950 avg_spl=0.353513 follower_error_count=4 levels=[object:n=15,sr=0.733333,spl=0.554271; room:n=26,sr=0.615385,spl=0.385500; region:n=39,sr=0.538462,spl=0.403635; instance:n=21,sr=0.142857,spl=0.077425] latest_scene=00802-wcojb4TFT35 latest_episode=0 latest_task=0 latest_level=instance by_level={"instance": {"avg_spl": 0.07742478216949743, "avg_sr": 0.14285714285714285, "count": 21}, "object": {"avg_spl": 0.5542712518261811, "avg_sr": 0.7333333333333333, "count": 15}, "region": {"avg_spl": 0.40363543151657194, "avg_sr": 0.5384615384615384, "count": 39}, "room": {"avg_spl": 0.3855000314034287, "avg_sr": 0.6153846153846154, "count": 26}}
Elapsed 1 day, 5:33:30 

Begin to process [00802-wcojb4TFT35_sequence_0_1] type: [room], Question: [blanket in the bedroom]

Elapsed 1 day, 5:33:30 Current start position is [   -0.21102      2.6949     -8.3159]
Elapsed 1 day, 5:35:45 geodesic_distance: 2.6255998611450195
Elapsed 1 day, 5:35:45 [baseline][follow-error] scene=00802-wcojb4TFT35 episode_id=0 task_id=1 task_level=room final=True error=GreedyFollowerError path_found=True
Elapsed 1 day, 5:35:45 ===Episode_id 0 task_id 1 task_level=room===
SR: 0, SPL: 0, Object category: blanket, goal type: sequence===

Elapsed 1 day, 5:35:45 [baseline] task_level=room scene=00802-wcojb4TFT35 episode=0 task=1 sec=135.613
Elapsed 1 day, 5:35:45 [BASELINE_LIVE_METRICS] rows=102 avg_sr=0.500000 avg_spl=0.350047 follower_error_count=5 levels=[object:n=15,sr=0.733333,spl=0.554271; room:n=27,sr=0.592593,spl=0.371222; region:n=39,sr=0.538462,spl=0.403635; instance:n=21,sr=0.142857,spl=0.077425] latest_scene=00802-wcojb4TFT35 latest_episode=0 latest_task=1 latest_level=room by_level={"instance": {"avg_spl": 0.07742478216949743, "avg_sr": 0.14285714285714285, "count": 21}, "object": {"avg_spl": 0.5542712518261811, "avg_sr": 0.7333333333333333, "count": 15}, "region": {"avg_spl": 0.40363543151657194, "avg_sr": 0.5384615384615384, "count": 39}, "room": {"avg_spl": 0.37122225246256096, "avg_sr": 0.5925925925925926, "count": 27}}
Elapsed 1 day, 5:35:45 

Begin to process [00802-wcojb4TFT35_sequence_0_2] type: [object], Question: [table]

Elapsed 1 day, 5:35:45 Current start position is [   -0.21102      2.6949     -8.3159]
Elapsed 1 day, 5:37:37 geodesic_distance: 3.059427261352539
Elapsed 1 day, 5:37:37 [baseline][follow-error] scene=00802-wcojb4TFT35 episode_id=0 task_id=2 task_level=object final=True error=GreedyFollowerError path_found=True
Elapsed 1 day, 5:37:37 ===Episode_id 0 task_id 2 task_level=object===
SR: 0, SPL: 0, Object category: table, goal type: sequence===

Elapsed 1 day, 5:37:37 [baseline] task_level=object scene=00802-wcojb4TFT35 episode=0 task=2 sec=111.971
Elapsed 1 day, 5:37:37 [BASELINE_LIVE_METRICS] rows=103 avg_sr=0.495146 avg_spl=0.346648 follower_error_count=6 levels=[object:n=16,sr=0.687500,spl=0.519629; room:n=27,sr=0.592593,spl=0.371222; region:n=39,sr=0.538462,spl=0.403635; instance:n=21,sr=0.142857,spl=0.077425] latest_scene=00802-wcojb4TFT35 latest_episode=0 latest_task=2 latest_level=object by_level={"instance": {"avg_spl": 0.07742478216949743, "avg_sr": 0.14285714285714285, "count": 21}, "object": {"avg_spl": 0.5196292985870448, "avg_sr": 0.6875, "count": 16}, "region": {"avg_spl": 0.40363543151657194, "avg_sr": 0.5384615384615384, "count": 39}, "room": {"avg_spl": 0.37122225246256096, "avg_sr": 0.5925925925925926, "count": 27}}
Elapsed 1 day, 5:37:37 

Begin to process [00802-wcojb4TFT35_sequence_0_3] type: [region], Question: [nightstand in the bedroom that has bed with light gray bedding and white pillows, light wood nightstand, red bookshelf with books, wood-framed wall mirror, monochrome sketch prints, hanging clothes above white basket]

Elapsed 1 day, 5:37:37 Current start position is [   -0.21102      2.6949     -8.3159]
Elapsed 1 day, 5:44:51 geodesic_distance: 3.23160719871521
Elapsed 1 day, 5:44:51 [baseline][follow-error] scene=00802-wcojb4TFT35 episode_id=0 task_id=3 task_level=region final=False error=GreedyFollowerError path_found=True
Elapsed 1 day, 5:44:51 ===Episode_id 0 task_id 3 task_level=region===
SR: 0, SPL: 0, Object category: nightstand, goal type: sequence===

Elapsed 1 day, 5:44:51 [baseline] task_level=region scene=00802-wcojb4TFT35 episode=0 task=3 sec=433.951
Elapsed 1 day, 5:44:51 [BASELINE_LIVE_METRICS] rows=104 avg_sr=0.490385 avg_spl=0.343315 follower_error_count=7 levels=[object:n=16,sr=0.687500,spl=0.519629; room:n=27,sr=0.592593,spl=0.371222; region:n=40,sr=0.525000,spl=0.393545; instance:n=21,sr=0.142857,spl=0.077425] latest_scene=00802-wcojb4TFT35 latest_episode=0 latest_task=3 latest_level=region by_level={"instance": {"avg_spl": 0.07742478216949743, "avg_sr": 0.14285714285714285, "count": 21}, "object": {"avg_spl": 0.5196292985870448, "avg_sr": 0.6875, "count": 16}, "region": {"avg_spl": 0.3935445457286576, "avg_sr": 0.525, "count": 40}, "room": {"avg_spl": 0.37122225246256096, "avg_sr": 0.5925925925925926, "count": 27}}
Elapsed 1 day, 5:44:51 

Begin to process [00802-wcojb4TFT35_sequence_0_4] type: [region], Question: [shower curtain in the bathroom that has light-colored bath vanity below white framed mirror, blue picture on toilet, white tufted shower curtain, gray towel beside white towel, white-tiled lower wall below blue-painted upper wall]

Elapsed 1 day, 5:44:51 Current start position is [    -1.2547      2.6949     -7.3339]
Elapsed 1 day, 5:48:46 ===Episode_id 0 task_id 4 task_level=region===
SR: True, SPL: 0.6980325545141735, Object category: shower curtain, goal type: sequence===

Elapsed 1 day, 5:48:46 [baseline] task_level=region scene=00802-wcojb4TFT35 episode=0 task=4 sec=234.954
Elapsed 1 day, 5:48:46 [BASELINE_LIVE_METRICS] rows=105 avg_sr=0.495238 avg_spl=0.346693 follower_error_count=7 levels=[object:n=16,sr=0.687500,spl=0.519629; room:n=27,sr=0.592593,spl=0.371222; region:n=41,sr=0.536585,spl=0.400971; instance:n=21,sr=0.142857,spl=0.077425] latest_scene=00802-wcojb4TFT35 latest_episode=0 latest_task=4 latest_level=region by_level={"instance": {"avg_spl": 0.07742478216949743, "avg_sr": 0.14285714285714285, "count": 21}, "object": {"avg_spl": 0.5196292985870448, "avg_sr": 0.6875, "count": 16}, "region": {"avg_spl": 0.4009710825283044, "avg_sr": 0.5365853658536586, "count": 41}, "room": {"avg_spl": 0.37122225246256096, "avg_sr": 0.5925925925925926, "count": 27}}
Elapsed 1 day, 5:48:46 [Metrics] sequence count: 105, invalid_count: 0, follower_error_count: 7, avg_sr: 0.495238, avg_spl: 0.346693

=== Episode ===: 1it [42:11, 2531.63s/it][AElapsed 1 day, 5:48:55 

Begin to process [00802-wcojb4TFT35_sequence_1_0] type: [instance], Question: [white table with pink chair in bedroom with bed having brown quilt and teal blanket and white nightstands with lamps]

Elapsed 1 day, 5:48:55 Current start position is [    -2.0953      2.6949     -10.344]
Elapsed 1 day, 6:25:50 ===Episode_id 1 task_id 0 task_level=instance===
SR: True, SPL: 0.3676134749370268, Object category: table, goal type: sequence===

Elapsed 1 day, 6:25:50 [baseline] task_level=instance scene=00802-wcojb4TFT35 episode=1 task=0 sec=2215.703
Elapsed 1 day, 6:25:50 [BASELINE_LIVE_METRICS] rows=106 avg_sr=0.500000 avg_spl=0.346891 follower_error_count=7 levels=[object:n=16,sr=0.687500,spl=0.519629; room:n=27,sr=0.592593,spl=0.371222; region:n=41,sr=0.536585,spl=0.400971; instance:n=22,sr=0.181818,spl=0.090615] latest_scene=00802-wcojb4TFT35 latest_episode=1 latest_task=0 latest_level=instance by_level={"instance": {"avg_spl": 0.09061517729529421, "avg_sr": 0.18181818181818182, "count": 22}, "object": {"avg_spl": 0.5196292985870448, "avg_sr": 0.6875, "count": 16}, "region": {"avg_spl": 0.4009710825283044, "avg_sr": 0.5365853658536586, "count": 41}, "room": {"avg_spl": 0.37122225246256096, "avg_sr": 0.5925925925925926, "count": 27}}
Elapsed 1 day, 6:25:50 

Begin to process [00802-wcojb4TFT35_sequence_1_1] type: [region], Question: [bookshelf in the bedroom that has wood-framed bed with striped bedding and white pillow, red nightstand by window, wood dresser with lamp, white desk with chair below abstract painting on blue wall, black bookshelf]

Elapsed 1 day, 6:25:50 Current start position is [     2.0819      2.6949     -7.0804]
Elapsed 1 day, 6:45:58 ===Episode_id 1 task_id 1 task_level=region===
SR: True, SPL: 0.3697624362388915, Object category: bookshelf, goal type: sequence===

Elapsed 1 day, 6:45:58 [baseline] task_level=region scene=00802-wcojb4TFT35 episode=1 task=1 sec=1207.045
Elapsed 1 day, 6:45:58 [BASELINE_LIVE_METRICS] rows=107 avg_sr=0.504673 avg_spl=0.347104 follower_error_count=7 levels=[object:n=16,sr=0.687500,spl=0.519629; room:n=27,sr=0.592593,spl=0.371222; region:n=42,sr=0.547619,spl=0.400228; instance:n=22,sr=0.181818,spl=0.090615] latest_scene=00802-wcojb4TFT35 latest_episode=1 latest_task=1 latest_level=region by_level={"instance": {"avg_spl": 0.09061517729529421, "avg_sr": 0.18181818181818182, "count": 22}, "object": {"avg_spl": 0.5196292985870448, "avg_sr": 0.6875, "count": 16}, "region": {"avg_spl": 0.40022801952141357, "avg_sr": 0.5476190476190477, "count": 42}, "room": {"avg_spl": 0.37122225246256096, "avg_sr": 0.5925925925925926, "count": 27}}
Elapsed 1 day, 6:45:58 

Begin to process [00802-wcojb4TFT35_sequence_1_2] type: [region], Question: [shower curtain in the bathroom that has light-colored bath vanity below white framed mirror, blue picture on toilet, white tufted shower curtain, gray towel beside white towel, white-tiled lower wall below blue-painted upper wall]

Elapsed 1 day, 6:45:58 Current start position is [    -2.1754      2.6949     -10.281]
Elapsed 1 day, 6:48:57 ===Episode_id 1 task_id 2 task_level=region===
SR: True, SPL: 0.727300526867286, Object category: shower curtain, goal type: sequence===

Elapsed 1 day, 6:48:57 [baseline] task_level=region scene=00802-wcojb4TFT35 episode=1 task=2 sec=179.372
Elapsed 1 day, 6:48:57 [BASELINE_LIVE_METRICS] rows=108 avg_sr=0.509259 avg_spl=0.350625 follower_error_count=7 levels=[object:n=16,sr=0.687500,spl=0.519629; room:n=27,sr=0.592593,spl=0.371222; region:n=43,sr=0.558140,spl=0.407834; instance:n=22,sr=0.181818,spl=0.090615] latest_scene=00802-wcojb4TFT35 latest_episode=1 latest_task=2 latest_level=region by_level={"instance": {"avg_spl": 0.09061517729529421, "avg_sr": 0.18181818181818182, "count": 22}, "object": {"avg_spl": 0.5196292985870448, "avg_sr": 0.6875, "count": 16}, "region": {"avg_spl": 0.4078343569015501, "avg_sr": 0.5581395348837209, "count": 43}, "room": {"avg_spl": 0.37122225246256096, "avg_sr": 0.5925925925925926, "count": 27}}
Elapsed 1 day, 6:48:57 

Begin to process [00802-wcojb4TFT35_sequence_1_3] type: [room], Question: [cabinet in the bedroom]

Elapsed 1 day, 6:48:57 Current start position is [     2.7091      2.6949     -10.544]
Elapsed 1 day, 6:51:54 ===Episode_id 1 task_id 3 task_level=room===
SR: True, SPL: 0.6817463517126232, Object category: cabinet, goal type: sequence===

Elapsed 1 day, 6:51:54 [baseline] task_level=room scene=00802-wcojb4TFT35 episode=1 task=3 sec=177.510
Elapsed 1 day, 6:51:54 [BASELINE_LIVE_METRICS] rows=109 avg_sr=0.513761 avg_spl=0.353663 follower_error_count=7 levels=[object:n=16,sr=0.687500,spl=0.519629; room:n=28,sr=0.607143,spl=0.382312; region:n=43,sr=0.558140,spl=0.407834; instance:n=22,sr=0.181818,spl=0.090615] latest_scene=00802-wcojb4TFT35 latest_episode=1 latest_task=3 latest_level=room by_level={"instance": {"avg_spl": 0.09061517729529421, "avg_sr": 0.18181818181818182, "count": 22}, "object": {"avg_spl": 0.5196292985870448, "avg_sr": 0.6875, "count": 16}, "region": {"avg_spl": 0.4078343569015501, "avg_sr": 0.5581395348837209, "count": 43}, "room": {"avg_spl": 0.3823123988643489, "avg_sr": 0.6071428571428571, "count": 28}}
Elapsed 1 day, 6:51:54 

Begin to process [00802-wcojb4TFT35_sequence_1_4] type: [region], Question: [picture in the bedroom that has wood-framed bed with striped bedding and white pillow, red nightstand by window, wood dresser with lamp, white desk with chair below abstract painting on blue wall, black bookshelf]

Elapsed 1 day, 6:51:54 Current start position is [   -0.70524      2.6949     -9.6263]
Elapsed 1 day, 6:55:22 ===Episode_id 1 task_id 4 task_level=region===
SR: False, SPL: 0.0, Object category: picture, goal type: sequence===

Elapsed 1 day, 6:55:22 [baseline] task_level=region scene=00802-wcojb4TFT35 episode=1 task=4 sec=207.212
Elapsed 1 day, 6:55:22 [BASELINE_LIVE_METRICS] rows=110 avg_sr=0.509091 avg_spl=0.350448 follower_error_count=7 levels=[object:n=16,sr=0.687500,spl=0.519629; room:n=28,sr=0.607143,spl=0.382312; region:n=44,sr=0.545455,spl=0.398565; instance:n=22,sr=0.181818,spl=0.090615] latest_scene=00802-wcojb4TFT35 latest_episode=1 latest_task=4 latest_level=region by_level={"instance": {"avg_spl": 0.09061517729529421, "avg_sr": 0.18181818181818182, "count": 22}, "object": {"avg_spl": 0.5196292985870448, "avg_sr": 0.6875, "count": 16}, "region": {"avg_spl": 0.3985653942446967, "avg_sr": 0.5454545454545454, "count": 44}, "room": {"avg_spl": 0.3823123988643489, "avg_sr": 0.6071428571428571, "count": 28}}
Elapsed 1 day, 6:55:22 [Metrics] sequence count: 110, invalid_count: 0, follower_error_count: 7, avg_sr: 0.509091, avg_spl: 0.350448

=== Episode ===: 2it [1:48:47, 3392.77s/it][AElapsed 1 day, 6:55:30 

Begin to process [00802-wcojb4TFT35_sequence_2_0] type: [instance], Question: [gray ribbed hand towel beside white towel below framed text in bathroom with light-colored vanity below white-framed mirror and white tufted shower curtain]

Elapsed 1 day, 6:55:30 Current start position is [    -2.4313      2.6949     -7.1823]
Elapsed 1 day, 8:01:23 ===Episode_id 2 task_id 0 task_level=instance===
SR: False, SPL: 0.0, Object category: towel, goal type: sequence===

Elapsed 1 day, 8:01:23 [baseline] task_level=instance scene=00802-wcojb4TFT35 episode=2 task=0 sec=3953.047
Elapsed 1 day, 8:01:23 [BASELINE_LIVE_METRICS] rows=111 avg_sr=0.504505 avg_spl=0.347290 follower_error_count=7 levels=[object:n=16,sr=0.687500,spl=0.519629; room:n=28,sr=0.607143,spl=0.382312; region:n=44,sr=0.545455,spl=0.398565; instance:n=23,sr=0.173913,spl=0.086675] latest_scene=00802-wcojb4TFT35 latest_episode=2 latest_task=0 latest_level=instance by_level={"instance": {"avg_spl": 0.0866753869781075, "avg_sr": 0.17391304347826086, "count": 23}, "object": {"avg_spl": 0.5196292985870448, "avg_sr": 0.6875, "count": 16}, "region": {"avg_spl": 0.3985653942446967, "avg_sr": 0.5454545454545454, "count": 44}, "room": {"avg_spl": 0.3823123988643489, "avg_sr": 0.6071428571428571, "count": 28}}
Elapsed 1 day, 8:01:23 

Begin to process [00802-wcojb4TFT35_sequence_2_1] type: [object], Question: [nightstand]

Elapsed 1 day, 8:01:23 Current start position is [      2.718      2.6949     -10.517]
Elapsed 1 day, 8:04:53 ===Episode_id 2 task_id 1 task_level=object===
SR: False, SPL: 0.0, Object category: nightstand, goal type: sequence===

Elapsed 1 day, 8:04:53 [baseline] task_level=object scene=00802-wcojb4TFT35 episode=2 task=1 sec=209.919
Elapsed 1 day, 8:04:53 [BASELINE_LIVE_METRICS] rows=112 avg_sr=0.500000 avg_spl=0.344190 follower_error_count=7 levels=[object:n=17,sr=0.647059,spl=0.489063; room:n=28,sr=0.607143,spl=0.382312; region:n=44,sr=0.545455,spl=0.398565; instance:n=23,sr=0.173913,spl=0.086675] latest_scene=00802-wcojb4TFT35 latest_episode=2 latest_task=1 latest_level=object by_level={"instance": {"avg_spl": 0.0866753869781075, "avg_sr": 0.17391304347826086, "count": 23}, "object": {"avg_spl": 0.4890628692583951, "avg_sr": 0.6470588235294118, "count": 17}, "region": {"avg_spl": 0.3985653942446967, "avg_sr": 0.5454545454545454, "count": 44}, "room": {"avg_spl": 0.3823123988643489, "avg_sr": 0.6071428571428571, "count": 28}}
Elapsed 1 day, 8:04:53 

Begin to process [00802-wcojb4TFT35_sequence_2_2] type: [room], Question: [picture in the bedroom]

Elapsed 1 day, 8:04:53 Current start position is [    0.43806      2.6949     -6.5222]
Elapsed 1 day, 8:07:43 ===Episode_id 2 task_id 2 task_level=room===
SR: True, SPL: 0.6608208868220928, Object category: picture, goal type: sequence===

Elapsed 1 day, 8:07:43 [baseline] task_level=room scene=00802-wcojb4TFT35 episode=2 task=2 sec=170.327
Elapsed 1 day, 8:07:43 [BASELINE_LIVE_METRICS] rows=113 avg_sr=0.504425 avg_spl=0.346992 follower_error_count=7 levels=[object:n=17,sr=0.647059,spl=0.489063; room:n=29,sr=0.620690,spl=0.391916; region:n=44,sr=0.545455,spl=0.398565; instance:n=23,sr=0.173913,spl=0.086675] latest_scene=00802-wcojb4TFT35 latest_episode=2 latest_task=2 latest_level=room by_level={"instance": {"avg_spl": 0.0866753869781075, "avg_sr": 0.17391304347826086, "count": 23}, "object": {"avg_spl": 0.4890628692583951, "avg_sr": 0.6470588235294118, "count": 17}, "region": {"avg_spl": 0.3985653942446967, "avg_sr": 0.5454545454545454, "count": 44}, "room": {"avg_spl": 0.39191613982840906, "avg_sr": 0.6206896551724138, "count": 29}}
Elapsed 1 day, 8:07:43 

Begin to process [00802-wcojb4TFT35_sequence_2_3] type: [region], Question: [blanket in the bedroom that has bed with brown quilt and teal blanket, white desk with pink chair beside window, tightly packed clothes, white nightstands with lamps, and exercise mat on wall hooks below mirror]

Elapsed 1 day, 8:07:43 Current start position is [   -0.26194      2.6949     -7.6539]
Elapsed 1 day, 8:11:56 ===Episode_id 2 task_id 3 task_level=region===
SR: True, SPL: 0.7837126439839838, Object category: blanket, goal type: sequence===

Elapsed 1 day, 8:11:56 [baseline] task_level=region scene=00802-wcojb4TFT35 episode=2 task=3 sec=252.152
Elapsed 1 day, 8:11:56 [BASELINE_LIVE_METRICS] rows=114 avg_sr=0.508772 avg_spl=0.350822 follower_error_count=7 levels=[object:n=17,sr=0.647059,spl=0.489063; room:n=29,sr=0.620690,spl=0.391916; region:n=45,sr=0.555556,spl=0.407124; instance:n=23,sr=0.173913,spl=0.086675] latest_scene=00802-wcojb4TFT35 latest_episode=2 latest_task=3 latest_level=region by_level={"instance": {"avg_spl": 0.0866753869781075, "avg_sr": 0.17391304347826086, "count": 23}, "object": {"avg_spl": 0.4890628692583951, "avg_sr": 0.6470588235294118, "count": 17}, "region": {"avg_spl": 0.4071242220166808, "avg_sr": 0.5555555555555556, "count": 45}, "room": {"avg_spl": 0.39191613982840906, "avg_sr": 0.6206896551724138, "count": 29}}
Elapsed 1 day, 8:11:56 

Begin to process [00802-wcojb4TFT35_sequence_2_4] type: [region], Question: [shelf in the bedroom that has wood-framed bed with striped bedding and white pillow, red nightstand by window, wood dresser with lamp, white desk with chair below abstract painting on blue wall, black bookshelf]

Elapsed 1 day, 8:11:56 Current start position is [     1.2413      2.6949     -7.0711]
Elapsed 1 day, 8:16:08 ===Episode_id 2 task_id 4 task_level=region===
SR: True, SPL: 0.8208318704421946, Object category: shelf, goal type: sequence===

Elapsed 1 day, 8:16:08 [baseline] task_level=region scene=00802-wcojb4TFT35 episode=2 task=4 sec=252.014
Elapsed 1 day, 8:16:08 [BASELINE_LIVE_METRICS] rows=115 avg_sr=0.513043 avg_spl=0.354910 follower_error_count=7 levels=[object:n=17,sr=0.647059,spl=0.489063; room:n=29,sr=0.620690,spl=0.391916; region:n=46,sr=0.565217,spl=0.416118; instance:n=23,sr=0.173913,spl=0.086675] latest_scene=00802-wcojb4TFT35 latest_episode=2 latest_task=4 latest_level=region by_level={"instance": {"avg_spl": 0.0866753869781075, "avg_sr": 0.17391304347826086, "count": 23}, "object": {"avg_spl": 0.4890628692583951, "avg_sr": 0.6470588235294118, "count": 17}, "region": {"avg_spl": 0.41611786654767025, "avg_sr": 0.5652173913043478, "count": 46}, "room": {"avg_spl": 0.39191613982840906, "avg_sr": 0.6206896551724138, "count": 29}}
Elapsed 1 day, 8:16:08 [Metrics] sequence count: 115, invalid_count: 0, follower_error_count: 7, avg_sr: 0.513043, avg_spl: 0.354910

=== Episode ===: 3it [3:09:33, 4056.31s/it][AElapsed 1 day, 8:16:15 

Begin to process [00802-wcojb4TFT35_sequence_3_0] type: [instance], Question: [framed text picture in bathroom with light-colored vanity and white tufted shower curtain]

Elapsed 1 day, 8:16:15 Current start position is [    -2.8954      2.6949     -6.9704]
Elapsed 1 day, 9:19:32 ===Episode_id 3 task_id 0 task_level=instance===
SR: False, SPL: 0.0, Object category: picture, goal type: sequence===

Elapsed 1 day, 9:19:32 [baseline] task_level=instance scene=00802-wcojb4TFT35 episode=3 task=0 sec=3797.015
Elapsed 1 day, 9:19:32 [BASELINE_LIVE_METRICS] rows=116 avg_sr=0.508621 avg_spl=0.351850 follower_error_count=7 levels=[object:n=17,sr=0.647059,spl=0.489063; room:n=29,sr=0.620690,spl=0.391916; region:n=46,sr=0.565217,spl=0.416118; instance:n=24,sr=0.166667,spl=0.083064] latest_scene=00802-wcojb4TFT35 latest_episode=3 latest_task=0 latest_level=instance by_level={"instance": {"avg_spl": 0.08306391252068636, "avg_sr": 0.16666666666666666, "count": 24}, "object": {"avg_spl": 0.4890628692583951, "avg_sr": 0.6470588235294118, "count": 17}, "region": {"avg_spl": 0.41611786654767025, "avg_sr": 0.5652173913043478, "count": 46}, "room": {"avg_spl": 0.39191613982840906, "avg_sr": 0.6206896551724138, "count": 29}}
Elapsed 1 day, 9:19:32 

Begin to process [00802-wcojb4TFT35_sequence_3_1] type: [room], Question: [nightstand in the bedroom]

Elapsed 1 day, 9:19:32 Current start position is [   -0.17809      2.6949     -9.8395]
Elapsed 1 day, 9:21:38 ===Episode_id 3 task_id 1 task_level=room===
SR: True, SPL: 0.29847495106386585, Object category: nightstand, goal type: sequence===

Elapsed 1 day, 9:21:38 [baseline] task_level=room scene=00802-wcojb4TFT35 episode=3 task=1 sec=125.490
Elapsed 1 day, 9:21:38 [BASELINE_LIVE_METRICS] rows=117 avg_sr=0.512821 avg_spl=0.351394 follower_error_count=7 levels=[object:n=17,sr=0.647059,spl=0.489063; room:n=30,sr=0.633333,spl=0.388801; region:n=46,sr=0.565217,spl=0.416118; instance:n=24,sr=0.166667,spl=0.083064] latest_scene=00802-wcojb4TFT35 latest_episode=3 latest_task=1 latest_level=room by_level={"instance": {"avg_spl": 0.08306391252068636, "avg_sr": 0.16666666666666666, "count": 24}, "object": {"avg_spl": 0.4890628692583951, "avg_sr": 0.6470588235294118, "count": 17}, "region": {"avg_spl": 0.41611786654767025, "avg_sr": 0.5652173913043478, "count": 46}, "room": {"avg_spl": 0.3888014335362576, "avg_sr": 0.6333333333333333, "count": 30}}
Elapsed 1 day, 9:21:38 

Begin to process [00802-wcojb4TFT35_sequence_3_2] type: [object], Question: [bath towel]

Elapsed 1 day, 9:21:38 Current start position is [   -0.28292      2.6949     -5.4923]
Elapsed 1 day, 9:23:04 ===Episode_id 3 task_id 2 task_level=object===
SR: True, SPL: 0.8593155141581507, Object category: bath towel, goal type: sequence===

Elapsed 1 day, 9:23:04 [baseline] task_level=object scene=00802-wcojb4TFT35 episode=3 task=2 sec=86.352
Elapsed 1 day, 9:23:04 [BASELINE_LIVE_METRICS] rows=118 avg_sr=0.516949 avg_spl=0.355698 follower_error_count=7 levels=[object:n=18,sr=0.666667,spl=0.509632; room:n=30,sr=0.633333,spl=0.388801; region:n=46,sr=0.565217,spl=0.416118; instance:n=24,sr=0.166667,spl=0.083064] latest_scene=00802-wcojb4TFT35 latest_episode=3 latest_task=2 latest_level=object by_level={"instance": {"avg_spl": 0.08306391252068636, "avg_sr": 0.16666666666666666, "count": 24}, "object": {"avg_spl": 0.5096324606417149, "avg_sr": 0.6666666666666666, "count": 18}, "region": {"avg_spl": 0.41611786654767025, "avg_sr": 0.5652173913043478, "count": 46}, "room": {"avg_spl": 0.3888014335362576, "avg_sr": 0.6333333333333333, "count": 30}}
Elapsed 1 day, 9:23:04 

Begin to process [00802-wcojb4TFT35_sequence_3_3] type: [room], Question: [book in the bedroom]

Elapsed 1 day, 9:23:04 Current start position is [     2.6767      2.6949     -10.492]
Elapsed 1 day, 9:26:13 ===Episode_id 3 task_id 3 task_level=room===
SR: True, SPL: 0.869196737883949, Object category: book, goal type: sequence===

Elapsed 1 day, 9:26:13 [baseline] task_level=room scene=00802-wcojb4TFT35 episode=3 task=3 sec=189.336
Elapsed 1 day, 9:26:13 [BASELINE_LIVE_METRICS] rows=119 avg_sr=0.521008 avg_spl=0.360013 follower_error_count=7 levels=[object:n=18,sr=0.666667,spl=0.509632; room:n=31,sr=0.645161,spl=0.404298; region:n=46,sr=0.565217,spl=0.416118; instance:n=24,sr=0.166667,spl=0.083064] latest_scene=00802-wcojb4TFT35 latest_episode=3 latest_task=3 latest_level=room by_level={"instance": {"avg_spl": 0.08306391252068636, "avg_sr": 0.16666666666666666, "count": 24}, "object": {"avg_spl": 0.5096324606417149, "avg_sr": 0.6666666666666666, "count": 18}, "region": {"avg_spl": 0.41611786654767025, "avg_sr": 0.5652173913043478, "count": 46}, "room": {"avg_spl": 0.4042980562571509, "avg_sr": 0.6451612903225806, "count": 31}}
Elapsed 1 day, 9:26:13 

Begin to process [00802-wcojb4TFT35_sequence_3_4] type: [object], Question: [shower curtain]

Elapsed 1 day, 9:26:13 Current start position is [    -2.7934      2.6949     -5.7868]
Elapsed 1 day, 9:28:50 ===Episode_id 3 task_id 4 task_level=object===
SR: True, SPL: 0.7976892965730639, Object category: shower curtain, goal type: sequence===

Elapsed 1 day, 9:28:50 [baseline] task_level=object scene=00802-wcojb4TFT35 episode=3 task=4 sec=156.776
Elapsed 1 day, 9:28:50 [BASELINE_LIVE_METRICS] rows=120 avg_sr=0.525000 avg_spl=0.363661 follower_error_count=7 levels=[object:n=19,sr=0.684211,spl=0.524793; room:n=31,sr=0.645161,spl=0.404298; region:n=46,sr=0.565217,spl=0.416118; instance:n=24,sr=0.166667,spl=0.083064] latest_scene=00802-wcojb4TFT35 latest_episode=3 latest_task=4 latest_level=object by_level={"instance": {"avg_spl": 0.08306391252068636, "avg_sr": 0.16666666666666666, "count": 24}, "object": {"avg_spl": 0.5247933467433648, "avg_sr": 0.6842105263157895, "count": 19}, "region": {"avg_spl": 0.41611786654767025, "avg_sr": 0.5652173913043478, "count": 46}, "room": {"avg_spl": 0.4042980562571509, "avg_sr": 0.6451612903225806, "count": 31}}
Elapsed 1 day, 9:28:50 [Metrics] sequence count: 120, invalid_count: 0, follower_error_count: 7, avg_sr: 0.525000, avg_spl: 0.363661

=== Episode ===: 4it [4:22:15, 4177.23s/it][AElapsed 1 day, 9:29:00 

Begin to process [00802-wcojb4TFT35_sequence_4_0] type: [instance], Question: [white toilet with seascape print in bathroom with light-colored vanity below white framed mirror and white tufted shower curtain]

Elapsed 1 day, 9:29:00 Current start position is [    -1.2002      2.6949     -7.5796]
Elapsed 1 day, 10:21:36 ===Episode_id 4 task_id 0 task_level=instance===
SR: True, SPL: 0.19219407155241486, Object category: toilet, goal type: sequence===

Elapsed 1 day, 10:21:36 [baseline] task_level=instance scene=00802-wcojb4TFT35 episode=4 task=0 sec=3155.896
Elapsed 1 day, 10:21:36 [BASELINE_LIVE_METRICS] rows=121 avg_sr=0.528926 avg_spl=0.362243 follower_error_count=7 levels=[object:n=19,sr=0.684211,spl=0.524793; room:n=31,sr=0.645161,spl=0.404298; region:n=46,sr=0.565217,spl=0.416118; instance:n=25,sr=0.200000,spl=0.087429] latest_scene=00802-wcojb4TFT35 latest_episode=4 latest_task=0 latest_level=instance by_level={"instance": {"avg_spl": 0.08742911888195551, "avg_sr": 0.2, "count": 25}, "object": {"avg_spl": 0.5247933467433648, "avg_sr": 0.6842105263157895, "count": 19}, "region": {"avg_spl": 0.41611786654767025, "avg_sr": 0.5652173913043478, "count": 46}, "room": {"avg_spl": 0.4042980562571509, "avg_sr": 0.6451612903225806, "count": 31}}
Elapsed 1 day, 10:21:36 

Begin to process [00802-wcojb4TFT35_sequence_4_1] type: [object], Question: [picture]

Elapsed 1 day, 10:21:36 Current start position is [     2.7207      2.6949     -10.544]
Elapsed 1 day, 10:23:49 ===Episode_id 4 task_id 1 task_level=object===
SR: True, SPL: 0.0810662061223925, Object category: picture, goal type: sequence===

Elapsed 1 day, 10:23:49 [baseline] task_level=object scene=00802-wcojb4TFT35 episode=4 task=1 sec=133.083
Elapsed 1 day, 10:23:49 [BASELINE_LIVE_METRICS] rows=122 avg_sr=0.532787 avg_spl=0.359939 follower_error_count=7 levels=[object:n=20,sr=0.700000,spl=0.502607; room:n=31,sr=0.645161,spl=0.404298; region:n=46,sr=0.565217,spl=0.416118; instance:n=25,sr=0.200000,spl=0.087429] latest_scene=00802-wcojb4TFT35 latest_episode=4 latest_task=1 latest_level=object by_level={"instance": {"avg_spl": 0.08742911888195551, "avg_sr": 0.2, "count": 25}, "object": {"avg_spl": 0.5026069897123161, "avg_sr": 0.7, "count": 20}, "region": {"avg_spl": 0.41611786654767025, "avg_sr": 0.5652173913043478, "count": 46}, "room": {"avg_spl": 0.4042980562571509, "avg_sr": 0.6451612903225806, "count": 31}}
Elapsed 1 day, 10:23:49 

Begin to process [00802-wcojb4TFT35_sequence_4_2] type: [room], Question: [bath towel in the bathroom]

Elapsed 1 day, 10:23:49 Current start position is [   -0.38943      2.6949     -7.8064]
Elapsed 1 day, 10:26:52 ===Episode_id 4 task_id 2 task_level=room===
SR: True, SPL: 0.8301091265390841, Object category: bath towel, goal type: sequence===

Elapsed 1 day, 10:26:52 [baseline] task_level=room scene=00802-wcojb4TFT35 episode=4 task=2 sec=183.154
Elapsed 1 day, 10:26:52 [BASELINE_LIVE_METRICS] rows=123 avg_sr=0.536585 avg_spl=0.363761 follower_error_count=7 levels=[object:n=20,sr=0.700000,spl=0.502607; room:n=32,sr=0.656250,spl=0.417605; region:n=46,sr=0.565217,spl=0.416118; instance:n=25,sr=0.200000,spl=0.087429] latest_scene=00802-wcojb4TFT35 latest_episode=4 latest_task=2 latest_level=room by_level={"instance": {"avg_spl": 0.08742911888195551, "avg_sr": 0.2, "count": 25}, "object": {"avg_spl": 0.5026069897123161, "avg_sr": 0.7, "count": 20}, "region": {"avg_spl": 0.41611786654767025, "avg_sr": 0.5652173913043478, "count": 46}, "room": {"avg_spl": 0.41760465220346127, "avg_sr": 0.65625, "count": 32}}
Elapsed 1 day, 10:26:52 

Begin to process [00802-wcojb4TFT35_sequence_4_3] type: [region], Question: [shelf in the bedroom that has wood-framed bed with striped bedding and white pillow, red nightstand by window, wood dresser with lamp, white desk with chair below abstract painting on blue wall, black bookshelf]

Elapsed 1 day, 10:26:52 Current start position is [     2.7207      2.6949     -10.544]
Elapsed 1 day, 10:35:20 ===Episode_id 4 task_id 3 task_level=region===
SR: False, SPL: 0.0, Object category: shelf, goal type: sequence===

Elapsed 1 day, 10:35:20 [baseline] task_level=region scene=00802-wcojb4TFT35 episode=4 task=3 sec=507.964
Elapsed 1 day, 10:35:20 [BASELINE_LIVE_METRICS] rows=124 avg_sr=0.532258 avg_spl=0.360828 follower_error_count=7 levels=[object:n=20,sr=0.700000,spl=0.502607; room:n=32,sr=0.656250,spl=0.417605; region:n=47,sr=0.553191,spl=0.407264; instance:n=25,sr=0.200000,spl=0.087429] latest_scene=00802-wcojb4TFT35 latest_episode=4 latest_task=3 latest_level=region by_level={"instance": {"avg_spl": 0.08742911888195551, "avg_sr": 0.2, "count": 25}, "object": {"avg_spl": 0.5026069897123161, "avg_sr": 0.7, "count": 20}, "region": {"avg_spl": 0.4072642949189964, "avg_sr": 0.5531914893617021, "count": 47}, "room": {"avg_spl": 0.41760465220346127, "avg_sr": 0.65625, "count": 32}}
Elapsed 1 day, 10:35:20 

Begin to process [00802-wcojb4TFT35_sequence_4_4] type: [region], Question: [cabinet in the bedroom that has bed with brown quilt and teal blanket, white desk with pink chair beside window, tightly packed clothes, white nightstands with lamps, and exercise mat on wall hooks below mirror]

Elapsed 1 day, 10:35:20 Current start position is [   -0.66347      2.6949     -10.753]
Elapsed 1 day, 10:39:10 ===Episode_id 4 task_id 4 task_level=region===
SR: False, SPL: 0.0, Object category: cabinet, goal type: sequence===

Elapsed 1 day, 10:39:10 [baseline] task_level=region scene=00802-wcojb4TFT35 episode=4 task=4 sec=229.976
Elapsed 1 day, 10:39:10 [BASELINE_LIVE_METRICS] rows=125 avg_sr=0.528000 avg_spl=0.357941 follower_error_count=7 levels=[object:n=20,sr=0.700000,spl=0.502607; room:n=32,sr=0.656250,spl=0.417605; region:n=48,sr=0.541667,spl=0.398780; instance:n=25,sr=0.200000,spl=0.087429] latest_scene=00802-wcojb4TFT35 latest_episode=4 latest_task=4 latest_level=region by_level={"instance": {"avg_spl": 0.08742911888195551, "avg_sr": 0.2, "count": 25}, "object": {"avg_spl": 0.5026069897123161, "avg_sr": 0.7, "count": 20}, "region": {"avg_spl": 0.398779622108184, "avg_sr": 0.5416666666666666, "count": 48}, "room": {"avg_spl": 0.41760465220346127, "avg_sr": 0.65625, "count": 32}}
Elapsed 1 day, 10:39:10 [Metrics] sequence count: 125, invalid_count: 0, follower_error_count: 7, avg_sr: 0.528000, avg_spl: 0.357941

=== Episode ===: 5it [5:32:35, 4192.58s/it][AElapsed 1 day, 10:39:19 

Begin to process [00802-wcojb4TFT35_sequence_5_0] type: [instance], Question: [light brown wooden sewing box in bedroom with bed with purple-and-grey bedding and white nightstand with lamp]

Elapsed 1 day, 10:39:19 Current start position is [     1.4837      2.4949     -15.618]
Elapsed 1 day, 11:35:07 ===Episode_id 5 task_id 0 task_level=instance===
SR: False, SPL: 0.0, Object category: sewing box, goal type: sequence===

Elapsed 1 day, 11:35:07 [baseline] task_level=instance scene=00802-wcojb4TFT35 episode=5 task=0 sec=3348.659
Elapsed 1 day, 11:35:07 [BASELINE_LIVE_METRICS] rows=126 avg_sr=0.523810 avg_spl=0.355100 follower_error_count=7 levels=[object:n=20,sr=0.700000,spl=0.502607; room:n=32,sr=0.656250,spl=0.417605; region:n=48,sr=0.541667,spl=0.398780; instance:n=26,sr=0.192308,spl=0.084066] latest_scene=00802-wcojb4TFT35 latest_episode=5 latest_task=0 latest_level=instance by_level={"instance": {"avg_spl": 0.08406646046341876, "avg_sr": 0.19230769230769232, "count": 26}, "object": {"avg_spl": 0.5026069897123161, "avg_sr": 0.7, "count": 20}, "region": {"avg_spl": 0.398779622108184, "avg_sr": 0.5416666666666666, "count": 48}, "room": {"avg_spl": 0.41760465220346127, "avg_sr": 0.65625, "count": 32}}
Elapsed 1 day, 11:35:07 

Begin to process [00802-wcojb4TFT35_sequence_5_1] type: [region], Question: [laundry basket in the walk-in closet that has tightly packed clothes, shoe rack, white baskets, near bed with purple-and-white bedding and bathtub]

Elapsed 1 day, 11:35:07 Current start position is [    -1.2634      2.4949     -16.449]
Elapsed 1 day, 11:38:11 ===Episode_id 5 task_id 1 task_level=region===
SR: True, SPL: 0.7763923899707738, Object category: laundry basket, goal type: sequence===

Elapsed 1 day, 11:38:11 [baseline] task_level=region scene=00802-wcojb4TFT35 episode=5 task=1 sec=183.183
Elapsed 1 day, 11:38:11 [BASELINE_LIVE_METRICS] rows=127 avg_sr=0.527559 avg_spl=0.358418 follower_error_count=7 levels=[object:n=20,sr=0.700000,spl=0.502607; room:n=32,sr=0.656250,spl=0.417605; region:n=49,sr=0.551020,spl=0.406486; instance:n=26,sr=0.192308,spl=0.084066] latest_scene=00802-wcojb4TFT35 latest_episode=5 latest_task=1 latest_level=region by_level={"instance": {"avg_spl": 0.08406646046341876, "avg_sr": 0.19230769230769232, "count": 26}, "object": {"avg_spl": 0.5026069897123161, "avg_sr": 0.7, "count": 20}, "region": {"avg_spl": 0.40648600512578786, "avg_sr": 0.5510204081632653, "count": 49}, "room": {"avg_spl": 0.41760465220346127, "avg_sr": 0.65625, "count": 32}}
Elapsed 1 day, 11:38:11 

Begin to process [00802-wcojb4TFT35_sequence_5_2] type: [room], Question: [cabinet in the bedroom]

Elapsed 1 day, 11:38:11 Current start position is [     2.2189      2.4949      -17.41]
Elapsed 1 day, 11:41:16 ===Episode_id 5 task_id 2 task_level=room===
SR: False, SPL: 0.0, Object category: cabinet, goal type: sequence===

Elapsed 1 day, 11:41:16 [baseline] task_level=room scene=00802-wcojb4TFT35 episode=5 task=2 sec=185.492
Elapsed 1 day, 11:41:16 [BASELINE_LIVE_METRICS] rows=128 avg_sr=0.523438 avg_spl=0.355617 follower_error_count=7 levels=[object:n=20,sr=0.700000,spl=0.502607; room:n=33,sr=0.636364,spl=0.404950; region:n=49,sr=0.551020,spl=0.406486; instance:n=26,sr=0.192308,spl=0.084066] latest_scene=00802-wcojb4TFT35 latest_episode=5 latest_task=2 latest_level=room by_level={"instance": {"avg_spl": 0.08406646046341876, "avg_sr": 0.19230769230769232, "count": 26}, "object": {"avg_spl": 0.5026069897123161, "avg_sr": 0.7, "count": 20}, "region": {"avg_spl": 0.40648600512578786, "avg_sr": 0.5510204081632653, "count": 49}, "room": {"avg_spl": 0.40494996577305337, "avg_sr": 0.6363636363636364, "count": 33}}
Elapsed 1 day, 11:41:16 

Begin to process [00802-wcojb4TFT35_sequence_5_3] type: [object], Question: [towel]

Elapsed 1 day, 11:41:16 Current start position is [    0.13955      2.4949      -14.74]
Elapsed 1 day, 11:43:25 ===Episode_id 5 task_id 3 task_level=object===
SR: True, SPL: 0.6763908436112911, Object category: towel, goal type: sequence===

Elapsed 1 day, 11:43:25 [baseline] task_level=object scene=00802-wcojb4TFT35 episode=5 task=3 sec=128.453
Elapsed 1 day, 11:43:25 [BASELINE_LIVE_METRICS] rows=129 avg_sr=0.527132 avg_spl=0.358104 follower_error_count=7 levels=[object:n=21,sr=0.714286,spl=0.510882; room:n=33,sr=0.636364,spl=0.404950; region:n=49,sr=0.551020,spl=0.406486; instance:n=26,sr=0.192308,spl=0.084066] latest_scene=00802-wcojb4TFT35 latest_episode=5 latest_task=3 latest_level=object by_level={"instance": {"avg_spl": 0.08406646046341876, "avg_sr": 0.19230769230769232, "count": 26}, "object": {"avg_spl": 0.510882411326553, "avg_sr": 0.7142857142857143, "count": 21}, "region": {"avg_spl": 0.40648600512578786, "avg_sr": 0.5510204081632653, "count": 49}, "room": {"avg_spl": 0.40494996577305337, "avg_sr": 0.6363636363636364, "count": 33}}
Elapsed 1 day, 11:43:25 

Begin to process [00802-wcojb4TFT35_sequence_5_4] type: [region], Question: [bed in the bedroom that has bed with purple-and-gray bedding, white nightstands with lamps, light beige carpet]

Elapsed 1 day, 11:43:25 Current start position is [     1.4086      2.4949     -15.859]
Elapsed 1 day, 11:46:38 ===Episode_id 5 task_id 4 task_level=region===
SR: True, SPL: 0.5166555677076584, Object category: bed, goal type: sequence===

Elapsed 1 day, 11:46:38 [baseline] task_level=region scene=00802-wcojb4TFT35 episode=5 task=4 sec=193.843
Elapsed 1 day, 11:46:38 [BASELINE_LIVE_METRICS] rows=130 avg_sr=0.530769 avg_spl=0.359324 follower_error_count=7 levels=[object:n=21,sr=0.714286,spl=0.510882; room:n=33,sr=0.636364,spl=0.404950; region:n=50,sr=0.560000,spl=0.408689; instance:n=26,sr=0.192308,spl=0.084066] latest_scene=00802-wcojb4TFT35 latest_episode=5 latest_task=4 latest_level=region by_level={"instance": {"avg_spl": 0.08406646046341876, "avg_sr": 0.19230769230769232, "count": 26}, "object": {"avg_spl": 0.510882411326553, "avg_sr": 0.7142857142857143, "count": 21}, "region": {"avg_spl": 0.4086893963774253, "avg_sr": 0.56, "count": 50}, "room": {"avg_spl": 0.40494996577305337, "avg_sr": 0.6363636363636364, "count": 33}}
Elapsed 1 day, 11:46:38 [Metrics] sequence count: 130, invalid_count: 0, follower_error_count: 7, avg_sr: 0.530769, avg_spl: 0.359324

=== Episode ===: 6it [6:40:03, 4143.57s/it][AElapsed 1 day, 11:46:48 

Begin to process [00802-wcojb4TFT35_sequence_6_0] type: [instance], Question: [purple-accented bed in bedroom with white nightstand with lamp and light beige carpet]

Elapsed 1 day, 11:46:48 Current start position is [     1.3089      2.4949     -15.552]
Elapsed 1 day, 12:15:45 ===Episode_id 6 task_id 0 task_level=instance===
SR: True, SPL: 0.242826082963709, Object category: bed, goal type: sequence===

Elapsed 1 day, 12:15:45 [baseline] task_level=instance scene=00802-wcojb4TFT35 episode=6 task=0 sec=1737.167
Elapsed 1 day, 12:15:45 [BASELINE_LIVE_METRICS] rows=131 avg_sr=0.534351 avg_spl=0.358434 follower_error_count=7 levels=[object:n=21,sr=0.714286,spl=0.510882; room:n=33,sr=0.636364,spl=0.404950; region:n=50,sr=0.560000,spl=0.408689; instance:n=27,sr=0.222222,spl=0.089946] latest_scene=00802-wcojb4TFT35 latest_episode=6 latest_task=0 latest_level=instance by_level={"instance": {"avg_spl": 0.08994644648194801, "avg_sr": 0.2222222222222222, "count": 27}, "object": {"avg_spl": 0.510882411326553, "avg_sr": 0.7142857142857143, "count": 21}, "region": {"avg_spl": 0.4086893963774253, "avg_sr": 0.56, "count": 50}, "room": {"avg_spl": 0.40494996577305337, "avg_sr": 0.6363636363636364, "count": 33}}
Elapsed 1 day, 12:15:45 

Begin to process [00802-wcojb4TFT35_sequence_6_1] type: [region], Question: [towel in the bathroom that has beige-tiled bathtub with striped towel below window, toilet below wood wall cabinet, white bath vanity with beige countertop below rectangular mirror]

Elapsed 1 day, 12:15:45 Current start position is [     -2.439      2.4949     -17.553]
Elapsed 1 day, 12:21:13 ===Episode_id 6 task_id 1 task_level=region===
SR: False, SPL: 0.0, Object category: towel, goal type: sequence===

Elapsed 1 day, 12:21:13 [baseline] task_level=region scene=00802-wcojb4TFT35 episode=6 task=1 sec=327.912
Elapsed 1 day, 12:21:13 [BASELINE_LIVE_METRICS] rows=132 avg_sr=0.530303 avg_spl=0.355719 follower_error_count=7 levels=[object:n=21,sr=0.714286,spl=0.510882; room:n=33,sr=0.636364,spl=0.404950; region:n=51,sr=0.549020,spl=0.400676; instance:n=27,sr=0.222222,spl=0.089946] latest_scene=00802-wcojb4TFT35 latest_episode=6 latest_task=1 latest_level=region by_level={"instance": {"avg_spl": 0.08994644648194801, "avg_sr": 0.2222222222222222, "count": 27}, "object": {"avg_spl": 0.510882411326553, "avg_sr": 0.7142857142857143, "count": 21}, "region": {"avg_spl": 0.4006758788013973, "avg_sr": 0.5490196078431373, "count": 51}, "room": {"avg_spl": 0.40494996577305337, "avg_sr": 0.6363636363636364, "count": 33}}
Elapsed 1 day, 12:21:13 

Begin to process [00802-wcojb4TFT35_sequence_6_2] type: [room], Question: [cabinet in the bedroom]

Elapsed 1 day, 12:21:13 Current start position is [   0.047885      2.4949     -16.125]
Elapsed 1 day, 12:23:30 ===Episode_id 6 task_id 2 task_level=room===
SR: True, SPL: 0.7279812078968795, Object category: cabinet, goal type: sequence===

Elapsed 1 day, 12:23:30 [baseline] task_level=room scene=00802-wcojb4TFT35 episode=6 task=2 sec=136.693
Elapsed 1 day, 12:23:30 [BASELINE_LIVE_METRICS] rows=133 avg_sr=0.533835 avg_spl=0.358518 follower_error_count=7 levels=[object:n=21,sr=0.714286,spl=0.510882; room:n=34,sr=0.647059,spl=0.414451; region:n=51,sr=0.549020,spl=0.400676; instance:n=27,sr=0.222222,spl=0.089946] latest_scene=00802-wcojb4TFT35 latest_episode=6 latest_task=2 latest_level=room by_level={"instance": {"avg_spl": 0.08994644648194801, "avg_sr": 0.2222222222222222, "count": 27}, "object": {"avg_spl": 0.510882411326553, "avg_sr": 0.7142857142857143, "count": 21}, "region": {"avg_spl": 0.4006758788013973, "avg_sr": 0.5490196078431373, "count": 51}, "room": {"avg_spl": 0.4144508846590482, "avg_sr": 0.6470588235294118, "count": 34}}
Elapsed 1 day, 12:23:30 

Begin to process [00802-wcojb4TFT35_sequence_6_3] type: [object], Question: [shelf]

Elapsed 1 day, 12:23:30 Current start position is [  -0.067029      2.4949     -18.054]
Elapsed 1 day, 12:25:19 ===Episode_id 6 task_id 3 task_level=object===
SR: True, SPL: 0.5074194060636616, Object category: shelf, goal type: sequence===

Elapsed 1 day, 12:25:19 [baseline] task_level=object scene=00802-wcojb4TFT35 episode=6 task=3 sec=108.730
Elapsed 1 day, 12:25:19 [BASELINE_LIVE_METRICS] rows=134 avg_sr=0.537313 avg_spl=0.359629 follower_error_count=7 levels=[object:n=22,sr=0.727273,spl=0.510725; room:n=34,sr=0.647059,spl=0.414451; region:n=51,sr=0.549020,spl=0.400676; instance:n=27,sr=0.222222,spl=0.089946] latest_scene=00802-wcojb4TFT35 latest_episode=6 latest_task=3 latest_level=object by_level={"instance": {"avg_spl": 0.08994644648194801, "avg_sr": 0.2222222222222222, "count": 27}, "object": {"avg_spl": 0.5107250019964216, "avg_sr": 0.7272727272727273, "count": 22}, "region": {"avg_spl": 0.4006758788013973, "avg_sr": 0.5490196078431373, "count": 51}, "room": {"avg_spl": 0.4144508846590482, "avg_sr": 0.6470588235294118, "count": 34}}
Elapsed 1 day, 12:25:19 

Begin to process [00802-wcojb4TFT35_sequence_6_4] type: [region], Question: [laundry basket in the walk-in closet that has tightly packed clothes, shoe rack, white baskets, near bed with purple-and-white bedding and bathtub]

Elapsed 1 day, 12:25:19 Current start position is [     1.0919      2.4949     -17.816]
Elapsed 1 day, 12:27:51 ===Episode_id 6 task_id 4 task_level=region===
SR: True, SPL: 0.45658429904378073, Object category: laundry basket, goal type: sequence===

Elapsed 1 day, 12:27:51 [baseline] task_level=region scene=00802-wcojb4TFT35 episode=6 task=4 sec=152.484
Elapsed 1 day, 12:27:51 [BASELINE_LIVE_METRICS] rows=135 avg_sr=0.540741 avg_spl=0.360347 follower_error_count=7 levels=[object:n=22,sr=0.727273,spl=0.510725; room:n=34,sr=0.647059,spl=0.414451; region:n=52,sr=0.557692,spl=0.401751; instance:n=27,sr=0.222222,spl=0.089946] latest_scene=00802-wcojb4TFT35 latest_episode=6 latest_task=4 latest_level=region by_level={"instance": {"avg_spl": 0.08994644648194801, "avg_sr": 0.2222222222222222, "count": 27}, "object": {"avg_spl": 0.5107250019964216, "avg_sr": 0.7272727272727273, "count": 22}, "region": {"avg_spl": 0.4017510407291355, "avg_sr": 0.5576923076923077, "count": 52}, "room": {"avg_spl": 0.4144508846590482, "avg_sr": 0.6470588235294118, "count": 34}}
Elapsed 1 day, 12:27:51 [Metrics] sequence count: 135, invalid_count: 0, follower_error_count: 7, avg_sr: 0.540741, avg_spl: 0.360347

=== Episode ===: 7it [7:21:16, 3597.32s/it][AElapsed 1 day, 12:28:02 

Begin to process [00802-wcojb4TFT35_sequence_7_0] type: [instance], Question: [brown three-seater couch with patterned pillows beside window in living room with TV above fireplace]

Elapsed 1 day, 12:28:02 Current start position is [    -2.5625     0.02715     -10.592]
Elapsed 1 day, 13:00:57 ===Episode_id 7 task_id 0 task_level=instance===
SR: True, SPL: 0.6934888374122886, Object category: couch, goal type: sequence===

Elapsed 1 day, 13:00:57 [baseline] task_level=instance scene=00802-wcojb4TFT35 episode=7 task=0 sec=1975.061
Elapsed 1 day, 13:00:57 [BASELINE_LIVE_METRICS] rows=136 avg_sr=0.544118 avg_spl=0.362797 follower_error_count=7 levels=[object:n=22,sr=0.727273,spl=0.510725; room:n=34,sr=0.647059,spl=0.414451; region:n=52,sr=0.557692,spl=0.401751; instance:n=28,sr=0.250000,spl=0.111502] latest_scene=00802-wcojb4TFT35 latest_episode=7 latest_task=0 latest_level=instance by_level={"instance": {"avg_spl": 0.11150153187231733, "avg_sr": 0.25, "count": 28}, "object": {"avg_spl": 0.5107250019964216, "avg_sr": 0.7272727272727273, "count": 22}, "region": {"avg_spl": 0.4017510407291355, "avg_sr": 0.5576923076923077, "count": 52}, "room": {"avg_spl": 0.4144508846590482, "avg_sr": 0.6470588235294118, "count": 34}}
Elapsed 1 day, 13:00:57 

Begin to process [00802-wcojb4TFT35_sequence_7_1] type: [room], Question: [armchair in the living room]

Elapsed 1 day, 13:00:57 Current start position is [   -0.96194     0.04492     -2.0403]
Elapsed 1 day, 13:03:13 ===Episode_id 7 task_id 1 task_level=room===
SR: True, SPL: 0.03770402976791781, Object category: armchair, goal type: sequence===

Elapsed 1 day, 13:03:13 [baseline] task_level=room scene=00802-wcojb4TFT35 episode=7 task=1 sec=135.722
Elapsed 1 day, 13:03:13 [BASELINE_LIVE_METRICS] rows=137 avg_sr=0.547445 avg_spl=0.360424 follower_error_count=7 levels=[object:n=22,sr=0.727273,spl=0.510725; room:n=35,sr=0.657143,spl=0.403687; region:n=52,sr=0.557692,spl=0.401751; instance:n=28,sr=0.250000,spl=0.111502] latest_scene=00802-wcojb4TFT35 latest_episode=7 latest_task=1 latest_level=room by_level={"instance": {"avg_spl": 0.11150153187231733, "avg_sr": 0.25, "count": 28}, "object": {"avg_spl": 0.5107250019964216, "avg_sr": 0.7272727272727273, "count": 22}, "region": {"avg_spl": 0.4017510407291355, "avg_sr": 0.5576923076923077, "count": 52}, "room": {"avg_spl": 0.40368668880501596, "avg_sr": 0.6571428571428571, "count": 35}}
Elapsed 1 day, 13:03:13 

Begin to process [00802-wcojb4TFT35_sequence_7_2] type: [room], Question: [kitchen sink in the kitchen]

Elapsed 1 day, 13:03:13 Current start position is [    -2.6756    -0.00508      -6.036]
Elapsed 1 day, 13:13:58 ===Episode_id 7 task_id 2 task_level=room===
SR: False, SPL: 0.0, Object category: kitchen sink, goal type: sequence===

Elapsed 1 day, 13:13:58 [baseline] task_level=room scene=00802-wcojb4TFT35 episode=7 task=2 sec=645.726
Elapsed 1 day, 13:13:58 [BASELINE_LIVE_METRICS] rows=138 avg_sr=0.543478 avg_spl=0.357812 follower_error_count=7 levels=[object:n=22,sr=0.727273,spl=0.510725; room:n=36,sr=0.638889,spl=0.392473; region:n=52,sr=0.557692,spl=0.401751; instance:n=28,sr=0.250000,spl=0.111502] latest_scene=00802-wcojb4TFT35 latest_episode=7 latest_task=2 latest_level=room by_level={"instance": {"avg_spl": 0.11150153187231733, "avg_sr": 0.25, "count": 28}, "object": {"avg_spl": 0.5107250019964216, "avg_sr": 0.7272727272727273, "count": 22}, "region": {"avg_spl": 0.4017510407291355, "avg_sr": 0.5576923076923077, "count": 52}, "room": {"avg_spl": 0.3924731696715433, "avg_sr": 0.6388888888888888, "count": 36}}
Elapsed 1 day, 13:13:58 

Begin to process [00802-wcojb4TFT35_sequence_7_3] type: [region], Question: [figure in the living room that has tan three-seater couch by window, fabric armchair with ottoman, tall brown bookshelf with board games, table with black printer, potted plant in corner, and TV mounted above fireplace]

Elapsed 1 day, 13:13:58 Current start position is [     1.0967    0.012237     -9.1032]
Elapsed 1 day, 13:18:24 ===Episode_id 7 task_id 3 task_level=region===
SR: False, SPL: 0.0, Object category: figure, goal type: sequence===

Elapsed 1 day, 13:18:24 [baseline] task_level=region scene=00802-wcojb4TFT35 episode=7 task=3 sec=266.052
Elapsed 1 day, 13:18:24 [BASELINE_LIVE_METRICS] rows=139 avg_sr=0.539568 avg_spl=0.355238 follower_error_count=7 levels=[object:n=22,sr=0.727273,spl=0.510725; room:n=36,sr=0.638889,spl=0.392473; region:n=53,sr=0.547170,spl=0.394171; instance:n=28,sr=0.250000,spl=0.111502] latest_scene=00802-wcojb4TFT35 latest_episode=7 latest_task=3 latest_level=region by_level={"instance": {"avg_spl": 0.11150153187231733, "avg_sr": 0.25, "count": 28}, "object": {"avg_spl": 0.5107250019964216, "avg_sr": 0.7272727272727273, "count": 22}, "region": {"avg_spl": 0.3941708324134914, "avg_sr": 0.5471698113207547, "count": 53}, "room": {"avg_spl": 0.3924731696715433, "avg_sr": 0.6388888888888888, "count": 36}}
Elapsed 1 day, 13:18:24 

Begin to process [00802-wcojb4TFT35_sequence_7_4] type: [region], Question: [bathroom cabinet in the bathroom that has dark bath vanity with white vessel sink, black-framed mirror, gray hanging towel, toilet with tray against blue walls, floral framed wall art]

Elapsed 1 day, 13:18:24 Current start position is [    -0.2374     0.04492     0.60767]
Elapsed 1 day, 13:30:39 ===Episode_id 7 task_id 4 task_level=region===
SR: False, SPL: 0.0, Object category: bathroom cabinet, goal type: sequence===

Elapsed 1 day, 13:30:39 [baseline] task_level=region scene=00802-wcojb4TFT35 episode=7 task=4 sec=735.010
Elapsed 1 day, 13:30:39 [BASELINE_LIVE_METRICS] rows=140 avg_sr=0.535714 avg_spl=0.352701 follower_error_count=7 levels=[object:n=22,sr=0.727273,spl=0.510725; room:n=36,sr=0.638889,spl=0.392473; region:n=54,sr=0.537037,spl=0.386871; instance:n=28,sr=0.250000,spl=0.111502] latest_scene=00802-wcojb4TFT35 latest_episode=7 latest_task=4 latest_level=region by_level={"instance": {"avg_spl": 0.11150153187231733, "avg_sr": 0.25, "count": 28}, "object": {"avg_spl": 0.5107250019964216, "avg_sr": 0.7272727272727273, "count": 22}, "region": {"avg_spl": 0.3868713725539823, "avg_sr": 0.5370370370370371, "count": 54}, "room": {"avg_spl": 0.3924731696715433, "avg_sr": 0.6388888888888888, "count": 36}}
Elapsed 1 day, 13:30:39 [Metrics] sequence count: 140, invalid_count: 0, follower_error_count: 7, avg_sr: 0.535714, avg_spl: 0.352701

=== Episode ===: 8it [8:24:04, 3651.75s/it][AElapsed 1 day, 13:30:49 

Begin to process [00802-wcojb4TFT35_sequence_8_0] type: [instance], Question: [flowerpot with green plant below corner windows beside fireplace below TV in living room with tan couch]

Elapsed 1 day, 13:30:49 Current start position is [   -0.96706    -0.00508     -5.6859]
Elapsed 1 day, 14:03:00 ===Episode_id 8 task_id 0 task_level=instance===
SR: False, SPL: 0.0, Object category: flowerpot, goal type: sequence===

Elapsed 1 day, 14:03:00 [baseline] task_level=instance scene=00802-wcojb4TFT35 episode=8 task=0 sec=1931.155
Elapsed 1 day, 14:03:00 [BASELINE_LIVE_METRICS] rows=141 avg_sr=0.531915 avg_spl=0.350199 follower_error_count=7 levels=[object:n=22,sr=0.727273,spl=0.510725; room:n=36,sr=0.638889,spl=0.392473; region:n=54,sr=0.537037,spl=0.386871; instance:n=29,sr=0.241379,spl=0.107657] latest_scene=00802-wcojb4TFT35 latest_episode=8 latest_task=0 latest_level=instance by_level={"instance": {"avg_spl": 0.10765665146292708, "avg_sr": 0.2413793103448276, "count": 29}, "object": {"avg_spl": 0.5107250019964216, "avg_sr": 0.7272727272727273, "count": 22}, "region": {"avg_spl": 0.3868713725539823, "avg_sr": 0.5370370370370371, "count": 54}, "room": {"avg_spl": 0.3924731696715433, "avg_sr": 0.6388888888888888, "count": 36}}
Elapsed 1 day, 14:03:00 

Begin to process [00802-wcojb4TFT35_sequence_8_1] type: [room], Question: [bench in the living room]

Elapsed 1 day, 14:03:00 Current start position is [   -0.88547     0.04492     -1.7471]
Elapsed 1 day, 14:05:32 ===Episode_id 8 task_id 1 task_level=room===
SR: False, SPL: 0.0, Object category: bench, goal type: sequence===

Elapsed 1 day, 14:05:32 [baseline] task_level=room scene=00802-wcojb4TFT35 episode=8 task=1 sec=152.100
Elapsed 1 day, 14:05:32 [BASELINE_LIVE_METRICS] rows=142 avg_sr=0.528169 avg_spl=0.347733 follower_error_count=7 levels=[object:n=22,sr=0.727273,spl=0.510725; room:n=37,sr=0.621622,spl=0.381866; region:n=54,sr=0.537037,spl=0.386871; instance:n=29,sr=0.241379,spl=0.107657] latest_scene=00802-wcojb4TFT35 latest_episode=8 latest_task=1 latest_level=room by_level={"instance": {"avg_spl": 0.10765665146292708, "avg_sr": 0.2413793103448276, "count": 29}, "object": {"avg_spl": 0.5107250019964216, "avg_sr": 0.7272727272727273, "count": 22}, "region": {"avg_spl": 0.3868713725539823, "avg_sr": 0.5370370370370371, "count": 54}, "room": {"avg_spl": 0.38186578670744753, "avg_sr": 0.6216216216216216, "count": 37}}
Elapsed 1 day, 14:05:32 

Begin to process [00802-wcojb4TFT35_sequence_8_2] type: [object], Question: [fireplace]

Elapsed 1 day, 14:05:32 Current start position is [   -0.84092    -0.00508     -8.4551]
Elapsed 1 day, 14:08:13 ===Episode_id 8 task_id 2 task_level=object===
SR: True, SPL: 0.8884280979153545, Object category: fireplace, goal type: sequence===

Elapsed 1 day, 14:08:13 [baseline] task_level=object scene=00802-wcojb4TFT35 episode=8 task=2 sec=160.779
Elapsed 1 day, 14:08:13 [BASELINE_LIVE_METRICS] rows=143 avg_sr=0.531469 avg_spl=0.351514 follower_error_count=7 levels=[object:n=23,sr=0.739130,spl=0.527147; room:n=37,sr=0.621622,spl=0.381866; region:n=54,sr=0.537037,spl=0.386871; instance:n=29,sr=0.241379,spl=0.107657] latest_scene=00802-wcojb4TFT35 latest_episode=8 latest_task=2 latest_level=object by_level={"instance": {"avg_spl": 0.10765665146292708, "avg_sr": 0.2413793103448276, "count": 29}, "object": {"avg_spl": 0.5271468757320273, "avg_sr": 0.7391304347826086, "count": 23}, "region": {"avg_spl": 0.3868713725539823, "avg_sr": 0.5370370370370371, "count": 54}, "room": {"avg_spl": 0.38186578670744753, "avg_sr": 0.6216216216216216, "count": 37}}
Elapsed 1 day, 14:08:13 

Begin to process [00802-wcojb4TFT35_sequence_8_3] type: [room], Question: [piano bench in the living room]

Elapsed 1 day, 14:08:13 Current start position is [   -0.20556     0.04492     0.42922]
Elapsed 1 day, 14:10:57 ===Episode_id 8 task_id 3 task_level=room===
SR: False, SPL: 0.0, Object category: piano bench, goal type: sequence===

Elapsed 1 day, 14:10:57 [baseline] task_level=room scene=00802-wcojb4TFT35 episode=8 task=3 sec=164.033
Elapsed 1 day, 14:10:57 [BASELINE_LIVE_METRICS] rows=144 avg_sr=0.527778 avg_spl=0.349073 follower_error_count=7 levels=[object:n=23,sr=0.739130,spl=0.527147; room:n=38,sr=0.605263,spl=0.371817; region:n=54,sr=0.537037,spl=0.386871; instance:n=29,sr=0.241379,spl=0.107657] latest_scene=00802-wcojb4TFT35 latest_episode=8 latest_task=3 latest_level=room by_level={"instance": {"avg_spl": 0.10765665146292708, "avg_sr": 0.2413793103448276, "count": 29}, "object": {"avg_spl": 0.5271468757320273, "avg_sr": 0.7391304347826086, "count": 23}, "region": {"avg_spl": 0.3868713725539823, "avg_sr": 0.5370370370370371, "count": 54}, "room": {"avg_spl": 0.3718166870572515, "avg_sr": 0.6052631578947368, "count": 38}}
Elapsed 1 day, 14:10:57 

Begin to process [00802-wcojb4TFT35_sequence_8_4] type: [region], Question: [dishwasher in the kitchen that has white kitchen cabinets with stainless sink below window, microwave above stove and oven, built-in dishwasher, coffee machine in corner, and stainless steel refrigerator]

Elapsed 1 day, 14:10:57 Current start position is [   -0.13586     0.04492     0.60767]
Elapsed 1 day, 14:26:51 ===Episode_id 8 task_id 4 task_level=region===
SR: True, SPL: 0.8821597626320025, Object category: dishwasher, goal type: sequence===

Elapsed 1 day, 14:26:51 [baseline] task_level=region scene=00802-wcojb4TFT35 episode=8 task=4 sec=954.460
Elapsed 1 day, 14:26:52 [BASELINE_LIVE_METRICS] rows=145 avg_sr=0.531034 avg_spl=0.352749 follower_error_count=7 levels=[object:n=23,sr=0.739130,spl=0.527147; room:n=38,sr=0.605263,spl=0.371817; region:n=55,sr=0.545455,spl=0.395877; instance:n=29,sr=0.241379,spl=0.107657] latest_scene=00802-wcojb4TFT35 latest_episode=8 latest_task=4 latest_level=region by_level={"instance": {"avg_spl": 0.10765665146292708, "avg_sr": 0.2413793103448276, "count": 29}, "object": {"avg_spl": 0.5271468757320273, "avg_sr": 0.7391304347826086, "count": 23}, "region": {"avg_spl": 0.39587661600994634, "avg_sr": 0.5454545454545454, "count": 55}, "room": {"avg_spl": 0.3718166870572515, "avg_sr": 0.6052631578947368, "count": 38}}
Elapsed 1 day, 14:26:52 [Metrics] sequence count: 145, invalid_count: 0, follower_error_count: 7, avg_sr: 0.531034, avg_spl: 0.352749

=== Episode ===: 9it [9:20:17, 3564.33s/it][AElapsed 1 day, 14:27:04 

Begin to process [00802-wcojb4TFT35_sequence_9_0] type: [instance], Question: [black flat-screen tv above fireplace in living room with tan three-seater couch by window and potted plant in corner]

Elapsed 1 day, 14:27:04 Current start position is [     1.3227     0.02997     -9.4091]
Elapsed 1 day, 15:23:35 ===Episode_id 9 task_id 0 task_level=instance===
SR: False, SPL: 0.0, Object category: tv, goal type: sequence===

Elapsed 1 day, 15:23:35 [baseline] task_level=instance scene=00802-wcojb4TFT35 episode=9 task=0 sec=3390.537
Elapsed 1 day, 15:23:35 [BASELINE_LIVE_METRICS] rows=146 avg_sr=0.527397 avg_spl=0.350333 follower_error_count=7 levels=[object:n=23,sr=0.739130,spl=0.527147; room:n=38,sr=0.605263,spl=0.371817; region:n=55,sr=0.545455,spl=0.395877; instance:n=30,sr=0.233333,spl=0.104068] latest_scene=00802-wcojb4TFT35 latest_episode=9 latest_task=0 latest_level=instance by_level={"instance": {"avg_spl": 0.10406809641416284, "avg_sr": 0.23333333333333334, "count": 30}, "object": {"avg_spl": 0.5271468757320273, "avg_sr": 0.7391304347826086, "count": 23}, "region": {"avg_spl": 0.39587661600994634, "avg_sr": 0.5454545454545454, "count": 55}, "room": {"avg_spl": 0.3718166870572515, "avg_sr": 0.6052631578947368, "count": 38}}
Elapsed 1 day, 15:23:35 

Begin to process [00802-wcojb4TFT35_sequence_9_1] type: [object], Question: [piano]

Elapsed 1 day, 15:23:35 Current start position is [   -0.91356     0.04492       -1.78]
Elapsed 1 day, 15:29:11 ===Episode_id 9 task_id 1 task_level=object===
SR: True, SPL: 0.6076536171334116, Object category: piano, goal type: sequence===

Elapsed 1 day, 15:29:11 [baseline] task_level=object scene=00802-wcojb4TFT35 episode=9 task=1 sec=336.190
Elapsed 1 day, 15:29:11 [BASELINE_LIVE_METRICS] rows=147 avg_sr=0.530612 avg_spl=0.352084 follower_error_count=7 levels=[object:n=24,sr=0.750000,spl=0.530501; room:n=38,sr=0.605263,spl=0.371817; region:n=55,sr=0.545455,spl=0.395877; instance:n=30,sr=0.233333,spl=0.104068] latest_scene=00802-wcojb4TFT35 latest_episode=9 latest_task=1 latest_level=object by_level={"instance": {"avg_spl": 0.10406809641416284, "avg_sr": 0.23333333333333334, "count": 30}, "object": {"avg_spl": 0.5305013232904184, "avg_sr": 0.75, "count": 24}, "region": {"avg_spl": 0.39587661600994634, "avg_sr": 0.5454545454545454, "count": 55}, "room": {"avg_spl": 0.3718166870572515, "avg_sr": 0.6052631578947368, "count": 38}}
Elapsed 1 day, 15:29:11 

Begin to process [00802-wcojb4TFT35_sequence_9_2] type: [object], Question: [flowerpot]

Elapsed 1 day, 15:29:11 Current start position is [    -1.2641    -0.00508     -5.4688]
Elapsed 1 day, 15:35:43 ===Episode_id 9 task_id 2 task_level=object===
SR: False, SPL: 0.0, Object category: flowerpot, goal type: sequence===

Elapsed 1 day, 15:35:43 [baseline] task_level=object scene=00802-wcojb4TFT35 episode=9 task=2 sec=391.870
Elapsed 1 day, 15:35:43 [BASELINE_LIVE_METRICS] rows=148 avg_sr=0.527027 avg_spl=0.349705 follower_error_count=7 levels=[object:n=25,sr=0.720000,spl=0.509281; room:n=38,sr=0.605263,spl=0.371817; region:n=55,sr=0.545455,spl=0.395877; instance:n=30,sr=0.233333,spl=0.104068] latest_scene=00802-wcojb4TFT35 latest_episode=9 latest_task=2 latest_level=object by_level={"instance": {"avg_spl": 0.10406809641416284, "avg_sr": 0.23333333333333334, "count": 30}, "object": {"avg_spl": 0.5092812703588017, "avg_sr": 0.72, "count": 25}, "region": {"avg_spl": 0.39587661600994634, "avg_sr": 0.5454545454545454, "count": 55}, "room": {"avg_spl": 0.3718166870572515, "avg_sr": 0.6052631578947368, "count": 38}}
Elapsed 1 day, 15:35:43 

Begin to process [00802-wcojb4TFT35_sequence_9_3] type: [room], Question: [art frame in the living room]

Elapsed 1 day, 15:35:43 Current start position is [   -0.30728    -0.00508     -7.4468]
Elapsed 1 day, 15:40:46 ===Episode_id 9 task_id 3 task_level=room===
SR: False, SPL: 0.0, Object category: art frame, goal type: sequence===

Elapsed 1 day, 15:40:46 [baseline] task_level=room scene=00802-wcojb4TFT35 episode=9 task=3 sec=303.158
Elapsed 1 day, 15:40:46 [BASELINE_LIVE_METRICS] rows=149 avg_sr=0.523490 avg_spl=0.347358 follower_error_count=7 levels=[object:n=25,sr=0.720000,spl=0.509281; room:n=39,sr=0.589744,spl=0.362283; region:n=55,sr=0.545455,spl=0.395877; instance:n=30,sr=0.233333,spl=0.104068] latest_scene=00802-wcojb4TFT35 latest_episode=9 latest_task=3 latest_level=room by_level={"instance": {"avg_spl": 0.10406809641416284, "avg_sr": 0.23333333333333334, "count": 30}, "object": {"avg_spl": 0.5092812703588017, "avg_sr": 0.72, "count": 25}, "region": {"avg_spl": 0.39587661600994634, "avg_sr": 0.5454545454545454, "count": 55}, "room": {"avg_spl": 0.36228292585065536, "avg_sr": 0.5897435897435898, "count": 39}}
Elapsed 1 day, 15:40:46 

Begin to process [00802-wcojb4TFT35_sequence_9_4] type: [object], Question: [stove]

Elapsed 1 day, 15:40:46 Current start position is [    -2.8722     0.04492     -11.768]
Elapsed 1 day, 15:45:44 ===Episode_id 9 task_id 4 task_level=object===
SR: True, SPL: 0.5158185103423854, Object category: stove, goal type: sequence===

Elapsed 1 day, 15:45:44 [baseline] task_level=object scene=00802-wcojb4TFT35 episode=9 task=4 sec=297.776
Elapsed 1 day, 15:45:44 [BASELINE_LIVE_METRICS] rows=150 avg_sr=0.526667 avg_spl=0.348481 follower_error_count=7 levels=[object:n=26,sr=0.730769,spl=0.509533; room:n=39,sr=0.589744,spl=0.362283; region:n=55,sr=0.545455,spl=0.395877; instance:n=30,sr=0.233333,spl=0.104068] latest_scene=00802-wcojb4TFT35 latest_episode=9 latest_task=4 latest_level=object by_level={"instance": {"avg_spl": 0.10406809641416284, "avg_sr": 0.23333333333333334, "count": 30}, "object": {"avg_spl": 0.5095327026658626, "avg_sr": 0.7307692307692307, "count": 26}, "region": {"avg_spl": 0.39587661600994634, "avg_sr": 0.5454545454545454, "count": 55}, "room": {"avg_spl": 0.36228292585065536, "avg_sr": 0.5897435897435898, "count": 39}}
Elapsed 1 day, 15:45:44 [Metrics] sequence count: 150, invalid_count: 0, follower_error_count: 7, avg_sr: 0.526667, avg_spl: 0.348481

=== Episode ===: 10it [10:39:09, 3924.96s/it][AElapsed 1 day, 15:45:53 

Begin to process [00802-wcojb4TFT35_sequence_10_0] type: [instance], Question: [brick fireplace with white mantel in living room with tan couch and TV]

Elapsed 1 day, 15:45:53 Current start position is [     -2.708    -0.00508      -6.116]
Elapsed 1 day, 16:22:45 ===Episode_id 10 task_id 0 task_level=instance===
SR: False, SPL: 0.0, Object category: fireplace, goal type: sequence===

Elapsed 1 day, 16:22:45 [baseline] task_level=instance scene=00802-wcojb4TFT35 episode=10 task=0 sec=2212.211
Elapsed 1 day, 16:22:45 [BASELINE_LIVE_METRICS] rows=151 avg_sr=0.523179 avg_spl=0.346173 follower_error_count=7 levels=[object:n=26,sr=0.730769,spl=0.509533; room:n=39,sr=0.589744,spl=0.362283; region:n=55,sr=0.545455,spl=0.395877; instance:n=31,sr=0.225806,spl=0.100711] latest_scene=00802-wcojb4TFT35 latest_episode=10 latest_task=0 latest_level=instance by_level={"instance": {"avg_spl": 0.10071106104596403, "avg_sr": 0.22580645161290322, "count": 31}, "object": {"avg_spl": 0.5095327026658626, "avg_sr": 0.7307692307692307, "count": 26}, "region": {"avg_spl": 0.39587661600994634, "avg_sr": 0.5454545454545454, "count": 55}, "room": {"avg_spl": 0.36228292585065536, "avg_sr": 0.5897435897435898, "count": 39}}
Elapsed 1 day, 16:22:45 

Begin to process [00802-wcojb4TFT35_sequence_10_1] type: [room], Question: [piano bench in the living room]

Elapsed 1 day, 16:22:45 Current start position is [   -0.88391     0.04492     -2.0755]
Elapsed 1 day, 16:26:33 ===Episode_id 10 task_id 1 task_level=room===
SR: False, SPL: 0.0, Object category: piano bench, goal type: sequence===

Elapsed 1 day, 16:26:33 [baseline] task_level=room scene=00802-wcojb4TFT35 episode=10 task=1 sec=227.735
Elapsed 1 day, 16:26:33 [BASELINE_LIVE_METRICS] rows=152 avg_sr=0.519737 avg_spl=0.343896 follower_error_count=7 levels=[object:n=26,sr=0.730769,spl=0.509533; room:n=40,sr=0.575000,spl=0.353226; region:n=55,sr=0.545455,spl=0.395877; instance:n=31,sr=0.225806,spl=0.100711] latest_scene=00802-wcojb4TFT35 latest_episode=10 latest_task=1 latest_level=room by_level={"instance": {"avg_spl": 0.10071106104596403, "avg_sr": 0.22580645161290322, "count": 31}, "object": {"avg_spl": 0.5095327026658626, "avg_sr": 0.7307692307692307, "count": 26}, "region": {"avg_spl": 0.39587661600994634, "avg_sr": 0.5454545454545454, "count": 55}, "room": {"avg_spl": 0.35322585270438894, "avg_sr": 0.575, "count": 40}}
Elapsed 1 day, 16:26:33 

Begin to process [00802-wcojb4TFT35_sequence_10_2] type: [region], Question: [sink in the bathroom that has dark bath vanity with white vessel sink, black-framed mirror, gray hanging towel, toilet with tray against blue walls, floral framed wall art]

Elapsed 1 day, 16:26:33 Current start position is [     1.1166     0.04492     0.85951]
Elapsed 1 day, 17:09:26 ===Episode_id 10 task_id 2 task_level=region===
SR: False, SPL: 0.0, Object category: sink, goal type: sequence===

Elapsed 1 day, 17:09:26 [baseline] task_level=region scene=00802-wcojb4TFT35 episode=10 task=2 sec=2573.499
Elapsed 1 day, 17:09:26 [BASELINE_LIVE_METRICS] rows=153 avg_sr=0.516340 avg_spl=0.341648 follower_error_count=7 levels=[object:n=26,sr=0.730769,spl=0.509533; room:n=40,sr=0.575000,spl=0.353226; region:n=56,sr=0.535714,spl=0.388807; instance:n=31,sr=0.225806,spl=0.100711] latest_scene=00802-wcojb4TFT35 latest_episode=10 latest_task=2 latest_level=region by_level={"instance": {"avg_spl": 0.10071106104596403, "avg_sr": 0.22580645161290322, "count": 31}, "object": {"avg_spl": 0.5095327026658626, "avg_sr": 0.7307692307692307, "count": 26}, "region": {"avg_spl": 0.3888073907240544, "avg_sr": 0.5357142857142857, "count": 56}, "room": {"avg_spl": 0.35322585270438894, "avg_sr": 0.575, "count": 40}}
Elapsed 1 day, 17:09:26 

Begin to process [00802-wcojb4TFT35_sequence_10_3] type: [room], Question: [printer in the living room]

Elapsed 1 day, 17:09:26 Current start position is [   -0.87932    -0.00508     -9.3197]
Elapsed 1 day, 17:15:30 ===Episode_id 10 task_id 3 task_level=room===
SR: True, SPL: 0.8441281882296351, Object category: printer, goal type: sequence===

Elapsed 1 day, 17:15:30 [baseline] task_level=room scene=00802-wcojb4TFT35 episode=10 task=3 sec=363.856
Elapsed 1 day, 17:15:30 [BASELINE_LIVE_METRICS] rows=154 avg_sr=0.519481 avg_spl=0.344911 follower_error_count=7 levels=[object:n=26,sr=0.730769,spl=0.509533; room:n=41,sr=0.585366,spl=0.365199; region:n=56,sr=0.535714,spl=0.388807; instance:n=31,sr=0.225806,spl=0.100711] latest_scene=00802-wcojb4TFT35 latest_episode=10 latest_task=3 latest_level=room by_level={"instance": {"avg_spl": 0.10071106104596403, "avg_sr": 0.22580645161290322, "count": 31}, "object": {"avg_spl": 0.5095327026658626, "avg_sr": 0.7307692307692307, "count": 26}, "region": {"avg_spl": 0.3888073907240544, "avg_sr": 0.5357142857142857, "count": 56}, "room": {"avg_spl": 0.36519908040012666, "avg_sr": 0.5853658536585366, "count": 41}}
Elapsed 1 day, 17:15:30 

Begin to process [00802-wcojb4TFT35_sequence_10_4] type: [room], Question: [stove in the kitchen]

Elapsed 1 day, 17:15:30 Current start position is [     1.7212     0.04492     -4.6104]
Elapsed 1 day, 17:21:48 ===Episode_id 10 task_id 4 task_level=room===
SR: True, SPL: 0.7445783378298114, Object category: stove, goal type: sequence===

Elapsed 1 day, 17:21:48 [baseline] task_level=room scene=00802-wcojb4TFT35 episode=10 task=4 sec=378.283
Elapsed 1 day, 17:21:48 [BASELINE_LIVE_METRICS] rows=155 avg_sr=0.522581 avg_spl=0.347489 follower_error_count=7 levels=[object:n=26,sr=0.730769,spl=0.509533; room:n=42,sr=0.595238,spl=0.374232; region:n=56,sr=0.535714,spl=0.388807; instance:n=31,sr=0.225806,spl=0.100711] latest_scene=00802-wcojb4TFT35 latest_episode=10 latest_task=4 latest_level=room by_level={"instance": {"avg_spl": 0.10071106104596403, "avg_sr": 0.22580645161290322, "count": 31}, "object": {"avg_spl": 0.5095327026658626, "avg_sr": 0.7307692307692307, "count": 26}, "region": {"avg_spl": 0.3888073907240544, "avg_sr": 0.5357142857142857, "count": 56}, "room": {"avg_spl": 0.37423191986273824, "avg_sr": 0.5952380952380952, "count": 42}}
Elapsed 1 day, 17:21:48 [Metrics] sequence count: 155, invalid_count: 0, follower_error_count: 7, avg_sr: 0.522581, avg_spl: 0.347489

=== Episode ===: 11it [12:15:13, 4487.90s/it][AElapsed 1 day, 17:22:01 

Begin to process [00802-wcojb4TFT35_sequence_11_0] type: [instance], Question: [wooden black-and-tan checkered chessboard on shelf in living room with TV above fireplace]

Elapsed 1 day, 17:22:01 Current start position is [     -1.999     0.00851     -10.003]
Elapsed 1 day, 18:12:18 ===Episode_id 11 task_id 0 task_level=instance===
SR: False, SPL: 0.0, Object category: chess, goal type: sequence===

Elapsed 1 day, 18:12:18 [baseline] task_level=instance scene=00802-wcojb4TFT35 episode=11 task=0 sec=3017.001
Elapsed 1 day, 18:12:18 [BASELINE_LIVE_METRICS] rows=156 avg_sr=0.519231 avg_spl=0.345262 follower_error_count=7 levels=[object:n=26,sr=0.730769,spl=0.509533; room:n=42,sr=0.595238,spl=0.374232; region:n=56,sr=0.535714,spl=0.388807; instance:n=32,sr=0.218750,spl=0.097564] latest_scene=00802-wcojb4TFT35 latest_episode=11 latest_task=0 latest_level=instance by_level={"instance": {"avg_spl": 0.09756384038827766, "avg_sr": 0.21875, "count": 32}, "object": {"avg_spl": 0.5095327026658626, "avg_sr": 0.7307692307692307, "count": 26}, "region": {"avg_spl": 0.3888073907240544, "avg_sr": 0.5357142857142857, "count": 56}, "room": {"avg_spl": 0.37423191986273824, "avg_sr": 0.5952380952380952, "count": 42}}
Elapsed 1 day, 18:12:18 

Begin to process [00802-wcojb4TFT35_sequence_11_1] type: [room], Question: [stove in the kitchen]

Elapsed 1 day, 18:12:18 Current start position is [   -0.20464     0.04492     0.60767]
Elapsed 1 day, 18:14:15 ===Episode_id 11 task_id 1 task_level=room===
SR: True, SPL: 0.8384658416207313, Object category: stove, goal type: sequence===

Elapsed 1 day, 18:14:15 [baseline] task_level=room scene=00802-wcojb4TFT35 episode=11 task=1 sec=116.529
Elapsed 1 day, 18:14:15 [BASELINE_LIVE_METRICS] rows=157 avg_sr=0.522293 avg_spl=0.348403 follower_error_count=7 levels=[object:n=26,sr=0.730769,spl=0.509533; room:n=43,sr=0.604651,spl=0.385028; region:n=56,sr=0.535714,spl=0.388807; instance:n=32,sr=0.218750,spl=0.097564] latest_scene=00802-wcojb4TFT35 latest_episode=11 latest_task=1 latest_level=room by_level={"instance": {"avg_spl": 0.09756384038827766, "avg_sr": 0.21875, "count": 32}, "object": {"avg_spl": 0.5095327026658626, "avg_sr": 0.7307692307692307, "count": 26}, "region": {"avg_spl": 0.3888073907240544, "avg_sr": 0.5357142857142857, "count": 56}, "room": {"avg_spl": 0.3850280575780403, "avg_sr": 0.6046511627906976, "count": 43}}
Elapsed 1 day, 18:14:15 

Begin to process [00802-wcojb4TFT35_sequence_11_2] type: [region], Question: [art frame in the living room that has tan three-seater couch by window, fabric armchair with ottoman, tall brown bookshelf with board games, table with black printer, potted plant in corner, and TV mounted above fireplace]

Elapsed 1 day, 18:14:15 Current start position is [     1.0551    0.027977      -9.617]
Elapsed 1 day, 18:18:46 ===Episode_id 11 task_id 2 task_level=region===
SR: False, SPL: 0.0, Object category: art frame, goal type: sequence===

Elapsed 1 day, 18:18:46 [baseline] task_level=region scene=00802-wcojb4TFT35 episode=11 task=2 sec=271.387
Elapsed 1 day, 18:18:46 [BASELINE_LIVE_METRICS] rows=158 avg_sr=0.518987 avg_spl=0.346198 follower_error_count=7 levels=[object:n=26,sr=0.730769,spl=0.509533; room:n=43,sr=0.604651,spl=0.385028; region:n=57,sr=0.526316,spl=0.381986; instance:n=32,sr=0.218750,spl=0.097564] latest_scene=00802-wcojb4TFT35 latest_episode=11 latest_task=2 latest_level=region by_level={"instance": {"avg_spl": 0.09756384038827766, "avg_sr": 0.21875, "count": 32}, "object": {"avg_spl": 0.5095327026658626, "avg_sr": 0.7307692307692307, "count": 26}, "region": {"avg_spl": 0.38198620843064995, "avg_sr": 0.5263157894736842, "count": 57}, "room": {"avg_spl": 0.3850280575780403, "avg_sr": 0.6046511627906976, "count": 43}}
Elapsed 1 day, 18:18:46 

Begin to process [00802-wcojb4TFT35_sequence_11_3] type: [object], Question: [bath sink]

Elapsed 1 day, 18:18:46 Current start position is [   -0.16884     0.04492     0.51513]
Elapsed 1 day, 18:20:38 ===Episode_id 11 task_id 3 task_level=object===
SR: False, SPL: 0.0, Object category: bath sink, goal type: sequence===

Elapsed 1 day, 18:20:38 [baseline] task_level=object scene=00802-wcojb4TFT35 episode=11 task=3 sec=111.208
Elapsed 1 day, 18:20:38 [BASELINE_LIVE_METRICS] rows=159 avg_sr=0.515723 avg_spl=0.344021 follower_error_count=7 levels=[object:n=27,sr=0.703704,spl=0.490661; room:n=43,sr=0.604651,spl=0.385028; region:n=57,sr=0.526316,spl=0.381986; instance:n=32,sr=0.218750,spl=0.097564] latest_scene=00802-wcojb4TFT35 latest_episode=11 latest_task=3 latest_level=object by_level={"instance": {"avg_spl": 0.09756384038827766, "avg_sr": 0.21875, "count": 32}, "object": {"avg_spl": 0.4906611210856454, "avg_sr": 0.7037037037037037, "count": 27}, "region": {"avg_spl": 0.38198620843064995, "avg_sr": 0.5263157894736842, "count": 57}, "room": {"avg_spl": 0.3850280575780403, "avg_sr": 0.6046511627906976, "count": 43}}
Elapsed 1 day, 18:20:38 

Begin to process [00802-wcojb4TFT35_sequence_11_4] type: [object], Question: [fireplace]

Elapsed 1 day, 18:20:38 Current start position is [     2.1881     0.04492     -9.8486]
Elapsed 1 day, 18:22:38 ===Episode_id 11 task_id 4 task_level=object===
SR: True, SPL: 0.8780943838003523, Object category: fireplace, goal type: sequence===

Elapsed 1 day, 18:22:38 [baseline] task_level=object scene=00802-wcojb4TFT35 episode=11 task=4 sec=120.903
Elapsed 1 day, 18:22:38 [BASELINE_LIVE_METRICS] rows=160 avg_sr=0.518750 avg_spl=0.347359 follower_error_count=7 levels=[object:n=28,sr=0.714286,spl=0.504498; room:n=43,sr=0.604651,spl=0.385028; region:n=57,sr=0.526316,spl=0.381986; instance:n=32,sr=0.218750,spl=0.097564] latest_scene=00802-wcojb4TFT35 latest_episode=11 latest_task=4 latest_level=object by_level={"instance": {"avg_spl": 0.09756384038827766, "avg_sr": 0.21875, "count": 32}, "object": {"avg_spl": 0.5044980233254563, "avg_sr": 0.7142857142857143, "count": 28}, "region": {"avg_spl": 0.38198620843064995, "avg_sr": 0.5263157894736842, "count": 57}, "room": {"avg_spl": 0.3850280575780403, "avg_sr": 0.6046511627906976, "count": 43}}
Elapsed 1 day, 18:22:38 [Metrics] sequence count: 160, invalid_count: 0, follower_error_count: 7, avg_sr: 0.518750, avg_spl: 0.347359

=== Episode ===: 12it [13:16:03, 4233.04s/it][AElapsed 1 day, 18:22:51 

Begin to process [00802-wcojb4TFT35_sequence_12_0] type: [instance], Question: [wooden bookshelf in living room with tan couch and TV above fireplace]

Elapsed 1 day, 18:22:51 Current start position is [      1.232     0.04492     -10.265]
Elapsed 1 day, 18:55:13 ===Episode_id 12 task_id 0 task_level=instance===
SR: False, SPL: 0.0, Object category: bookshelf, goal type: sequence===

Elapsed 1 day, 18:55:13 [baseline] task_level=instance scene=00802-wcojb4TFT35 episode=12 task=0 sec=1942.680
Elapsed 1 day, 18:55:13 [BASELINE_LIVE_METRICS] rows=161 avg_sr=0.515528 avg_spl=0.345201 follower_error_count=7 levels=[object:n=28,sr=0.714286,spl=0.504498; room:n=43,sr=0.604651,spl=0.385028; region:n=57,sr=0.526316,spl=0.381986; instance:n=33,sr=0.212121,spl=0.094607] latest_scene=00802-wcojb4TFT35 latest_episode=12 latest_task=0 latest_level=instance by_level={"instance": {"avg_spl": 0.09460736037651167, "avg_sr": 0.21212121212121213, "count": 33}, "object": {"avg_spl": 0.5044980233254563, "avg_sr": 0.7142857142857143, "count": 28}, "region": {"avg_spl": 0.38198620843064995, "avg_sr": 0.5263157894736842, "count": 57}, "room": {"avg_spl": 0.3850280575780403, "avg_sr": 0.6046511627906976, "count": 43}}
Elapsed 1 day, 18:55:13 

Begin to process [00802-wcojb4TFT35_sequence_12_1] type: [object], Question: [stove]

Elapsed 1 day, 18:55:13 Current start position is [   -0.88981     0.04492      -2.089]
Elapsed 1 day, 18:58:04 ===Episode_id 12 task_id 1 task_level=object===
SR: True, SPL: 0.8044923416362, Object category: stove, goal type: sequence===

Elapsed 1 day, 18:58:04 [baseline] task_level=object scene=00802-wcojb4TFT35 episode=12 task=1 sec=170.546
Elapsed 1 day, 18:58:04 [BASELINE_LIVE_METRICS] rows=162 avg_sr=0.518519 avg_spl=0.348036 follower_error_count=7 levels=[object:n=29,sr=0.724138,spl=0.514843; room:n=43,sr=0.604651,spl=0.385028; region:n=57,sr=0.526316,spl=0.381986; instance:n=33,sr=0.212121,spl=0.094607] latest_scene=00802-wcojb4TFT35 latest_episode=12 latest_task=1 latest_level=object by_level={"instance": {"avg_spl": 0.09460736037651167, "avg_sr": 0.21212121212121213, "count": 33}, "object": {"avg_spl": 0.5148426549913441, "avg_sr": 0.7241379310344828, "count": 29}, "region": {"avg_spl": 0.38198620843064995, "avg_sr": 0.5263157894736842, "count": 57}, "room": {"avg_spl": 0.3850280575780403, "avg_sr": 0.6046511627906976, "count": 43}}
Elapsed 1 day, 18:58:04 

Begin to process [00802-wcojb4TFT35_sequence_12_2] type: [room], Question: [book in the living room]

Elapsed 1 day, 18:58:04 Current start position is [     1.0881    0.028201     -9.5907]
Elapsed 1 day, 18:59:57 ===Episode_id 12 task_id 2 task_level=room===
SR: True, SPL: 0.7680139508181802, Object category: book, goal type: sequence===

Elapsed 1 day, 18:59:57 [baseline] task_level=room scene=00802-wcojb4TFT35 episode=12 task=2 sec=113.315
Elapsed 1 day, 18:59:57 [BASELINE_LIVE_METRICS] rows=163 avg_sr=0.521472 avg_spl=0.350613 follower_error_count=7 levels=[object:n=29,sr=0.724138,spl=0.514843; room:n=44,sr=0.613636,spl=0.393732; region:n=57,sr=0.526316,spl=0.381986; instance:n=33,sr=0.212121,spl=0.094607] latest_scene=00802-wcojb4TFT35 latest_episode=12 latest_task=2 latest_level=room by_level={"instance": {"avg_spl": 0.09460736037651167, "avg_sr": 0.21212121212121213, "count": 33}, "object": {"avg_spl": 0.5148426549913441, "avg_sr": 0.7241379310344828, "count": 29}, "region": {"avg_spl": 0.38198620843064995, "avg_sr": 0.5263157894736842, "count": 57}, "room": {"avg_spl": 0.39373228242440717, "avg_sr": 0.6136363636363636, "count": 44}}
Elapsed 1 day, 18:59:57 

Begin to process [00802-wcojb4TFT35_sequence_12_3] type: [object], Question: [bathroom cabinet]

Elapsed 1 day, 18:59:57 Current start position is [    -1.4852     0.04492     -3.8275]
Elapsed 1 day, 19:31:34 ===Episode_id 12 task_id 3 task_level=object===
SR: False, SPL: 0.0, Object category: bathroom cabinet, goal type: sequence===

Elapsed 1 day, 19:31:34 [baseline] task_level=object scene=00802-wcojb4TFT35 episode=12 task=3 sec=1897.312
Elapsed 1 day, 19:31:34 [BASELINE_LIVE_METRICS] rows=164 avg_sr=0.518293 avg_spl=0.348475 follower_error_count=7 levels=[object:n=30,sr=0.700000,spl=0.497681; room:n=44,sr=0.613636,spl=0.393732; region:n=57,sr=0.526316,spl=0.381986; instance:n=33,sr=0.212121,spl=0.094607] latest_scene=00802-wcojb4TFT35 latest_episode=12 latest_task=3 latest_level=object by_level={"instance": {"avg_spl": 0.09460736037651167, "avg_sr": 0.21212121212121213, "count": 33}, "object": {"avg_spl": 0.49768123315829926, "avg_sr": 0.7, "count": 30}, "region": {"avg_spl": 0.38198620843064995, "avg_sr": 0.5263157894736842, "count": 57}, "room": {"avg_spl": 0.39373228242440717, "avg_sr": 0.6136363636363636, "count": 44}}
Elapsed 1 day, 19:31:34 

Begin to process [00802-wcojb4TFT35_sequence_12_4] type: [object], Question: [printer]

Elapsed 1 day, 19:31:34 Current start position is [   -0.84372    -0.00508     -8.8082]
Elapsed 1 day, 19:33:50 ===Episode_id 12 task_id 4 task_level=object===
SR: True, SPL: 0.827713339410409, Object category: printer, goal type: sequence===

Elapsed 1 day, 19:33:50 [baseline] task_level=object scene=00802-wcojb4TFT35 episode=12 task=4 sec=135.283
Elapsed 1 day, 19:33:50 [BASELINE_LIVE_METRICS] rows=165 avg_sr=0.521212 avg_spl=0.351380 follower_error_count=7 levels=[object:n=31,sr=0.709677,spl=0.508327; room:n=44,sr=0.613636,spl=0.393732; region:n=57,sr=0.526316,spl=0.381986; instance:n=33,sr=0.212121,spl=0.094607] latest_scene=00802-wcojb4TFT35 latest_episode=12 latest_task=4 latest_level=object by_level={"instance": {"avg_spl": 0.09460736037651167, "avg_sr": 0.21212121212121213, "count": 33}, "object": {"avg_spl": 0.5083274301341738, "avg_sr": 0.7096774193548387, "count": 31}, "region": {"avg_spl": 0.38198620843064995, "avg_sr": 0.5263157894736842, "count": 57}, "room": {"avg_spl": 0.39373228242440717, "avg_sr": 0.6136363636363636, "count": 44}}
Elapsed 1 day, 19:33:50 [Metrics] sequence count: 165, invalid_count: 0, follower_error_count: 7, avg_sr: 0.521212, avg_spl: 0.351380

=== Episode ===: 13it [14:27:15, 4244.63s/it][AElapsed 1 day, 19:34:00 

Begin to process [00802-wcojb4TFT35_sequence_13_0] type: [instance], Question: [light brown oval dining table with flowers in dining room]

Elapsed 1 day, 19:34:00 Current start position is [     1.4036     0.04492     0.53939]
Elapsed 1 day, 20:05:52 ===Episode_id 13 task_id 0 task_level=instance===
SR: True, SPL: 0.4945826395515969, Object category: table, goal type: sequence===

Elapsed 1 day, 20:05:52 [baseline] task_level=instance scene=00802-wcojb4TFT35 episode=13 task=0 sec=1911.611
Elapsed 1 day, 20:05:52 [BASELINE_LIVE_METRICS] rows=166 avg_sr=0.524096 avg_spl=0.352242 follower_error_count=7 levels=[object:n=31,sr=0.709677,spl=0.508327; room:n=44,sr=0.613636,spl=0.393732; region:n=57,sr=0.526316,spl=0.381986; instance:n=34,sr=0.235294,spl=0.106371] latest_scene=00802-wcojb4TFT35 latest_episode=13 latest_task=0 latest_level=instance by_level={"instance": {"avg_spl": 0.10637133917577889, "avg_sr": 0.23529411764705882, "count": 34}, "object": {"avg_spl": 0.5083274301341738, "avg_sr": 0.7096774193548387, "count": 31}, "region": {"avg_spl": 0.38198620843064995, "avg_sr": 0.5263157894736842, "count": 57}, "room": {"avg_spl": 0.39373228242440717, "avg_sr": 0.6136363636363636, "count": 44}}
Elapsed 1 day, 20:05:52 

Begin to process [00802-wcojb4TFT35_sequence_13_1] type: [region], Question: [picture in the bathroom that has dark bath vanity with white vessel sink, black-framed mirror, gray hanging towel, toilet with tray against blue walls, floral framed wall art]

Elapsed 1 day, 20:05:52 Current start position is [     1.4182    -0.00508     -6.9211]
Elapsed 1 day, 20:44:09 ===Episode_id 13 task_id 1 task_level=region===
SR: False, SPL: 0.0, Object category: picture, goal type: sequence===

Elapsed 1 day, 20:44:09 [baseline] task_level=region scene=00802-wcojb4TFT35 episode=13 task=1 sec=2296.416
Elapsed 1 day, 20:44:09 [BASELINE_LIVE_METRICS] rows=167 avg_sr=0.520958 avg_spl=0.350133 follower_error_count=7 levels=[object:n=31,sr=0.709677,spl=0.508327; room:n=44,sr=0.613636,spl=0.393732; region:n=58,sr=0.517241,spl=0.375400; instance:n=34,sr=0.235294,spl=0.106371] latest_scene=00802-wcojb4TFT35 latest_episode=13 latest_task=1 latest_level=region by_level={"instance": {"avg_spl": 0.10637133917577889, "avg_sr": 0.23529411764705882, "count": 34}, "object": {"avg_spl": 0.5083274301341738, "avg_sr": 0.7096774193548387, "count": 31}, "region": {"avg_spl": 0.3754002393197767, "avg_sr": 0.5172413793103449, "count": 58}, "room": {"avg_spl": 0.39373228242440717, "avg_sr": 0.6136363636363636, "count": 44}}
Elapsed 1 day, 20:44:09 

Begin to process [00802-wcojb4TFT35_sequence_13_2] type: [room], Question: [art frame in the living room]

Elapsed 1 day, 20:44:09 Current start position is [    -1.3438     0.04492     -3.7722]
Elapsed 1 day, 20:49:28 ===Episode_id 13 task_id 2 task_level=room===
SR: False, SPL: 0.0, Object category: art frame, goal type: sequence===

Elapsed 1 day, 20:49:28 [baseline] task_level=room scene=00802-wcojb4TFT35 episode=13 task=2 sec=319.892
Elapsed 1 day, 20:49:28 [BASELINE_LIVE_METRICS] rows=168 avg_sr=0.517857 avg_spl=0.348049 follower_error_count=7 levels=[object:n=31,sr=0.709677,spl=0.508327; room:n=45,sr=0.600000,spl=0.384983; region:n=58,sr=0.517241,spl=0.375400; instance:n=34,sr=0.235294,spl=0.106371] latest_scene=00802-wcojb4TFT35 latest_episode=13 latest_task=2 latest_level=room by_level={"instance": {"avg_spl": 0.10637133917577889, "avg_sr": 0.23529411764705882, "count": 34}, "object": {"avg_spl": 0.5083274301341738, "avg_sr": 0.7096774193548387, "count": 31}, "region": {"avg_spl": 0.3754002393197767, "avg_sr": 0.5172413793103449, "count": 58}, "room": {"avg_spl": 0.3849826761483092, "avg_sr": 0.6, "count": 45}}
Elapsed 1 day, 20:49:28 

Begin to process [00802-wcojb4TFT35_sequence_13_3] type: [room], Question: [sink in the kitchen]

Elapsed 1 day, 20:49:28 Current start position is [    -2.2011     0.04492     -3.4428]
Elapsed 1 day, 20:55:06 ===Episode_id 13 task_id 3 task_level=room===
SR: True, SPL: 0.8190631956406147, Object category: sink, goal type: sequence===

Elapsed 1 day, 20:55:06 [baseline] task_level=room scene=00802-wcojb4TFT35 episode=13 task=3 sec=337.414
Elapsed 1 day, 20:55:06 [BASELINE_LIVE_METRICS] rows=169 avg_sr=0.520710 avg_spl=0.350836 follower_error_count=7 levels=[object:n=31,sr=0.709677,spl=0.508327; room:n=46,sr=0.608696,spl=0.394419; region:n=58,sr=0.517241,spl=0.375400; instance:n=34,sr=0.235294,spl=0.106371] latest_scene=00802-wcojb4TFT35 latest_episode=13 latest_task=3 latest_level=room by_level={"instance": {"avg_spl": 0.10637133917577889, "avg_sr": 0.23529411764705882, "count": 34}, "object": {"avg_spl": 0.5083274301341738, "avg_sr": 0.7096774193548387, "count": 31}, "region": {"avg_spl": 0.3754002393197767, "avg_sr": 0.5172413793103449, "count": 58}, "room": {"avg_spl": 0.3944192091807506, "avg_sr": 0.6086956521739131, "count": 46}}
Elapsed 1 day, 20:55:06 

Begin to process [00802-wcojb4TFT35_sequence_13_4] type: [region], Question: [figure in the living room that has tan three-seater couch by window, fabric armchair with ottoman, tall brown bookshelf with board games, table with black printer, potted plant in corner, and TV mounted above fireplace]

Elapsed 1 day, 20:55:06 Current start position is [     2.1587     0.04492      -9.795]
Elapsed 1 day, 21:02:37 ===Episode_id 13 task_id 4 task_level=region===
SR: False, SPL: 0.0, Object category: figure, goal type: sequence===

Elapsed 1 day, 21:02:37 [baseline] task_level=region scene=00802-wcojb4TFT35 episode=13 task=4 sec=451.184
Elapsed 1 day, 21:02:37 [BASELINE_LIVE_METRICS] rows=170 avg_sr=0.517647 avg_spl=0.348772 follower_error_count=7 levels=[object:n=31,sr=0.709677,spl=0.508327; room:n=46,sr=0.608696,spl=0.394419; region:n=59,sr=0.508475,spl=0.369038; instance:n=34,sr=0.235294,spl=0.106371] latest_scene=00802-wcojb4TFT35 latest_episode=13 latest_task=4 latest_level=region by_level={"instance": {"avg_spl": 0.10637133917577889, "avg_sr": 0.23529411764705882, "count": 34}, "object": {"avg_spl": 0.5083274301341738, "avg_sr": 0.7096774193548387, "count": 31}, "region": {"avg_spl": 0.3690375233991025, "avg_sr": 0.5084745762711864, "count": 59}, "room": {"avg_spl": 0.3944192091807506, "avg_sr": 0.6086956521739131, "count": 46}}
Elapsed 1 day, 21:02:37 [Metrics] sequence count: 170, invalid_count: 0, follower_error_count: 7, avg_sr: 0.517647, avg_spl: 0.348772

=== Episode ===: 14it [15:56:02, 4571.65s/it][AElapsed 1 day, 21:02:46 

Begin to process [00802-wcojb4TFT35_sequence_14_0] type: [instance], Question: [tall dried twig beside wooden upright piano beneath cityscape prints in living room with black-and-beige leaf-patterned armchairs by window]

Elapsed 1 day, 21:02:46 Current start position is [     1.4122     0.04492     0.46227]
Elapsed 1 day, 21:32:09 ===Episode_id 14 task_id 0 task_level=instance===
SR: False, SPL: 0.0, Object category: decorative plant, goal type: sequence===

Elapsed 1 day, 21:32:09 [baseline] task_level=instance scene=00802-wcojb4TFT35 episode=14 task=0 sec=1763.094
Elapsed 1 day, 21:32:09 [BASELINE_LIVE_METRICS] rows=171 avg_sr=0.514620 avg_spl=0.346733 follower_error_count=7 levels=[object:n=31,sr=0.709677,spl=0.508327; room:n=46,sr=0.608696,spl=0.394419; region:n=59,sr=0.508475,spl=0.369038; instance:n=35,sr=0.228571,spl=0.103332] latest_scene=00802-wcojb4TFT35 latest_episode=14 latest_task=0 latest_level=instance by_level={"instance": {"avg_spl": 0.10333215805647092, "avg_sr": 0.22857142857142856, "count": 35}, "object": {"avg_spl": 0.5083274301341738, "avg_sr": 0.7096774193548387, "count": 31}, "region": {"avg_spl": 0.3690375233991025, "avg_sr": 0.5084745762711864, "count": 59}, "room": {"avg_spl": 0.3944192091807506, "avg_sr": 0.6086956521739131, "count": 46}}
Elapsed 1 day, 21:32:09 

Begin to process [00802-wcojb4TFT35_sequence_14_1] type: [room], Question: [kitchen counter in the kitchen]

Elapsed 1 day, 21:32:09 Current start position is [   0.043098     0.04492     0.58091]
Elapsed 1 day, 21:34:13 ===Episode_id 14 task_id 1 task_level=room===
SR: True, SPL: 0.7499749810512607, Object category: kitchen counter, goal type: sequence===

Elapsed 1 day, 21:34:13 [baseline] task_level=room scene=00802-wcojb4TFT35 episode=14 task=1 sec=123.721
Elapsed 1 day, 21:34:13 [BASELINE_LIVE_METRICS] rows=172 avg_sr=0.517442 avg_spl=0.349077 follower_error_count=7 levels=[object:n=31,sr=0.709677,spl=0.508327; room:n=47,sr=0.617021,spl=0.401984; region:n=59,sr=0.508475,spl=0.369038; instance:n=35,sr=0.228571,spl=0.103332] latest_scene=00802-wcojb4TFT35 latest_episode=14 latest_task=1 latest_level=room by_level={"instance": {"avg_spl": 0.10333215805647092, "avg_sr": 0.22857142857142856, "count": 35}, "object": {"avg_spl": 0.5083274301341738, "avg_sr": 0.7096774193548387, "count": 31}, "region": {"avg_spl": 0.3690375233991025, "avg_sr": 0.5084745762711864, "count": 59}, "room": {"avg_spl": 0.40198422560352737, "avg_sr": 0.6170212765957447, "count": 47}}
Elapsed 1 day, 21:34:13 

Begin to process [00802-wcojb4TFT35_sequence_14_2] type: [room], Question: [tv in the living room]

Elapsed 1 day, 21:34:13 Current start position is [      2.113     0.04492     -10.077]
Elapsed 1 day, 21:36:14 ===Episode_id 14 task_id 2 task_level=room===
SR: True, SPL: 0.8798046095872333, Object category: tv, goal type: sequence===

Elapsed 1 day, 21:36:14 [baseline] task_level=room scene=00802-wcojb4TFT35 episode=14 task=2 sec=120.574
Elapsed 1 day, 21:36:14 [BASELINE_LIVE_METRICS] rows=173 avg_sr=0.520231 avg_spl=0.352145 follower_error_count=7 levels=[object:n=31,sr=0.709677,spl=0.508327; room:n=48,sr=0.625000,spl=0.411939; region:n=59,sr=0.508475,spl=0.369038; instance:n=35,sr=0.228571,spl=0.103332] latest_scene=00802-wcojb4TFT35 latest_episode=14 latest_task=2 latest_level=room by_level={"instance": {"avg_spl": 0.10333215805647092, "avg_sr": 0.22857142857142856, "count": 35}, "object": {"avg_spl": 0.5083274301341738, "avg_sr": 0.7096774193548387, "count": 31}, "region": {"avg_spl": 0.3690375233991025, "avg_sr": 0.5084745762711864, "count": 59}, "room": {"avg_spl": 0.41193881693652123, "avg_sr": 0.625, "count": 48}}
Elapsed 1 day, 21:36:14 

Begin to process [00802-wcojb4TFT35_sequence_14_3] type: [room], Question: [table in the living room]

Elapsed 1 day, 21:36:14 Current start position is [   -0.20751     0.04492     0.50541]
Elapsed 1 day, 21:38:51 ===Episode_id 14 task_id 3 task_level=room===
SR: False, SPL: 0.0, Object category: table, goal type: sequence===

Elapsed 1 day, 21:38:51 [baseline] task_level=room scene=00802-wcojb4TFT35 episode=14 task=3 sec=156.915
Elapsed 1 day, 21:38:51 [BASELINE_LIVE_METRICS] rows=174 avg_sr=0.517241 avg_spl=0.350121 follower_error_count=7 levels=[object:n=31,sr=0.709677,spl=0.508327; room:n=49,sr=0.612245,spl=0.403532; region:n=59,sr=0.508475,spl=0.369038; instance:n=35,sr=0.228571,spl=0.103332] latest_scene=00802-wcojb4TFT35 latest_episode=14 latest_task=3 latest_level=room by_level={"instance": {"avg_spl": 0.10333215805647092, "avg_sr": 0.22857142857142856, "count": 35}, "object": {"avg_spl": 0.5083274301341738, "avg_sr": 0.7096774193548387, "count": 31}, "region": {"avg_spl": 0.3690375233991025, "avg_sr": 0.5084745762711864, "count": 59}, "room": {"avg_spl": 0.40353190230516367, "avg_sr": 0.6122448979591837, "count": 49}}
Elapsed 1 day, 21:38:51 

Begin to process [00802-wcojb4TFT35_sequence_14_4] type: [region], Question: [printer in the living room that has tan three-seater couch by window, fabric armchair with ottoman, tall brown bookshelf with board games, table with black printer, potted plant in corner, and TV mounted above fireplace]

Elapsed 1 day, 21:38:51 Current start position is [    0.67951    -0.00508     -5.1937]
Elapsed 1 day, 21:41:37 ===Episode_id 14 task_id 4 task_level=region===
SR: False, SPL: 0.0, Object category: printer, goal type: sequence===

Elapsed 1 day, 21:41:37 [baseline] task_level=region scene=00802-wcojb4TFT35 episode=14 task=4 sec=165.931
Elapsed 1 day, 21:41:37 [BASELINE_LIVE_METRICS] rows=175 avg_sr=0.514286 avg_spl=0.348120 follower_error_count=7 levels=[object:n=31,sr=0.709677,spl=0.508327; room:n=49,sr=0.612245,spl=0.403532; region:n=60,sr=0.500000,spl=0.362887; instance:n=35,sr=0.228571,spl=0.103332] latest_scene=00802-wcojb4TFT35 latest_episode=14 latest_task=4 latest_level=region by_level={"instance": {"avg_spl": 0.10333215805647092, "avg_sr": 0.22857142857142856, "count": 35}, "object": {"avg_spl": 0.5083274301341738, "avg_sr": 0.7096774193548387, "count": 31}, "region": {"avg_spl": 0.36288689800911744, "avg_sr": 0.5, "count": 60}, "room": {"avg_spl": 0.40353190230516367, "avg_sr": 0.6122448979591837, "count": 49}}
Elapsed 1 day, 21:41:37 [Metrics] sequence count: 175, invalid_count: 0, follower_error_count: 7, avg_sr: 0.514286, avg_spl: 0.348120

=== Episode ===: 15it [16:35:02, 3898.81s/it][AElapsed 1 day, 21:41:47 

Begin to process [00802-wcojb4TFT35_sequence_15_0] type: [instance], Question: [brown wooden upright piano beneath cityscape prints in living room with black-and-beige leaf-patterned armchairs by window]

Elapsed 1 day, 21:41:47 Current start position is [    0.62729      0.0447     -10.527]
Elapsed 1 day, 22:13:26 ===Episode_id 15 task_id 0 task_level=instance===
SR: False, SPL: 0.0, Object category: piano, goal type: sequence===

Elapsed 1 day, 22:13:26 [baseline] task_level=instance scene=00802-wcojb4TFT35 episode=15 task=0 sec=1898.509
Elapsed 1 day, 22:13:26 [BASELINE_LIVE_METRICS] rows=176 avg_sr=0.511364 avg_spl=0.346142 follower_error_count=7 levels=[object:n=31,sr=0.709677,spl=0.508327; room:n=49,sr=0.612245,spl=0.403532; region:n=60,sr=0.500000,spl=0.362887; instance:n=36,sr=0.222222,spl=0.100462] latest_scene=00802-wcojb4TFT35 latest_episode=15 latest_task=0 latest_level=instance by_level={"instance": {"avg_spl": 0.10046182033268006, "avg_sr": 0.2222222222222222, "count": 36}, "object": {"avg_spl": 0.5083274301341738, "avg_sr": 0.7096774193548387, "count": 31}, "region": {"avg_spl": 0.36288689800911744, "avg_sr": 0.5, "count": 60}, "room": {"avg_spl": 0.40353190230516367, "avg_sr": 0.6122448979591837, "count": 49}}
Elapsed 1 day, 22:13:26 

Begin to process [00802-wcojb4TFT35_sequence_15_1] type: [object], Question: [coffee machine]

Elapsed 1 day, 22:13:26 Current start position is [    -2.6208  -0.0040768      -9.477]
Elapsed 1 day, 22:15:11 ===Episode_id 15 task_id 1 task_level=object===
SR: True, SPL: 0.8701737900837522, Object category: coffee machine, goal type: sequence===

Elapsed 1 day, 22:15:11 [baseline] task_level=object scene=00802-wcojb4TFT35 episode=15 task=1 sec=105.171
Elapsed 1 day, 22:15:11 [BASELINE_LIVE_METRICS] rows=177 avg_sr=0.514124 avg_spl=0.349103 follower_error_count=7 levels=[object:n=32,sr=0.718750,spl=0.519635; room:n=49,sr=0.612245,spl=0.403532; region:n=60,sr=0.500000,spl=0.362887; instance:n=36,sr=0.222222,spl=0.100462] latest_scene=00802-wcojb4TFT35 latest_episode=15 latest_task=1 latest_level=object by_level={"instance": {"avg_spl": 0.10046182033268006, "avg_sr": 0.2222222222222222, "count": 36}, "object": {"avg_spl": 0.5196351288825981, "avg_sr": 0.71875, "count": 32}, "region": {"avg_spl": 0.36288689800911744, "avg_sr": 0.5, "count": 60}, "room": {"avg_spl": 0.40353190230516367, "avg_sr": 0.6122448979591837, "count": 49}}
Elapsed 1 day, 22:15:11 

Begin to process [00802-wcojb4TFT35_sequence_15_2] type: [room], Question: [decorative plant in the living room]

Elapsed 1 day, 22:15:11 Current start position is [     2.1852     0.04492       -8.99]
Elapsed 1 day, 22:18:20 ===Episode_id 15 task_id 2 task_level=room===
SR: True, SPL: 0.8013715807937463, Object category: decorative plant, goal type: sequence===

Elapsed 1 day, 22:18:20 [baseline] task_level=room scene=00802-wcojb4TFT35 episode=15 task=2 sec=188.775
Elapsed 1 day, 22:18:20 [BASELINE_LIVE_METRICS] rows=178 avg_sr=0.516854 avg_spl=0.351644 follower_error_count=7 levels=[object:n=32,sr=0.718750,spl=0.519635; room:n=50,sr=0.620000,spl=0.411489; region:n=60,sr=0.500000,spl=0.362887; instance:n=36,sr=0.222222,spl=0.100462] latest_scene=00802-wcojb4TFT35 latest_episode=15 latest_task=2 latest_level=room by_level={"instance": {"avg_spl": 0.10046182033268006, "avg_sr": 0.2222222222222222, "count": 36}, "object": {"avg_spl": 0.5196351288825981, "avg_sr": 0.71875, "count": 32}, "region": {"avg_spl": 0.36288689800911744, "avg_sr": 0.5, "count": 60}, "room": {"avg_spl": 0.4114886958749353, "avg_sr": 0.62, "count": 50}}
Elapsed 1 day, 22:18:20 

Begin to process [00802-wcojb4TFT35_sequence_15_3] type: [room], Question: [tv in the living room]

Elapsed 1 day, 22:18:20 Current start position is [    -3.0737    -0.00508     -5.4903]
Elapsed 1 day, 22:21:02 ===Episode_id 15 task_id 3 task_level=room===
SR: True, SPL: 0.8677521865776596, Object category: tv, goal type: sequence===

Elapsed 1 day, 22:21:02 [baseline] task_level=room scene=00802-wcojb4TFT35 episode=15 task=3 sec=162.642
Elapsed 1 day, 22:21:02 [BASELINE_LIVE_METRICS] rows=179 avg_sr=0.519553 avg_spl=0.354527 follower_error_count=7 levels=[object:n=32,sr=0.718750,spl=0.519635; room:n=51,sr=0.627451,spl=0.420435; region:n=60,sr=0.500000,spl=0.362887; instance:n=36,sr=0.222222,spl=0.100462] latest_scene=00802-wcojb4TFT35 latest_episode=15 latest_task=3 latest_level=room by_level={"instance": {"avg_spl": 0.10046182033268006, "avg_sr": 0.2222222222222222, "count": 36}, "object": {"avg_spl": 0.5196351288825981, "avg_sr": 0.71875, "count": 32}, "region": {"avg_spl": 0.36288689800911744, "avg_sr": 0.5, "count": 60}, "room": {"avg_spl": 0.4204350388298907, "avg_sr": 0.6274509803921569, "count": 51}}
Elapsed 1 day, 22:21:02 

Begin to process [00802-wcojb4TFT35_sequence_15_4] type: [region], Question: [printer in the living room that has tan three-seater couch by window, fabric armchair with ottoman, tall brown bookshelf with board games, table with black printer, potted plant in corner, and TV mounted above fireplace]

Elapsed 1 day, 22:21:02 Current start position is [   -0.22341     0.04492     0.60767]
Elapsed 1 day, 22:25:01 ===Episode_id 15 task_id 4 task_level=region===
SR: False, SPL: 0.0, Object category: printer, goal type: sequence===

Elapsed 1 day, 22:25:01 [baseline] task_level=region scene=00802-wcojb4TFT35 episode=15 task=4 sec=239.070
Elapsed 1 day, 22:25:01 [BASELINE_LIVE_METRICS] rows=180 avg_sr=0.516667 avg_spl=0.352558 follower_error_count=7 levels=[object:n=32,sr=0.718750,spl=0.519635; room:n=51,sr=0.627451,spl=0.420435; region:n=61,sr=0.491803,spl=0.356938; instance:n=36,sr=0.222222,spl=0.100462] latest_scene=00802-wcojb4TFT35 latest_episode=15 latest_task=4 latest_level=region by_level={"instance": {"avg_spl": 0.10046182033268006, "avg_sr": 0.2222222222222222, "count": 36}, "object": {"avg_spl": 0.5196351288825981, "avg_sr": 0.71875, "count": 32}, "region": {"avg_spl": 0.3569379324679844, "avg_sr": 0.4918032786885246, "count": 61}, "room": {"avg_spl": 0.4204350388298907, "avg_sr": 0.6274509803921569, "count": 51}}
Elapsed 1 day, 22:25:01 [Metrics] sequence count: 180, invalid_count: 0, follower_error_count: 7, avg_sr: 0.516667, avg_spl: 0.352558

=== Episode ===: 16it [17:18:26, 3509.29s/it][AElapsed 1 day, 22:25:11 

Begin to process [00802-wcojb4TFT35_sequence_16_0] type: [instance], Question: [left beige-and-black fabric armchair with leaf pattern in living room with wooden upright piano beneath cityscape prints]

Elapsed 1 day, 22:25:11 Current start position is [     0.6602     0.04492     0.19554]
Elapsed 1 day, 22:57:59 ===Episode_id 16 task_id 0 task_level=instance===
SR: False, SPL: 0.0, Object category: armchair, goal type: sequence===

Elapsed 1 day, 22:57:59 [baseline] task_level=instance scene=00802-wcojb4TFT35 episode=16 task=0 sec=1968.374
Elapsed 1 day, 22:57:59 [BASELINE_LIVE_METRICS] rows=181 avg_sr=0.513812 avg_spl=0.350610 follower_error_count=7 levels=[object:n=32,sr=0.718750,spl=0.519635; room:n=51,sr=0.627451,spl=0.420435; region:n=61,sr=0.491803,spl=0.356938; instance:n=37,sr=0.216216,spl=0.097747] latest_scene=00802-wcojb4TFT35 latest_episode=16 latest_task=0 latest_level=instance by_level={"instance": {"avg_spl": 0.09774663599936438, "avg_sr": 0.21621621621621623, "count": 37}, "object": {"avg_spl": 0.5196351288825981, "avg_sr": 0.71875, "count": 32}, "region": {"avg_spl": 0.3569379324679844, "avg_sr": 0.4918032786885246, "count": 61}, "room": {"avg_spl": 0.4204350388298907, "avg_sr": 0.6274509803921569, "count": 51}}
Elapsed 1 day, 22:57:59 

Begin to process [00802-wcojb4TFT35_sequence_16_1] type: [object], Question: [shelf]

Elapsed 1 day, 22:57:59 Current start position is [   -0.91632     0.04492     -2.0463]
Elapsed 1 day, 23:01:04 Goal is not navigable: 00802-wcojb4TFT35_sequence_16_1
Elapsed 1 day, 23:01:04 ===Episode_id 16 task_id 1 task_level=object===
SR: 0, SPL: 0, Object category: shelf, goal type: sequence===

Elapsed 1 day, 23:01:04 [baseline] task_level=object scene=00802-wcojb4TFT35 episode=16 task=1 sec=185.100
Elapsed 1 day, 23:01:04 [BASELINE_LIVE_METRICS] rows=182 avg_sr=0.510989 avg_spl=0.348683 follower_error_count=7 levels=[object:n=33,sr=0.696970,spl=0.503889; room:n=51,sr=0.627451,spl=0.420435; region:n=61,sr=0.491803,spl=0.356938; instance:n=37,sr=0.216216,spl=0.097747] latest_scene=00802-wcojb4TFT35 latest_episode=16 latest_task=1 latest_level=object by_level={"instance": {"avg_spl": 0.09774663599936438, "avg_sr": 0.21621621621621623, "count": 37}, "object": {"avg_spl": 0.5038886098255497, "avg_sr": 0.696969696969697, "count": 33}, "region": {"avg_spl": 0.3569379324679844, "avg_sr": 0.4918032786885246, "count": 61}, "room": {"avg_spl": 0.4204350388298907, "avg_sr": 0.6274509803921569, "count": 51}}
Elapsed 1 day, 23:01:04 

Begin to process [00802-wcojb4TFT35_sequence_16_2] type: [object], Question: [bookshelf]

Elapsed 1 day, 23:01:04 Current start position is [    -1.0627     0.04492     -3.7315]
Elapsed 1 day, 23:03:57 ===Episode_id 16 task_id 2 task_level=object===
SR: True, SPL: 1.0, Object category: bookshelf, goal type: sequence===

Elapsed 1 day, 23:03:58 [baseline] task_level=object scene=00802-wcojb4TFT35 episode=16 task=2 sec=173.332
Elapsed 1 day, 23:03:58 [BASELINE_LIVE_METRICS] rows=183 avg_sr=0.513661 avg_spl=0.352242 follower_error_count=7 levels=[object:n=34,sr=0.705882,spl=0.518480; room:n=51,sr=0.627451,spl=0.420435; region:n=61,sr=0.491803,spl=0.356938; instance:n=37,sr=0.216216,spl=0.097747] latest_scene=00802-wcojb4TFT35 latest_episode=16 latest_task=2 latest_level=object by_level={"instance": {"avg_spl": 0.09774663599936438, "avg_sr": 0.21621621621621623, "count": 37}, "object": {"avg_spl": 0.5184801213012689, "avg_sr": 0.7058823529411765, "count": 34}, "region": {"avg_spl": 0.3569379324679844, "avg_sr": 0.4918032786885246, "count": 61}, "room": {"avg_spl": 0.4204350388298907, "avg_sr": 0.6274509803921569, "count": 51}}
Elapsed 1 day, 23:03:58 

Begin to process [00802-wcojb4TFT35_sequence_16_3] type: [region], Question: [coffee machine in the kitchen that has white kitchen cabinets with stainless sink below window, microwave above stove and oven, built-in dishwasher, coffee machine in corner, and stainless steel refrigerator]

Elapsed 1 day, 23:03:58 Current start position is [    -1.0627     0.04492     -3.7315]
Elapsed 1 day, 23:32:13 ===Episode_id 16 task_id 3 task_level=region===
SR: False, SPL: 0.0, Object category: coffee machine, goal type: sequence===

Elapsed 1 day, 23:32:13 [baseline] task_level=region scene=00802-wcojb4TFT35 episode=16 task=3 sec=1695.225
Elapsed 1 day, 23:32:13 [BASELINE_LIVE_METRICS] rows=184 avg_sr=0.510870 avg_spl=0.350328 follower_error_count=7 levels=[object:n=34,sr=0.705882,spl=0.518480; room:n=51,sr=0.627451,spl=0.420435; region:n=62,sr=0.483871,spl=0.351181; instance:n=37,sr=0.216216,spl=0.097747] latest_scene=00802-wcojb4TFT35 latest_episode=16 latest_task=3 latest_level=region by_level={"instance": {"avg_spl": 0.09774663599936438, "avg_sr": 0.21621621621621623, "count": 37}, "object": {"avg_spl": 0.5184801213012689, "avg_sr": 0.7058823529411765, "count": 34}, "region": {"avg_spl": 0.3511808690410814, "avg_sr": 0.4838709677419355, "count": 62}, "room": {"avg_spl": 0.4204350388298907, "avg_sr": 0.6274509803921569, "count": 51}}
Elapsed 1 day, 23:32:13 

Begin to process [00802-wcojb4TFT35_sequence_16_4] type: [object], Question: [piano bench]

Elapsed 1 day, 23:32:13 Current start position is [     1.1011    0.028498     -9.5867]
Elapsed 1 day, 23:37:07 ===Episode_id 16 task_id 4 task_level=object===
SR: False, SPL: 0.0, Object category: piano bench, goal type: sequence===

Elapsed 1 day, 23:37:07 [baseline] task_level=object scene=00802-wcojb4TFT35 episode=16 task=4 sec=294.123
Elapsed 1 day, 23:37:07 [BASELINE_LIVE_METRICS] rows=185 avg_sr=0.508108 avg_spl=0.348434 follower_error_count=7 levels=[object:n=35,sr=0.685714,spl=0.503666; room:n=51,sr=0.627451,spl=0.420435; region:n=62,sr=0.483871,spl=0.351181; instance:n=37,sr=0.216216,spl=0.097747] latest_scene=00802-wcojb4TFT35 latest_episode=16 latest_task=4 latest_level=object by_level={"instance": {"avg_spl": 0.09774663599936438, "avg_sr": 0.21621621621621623, "count": 37}, "object": {"avg_spl": 0.503666403549804, "avg_sr": 0.6857142857142857, "count": 35}, "region": {"avg_spl": 0.3511808690410814, "avg_sr": 0.4838709677419355, "count": 62}, "room": {"avg_spl": 0.4204350388298907, "avg_sr": 0.6274509803921569, "count": 51}}
Elapsed 1 day, 23:37:07 [Metrics] sequence count: 185, invalid_count: 0, follower_error_count: 7, avg_sr: 0.508108, avg_spl: 0.348434

=== Episode ===: 17it [18:30:32, 3754.75s/it][AElapsed 1 day, 23:37:17 

Begin to process [00802-wcojb4TFT35_sequence_17_0] type: [instance], Question: [black side table with lamp between black-and-beige leaf-patterned armchairs in living room with wooden piano beneath cityscape prints]

Elapsed 1 day, 23:37:17 Current start position is [    0.42604     0.04492     0.46181]
Elapsed 2 days, 0:05:53 ===Episode_id 17 task_id 0 task_level=instance===
SR: False, SPL: 0.0, Object category: table, goal type: sequence===

Elapsed 2 days, 0:05:53 [baseline] task_level=instance scene=00802-wcojb4TFT35 episode=17 task=0 sec=1716.242
Elapsed 2 days, 0:05:53 [BASELINE_LIVE_METRICS] rows=186 avg_sr=0.505376 avg_spl=0.346561 follower_error_count=7 levels=[object:n=35,sr=0.685714,spl=0.503666; room:n=51,sr=0.627451,spl=0.420435; region:n=62,sr=0.483871,spl=0.351181; instance:n=38,sr=0.210526,spl=0.095174] latest_scene=00802-wcojb4TFT35 latest_episode=17 latest_task=0 latest_level=instance by_level={"instance": {"avg_spl": 0.09517435610464427, "avg_sr": 0.21052631578947367, "count": 38}, "object": {"avg_spl": 0.503666403549804, "avg_sr": 0.6857142857142857, "count": 35}, "region": {"avg_spl": 0.3511808690410814, "avg_sr": 0.4838709677419355, "count": 62}, "room": {"avg_spl": 0.4204350388298907, "avg_sr": 0.6274509803921569, "count": 51}}
Elapsed 2 days, 0:05:53 

Begin to process [00802-wcojb4TFT35_sequence_17_1] type: [object], Question: [cabinet]

Elapsed 2 days, 0:05:53 Current start position is [     1.5996     0.04492    0.073026]
Elapsed 2 days, 0:07:56 ===Episode_id 17 task_id 1 task_level=object===
SR: False, SPL: 0.0, Object category: cabinet, goal type: sequence===

Elapsed 2 days, 0:07:56 [baseline] task_level=object scene=00802-wcojb4TFT35 episode=17 task=1 sec=122.413
Elapsed 2 days, 0:07:56 [BASELINE_LIVE_METRICS] rows=187 avg_sr=0.502674 avg_spl=0.344708 follower_error_count=7 levels=[object:n=36,sr=0.666667,spl=0.489676; room:n=51,sr=0.627451,spl=0.420435; region:n=62,sr=0.483871,spl=0.351181; instance:n=38,sr=0.210526,spl=0.095174] latest_scene=00802-wcojb4TFT35 latest_episode=17 latest_task=1 latest_level=object by_level={"instance": {"avg_spl": 0.09517435610464427, "avg_sr": 0.21052631578947367, "count": 38}, "object": {"avg_spl": 0.489675670117865, "avg_sr": 0.6666666666666666, "count": 36}, "region": {"avg_spl": 0.3511808690410814, "avg_sr": 0.4838709677419355, "count": 62}, "room": {"avg_spl": 0.4204350388298907, "avg_sr": 0.6274509803921569, "count": 51}}
Elapsed 2 days, 0:07:56 

Begin to process [00802-wcojb4TFT35_sequence_17_2] type: [region], Question: [decorative plant in the living room that has wooden upright piano below three framed cityscape prints, four-seasons tree prints above console cabinet, vase of bare branches in corner, and black-and-beige leaf-patterned armchairs by window]

Elapsed 2 days, 0:07:56 Current start position is [   -0.34242     0.04492     -3.6857]
Elapsed 2 days, 0:09:38 ===Episode_id 17 task_id 2 task_level=region===
SR: True, SPL: 0.756294582319382, Object category: decorative plant, goal type: sequence===

Elapsed 2 days, 0:09:38 [baseline] task_level=region scene=00802-wcojb4TFT35 episode=17 task=2 sec=102.423
Elapsed 2 days, 0:09:38 [BASELINE_LIVE_METRICS] rows=188 avg_sr=0.505319 avg_spl=0.346897 follower_error_count=7 levels=[object:n=36,sr=0.666667,spl=0.489676; room:n=51,sr=0.627451,spl=0.420435; region:n=63,sr=0.492063,spl=0.357611; instance:n=38,sr=0.210526,spl=0.095174] latest_scene=00802-wcojb4TFT35 latest_episode=17 latest_task=2 latest_level=region by_level={"instance": {"avg_spl": 0.09517435610464427, "avg_sr": 0.21052631578947367, "count": 38}, "object": {"avg_spl": 0.489675670117865, "avg_sr": 0.6666666666666666, "count": 36}, "region": {"avg_spl": 0.35761124544232425, "avg_sr": 0.49206349206349204, "count": 63}, "room": {"avg_spl": 0.4204350388298907, "avg_sr": 0.6274509803921569, "count": 51}}
Elapsed 2 days, 0:09:38 

Begin to process [00802-wcojb4TFT35_sequence_17_3] type: [region], Question: [dishwasher in the kitchen that has white kitchen cabinets with stainless sink below window, microwave above stove and oven, built-in dishwasher, coffee machine in corner, and stainless steel refrigerator]

Elapsed 2 days, 0:09:38 Current start position is [    -2.6299    -0.00508     -5.3744]
Elapsed 2 days, 0:16:54 ===Episode_id 17 task_id 3 task_level=region===
SR: False, SPL: 0.0, Object category: dishwasher, goal type: sequence===

Elapsed 2 days, 0:16:54 [baseline] task_level=region scene=00802-wcojb4TFT35 episode=17 task=3 sec=435.779
Elapsed 2 days, 0:16:54 [BASELINE_LIVE_METRICS] rows=189 avg_sr=0.502646 avg_spl=0.345062 follower_error_count=7 levels=[object:n=36,sr=0.666667,spl=0.489676; room:n=51,sr=0.627451,spl=0.420435; region:n=64,sr=0.484375,spl=0.352024; instance:n=38,sr=0.210526,spl=0.095174] latest_scene=00802-wcojb4TFT35 latest_episode=17 latest_task=3 latest_level=region by_level={"instance": {"avg_spl": 0.09517435610464427, "avg_sr": 0.21052631578947367, "count": 38}, "object": {"avg_spl": 0.489675670117865, "avg_sr": 0.6666666666666666, "count": 36}, "region": {"avg_spl": 0.35202356973228793, "avg_sr": 0.484375, "count": 64}, "room": {"avg_spl": 0.4204350388298907, "avg_sr": 0.6274509803921569, "count": 51}}
Elapsed 2 days, 0:16:54 

Begin to process [00802-wcojb4TFT35_sequence_17_4] type: [room], Question: [piano in the living room]

Elapsed 2 days, 0:16:54 Current start position is [     1.0586    0.029416     -9.6566]
Elapsed 2 days, 0:18:42 ===Episode_id 17 task_id 4 task_level=room===
SR: False, SPL: 0.0, Object category: piano, goal type: sequence===

Elapsed 2 days, 0:18:42 [baseline] task_level=room scene=00802-wcojb4TFT35 episode=17 task=4 sec=108.629
Elapsed 2 days, 0:18:43 [BASELINE_LIVE_METRICS] rows=190 avg_sr=0.500000 avg_spl=0.343246 follower_error_count=7 levels=[object:n=36,sr=0.666667,spl=0.489676; room:n=52,sr=0.615385,spl=0.412350; region:n=64,sr=0.484375,spl=0.352024; instance:n=38,sr=0.210526,spl=0.095174] latest_scene=00802-wcojb4TFT35 latest_episode=17 latest_task=4 latest_level=room by_level={"instance": {"avg_spl": 0.09517435610464427, "avg_sr": 0.21052631578947367, "count": 38}, "object": {"avg_spl": 0.489675670117865, "avg_sr": 0.6666666666666666, "count": 36}, "region": {"avg_spl": 0.35202356973228793, "avg_sr": 0.484375, "count": 64}, "room": {"avg_spl": 0.4123497496216236, "avg_sr": 0.6153846153846154, "count": 52}}
Elapsed 2 days, 0:18:43 [Metrics] sequence count: 190, invalid_count: 0, follower_error_count: 7, avg_sr: 0.500000, avg_spl: 0.343246

=== Episode ===: 18it [19:12:08, 3376.40s/it][AElapsed 2 days, 0:18:52 

Begin to process [00802-wcojb4TFT35_sequence_18_0] type: [instance], Question: [yellow banana under white cabinets in kitchen with stainless refrigerator and built-in dishwasher]

Elapsed 2 days, 0:18:52 Current start position is [    0.78546     0.04492     0.23157]
Elapsed 2 days, 1:24:05 ===Episode_id 18 task_id 0 task_level=instance===
SR: True, SPL: 0.571716812105368, Object category: fruit, goal type: sequence===

Elapsed 2 days, 1:24:05 [baseline] task_level=instance scene=00802-wcojb4TFT35 episode=18 task=0 sec=3912.894
Elapsed 2 days, 1:24:05 [BASELINE_LIVE_METRICS] rows=191 avg_sr=0.502618 avg_spl=0.344442 follower_error_count=7 levels=[object:n=36,sr=0.666667,spl=0.489676; room:n=52,sr=0.615385,spl=0.412350; region:n=64,sr=0.484375,spl=0.352024; instance:n=39,sr=0.230769,spl=0.107393] latest_scene=00802-wcojb4TFT35 latest_episode=18 latest_task=0 latest_level=instance by_level={"instance": {"avg_spl": 0.10739339343799614, "avg_sr": 0.23076923076923078, "count": 39}, "object": {"avg_spl": 0.489675670117865, "avg_sr": 0.6666666666666666, "count": 36}, "region": {"avg_spl": 0.35202356973228793, "avg_sr": 0.484375, "count": 64}, "room": {"avg_spl": 0.4123497496216236, "avg_sr": 0.6153846153846154, "count": 52}}
Elapsed 2 days, 1:24:05 

Begin to process [00802-wcojb4TFT35_sequence_18_1] type: [object], Question: [printer]

Elapsed 2 days, 1:24:05 Current start position is [     1.9346     0.04492     -10.639]
Elapsed 2 days, 1:26:55 ===Episode_id 18 task_id 1 task_level=object===
SR: True, SPL: 0.9664078303336969, Object category: printer, goal type: sequence===

Elapsed 2 days, 1:26:55 [baseline] task_level=object scene=00802-wcojb4TFT35 episode=18 task=1 sec=169.126
Elapsed 2 days, 1:26:55 [BASELINE_LIVE_METRICS] rows=192 avg_sr=0.505208 avg_spl=0.347681 follower_error_count=7 levels=[object:n=37,sr=0.675676,spl=0.502560; room:n=52,sr=0.615385,spl=0.412350; region:n=64,sr=0.484375,spl=0.352024; instance:n=39,sr=0.230769,spl=0.107393] latest_scene=00802-wcojb4TFT35 latest_episode=18 latest_task=1 latest_level=object by_level={"instance": {"avg_spl": 0.10739339343799614, "avg_sr": 0.23076923076923078, "count": 39}, "object": {"avg_spl": 0.5025603230966713, "avg_sr": 0.6756756756756757, "count": 37}, "region": {"avg_spl": 0.35202356973228793, "avg_sr": 0.484375, "count": 64}, "room": {"avg_spl": 0.4123497496216236, "avg_sr": 0.6153846153846154, "count": 52}}
Elapsed 2 days, 1:26:55 

Begin to process [00802-wcojb4TFT35_sequence_18_2] type: [region], Question: [worktop in the kitchen that has white kitchen cabinets with stainless sink below window, microwave above stove and oven, built-in dishwasher, coffee machine in corner, and stainless steel refrigerator]

Elapsed 2 days, 1:26:55 Current start position is [     1.8759     0.04492     -4.7158]
Elapsed 2 days, 1:29:33 ===Episode_id 18 task_id 2 task_level=region===
SR: False, SPL: 0.0, Object category: worktop, goal type: sequence===

Elapsed 2 days, 1:29:33 [baseline] task_level=region scene=00802-wcojb4TFT35 episode=18 task=2 sec=158.098
Elapsed 2 days, 1:29:33 [BASELINE_LIVE_METRICS] rows=193 avg_sr=0.502591 avg_spl=0.345880 follower_error_count=7 levels=[object:n=37,sr=0.675676,spl=0.502560; room:n=52,sr=0.615385,spl=0.412350; region:n=65,sr=0.476923,spl=0.346608; instance:n=39,sr=0.230769,spl=0.107393] latest_scene=00802-wcojb4TFT35 latest_episode=18 latest_task=2 latest_level=region by_level={"instance": {"avg_spl": 0.10739339343799614, "avg_sr": 0.23076923076923078, "count": 39}, "object": {"avg_spl": 0.5025603230966713, "avg_sr": 0.6756756756756757, "count": 37}, "region": {"avg_spl": 0.3466078225056374, "avg_sr": 0.47692307692307695, "count": 65}, "room": {"avg_spl": 0.4123497496216236, "avg_sr": 0.6153846153846154, "count": 52}}
Elapsed 2 days, 1:29:33 

Begin to process [00802-wcojb4TFT35_sequence_18_3] type: [room], Question: [art frame in the living room]

Elapsed 2 days, 1:29:33 Current start position is [     1.1258    0.034352     -9.7376]
Elapsed 2 days, 1:32:00 ===Episode_id 18 task_id 3 task_level=room===
SR: False, SPL: 0.0, Object category: art frame, goal type: sequence===

Elapsed 2 days, 1:32:00 [baseline] task_level=room scene=00802-wcojb4TFT35 episode=18 task=3 sec=147.160
Elapsed 2 days, 1:32:00 [BASELINE_LIVE_METRICS] rows=194 avg_sr=0.500000 avg_spl=0.344097 follower_error_count=7 levels=[object:n=37,sr=0.675676,spl=0.502560; room:n=53,sr=0.603774,spl=0.404570; region:n=65,sr=0.476923,spl=0.346608; instance:n=39,sr=0.230769,spl=0.107393] latest_scene=00802-wcojb4TFT35 latest_episode=18 latest_task=3 latest_level=room by_level={"instance": {"avg_spl": 0.10739339343799614, "avg_sr": 0.23076923076923078, "count": 39}, "object": {"avg_spl": 0.5025603230966713, "avg_sr": 0.6756756756756757, "count": 37}, "region": {"avg_spl": 0.3466078225056374, "avg_sr": 0.47692307692307695, "count": 65}, "room": {"avg_spl": 0.4045695656664986, "avg_sr": 0.6037735849056604, "count": 53}}
Elapsed 2 days, 1:32:00 

Begin to process [00802-wcojb4TFT35_sequence_18_4] type: [region], Question: [bath sink in the bathroom that has dark bath vanity with white vessel sink, black-framed mirror, gray hanging towel, toilet with tray against blue walls, floral framed wall art]

Elapsed 2 days, 1:32:00 Current start position is [     1.2639    0.042278     -4.4125]
Elapsed 2 days, 2:12:45 ===Episode_id 18 task_id 4 task_level=region===
SR: False, SPL: 0.0, Object category: bath sink, goal type: sequence===

Elapsed 2 days, 2:12:45 [baseline] task_level=region scene=00802-wcojb4TFT35 episode=18 task=4 sec=2444.880
Elapsed 2 days, 2:12:45 [BASELINE_LIVE_METRICS] rows=195 avg_sr=0.497436 avg_spl=0.342332 follower_error_count=7 levels=[object:n=37,sr=0.675676,spl=0.502560; room:n=53,sr=0.603774,spl=0.404570; region:n=66,sr=0.469697,spl=0.341356; instance:n=39,sr=0.230769,spl=0.107393] latest_scene=00802-wcojb4TFT35 latest_episode=18 latest_task=4 latest_level=region by_level={"instance": {"avg_spl": 0.10739339343799614, "avg_sr": 0.23076923076923078, "count": 39}, "object": {"avg_spl": 0.5025603230966713, "avg_sr": 0.6756756756756757, "count": 37}, "region": {"avg_spl": 0.3413561888313095, "avg_sr": 0.4696969696969697, "count": 66}, "room": {"avg_spl": 0.4045695656664986, "avg_sr": 0.6037735849056604, "count": 53}}
Elapsed 2 days, 2:12:45 [Metrics] sequence count: 195, invalid_count: 0, follower_error_count: 7, avg_sr: 0.497436, avg_spl: 0.342332

=== Episode ===: 19it [21:06:10, 4417.33s/it][AElapsed 2 days, 2:12:53 

Begin to process [00802-wcojb4TFT35_sequence_19_0] type: [instance], Question: [white kitchen counter with a bunch of bananas against tiled backsplash near microwave above stove and oven and stainless sink]

Elapsed 2 days, 2:12:53 Current start position is [    -2.0145     0.04492     -3.4751]
Elapsed 2 days, 2:43:39 ===Episode_id 19 task_id 0 task_level=instance===
SR: True, SPL: 0.8811405644430671, Object category: worktop, goal type: sequence===

Elapsed 2 days, 2:43:39 [baseline] task_level=instance scene=00802-wcojb4TFT35 episode=19 task=0 sec=1846.534
Elapsed 2 days, 2:43:39 [BASELINE_LIVE_METRICS] rows=196 avg_sr=0.500000 avg_spl=0.345081 follower_error_count=7 levels=[object:n=37,sr=0.675676,spl=0.502560; room:n=53,sr=0.603774,spl=0.404570; region:n=66,sr=0.469697,spl=0.341356; instance:n=40,sr=0.250000,spl=0.126737] latest_scene=00802-wcojb4TFT35 latest_episode=19 latest_task=0 latest_level=instance by_level={"instance": {"avg_spl": 0.1267370727131229, "avg_sr": 0.25, "count": 40}, "object": {"avg_spl": 0.5025603230966713, "avg_sr": 0.6756756756756757, "count": 37}, "region": {"avg_spl": 0.3413561888313095, "avg_sr": 0.4696969696969697, "count": 66}, "room": {"avg_spl": 0.4045695656664986, "avg_sr": 0.6037735849056604, "count": 53}}
Elapsed 2 days, 2:43:39 

Begin to process [00802-wcojb4TFT35_sequence_19_1] type: [room], Question: [table in the living room]

Elapsed 2 days, 2:43:39 Current start position is [     2.0816     0.04492     -10.211]
Elapsed 2 days, 2:45:16 ===Episode_id 19 task_id 1 task_level=room===
SR: False, SPL: 0.0, Object category: table, goal type: sequence===

Elapsed 2 days, 2:45:16 [baseline] task_level=room scene=00802-wcojb4TFT35 episode=19 task=1 sec=97.148
Elapsed 2 days, 2:45:16 [BASELINE_LIVE_METRICS] rows=197 avg_sr=0.497462 avg_spl=0.343329 follower_error_count=7 levels=[object:n=37,sr=0.675676,spl=0.502560; room:n=54,sr=0.592593,spl=0.397078; region:n=66,sr=0.469697,spl=0.341356; instance:n=40,sr=0.250000,spl=0.126737] latest_scene=00802-wcojb4TFT35 latest_episode=19 latest_task=1 latest_level=room by_level={"instance": {"avg_spl": 0.1267370727131229, "avg_sr": 0.25, "count": 40}, "object": {"avg_spl": 0.5025603230966713, "avg_sr": 0.6756756756756757, "count": 37}, "region": {"avg_spl": 0.3413561888313095, "avg_sr": 0.4696969696969697, "count": 66}, "room": {"avg_spl": 0.39707753667267454, "avg_sr": 0.5925925925925926, "count": 54}}
Elapsed 2 days, 2:45:16 

Begin to process [00802-wcojb4TFT35_sequence_19_2] type: [region], Question: [coffee machine in the kitchen that has white kitchen cabinets with stainless sink below window, microwave above stove and oven, built-in dishwasher, coffee machine in corner, and stainless steel refrigerator]

Elapsed 2 days, 2:45:16 Current start position is [    0.59291    -0.00508     -5.3856]
Elapsed 2 days, 2:47:07 ===Episode_id 19 task_id 2 task_level=region===
SR: False, SPL: 0.0, Object category: coffee machine, goal type: sequence===

Elapsed 2 days, 2:47:07 [baseline] task_level=region scene=00802-wcojb4TFT35 episode=19 task=2 sec=110.610
Elapsed 2 days, 2:47:07 [BASELINE_LIVE_METRICS] rows=198 avg_sr=0.494949 avg_spl=0.341596 follower_error_count=7 levels=[object:n=37,sr=0.675676,spl=0.502560; room:n=54,sr=0.592593,spl=0.397078; region:n=67,sr=0.462687,spl=0.336261; instance:n=40,sr=0.250000,spl=0.126737] latest_scene=00802-wcojb4TFT35 latest_episode=19 latest_task=2 latest_level=region by_level={"instance": {"avg_spl": 0.1267370727131229, "avg_sr": 0.25, "count": 40}, "object": {"avg_spl": 0.5025603230966713, "avg_sr": 0.6756756756756757, "count": 37}, "region": {"avg_spl": 0.33626132034128997, "avg_sr": 0.4626865671641791, "count": 67}, "room": {"avg_spl": 0.39707753667267454, "avg_sr": 0.5925925925925926, "count": 54}}
Elapsed 2 days, 2:47:07 

Begin to process [00802-wcojb4TFT35_sequence_19_3] type: [room], Question: [piano in the living room]

Elapsed 2 days, 2:47:07 Current start position is [     1.1264    0.032663     -9.6863]
Elapsed 2 days, 2:48:53 ===Episode_id 19 task_id 3 task_level=room===
SR: False, SPL: 0.0, Object category: piano, goal type: sequence===

Elapsed 2 days, 2:48:53 [baseline] task_level=room scene=00802-wcojb4TFT35 episode=19 task=3 sec=106.354
Elapsed 2 days, 2:48:53 [BASELINE_LIVE_METRICS] rows=199 avg_sr=0.492462 avg_spl=0.339879 follower_error_count=7 levels=[object:n=37,sr=0.675676,spl=0.502560; room:n=55,sr=0.581818,spl=0.389858; region:n=67,sr=0.462687,spl=0.336261; instance:n=40,sr=0.250000,spl=0.126737] latest_scene=00802-wcojb4TFT35 latest_episode=19 latest_task=3 latest_level=room by_level={"instance": {"avg_spl": 0.1267370727131229, "avg_sr": 0.25, "count": 40}, "object": {"avg_spl": 0.5025603230966713, "avg_sr": 0.6756756756756757, "count": 37}, "region": {"avg_spl": 0.33626132034128997, "avg_sr": 0.4626865671641791, "count": 67}, "room": {"avg_spl": 0.3898579450968077, "avg_sr": 0.5818181818181818, "count": 55}}
Elapsed 2 days, 2:48:53 

Begin to process [00802-wcojb4TFT35_sequence_19_4] type: [room], Question: [sink in the kitchen]

Elapsed 2 days, 2:48:53 Current start position is [    0.23325     0.04492     0.55232]
Elapsed 2 days, 2:50:41 ===Episode_id 19 task_id 4 task_level=room===
SR: True, SPL: 0.7891270246094103, Object category: sink, goal type: sequence===

Elapsed 2 days, 2:50:41 [baseline] task_level=room scene=00802-wcojb4TFT35 episode=19 task=4 sec=107.195
Elapsed 2 days, 2:50:41 [BASELINE_LIVE_METRICS] rows=200 avg_sr=0.495000 avg_spl=0.342125 follower_error_count=7 levels=[object:n=37,sr=0.675676,spl=0.502560; room:n=56,sr=0.589286,spl=0.396988; region:n=67,sr=0.462687,spl=0.336261; instance:n=40,sr=0.250000,spl=0.126737] latest_scene=00802-wcojb4TFT35 latest_episode=19 latest_task=4 latest_level=room by_level={"instance": {"avg_spl": 0.1267370727131229, "avg_sr": 0.25, "count": 40}, "object": {"avg_spl": 0.5025603230966713, "avg_sr": 0.6756756756756757, "count": 37}, "region": {"avg_spl": 0.33626132034128997, "avg_sr": 0.4626865671641791, "count": 67}, "room": {"avg_spl": 0.3969877500881042, "avg_sr": 0.5892857142857143, "count": 56}}
Elapsed 2 days, 2:50:41 [Metrics] sequence count: 200, invalid_count: 0, follower_error_count: 7, avg_sr: 0.495000, avg_spl: 0.342125

=== Episode ===: 20it [21:44:06, 3774.41s/it][A=== Episode ===: 20it [21:44:06, 3912.31s/it]
Elapsed 2 days, 2:50:41 [Metrics] sequence count: 200, invalid_count: 0, follower_error_count: 7, avg_sr: 0.495000, avg_spl: 0.342125
*** Scene ***:  29%|##8       | 2/7 [50:50:06<123:50:19, 89163.89s/it] Elapsed 2 days, 2:50:41 




*************************** Processing 00803-k1cupFYWXJ6.json.gz, Total Episode 20 ***************************

=== Episode ===: 0it [00:00, ?it/s][AElapsed 2 days, 2:50:49 

Begin to process [00803-k1cupFYWXJ6_sequence_0_0] type: [instance], Question: [teal carpet with white swirls covering floor]

Elapsed 2 days, 2:50:49 Current start position is [     5.4972     -14.923     0.43487]
Elapsed 2 days, 3:56:12 ===Episode_id 0 task_id 0 task_level=instance===
SR: True, SPL: 0.22178735760171814, Object category: carpet, goal type: sequence===

Elapsed 2 days, 3:56:12 [baseline] task_level=instance scene=00803-k1cupFYWXJ6 episode=0 task=0 sec=3922.928
Elapsed 2 days, 3:56:12 [BASELINE_LIVE_METRICS] rows=201 avg_sr=0.497512 avg_spl=0.341526 follower_error_count=7 levels=[object:n=37,sr=0.675676,spl=0.502560; room:n=56,sr=0.589286,spl=0.396988; region:n=67,sr=0.462687,spl=0.336261; instance:n=41,sr=0.268293,spl=0.129055] latest_scene=00803-k1cupFYWXJ6 latest_episode=0 latest_task=0 latest_level=instance by_level={"instance": {"avg_spl": 0.12905537234455206, "avg_sr": 0.2682926829268293, "count": 41}, "object": {"avg_spl": 0.5025603230966713, "avg_sr": 0.6756756756756757, "count": 37}, "region": {"avg_spl": 0.33626132034128997, "avg_sr": 0.4626865671641791, "count": 67}, "room": {"avg_spl": 0.3969877500881042, "avg_sr": 0.5892857142857143, "count": 56}}
Elapsed 2 days, 3:56:12 

Begin to process [00803-k1cupFYWXJ6_sequence_0_1] type: [region], Question: [picture in the hall that has purple patterned armchairs and ornate plant in sculpted pot beside carved arch and stairs]

Elapsed 2 days, 3:56:12 Current start position is [    -2.1805     -14.873     -6.5804]
Elapsed 2 days, 3:57:16 ===Episode_id 0 task_id 1 task_level=region===
SR: False, SPL: 0.0, Object category: picture, goal type: sequence===

Elapsed 2 days, 3:57:16 [baseline] task_level=region scene=00803-k1cupFYWXJ6 episode=0 task=1 sec=63.371
Elapsed 2 days, 3:57:16 [BASELINE_LIVE_METRICS] rows=202 avg_sr=0.495050 avg_spl=0.339836 follower_error_count=7 levels=[object:n=37,sr=0.675676,spl=0.502560; room:n=56,sr=0.589286,spl=0.396988; region:n=68,sr=0.455882,spl=0.331316; instance:n=41,sr=0.268293,spl=0.129055] latest_scene=00803-k1cupFYWXJ6 latest_episode=0 latest_task=1 latest_level=region by_level={"instance": {"avg_spl": 0.12905537234455206, "avg_sr": 0.2682926829268293, "count": 41}, "object": {"avg_spl": 0.5025603230966713, "avg_sr": 0.6756756756756757, "count": 37}, "region": {"avg_spl": 0.3313163009245063, "avg_sr": 0.45588235294117646, "count": 68}, "room": {"avg_spl": 0.3969877500881042, "avg_sr": 0.5892857142857143, "count": 56}}
Elapsed 2 days, 3:57:16 

Begin to process [00803-k1cupFYWXJ6_sequence_0_2] type: [object], Question: [radiator]

Elapsed 2 days, 3:57:16 Current start position is [    -1.4722     -14.923     -2.6778]
Elapsed 2 days, 3:58:45 ===Episode_id 0 task_id 2 task_level=object===
SR: False, SPL: 0.0, Object category: radiator, goal type: sequence===

Elapsed 2 days, 3:58:45 [baseline] task_level=object scene=00803-k1cupFYWXJ6 episode=0 task=2 sec=88.974
Elapsed 2 days, 3:58:45 [BASELINE_LIVE_METRICS] rows=203 avg_sr=0.492611 avg_spl=0.338162 follower_error_count=7 levels=[object:n=38,sr=0.657895,spl=0.489335; room:n=56,sr=0.589286,spl=0.396988; region:n=68,sr=0.455882,spl=0.331316; instance:n=41,sr=0.268293,spl=0.129055] latest_scene=00803-k1cupFYWXJ6 latest_episode=0 latest_task=2 latest_level=object by_level={"instance": {"avg_spl": 0.12905537234455206, "avg_sr": 0.2682926829268293, "count": 41}, "object": {"avg_spl": 0.4893350514362325, "avg_sr": 0.6578947368421053, "count": 38}, "region": {"avg_spl": 0.3313163009245063, "avg_sr": 0.45588235294117646, "count": 68}, "room": {"avg_spl": 0.3969877500881042, "avg_sr": 0.5892857142857143, "count": 56}}
Elapsed 2 days, 3:58:45 

Begin to process [00803-k1cupFYWXJ6_sequence_0_3] type: [object], Question: [table]

Elapsed 2 days, 3:58:45 Current start position is [   -0.49979     -14.943      3.2522]
Elapsed 2 days, 3:59:52 ===Episode_id 0 task_id 3 task_level=object===
SR: True, SPL: 0.7392770331104911, Object category: table, goal type: sequence===

Elapsed 2 days, 3:59:52 [baseline] task_level=object scene=00803-k1cupFYWXJ6 episode=0 task=3 sec=67.401
Elapsed 2 days, 3:59:52 [BASELINE_LIVE_METRICS] rows=204 avg_sr=0.495098 avg_spl=0.340128 follower_error_count=7 levels=[object:n=39,sr=0.666667,spl=0.495744; room:n=56,sr=0.589286,spl=0.396988; region:n=68,sr=0.455882,spl=0.331316; instance:n=41,sr=0.268293,spl=0.129055] latest_scene=00803-k1cupFYWXJ6 latest_episode=0 latest_task=3 latest_level=object by_level={"instance": {"avg_spl": 0.12905537234455206, "avg_sr": 0.2682926829268293, "count": 41}, "object": {"avg_spl": 0.49574382019711094, "avg_sr": 0.6666666666666666, "count": 39}, "region": {"avg_spl": 0.3313163009245063, "avg_sr": 0.45588235294117646, "count": 68}, "room": {"avg_spl": 0.3969877500881042, "avg_sr": 0.5892857142857143, "count": 56}}
Elapsed 2 days, 3:59:52 

Begin to process [00803-k1cupFYWXJ6_sequence_0_4] type: [region], Question: [table in the hall that has purple patterned armchairs and ornate plant in sculpted pot beside carved arch and stairs]

Elapsed 2 days, 3:59:52 Current start position is [     2.6081     -14.923     0.86422]
Elapsed 2 days, 4:02:03 ===Episode_id 0 task_id 4 task_level=region===
SR: True, SPL: 0.841768693247581, Object category: table, goal type: sequence===

Elapsed 2 days, 4:02:03 [baseline] task_level=region scene=00803-k1cupFYWXJ6 episode=0 task=4 sec=131.221
Elapsed 2 days, 4:02:03 [BASELINE_LIVE_METRICS] rows=205 avg_sr=0.497561 avg_spl=0.342575 follower_error_count=7 levels=[object:n=39,sr=0.666667,spl=0.495744; room:n=56,sr=0.589286,spl=0.396988; region:n=69,sr=0.463768,spl=0.338714; instance:n=41,sr=0.268293,spl=0.129055] latest_scene=00803-k1cupFYWXJ6 latest_episode=0 latest_task=4 latest_level=region by_level={"instance": {"avg_spl": 0.12905537234455206, "avg_sr": 0.2682926829268293, "count": 41}, "object": {"avg_spl": 0.49574382019711094, "avg_sr": 0.6666666666666666, "count": 39}, "region": {"avg_spl": 0.3387141616828117, "avg_sr": 0.463768115942029, "count": 69}, "room": {"avg_spl": 0.3969877500881042, "avg_sr": 0.5892857142857143, "count": 56}}
Elapsed 2 days, 4:02:03 [Metrics] sequence count: 205, invalid_count: 0, follower_error_count: 7, avg_sr: 0.497561, avg_spl: 0.342575

=== Episode ===: 1it [1:11:22, 4282.63s/it][AElapsed 2 days, 4:02:12 

Begin to process [00803-k1cupFYWXJ6_sequence_1_0] type: [instance], Question: [the right purple damask armchair against mirrored wall beside ornate plant in sculpted pot near carved arch and stairs]

Elapsed 2 days, 4:02:12 Current start position is [     5.1139     -14.923     0.81751]
Elapsed 2 days, 4:43:19 ===Episode_id 1 task_id 0 task_level=instance===
SR: False, SPL: 0.0, Object category: armchair, goal type: sequence===

Elapsed 2 days, 4:43:19 [baseline] task_level=instance scene=00803-k1cupFYWXJ6 episode=1 task=0 sec=2467.075
Elapsed 2 days, 4:43:19 [BASELINE_LIVE_METRICS] rows=206 avg_sr=0.495146 avg_spl=0.340912 follower_error_count=7 levels=[object:n=39,sr=0.666667,spl=0.495744; room:n=56,sr=0.589286,spl=0.396988; region:n=69,sr=0.463768,spl=0.338714; instance:n=42,sr=0.261905,spl=0.125983] latest_scene=00803-k1cupFYWXJ6 latest_episode=1 latest_task=0 latest_level=instance by_level={"instance": {"avg_spl": 0.12598262538396748, "avg_sr": 0.2619047619047619, "count": 42}, "object": {"avg_spl": 0.49574382019711094, "avg_sr": 0.6666666666666666, "count": 39}, "region": {"avg_spl": 0.3387141616828117, "avg_sr": 0.463768115942029, "count": 69}, "room": {"avg_spl": 0.3969877500881042, "avg_sr": 0.5892857142857143, "count": 56}}
Elapsed 2 days, 4:43:19 

Begin to process [00803-k1cupFYWXJ6_sequence_1_1] type: [region], Question: [decorative plant in the hall that has beige patterned armchairs and round wooden table below colorful patterned ceiling]

Elapsed 2 days, 4:43:19 Current start position is [    -4.2494     -14.923     -8.3633]
Elapsed 2 days, 4:46:28 ===Episode_id 1 task_id 1 task_level=region===
SR: False, SPL: 0.0, Object category: decorative plant, goal type: sequence===

Elapsed 2 days, 4:46:28 [baseline] task_level=region scene=00803-k1cupFYWXJ6 episode=1 task=1 sec=189.244
Elapsed 2 days, 4:46:28 [BASELINE_LIVE_METRICS] rows=207 avg_sr=0.492754 avg_spl=0.339265 follower_error_count=7 levels=[object:n=39,sr=0.666667,spl=0.495744; room:n=56,sr=0.589286,spl=0.396988; region:n=70,sr=0.457143,spl=0.333875; instance:n=42,sr=0.261905,spl=0.125983] latest_scene=00803-k1cupFYWXJ6 latest_episode=1 latest_task=1 latest_level=region by_level={"instance": {"avg_spl": 0.12598262538396748, "avg_sr": 0.2619047619047619, "count": 42}, "object": {"avg_spl": 0.49574382019711094, "avg_sr": 0.6666666666666666, "count": 39}, "region": {"avg_spl": 0.33387538794448585, "avg_sr": 0.45714285714285713, "count": 70}, "room": {"avg_spl": 0.3969877500881042, "avg_sr": 0.5892857142857143, "count": 56}}
Elapsed 2 days, 4:46:28 

Begin to process [00803-k1cupFYWXJ6_sequence_1_2] type: [object], Question: [decorative plant]

Elapsed 2 days, 4:46:28 Current start position is [    -1.9025     -14.923     -3.0002]
Elapsed 2 days, 4:47:30 ===Episode_id 1 task_id 2 task_level=object===
SR: True, SPL: 1.0, Object category: decorative plant, goal type: sequence===

Elapsed 2 days, 4:47:30 [baseline] task_level=object scene=00803-k1cupFYWXJ6 episode=1 task=2 sec=61.516
Elapsed 2 days, 4:47:30 [BASELINE_LIVE_METRICS] rows=208 avg_sr=0.495192 avg_spl=0.342442 follower_error_count=7 levels=[object:n=40,sr=0.675000,spl=0.508350; room:n=56,sr=0.589286,spl=0.396988; region:n=70,sr=0.457143,spl=0.333875; instance:n=42,sr=0.261905,spl=0.125983] latest_scene=00803-k1cupFYWXJ6 latest_episode=1 latest_task=2 latest_level=object by_level={"instance": {"avg_spl": 0.12598262538396748, "avg_sr": 0.2619047619047619, "count": 42}, "object": {"avg_spl": 0.5083502246921832, "avg_sr": 0.675, "count": 40}, "region": {"avg_spl": 0.33387538794448585, "avg_sr": 0.45714285714285713, "count": 70}, "room": {"avg_spl": 0.3969877500881042, "avg_sr": 0.5892857142857143, "count": 56}}
Elapsed 2 days, 4:47:30 

Begin to process [00803-k1cupFYWXJ6_sequence_1_3] type: [room], Question: [armchair in the hall]

Elapsed 2 days, 4:47:30 Current start position is [    -1.9025     -14.923     -3.0002]
Elapsed 2 days, 4:50:13 ===Episode_id 1 task_id 3 task_level=room===
SR: True, SPL: 0.011555569532852984, Object category: armchair, goal type: sequence===

Elapsed 2 days, 4:50:13 [baseline] task_level=room scene=00803-k1cupFYWXJ6 episode=1 task=3 sec=162.883
Elapsed 2 days, 4:50:13 [BASELINE_LIVE_METRICS] rows=209 avg_sr=0.497608 avg_spl=0.340858 follower_error_count=7 levels=[object:n=40,sr=0.675000,spl=0.508350; room:n=57,sr=0.596491,spl=0.390226; region:n=70,sr=0.457143,spl=0.333875; instance:n=42,sr=0.261905,spl=0.125983] latest_scene=00803-k1cupFYWXJ6 latest_episode=1 latest_task=3 latest_level=room by_level={"instance": {"avg_spl": 0.12598262538396748, "avg_sr": 0.2619047619047619, "count": 42}, "object": {"avg_spl": 0.5083502246921832, "avg_sr": 0.675, "count": 40}, "region": {"avg_spl": 0.33387538794448585, "avg_sr": 0.45714285714285713, "count": 70}, "room": {"avg_spl": 0.3902257820081875, "avg_sr": 0.5964912280701754, "count": 57}}
Elapsed 2 days, 4:50:13 

Begin to process [00803-k1cupFYWXJ6_sequence_1_4] type: [region], Question: [bin in the hall that has purple patterned armchairs and ornate plant in sculpted pot beside carved arch and stairs]

Elapsed 2 days, 4:50:13 Current start position is [    -1.6519     -14.923     -4.2797]
Elapsed 2 days, 4:51:34 ===Episode_id 1 task_id 4 task_level=region===
SR: False, SPL: 0.0, Object category: bin, goal type: sequence===

Elapsed 2 days, 4:51:34 [baseline] task_level=region scene=00803-k1cupFYWXJ6 episode=1 task=4 sec=81.467
Elapsed 2 days, 4:51:34 [BASELINE_LIVE_METRICS] rows=210 avg_sr=0.495238 avg_spl=0.339235 follower_error_count=7 levels=[object:n=40,sr=0.675000,spl=0.508350; room:n=57,sr=0.596491,spl=0.390226; region:n=71,sr=0.450704,spl=0.329173; instance:n=42,sr=0.261905,spl=0.125983] latest_scene=00803-k1cupFYWXJ6 latest_episode=1 latest_task=4 latest_level=region by_level={"instance": {"avg_spl": 0.12598262538396748, "avg_sr": 0.2619047619047619, "count": 42}, "object": {"avg_spl": 0.5083502246921832, "avg_sr": 0.675, "count": 40}, "region": {"avg_spl": 0.3291729176917466, "avg_sr": 0.4507042253521127, "count": 71}, "room": {"avg_spl": 0.3902257820081875, "avg_sr": 0.5964912280701754, "count": 57}}
Elapsed 2 days, 4:51:34 [Metrics] sequence count: 210, invalid_count: 0, follower_error_count: 7, avg_sr: 0.495238, avg_spl: 0.339235

=== Episode ===: 2it [2:00:53, 3510.99s/it][AElapsed 2 days, 4:51:43 

Begin to process [00803-k1cupFYWXJ6_sequence_2_0] type: [instance], Question: [the left purple damask armchair against mirrored wall beside ornate plant in sculpted pot near carved arch and stairs]

Elapsed 2 days, 4:51:43 Current start position is [     5.3151     -14.923     0.34909]
Elapsed 2 days, 5:24:23 ===Episode_id 2 task_id 0 task_level=instance===
SR: False, SPL: 0.0, Object category: armchair, goal type: sequence===

Elapsed 2 days, 5:24:23 [baseline] task_level=instance scene=00803-k1cupFYWXJ6 episode=2 task=0 sec=1960.601
Elapsed 2 days, 5:24:23 [BASELINE_LIVE_METRICS] rows=211 avg_sr=0.492891 avg_spl=0.337628 follower_error_count=7 levels=[object:n=40,sr=0.675000,spl=0.508350; room:n=57,sr=0.596491,spl=0.390226; region:n=71,sr=0.450704,spl=0.329173; instance:n=43,sr=0.255814,spl=0.123053] latest_scene=00803-k1cupFYWXJ6 latest_episode=2 latest_task=0 latest_level=instance by_level={"instance": {"avg_spl": 0.12305279688666591, "avg_sr": 0.2558139534883721, "count": 43}, "object": {"avg_spl": 0.5083502246921832, "avg_sr": 0.675, "count": 40}, "region": {"avg_spl": 0.3291729176917466, "avg_sr": 0.4507042253521127, "count": 71}, "room": {"avg_spl": 0.3902257820081875, "avg_sr": 0.5964912280701754, "count": 57}}
Elapsed 2 days, 5:24:23 

Begin to process [00803-k1cupFYWXJ6_sequence_2_1] type: [region], Question: [decorative plant in the hall that has beige patterned armchairs and round wooden table below colorful patterned ceiling]

Elapsed 2 days, 5:24:23 Current start position is [     2.7084     -14.923      2.0565]
Elapsed 2 days, 5:25:58 ===Episode_id 2 task_id 1 task_level=region===
SR: False, SPL: 0.0, Object category: decorative plant, goal type: sequence===

Elapsed 2 days, 5:25:58 [baseline] task_level=region scene=00803-k1cupFYWXJ6 episode=2 task=1 sec=94.844
Elapsed 2 days, 5:25:58 [BASELINE_LIVE_METRICS] rows=212 avg_sr=0.490566 avg_spl=0.336035 follower_error_count=7 levels=[object:n=40,sr=0.675000,spl=0.508350; room:n=57,sr=0.596491,spl=0.390226; region:n=72,sr=0.444444,spl=0.324601; instance:n=43,sr=0.255814,spl=0.123053] latest_scene=00803-k1cupFYWXJ6 latest_episode=2 latest_task=1 latest_level=region by_level={"instance": {"avg_spl": 0.12305279688666591, "avg_sr": 0.2558139534883721, "count": 43}, "object": {"avg_spl": 0.5083502246921832, "avg_sr": 0.675, "count": 40}, "region": {"avg_spl": 0.3246010716126946, "avg_sr": 0.4444444444444444, "count": 72}, "room": {"avg_spl": 0.3902257820081875, "avg_sr": 0.5964912280701754, "count": 57}}
Elapsed 2 days, 5:25:58 

Begin to process [00803-k1cupFYWXJ6_sequence_2_2] type: [room], Question: [armchair in the hall]

Elapsed 2 days, 5:25:58 Current start position is [    -1.8207     -14.923     -2.9639]
Elapsed 2 days, 5:29:25 ===Episode_id 2 task_id 2 task_level=room===
SR: True, SPL: 0.0034262539040927865, Object category: armchair, goal type: sequence===

Elapsed 2 days, 5:29:25 [baseline] task_level=room scene=00803-k1cupFYWXJ6 episode=2 task=2 sec=207.188
Elapsed 2 days, 5:29:25 [BASELINE_LIVE_METRICS] rows=213 avg_sr=0.492958 avg_spl=0.334473 follower_error_count=7 levels=[object:n=40,sr=0.675000,spl=0.508350; room:n=58,sr=0.603448,spl=0.383557; region:n=72,sr=0.444444,spl=0.324601; instance:n=43,sr=0.255814,spl=0.123053] latest_scene=00803-k1cupFYWXJ6 latest_episode=2 latest_task=2 latest_level=room by_level={"instance": {"avg_spl": 0.12305279688666591, "avg_sr": 0.2558139534883721, "count": 43}, "object": {"avg_spl": 0.5083502246921832, "avg_sr": 0.675, "count": 40}, "region": {"avg_spl": 0.3246010716126946, "avg_sr": 0.4444444444444444, "count": 72}, "room": {"avg_spl": 0.3835568246270824, "avg_sr": 0.603448275862069, "count": 58}}
Elapsed 2 days, 5:29:25 

Begin to process [00803-k1cupFYWXJ6_sequence_2_3] type: [region], Question: [bust in the hall that has beige patterned armchairs and round wooden table below colorful patterned ceiling]

Elapsed 2 days, 5:29:25 Current start position is [    -2.6529     -14.923     -10.639]
Elapsed 2 days, 5:37:25 Target is not navigable
Elapsed 2 days, 5:37:25 cannt find path
Elapsed 2 days, 5:37:25 [baseline][follow-error] scene=00803-k1cupFYWXJ6 episode_id=2 task_id=3 task_level=region final=True error=GreedyFollowerError path_found=False
Elapsed 2 days, 5:37:25 ===Episode_id 2 task_id 3 task_level=region===
SR: 0, SPL: 0, Object category: bust, goal type: sequence===

Elapsed 2 days, 5:37:25 [baseline] task_level=region scene=00803-k1cupFYWXJ6 episode=2 task=3 sec=479.757
Elapsed 2 days, 5:37:25 [BASELINE_LIVE_METRICS] rows=214 avg_sr=0.490654 avg_spl=0.332911 follower_error_count=8 levels=[object:n=40,sr=0.675000,spl=0.508350; room:n=58,sr=0.603448,spl=0.383557; region:n=73,sr=0.438356,spl=0.320154; instance:n=43,sr=0.255814,spl=0.123053] latest_scene=00803-k1cupFYWXJ6 latest_episode=2 latest_task=3 latest_level=region by_level={"instance": {"avg_spl": 0.12305279688666591, "avg_sr": 0.2558139534883721, "count": 43}, "object": {"avg_spl": 0.5083502246921832, "avg_sr": 0.675, "count": 40}, "region": {"avg_spl": 0.32015448159060284, "avg_sr": 0.4383561643835616, "count": 73}, "room": {"avg_spl": 0.3835568246270824, "avg_sr": 0.603448275862069, "count": 58}}
Elapsed 2 days, 5:37:25 

Begin to process [00803-k1cupFYWXJ6_sequence_2_4] type: [room], Question: [bin in the hall]

Elapsed 2 days, 5:37:25 Current start position is [   -0.32795     -14.931      3.0358]
Elapsed 2 days, 5:38:23 ===Episode_id 2 task_id 4 task_level=room===
SR: False, SPL: 0.0, Object category: bin, goal type: sequence===

Elapsed 2 days, 5:38:23 [baseline] task_level=room scene=00803-k1cupFYWXJ6 episode=2 task=4 sec=57.644
Elapsed 2 days, 5:38:23 [BASELINE_LIVE_METRICS] rows=215 avg_sr=0.488372 avg_spl=0.331362 follower_error_count=8 levels=[object:n=40,sr=0.675000,spl=0.508350; room:n=59,sr=0.593220,spl=0.377056; region:n=73,sr=0.438356,spl=0.320154; instance:n=43,sr=0.255814,spl=0.123053] latest_scene=00803-k1cupFYWXJ6 latest_episode=2 latest_task=4 latest_level=room by_level={"instance": {"avg_spl": 0.12305279688666591, "avg_sr": 0.2558139534883721, "count": 43}, "object": {"avg_spl": 0.5083502246921832, "avg_sr": 0.675, "count": 40}, "region": {"avg_spl": 0.32015448159060284, "avg_sr": 0.4383561643835616, "count": 73}, "room": {"avg_spl": 0.37705586149780984, "avg_sr": 0.5932203389830508, "count": 59}}
Elapsed 2 days, 5:38:23 [Metrics] sequence count: 215, invalid_count: 0, follower_error_count: 8, avg_sr: 0.488372, avg_spl: 0.331362

=== Episode ===: 3it [2:47:42, 3190.30s/it][AElapsed 2 days, 5:38:32 

Begin to process [00803-k1cupFYWXJ6_sequence_3_0] type: [instance], Question: [silver cylindrical bin below fire alarm in hall with purple patterned armchair and decorative plant beside carved arch above stairs]

Elapsed 2 days, 5:38:32 Current start position is [     4.8151     -14.923    -0.07909]
Elapsed 2 days, 6:33:44 ===Episode_id 3 task_id 0 task_level=instance===
SR: False, SPL: 0.0, Object category: bin, goal type: sequence===

Elapsed 2 days, 6:33:44 [baseline] task_level=instance scene=00803-k1cupFYWXJ6 episode=3 task=0 sec=3312.892
Elapsed 2 days, 6:33:44 [BASELINE_LIVE_METRICS] rows=216 avg_sr=0.486111 avg_spl=0.329828 follower_error_count=8 levels=[object:n=40,sr=0.675000,spl=0.508350; room:n=59,sr=0.593220,spl=0.377056; region:n=73,sr=0.438356,spl=0.320154; instance:n=44,sr=0.250000,spl=0.120256] latest_scene=00803-k1cupFYWXJ6 latest_episode=3 latest_task=0 latest_level=instance by_level={"instance": {"avg_spl": 0.12025614241196897, "avg_sr": 0.25, "count": 44}, "object": {"avg_spl": 0.5083502246921832, "avg_sr": 0.675, "count": 40}, "region": {"avg_spl": 0.32015448159060284, "avg_sr": 0.4383561643835616, "count": 73}, "room": {"avg_spl": 0.37705586149780984, "avg_sr": 0.5932203389830508, "count": 59}}
Elapsed 2 days, 6:33:44 

Begin to process [00803-k1cupFYWXJ6_sequence_3_1] type: [object], Question: [armchair]

Elapsed 2 days, 6:33:44 Current start position is [    -2.9889     -14.923     -9.5651]
Elapsed 2 days, 6:34:32 ===Episode_id 3 task_id 1 task_level=object===
SR: True, SPL: 0.416147265927238, Object category: armchair, goal type: sequence===

Elapsed 2 days, 6:34:32 [baseline] task_level=object scene=00803-k1cupFYWXJ6 episode=3 task=1 sec=47.908
Elapsed 2 days, 6:34:32 [BASELINE_LIVE_METRICS] rows=217 avg_sr=0.488479 avg_spl=0.330226 follower_error_count=8 levels=[object:n=41,sr=0.682927,spl=0.506101; room:n=59,sr=0.593220,spl=0.377056; region:n=73,sr=0.438356,spl=0.320154; instance:n=44,sr=0.250000,spl=0.120256] latest_scene=00803-k1cupFYWXJ6 latest_episode=3 latest_task=1 latest_level=object by_level={"instance": {"avg_spl": 0.12025614241196897, "avg_sr": 0.25, "count": 44}, "object": {"avg_spl": 0.5061013720393795, "avg_sr": 0.6829268292682927, "count": 41}, "region": {"avg_spl": 0.32015448159060284, "avg_sr": 0.4383561643835616, "count": 73}, "room": {"avg_spl": 0.37705586149780984, "avg_sr": 0.5932203389830508, "count": 59}}
Elapsed 2 days, 6:34:32 

Begin to process [00803-k1cupFYWXJ6_sequence_3_2] type: [room], Question: [armchair in the hall]

Elapsed 2 days, 6:34:32 Current start position is [    -2.7034     -14.923     -10.524]
Elapsed 2 days, 6:35:49 ===Episode_id 3 task_id 2 task_level=room===
SR: True, SPL: 1.0, Object category: armchair, goal type: sequence===

Elapsed 2 days, 6:35:49 [baseline] task_level=room scene=00803-k1cupFYWXJ6 episode=3 task=2 sec=76.149
Elapsed 2 days, 6:35:49 [BASELINE_LIVE_METRICS] rows=218 avg_sr=0.490826 avg_spl=0.333298 follower_error_count=8 levels=[object:n=41,sr=0.682927,spl=0.506101; room:n=60,sr=0.600000,spl=0.387438; region:n=73,sr=0.438356,spl=0.320154; instance:n=44,sr=0.250000,spl=0.120256] latest_scene=00803-k1cupFYWXJ6 latest_episode=3 latest_task=2 latest_level=room by_level={"instance": {"avg_spl": 0.12025614241196897, "avg_sr": 0.25, "count": 44}, "object": {"avg_spl": 0.5061013720393795, "avg_sr": 0.6829268292682927, "count": 41}, "region": {"avg_spl": 0.32015448159060284, "avg_sr": 0.4383561643835616, "count": 73}, "room": {"avg_spl": 0.3874382638061797, "avg_sr": 0.6, "count": 60}}
Elapsed 2 days, 6:35:49 

Begin to process [00803-k1cupFYWXJ6_sequence_3_3] type: [room], Question: [table in the hall]

Elapsed 2 days, 6:35:49 Current start position is [    -2.7034     -14.923     -10.524]
Elapsed 2 days, 6:37:22 ===Episode_id 3 task_id 3 task_level=room===
SR: True, SPL: 0.5273429098693262, Object category: table, goal type: sequence===

Elapsed 2 days, 6:37:22 [baseline] task_level=room scene=00803-k1cupFYWXJ6 episode=3 task=3 sec=92.940
Elapsed 2 days, 6:37:22 [BASELINE_LIVE_METRICS] rows=219 avg_sr=0.493151 avg_spl=0.334184 follower_error_count=8 levels=[object:n=41,sr=0.682927,spl=0.506101; room:n=61,sr=0.606557,spl=0.389732; region:n=73,sr=0.438356,spl=0.320154; instance:n=44,sr=0.250000,spl=0.120256] latest_scene=00803-k1cupFYWXJ6 latest_episode=3 latest_task=3 latest_level=room by_level={"instance": {"avg_spl": 0.12025614241196897, "avg_sr": 0.25, "count": 44}, "object": {"avg_spl": 0.5061013720393795, "avg_sr": 0.6829268292682927, "count": 41}, "region": {"avg_spl": 0.32015448159060284, "avg_sr": 0.4383561643835616, "count": 73}, "room": {"avg_spl": 0.3897317825941001, "avg_sr": 0.6065573770491803, "count": 61}}
Elapsed 2 days, 6:37:22 

Begin to process [00803-k1cupFYWXJ6_sequence_3_4] type: [region], Question: [table in the hall that has purple patterned armchairs and ornate plant in sculpted pot beside carved arch and stairs]

Elapsed 2 days, 6:37:22 Current start position is [      4.026     -14.923    -0.83836]
Elapsed 2 days, 6:38:42 ===Episode_id 3 task_id 4 task_level=region===
SR: False, SPL: 0.0, Object category: table, goal type: sequence===

Elapsed 2 days, 6:38:42 [baseline] task_level=region scene=00803-k1cupFYWXJ6 episode=3 task=4 sec=80.148
Elapsed 2 days, 6:38:42 [BASELINE_LIVE_METRICS] rows=220 avg_sr=0.490909 avg_spl=0.332665 follower_error_count=8 levels=[object:n=41,sr=0.682927,spl=0.506101; room:n=61,sr=0.606557,spl=0.389732; region:n=74,sr=0.432432,spl=0.315828; instance:n=44,sr=0.250000,spl=0.120256] latest_scene=00803-k1cupFYWXJ6 latest_episode=3 latest_task=4 latest_level=region by_level={"instance": {"avg_spl": 0.12025614241196897, "avg_sr": 0.25, "count": 44}, "object": {"avg_spl": 0.5061013720393795, "avg_sr": 0.6829268292682927, "count": 41}, "region": {"avg_spl": 0.3158280696772163, "avg_sr": 0.43243243243243246, "count": 74}, "room": {"avg_spl": 0.3897317825941001, "avg_sr": 0.6065573770491803, "count": 61}}
Elapsed 2 days, 6:38:42 [Metrics] sequence count: 220, invalid_count: 0, follower_error_count: 8, avg_sr: 0.490909, avg_spl: 0.332665

=== Episode ===: 4it [3:48:00, 3359.47s/it][AElapsed 2 days, 6:38:53 

Begin to process [00803-k1cupFYWXJ6_sequence_4_0] type: [instance], Question: [decorative plant in flowerpot on round wooden table in hall beside beige patterned armchairs under colorful patterned ceiling]

Elapsed 2 days, 6:38:53 Current start position is [    -1.1337     -14.873     -7.1597]
Elapsed 2 days, 7:28:54 ===Episode_id 4 task_id 0 task_level=instance===
SR: False, SPL: 0.0, Object category: decorative plant, goal type: sequence===

Elapsed 2 days, 7:28:54 [baseline] task_level=instance scene=00803-k1cupFYWXJ6 episode=4 task=0 sec=3001.324
Elapsed 2 days, 7:28:54 [BASELINE_LIVE_METRICS] rows=221 avg_sr=0.488688 avg_spl=0.331160 follower_error_count=8 levels=[object:n=41,sr=0.682927,spl=0.506101; room:n=61,sr=0.606557,spl=0.389732; region:n=74,sr=0.432432,spl=0.315828; instance:n=45,sr=0.244444,spl=0.117584] latest_scene=00803-k1cupFYWXJ6 latest_episode=4 latest_task=0 latest_level=instance by_level={"instance": {"avg_spl": 0.11758378369170298, "avg_sr": 0.24444444444444444, "count": 45}, "object": {"avg_spl": 0.5061013720393795, "avg_sr": 0.6829268292682927, "count": 41}, "region": {"avg_spl": 0.3158280696772163, "avg_sr": 0.43243243243243246, "count": 74}, "room": {"avg_spl": 0.3897317825941001, "avg_sr": 0.6065573770491803, "count": 61}}
Elapsed 2 days, 7:28:54 

Begin to process [00803-k1cupFYWXJ6_sequence_4_1] type: [region], Question: [armchair in the hall that has purple patterned armchairs and ornate plant in sculpted pot beside carved arch and stairs]

Elapsed 2 days, 7:28:54 Current start position is [   -0.35417     -14.937      3.1947]
Elapsed 2 days, 7:46:05 ===Episode_id 4 task_id 1 task_level=region===
SR: True, SPL: 0.20449212106724718, Object category: armchair, goal type: sequence===

Elapsed 2 days, 7:46:05 [baseline] task_level=region scene=00803-k1cupFYWXJ6 episode=4 task=1 sec=1031.192
Elapsed 2 days, 7:46:05 [BASELINE_LIVE_METRICS] rows=222 avg_sr=0.490991 avg_spl=0.330589 follower_error_count=8 levels=[object:n=41,sr=0.682927,spl=0.506101; room:n=61,sr=0.606557,spl=0.389732; region:n=75,sr=0.440000,spl=0.314344; instance:n=45,sr=0.244444,spl=0.117584] latest_scene=00803-k1cupFYWXJ6 latest_episode=4 latest_task=1 latest_level=region by_level={"instance": {"avg_spl": 0.11758378369170298, "avg_sr": 0.24444444444444444, "count": 45}, "object": {"avg_spl": 0.5061013720393795, "avg_sr": 0.6829268292682927, "count": 41}, "region": {"avg_spl": 0.3143435903624167, "avg_sr": 0.44, "count": 75}, "room": {"avg_spl": 0.3897317825941001, "avg_sr": 0.6065573770491803, "count": 61}}
Elapsed 2 days, 7:46:05 

Begin to process [00803-k1cupFYWXJ6_sequence_4_2] type: [region], Question: [radiator in the hall that has beige patterned armchairs and round wooden table below colorful patterned ceiling]

Elapsed 2 days, 7:46:05 Current start position is [    -1.3545     -14.923     -2.6692]
Elapsed 2 days, 7:49:50 ===Episode_id 4 task_id 2 task_level=region===
SR: False, SPL: 0.0, Object category: radiator, goal type: sequence===

Elapsed 2 days, 7:49:50 [baseline] task_level=region scene=00803-k1cupFYWXJ6 episode=4 task=2 sec=225.082
Elapsed 2 days, 7:49:50 [BASELINE_LIVE_METRICS] rows=223 avg_sr=0.488789 avg_spl=0.329107 follower_error_count=8 levels=[object:n=41,sr=0.682927,spl=0.506101; room:n=61,sr=0.606557,spl=0.389732; region:n=76,sr=0.434211,spl=0.310207; instance:n=45,sr=0.244444,spl=0.117584] latest_scene=00803-k1cupFYWXJ6 latest_episode=4 latest_task=2 latest_level=region by_level={"instance": {"avg_spl": 0.11758378369170298, "avg_sr": 0.24444444444444444, "count": 45}, "object": {"avg_spl": 0.5061013720393795, "avg_sr": 0.6829268292682927, "count": 41}, "region": {"avg_spl": 0.310207490489227, "avg_sr": 0.4342105263157895, "count": 76}, "room": {"avg_spl": 0.3897317825941001, "avg_sr": 0.6065573770491803, "count": 61}}
Elapsed 2 days, 7:49:50 

Begin to process [00803-k1cupFYWXJ6_sequence_4_3] type: [region], Question: [table in the hall that has beige patterned armchairs and round wooden table below colorful patterned ceiling]

Elapsed 2 days, 7:49:50 Current start position is [    -1.0318     -14.873     -5.3067]
Elapsed 2 days, 7:52:47 ===Episode_id 4 task_id 3 task_level=region===
SR: True, SPL: 0.7549248231682005, Object category: table, goal type: sequence===

Elapsed 2 days, 7:52:47 [baseline] task_level=region scene=00803-k1cupFYWXJ6 episode=4 task=3 sec=176.157
Elapsed 2 days, 7:52:47 [BASELINE_LIVE_METRICS] rows=224 avg_sr=0.491071 avg_spl=0.331008 follower_error_count=8 levels=[object:n=41,sr=0.682927,spl=0.506101; room:n=61,sr=0.606557,spl=0.389732; region:n=77,sr=0.441558,spl=0.315983; instance:n=45,sr=0.244444,spl=0.117584] latest_scene=00803-k1cupFYWXJ6 latest_episode=4 latest_task=3 latest_level=region by_level={"instance": {"avg_spl": 0.11758378369170298, "avg_sr": 0.24444444444444444, "count": 45}, "object": {"avg_spl": 0.5061013720393795, "avg_sr": 0.6829268292682927, "count": 41}, "region": {"avg_spl": 0.31598304026427865, "avg_sr": 0.44155844155844154, "count": 77}, "room": {"avg_spl": 0.3897317825941001, "avg_sr": 0.6065573770491803, "count": 61}}
Elapsed 2 days, 7:52:47 

Begin to process [00803-k1cupFYWXJ6_sequence_4_4] type: [room], Question: [bust in the hall]

Elapsed 2 days, 7:52:47 Current start position is [     2.7342     -14.923     0.84948]
Elapsed 2 days, 7:56:07 ===Episode_id 4 task_id 4 task_level=room===
SR: False, SPL: 0.0, Object category: bust, goal type: sequence===

Elapsed 2 days, 7:56:07 [baseline] task_level=room scene=00803-k1cupFYWXJ6 episode=4 task=4 sec=200.325
Elapsed 2 days, 7:56:07 [BASELINE_LIVE_METRICS] rows=225 avg_sr=0.488889 avg_spl=0.329537 follower_error_count=8 levels=[object:n=41,sr=0.682927,spl=0.506101; room:n=62,sr=0.596774,spl=0.383446; region:n=77,sr=0.441558,spl=0.315983; instance:n=45,sr=0.244444,spl=0.117584] latest_scene=00803-k1cupFYWXJ6 latest_episode=4 latest_task=4 latest_level=room by_level={"instance": {"avg_spl": 0.11758378369170298, "avg_sr": 0.24444444444444444, "count": 45}, "object": {"avg_spl": 0.5061013720393795, "avg_sr": 0.6829268292682927, "count": 41}, "region": {"avg_spl": 0.31598304026427865, "avg_sr": 0.44155844155844154, "count": 77}, "room": {"avg_spl": 0.3834457861006469, "avg_sr": 0.5967741935483871, "count": 62}}
Elapsed 2 days, 7:56:07 [Metrics] sequence count: 225, invalid_count: 0, follower_error_count: 8, avg_sr: 0.488889, avg_spl: 0.329537

=== Episode ===: 5it [5:05:26, 3823.14s/it][AElapsed 2 days, 7:56:17 

Begin to process [00803-k1cupFYWXJ6_sequence_5_0] type: [instance], Question: [white square side table with black base between purple chairs under yellow-framed wall maps near exhibition table with ship model]

Elapsed 2 days, 7:56:17 Current start position is [     3.9937      6.4774    -0.00427]
Elapsed 2 days, 8:26:03 ===Episode_id 5 task_id 0 task_level=instance===
SR: False, SPL: 0.0, Object category: coffee table, goal type: sequence===

Elapsed 2 days, 8:26:03 [baseline] task_level=instance scene=00803-k1cupFYWXJ6 episode=5 task=0 sec=1785.996
Elapsed 2 days, 8:26:03 [BASELINE_LIVE_METRICS] rows=226 avg_sr=0.486726 avg_spl=0.328079 follower_error_count=8 levels=[object:n=41,sr=0.682927,spl=0.506101; room:n=62,sr=0.596774,spl=0.383446; region:n=77,sr=0.441558,spl=0.315983; instance:n=46,sr=0.239130,spl=0.115028] latest_scene=00803-k1cupFYWXJ6 latest_episode=5 latest_task=0 latest_level=instance by_level={"instance": {"avg_spl": 0.1150276144810138, "avg_sr": 0.2391304347826087, "count": 46}, "object": {"avg_spl": 0.5061013720393795, "avg_sr": 0.6829268292682927, "count": 41}, "region": {"avg_spl": 0.31598304026427865, "avg_sr": 0.44155844155844154, "count": 77}, "room": {"avg_spl": 0.3834457861006469, "avg_sr": 0.5967741935483871, "count": 62}}
Elapsed 2 days, 8:26:03 

Begin to process [00803-k1cupFYWXJ6_sequence_5_1] type: [room], Question: [map in the hall]

Elapsed 2 days, 8:26:03 Current start position is [     1.8566      6.4775      2.3055]
Elapsed 2 days, 8:28:06 ===Episode_id 5 task_id 1 task_level=room===
SR: False, SPL: 0.0, Object category: map, goal type: sequence===

Elapsed 2 days, 8:28:06 [baseline] task_level=room scene=00803-k1cupFYWXJ6 episode=5 task=1 sec=123.736
Elapsed 2 days, 8:28:06 [BASELINE_LIVE_METRICS] rows=227 avg_sr=0.484581 avg_spl=0.326633 follower_error_count=8 levels=[object:n=41,sr=0.682927,spl=0.506101; room:n=63,sr=0.587302,spl=0.377359; region:n=77,sr=0.441558,spl=0.315983; instance:n=46,sr=0.239130,spl=0.115028] latest_scene=00803-k1cupFYWXJ6 latest_episode=5 latest_task=1 latest_level=room by_level={"instance": {"avg_spl": 0.1150276144810138, "avg_sr": 0.2391304347826087, "count": 46}, "object": {"avg_spl": 0.5061013720393795, "avg_sr": 0.6829268292682927, "count": 41}, "region": {"avg_spl": 0.31598304026427865, "avg_sr": 0.44155844155844154, "count": 77}, "room": {"avg_spl": 0.37735934505143026, "avg_sr": 0.5873015873015873, "count": 63}}
Elapsed 2 days, 8:28:06 

Begin to process [00803-k1cupFYWXJ6_sequence_5_2] type: [object], Question: [exhibition picture]

Elapsed 2 days, 8:28:06 Current start position is [     3.6427      6.4775     0.25494]
Elapsed 2 days, 8:31:19 ===Episode_id 5 task_id 2 task_level=object===
SR: False, SPL: 0.0, Object category: exhibition picture, goal type: sequence===

Elapsed 2 days, 8:31:19 [baseline] task_level=object scene=00803-k1cupFYWXJ6 episode=5 task=2 sec=192.420
Elapsed 2 days, 8:31:19 [BASELINE_LIVE_METRICS] rows=228 avg_sr=0.482456 avg_spl=0.325201 follower_error_count=8 levels=[object:n=42,sr=0.666667,spl=0.494051; room:n=63,sr=0.587302,spl=0.377359; region:n=77,sr=0.441558,spl=0.315983; instance:n=46,sr=0.239130,spl=0.115028] latest_scene=00803-k1cupFYWXJ6 latest_episode=5 latest_task=2 latest_level=object by_level={"instance": {"avg_spl": 0.1150276144810138, "avg_sr": 0.2391304347826087, "count": 46}, "object": {"avg_spl": 0.4940513393717753, "avg_sr": 0.6666666666666666, "count": 42}, "region": {"avg_spl": 0.31598304026427865, "avg_sr": 0.44155844155844154, "count": 77}, "room": {"avg_spl": 0.37735934505143026, "avg_sr": 0.5873015873015873, "count": 63}}
Elapsed 2 days, 8:31:19 

Begin to process [00803-k1cupFYWXJ6_sequence_5_3] type: [region], Question: [armchair in the hall that has purple armchairs beneath wall maps, exhibition table with ship model, white countertop coffee table, and sewing machine]

Elapsed 2 days, 8:31:19 Current start position is [     1.8566      6.4775      2.3055]
Elapsed 2 days, 8:34:08 ===Episode_id 5 task_id 3 task_level=region===
SR: False, SPL: 0.0, Object category: armchair, goal type: sequence===

Elapsed 2 days, 8:34:08 [baseline] task_level=region scene=00803-k1cupFYWXJ6 episode=5 task=3 sec=169.372
Elapsed 2 days, 8:34:08 [BASELINE_LIVE_METRICS] rows=229 avg_sr=0.480349 avg_spl=0.323781 follower_error_count=8 levels=[object:n=42,sr=0.666667,spl=0.494051; room:n=63,sr=0.587302,spl=0.377359; region:n=78,sr=0.435897,spl=0.311932; instance:n=46,sr=0.239130,spl=0.115028] latest_scene=00803-k1cupFYWXJ6 latest_episode=5 latest_task=3 latest_level=region by_level={"instance": {"avg_spl": 0.1150276144810138, "avg_sr": 0.2391304347826087, "count": 46}, "object": {"avg_spl": 0.4940513393717753, "avg_sr": 0.6666666666666666, "count": 42}, "region": {"avg_spl": 0.31193197564550584, "avg_sr": 0.4358974358974359, "count": 78}, "room": {"avg_spl": 0.37735934505143026, "avg_sr": 0.5873015873015873, "count": 63}}
Elapsed 2 days, 8:34:08 

Begin to process [00803-k1cupFYWXJ6_sequence_5_4] type: [room], Question: [exhibition table in the hall]

Elapsed 2 days, 8:34:08 Current start position is [     1.5133      6.4775     0.68727]
Elapsed 2 days, 8:35:47 ===Episode_id 5 task_id 4 task_level=room===
SR: False, SPL: 0.0, Object category: exhibition table, goal type: sequence===

Elapsed 2 days, 8:35:47 [baseline] task_level=room scene=00803-k1cupFYWXJ6 episode=5 task=4 sec=98.979
Elapsed 2 days, 8:35:47 [BASELINE_LIVE_METRICS] rows=230 avg_sr=0.478261 avg_spl=0.322373 follower_error_count=8 levels=[object:n=42,sr=0.666667,spl=0.494051; room:n=64,sr=0.578125,spl=0.371463; region:n=78,sr=0.435897,spl=0.311932; instance:n=46,sr=0.239130,spl=0.115028] latest_scene=00803-k1cupFYWXJ6 latest_episode=5 latest_task=4 latest_level=room by_level={"instance": {"avg_spl": 0.1150276144810138, "avg_sr": 0.2391304347826087, "count": 46}, "object": {"avg_spl": 0.4940513393717753, "avg_sr": 0.6666666666666666, "count": 42}, "region": {"avg_spl": 0.31193197564550584, "avg_sr": 0.4358974358974359, "count": 78}, "room": {"avg_spl": 0.37146310528500165, "avg_sr": 0.578125, "count": 64}}
Elapsed 2 days, 8:35:47 [Metrics] sequence count: 230, invalid_count: 0, follower_error_count: 8, avg_sr: 0.478261, avg_spl: 0.322373

=== Episode ===: 6it [5:45:06, 3332.54s/it][AElapsed 2 days, 8:35:56 

Begin to process [00803-k1cupFYWXJ6_sequence_6_0] type: [instance], Question: [white exhibition table with ship model in hall with purple armchairs and wall maps]

Elapsed 2 days, 8:35:56 Current start position is [     2.7337      6.4774    -0.83161]
Elapsed 2 days, 9:04:02 ===Episode_id 6 task_id 0 task_level=instance===
SR: True, SPL: 0.474593219604356, Object category: exhibition table, goal type: sequence===

Elapsed 2 days, 9:04:02 [baseline] task_level=instance scene=00803-k1cupFYWXJ6 episode=6 task=0 sec=1685.370
Elapsed 2 days, 9:04:02 [BASELINE_LIVE_METRICS] rows=231 avg_sr=0.480519 avg_spl=0.323032 follower_error_count=8 levels=[object:n=42,sr=0.666667,spl=0.494051; room:n=64,sr=0.578125,spl=0.371463; region:n=78,sr=0.435897,spl=0.311932; instance:n=47,sr=0.255319,spl=0.122678] latest_scene=00803-k1cupFYWXJ6 latest_episode=6 latest_task=0 latest_level=instance by_level={"instance": {"avg_spl": 0.12267794650491468, "avg_sr": 0.2553191489361702, "count": 47}, "object": {"avg_spl": 0.4940513393717753, "avg_sr": 0.6666666666666666, "count": 42}, "region": {"avg_spl": 0.31193197564550584, "avg_sr": 0.4358974358974359, "count": 78}, "room": {"avg_spl": 0.37146310528500165, "avg_sr": 0.578125, "count": 64}}
Elapsed 2 days, 9:04:02 

Begin to process [00803-k1cupFYWXJ6_sequence_6_1] type: [region], Question: [armchair in the hall that has purple armchairs beneath wall maps, exhibition table with ship model, white countertop coffee table, and sewing machine]

Elapsed 2 days, 9:04:02 Current start position is [     6.4012      6.4775      2.2213]
Elapsed 2 days, 9:06:13 ===Episode_id 6 task_id 1 task_level=region===
SR: True, SPL: 0.8031964918249778, Object category: armchair, goal type: sequence===

Elapsed 2 days, 9:06:13 [baseline] task_level=region scene=00803-k1cupFYWXJ6 episode=6 task=1 sec=131.609
Elapsed 2 days, 9:06:13 [BASELINE_LIVE_METRICS] rows=232 avg_sr=0.482759 avg_spl=0.325102 follower_error_count=8 levels=[object:n=42,sr=0.666667,spl=0.494051; room:n=64,sr=0.578125,spl=0.371463; region:n=79,sr=0.443038,spl=0.318151; instance:n=47,sr=0.255319,spl=0.122678] latest_scene=00803-k1cupFYWXJ6 latest_episode=6 latest_task=1 latest_level=region by_level={"instance": {"avg_spl": 0.12267794650491468, "avg_sr": 0.2553191489361702, "count": 47}, "object": {"avg_spl": 0.4940513393717753, "avg_sr": 0.6666666666666666, "count": 42}, "region": {"avg_spl": 0.3181505138249928, "avg_sr": 0.4430379746835443, "count": 79}, "room": {"avg_spl": 0.37146310528500165, "avg_sr": 0.578125, "count": 64}}
Elapsed 2 days, 9:06:13 

Begin to process [00803-k1cupFYWXJ6_sequence_6_2] type: [object], Question: [ship model]

Elapsed 2 days, 9:06:13 Current start position is [     6.6035      6.4775     -1.8794]
Elapsed 2 days, 9:07:37 ===Episode_id 6 task_id 2 task_level=object===
SR: False, SPL: 0.0, Object category: ship model, goal type: sequence===

Elapsed 2 days, 9:07:37 [baseline] task_level=object scene=00803-k1cupFYWXJ6 episode=6 task=2 sec=83.376
Elapsed 2 days, 9:07:37 [BASELINE_LIVE_METRICS] rows=233 avg_sr=0.480687 avg_spl=0.323706 follower_error_count=8 levels=[object:n=43,sr=0.651163,spl=0.482562; room:n=64,sr=0.578125,spl=0.371463; region:n=79,sr=0.443038,spl=0.318151; instance:n=47,sr=0.255319,spl=0.122678] latest_scene=00803-k1cupFYWXJ6 latest_episode=6 latest_task=2 latest_level=object by_level={"instance": {"avg_spl": 0.12267794650491468, "avg_sr": 0.2553191489361702, "count": 47}, "object": {"avg_spl": 0.48256177333987355, "avg_sr": 0.6511627906976745, "count": 43}, "region": {"avg_spl": 0.3181505138249928, "avg_sr": 0.4430379746835443, "count": 79}, "room": {"avg_spl": 0.37146310528500165, "avg_sr": 0.578125, "count": 64}}
Elapsed 2 days, 9:07:37 

Begin to process [00803-k1cupFYWXJ6_sequence_6_3] type: [object], Question: [map]

Elapsed 2 days, 9:07:37 Current start position is [      6.821      6.4775     -1.8057]
Elapsed 2 days, 9:09:02 ===Episode_id 6 task_id 3 task_level=object===
SR: False, SPL: 0.0, Object category: map, goal type: sequence===

Elapsed 2 days, 9:09:02 [baseline] task_level=object scene=00803-k1cupFYWXJ6 episode=6 task=3 sec=85.436
Elapsed 2 days, 9:09:02 [BASELINE_LIVE_METRICS] rows=234 avg_sr=0.478632 avg_spl=0.322323 follower_error_count=8 levels=[object:n=44,sr=0.636364,spl=0.471594; room:n=64,sr=0.578125,spl=0.371463; region:n=79,sr=0.443038,spl=0.318151; instance:n=47,sr=0.255319,spl=0.122678] latest_scene=00803-k1cupFYWXJ6 latest_episode=6 latest_task=3 latest_level=object by_level={"instance": {"avg_spl": 0.12267794650491468, "avg_sr": 0.2553191489361702, "count": 47}, "object": {"avg_spl": 0.47159446030942187, "avg_sr": 0.6363636363636364, "count": 44}, "region": {"avg_spl": 0.3181505138249928, "avg_sr": 0.4430379746835443, "count": 79}, "room": {"avg_spl": 0.37146310528500165, "avg_sr": 0.578125, "count": 64}}
Elapsed 2 days, 9:09:02 

Begin to process [00803-k1cupFYWXJ6_sequence_6_4] type: [region], Question: [radiator in the hall that has purple armchairs beneath wall maps, exhibition table with ship model, white countertop coffee table, and sewing machine]

Elapsed 2 days, 9:09:02 Current start position is [      6.821      6.4775     -1.8057]
Elapsed 2 days, 9:20:59 ===Episode_id 6 task_id 4 task_level=region===
SR: True, SPL: 0.6493347535187202, Object category: radiator, goal type: sequence===

Elapsed 2 days, 9:20:59 [baseline] task_level=region scene=00803-k1cupFYWXJ6 episode=6 task=4 sec=716.340
Elapsed 2 days, 9:20:59 [BASELINE_LIVE_METRICS] rows=235 avg_sr=0.480851 avg_spl=0.323714 follower_error_count=8 levels=[object:n=44,sr=0.636364,spl=0.471594; room:n=64,sr=0.578125,spl=0.371463; region:n=80,sr=0.450000,spl=0.322290; instance:n=47,sr=0.255319,spl=0.122678] latest_scene=00803-k1cupFYWXJ6 latest_episode=6 latest_task=4 latest_level=region by_level={"instance": {"avg_spl": 0.12267794650491468, "avg_sr": 0.2553191489361702, "count": 47}, "object": {"avg_spl": 0.47159446030942187, "avg_sr": 0.6363636363636364, "count": 44}, "region": {"avg_spl": 0.3222903168211644, "avg_sr": 0.45, "count": 80}, "room": {"avg_spl": 0.37146310528500165, "avg_sr": 0.578125, "count": 64}}
Elapsed 2 days, 9:20:59 [Metrics] sequence count: 235, invalid_count: 0, follower_error_count: 8, avg_sr: 0.480851, avg_spl: 0.323714

=== Episode ===: 7it [6:30:17, 3129.47s/it][AElapsed 2 days, 9:21:07 

Begin to process [00803-k1cupFYWXJ6_sequence_7_0] type: [instance], Question: [white square side table with black base under a white frameless map between purple armchairs in a hall with a ship model]

Elapsed 2 days, 9:21:07 Current start position is [     4.7282      6.4774      1.5096]
Elapsed 2 days, 9:57:32 ===Episode_id 7 task_id 0 task_level=instance===
SR: False, SPL: 0.0, Object category: table, goal type: sequence===

Elapsed 2 days, 9:57:32 [baseline] task_level=instance scene=00803-k1cupFYWXJ6 episode=7 task=0 sec=2185.346
Elapsed 2 days, 9:57:32 [BASELINE_LIVE_METRICS] rows=236 avg_sr=0.478814 avg_spl=0.322343 follower_error_count=8 levels=[object:n=44,sr=0.636364,spl=0.471594; room:n=64,sr=0.578125,spl=0.371463; region:n=80,sr=0.450000,spl=0.322290; instance:n=48,sr=0.250000,spl=0.120122] latest_scene=00803-k1cupFYWXJ6 latest_episode=7 latest_task=0 latest_level=instance by_level={"instance": {"avg_spl": 0.12012215595272896, "avg_sr": 0.25, "count": 48}, "object": {"avg_spl": 0.47159446030942187, "avg_sr": 0.6363636363636364, "count": 44}, "region": {"avg_spl": 0.3222903168211644, "avg_sr": 0.45, "count": 80}, "room": {"avg_spl": 0.37146310528500165, "avg_sr": 0.578125, "count": 64}}
Elapsed 2 days, 9:57:32 

Begin to process [00803-k1cupFYWXJ6_sequence_7_1] type: [room], Question: [table in the hall]

Elapsed 2 days, 9:57:32 Current start position is [     6.4516      6.4775      2.0704]
Elapsed 2 days, 9:59:59 ===Episode_id 7 task_id 1 task_level=room===
SR: True, SPL: 1.0, Object category: table, goal type: sequence===

Elapsed 2 days, 9:59:59 [baseline] task_level=room scene=00803-k1cupFYWXJ6 episode=7 task=1 sec=147.067
Elapsed 2 days, 9:59:59 [BASELINE_LIVE_METRICS] rows=237 avg_sr=0.481013 avg_spl=0.325202 follower_error_count=8 levels=[object:n=44,sr=0.636364,spl=0.471594; room:n=65,sr=0.584615,spl=0.381133; region:n=80,sr=0.450000,spl=0.322290; instance:n=48,sr=0.250000,spl=0.120122] latest_scene=00803-k1cupFYWXJ6 latest_episode=7 latest_task=1 latest_level=room by_level={"instance": {"avg_spl": 0.12012215595272896, "avg_sr": 0.25, "count": 48}, "object": {"avg_spl": 0.47159446030942187, "avg_sr": 0.6363636363636364, "count": 44}, "region": {"avg_spl": 0.3222903168211644, "avg_sr": 0.45, "count": 80}, "room": {"avg_spl": 0.3811329036652324, "avg_sr": 0.5846153846153846, "count": 65}}
Elapsed 2 days, 9:59:59 

Begin to process [00803-k1cupFYWXJ6_sequence_7_2] type: [room], Question: [map in the hall]

Elapsed 2 days, 9:59:59 Current start position is [     6.4516      6.4775      2.0704]
Elapsed 2 days, 10:02:28 ===Episode_id 7 task_id 2 task_level=room===
SR: False, SPL: 0.0, Object category: map, goal type: sequence===

Elapsed 2 days, 10:02:28 [baseline] task_level=room scene=00803-k1cupFYWXJ6 episode=7 task=2 sec=148.432
Elapsed 2 days, 10:02:28 [BASELINE_LIVE_METRICS] rows=238 avg_sr=0.478992 avg_spl=0.323836 follower_error_count=8 levels=[object:n=44,sr=0.636364,spl=0.471594; room:n=66,sr=0.575758,spl=0.375358; region:n=80,sr=0.450000,spl=0.322290; instance:n=48,sr=0.250000,spl=0.120122] latest_scene=00803-k1cupFYWXJ6 latest_episode=7 latest_task=2 latest_level=room by_level={"instance": {"avg_spl": 0.12012215595272896, "avg_sr": 0.25, "count": 48}, "object": {"avg_spl": 0.47159446030942187, "avg_sr": 0.6363636363636364, "count": 44}, "region": {"avg_spl": 0.3222903168211644, "avg_sr": 0.45, "count": 80}, "room": {"avg_spl": 0.3753581627006077, "avg_sr": 0.5757575757575758, "count": 66}}
Elapsed 2 days, 10:02:28 

Begin to process [00803-k1cupFYWXJ6_sequence_7_3] type: [room], Question: [radiator in the hall]

Elapsed 2 days, 10:02:28 Current start position is [     4.2066      6.4775      0.5144]
Elapsed 2 days, 10:04:33 ===Episode_id 7 task_id 3 task_level=room===
SR: True, SPL: 0.7241804274695077, Object category: radiator, goal type: sequence===

Elapsed 2 days, 10:04:33 [baseline] task_level=room scene=00803-k1cupFYWXJ6 episode=7 task=3 sec=124.824
Elapsed 2 days, 10:04:33 [BASELINE_LIVE_METRICS] rows=239 avg_sr=0.481172 avg_spl=0.325511 follower_error_count=8 levels=[object:n=44,sr=0.636364,spl=0.471594; room:n=67,sr=0.582090,spl=0.380564; region:n=80,sr=0.450000,spl=0.322290; instance:n=48,sr=0.250000,spl=0.120122] latest_scene=00803-k1cupFYWXJ6 latest_episode=7 latest_task=3 latest_level=room by_level={"instance": {"avg_spl": 0.12012215595272896, "avg_sr": 0.25, "count": 48}, "object": {"avg_spl": 0.47159446030942187, "avg_sr": 0.6363636363636364, "count": 44}, "region": {"avg_spl": 0.3222903168211644, "avg_sr": 0.45, "count": 80}, "room": {"avg_spl": 0.380564465159845, "avg_sr": 0.582089552238806, "count": 67}}
Elapsed 2 days, 10:04:33 

Begin to process [00803-k1cupFYWXJ6_sequence_7_4] type: [object], Question: [sewing machine]

Elapsed 2 days, 10:04:33 Current start position is [     2.8679      6.5137      3.0113]
Elapsed 2 days, 10:07:24 ===Episode_id 7 task_id 4 task_level=object===
SR: False, SPL: 0.0, Object category: sewing machine, goal type: sequence===

Elapsed 2 days, 10:07:24 [baseline] task_level=object scene=00803-k1cupFYWXJ6 episode=7 task=4 sec=171.802
Elapsed 2 days, 10:07:24 [BASELINE_LIVE_METRICS] rows=240 avg_sr=0.479167 avg_spl=0.324154 follower_error_count=8 levels=[object:n=45,sr=0.622222,spl=0.461115; room:n=67,sr=0.582090,spl=0.380564; region:n=80,sr=0.450000,spl=0.322290; instance:n=48,sr=0.250000,spl=0.120122] latest_scene=00803-k1cupFYWXJ6 latest_episode=7 latest_task=4 latest_level=object by_level={"instance": {"avg_spl": 0.12012215595272896, "avg_sr": 0.25, "count": 48}, "object": {"avg_spl": 0.46111458341365696, "avg_sr": 0.6222222222222222, "count": 45}, "region": {"avg_spl": 0.3222903168211644, "avg_sr": 0.45, "count": 80}, "room": {"avg_spl": 0.380564465159845, "avg_sr": 0.582089552238806, "count": 67}}
Elapsed 2 days, 10:07:25 [Metrics] sequence count: 240, invalid_count: 0, follower_error_count: 8, avg_sr: 0.479167, avg_spl: 0.324154

=== Episode ===: 8it [7:16:43, 3020.10s/it][AElapsed 2 days, 10:07:35 

Begin to process [00803-k1cupFYWXJ6_sequence_8_0] type: [instance], Question: [tall white cloth-draped table in a hall with purple armchairs, under wall maps and a ship model]

Elapsed 2 days, 10:07:35 Current start position is [     5.1035      6.4774      -1.023]
Elapsed 2 days, 10:42:51 ===Episode_id 8 task_id 0 task_level=instance===
SR: False, SPL: 0.0, Object category: table, goal type: sequence===

Elapsed 2 days, 10:42:51 [baseline] task_level=instance scene=00803-k1cupFYWXJ6 episode=8 task=0 sec=2116.574
Elapsed 2 days, 10:42:51 [BASELINE_LIVE_METRICS] rows=241 avg_sr=0.477178 avg_spl=0.322809 follower_error_count=8 levels=[object:n=45,sr=0.622222,spl=0.461115; room:n=67,sr=0.582090,spl=0.380564; region:n=80,sr=0.450000,spl=0.322290; instance:n=49,sr=0.244898,spl=0.117671] latest_scene=00803-k1cupFYWXJ6 latest_episode=8 latest_task=0 latest_level=instance by_level={"instance": {"avg_spl": 0.1176706833822651, "avg_sr": 0.24489795918367346, "count": 49}, "object": {"avg_spl": 0.46111458341365696, "avg_sr": 0.6222222222222222, "count": 45}, "region": {"avg_spl": 0.3222903168211644, "avg_sr": 0.45, "count": 80}, "room": {"avg_spl": 0.380564465159845, "avg_sr": 0.582089552238806, "count": 67}}
Elapsed 2 days, 10:42:51 

Begin to process [00803-k1cupFYWXJ6_sequence_8_1] type: [region], Question: [map in the hall that has purple armchairs beneath wall maps, exhibition table with ship model, white countertop coffee table, and sewing machine]

Elapsed 2 days, 10:42:51 Current start position is [     6.1347      6.5122      3.1839]
Elapsed 2 days, 10:45:42 ===Episode_id 8 task_id 1 task_level=region===
SR: False, SPL: 0.0, Object category: map, goal type: sequence===

Elapsed 2 days, 10:45:42 [baseline] task_level=region scene=00803-k1cupFYWXJ6 episode=8 task=1 sec=170.327
Elapsed 2 days, 10:45:42 [BASELINE_LIVE_METRICS] rows=242 avg_sr=0.475207 avg_spl=0.321475 follower_error_count=8 levels=[object:n=45,sr=0.622222,spl=0.461115; room:n=67,sr=0.582090,spl=0.380564; region:n=81,sr=0.444444,spl=0.318311; instance:n=49,sr=0.244898,spl=0.117671] latest_scene=00803-k1cupFYWXJ6 latest_episode=8 latest_task=1 latest_level=region by_level={"instance": {"avg_spl": 0.1176706833822651, "avg_sr": 0.24489795918367346, "count": 49}, "object": {"avg_spl": 0.46111458341365696, "avg_sr": 0.6222222222222222, "count": 45}, "region": {"avg_spl": 0.31831142402090307, "avg_sr": 0.4444444444444444, "count": 81}, "room": {"avg_spl": 0.380564465159845, "avg_sr": 0.582089552238806, "count": 67}}
Elapsed 2 days, 10:45:42 

Begin to process [00803-k1cupFYWXJ6_sequence_8_2] type: [room], Question: [exhibition table in the hall]

Elapsed 2 days, 10:45:42 Current start position is [     6.1347      6.5122      3.1839]
Elapsed 2 days, 10:48:06 ===Episode_id 8 task_id 2 task_level=room===
SR: False, SPL: 0.0, Object category: exhibition table, goal type: sequence===

Elapsed 2 days, 10:48:06 [baseline] task_level=room scene=00803-k1cupFYWXJ6 episode=8 task=2 sec=144.067
Elapsed 2 days, 10:48:06 [BASELINE_LIVE_METRICS] rows=243 avg_sr=0.473251 avg_spl=0.320153 follower_error_count=8 levels=[object:n=45,sr=0.622222,spl=0.461115; room:n=68,sr=0.573529,spl=0.374968; region:n=81,sr=0.444444,spl=0.318311; instance:n=49,sr=0.244898,spl=0.117671] latest_scene=00803-k1cupFYWXJ6 latest_episode=8 latest_task=2 latest_level=room by_level={"instance": {"avg_spl": 0.1176706833822651, "avg_sr": 0.24489795918367346, "count": 49}, "object": {"avg_spl": 0.46111458341365696, "avg_sr": 0.6222222222222222, "count": 45}, "region": {"avg_spl": 0.31831142402090307, "avg_sr": 0.4444444444444444, "count": 81}, "room": {"avg_spl": 0.3749679289074943, "avg_sr": 0.5735294117647058, "count": 68}}
Elapsed 2 days, 10:48:06 

Begin to process [00803-k1cupFYWXJ6_sequence_8_3] type: [object], Question: [exhibition picture]

Elapsed 2 days, 10:48:06 Current start position is [     1.9216      6.4775      2.3469]
Elapsed 2 days, 10:50:24 ===Episode_id 8 task_id 3 task_level=object===
SR: False, SPL: 0.0, Object category: exhibition picture, goal type: sequence===

Elapsed 2 days, 10:50:24 [baseline] task_level=object scene=00803-k1cupFYWXJ6 episode=8 task=3 sec=138.514
Elapsed 2 days, 10:50:24 [BASELINE_LIVE_METRICS] rows=244 avg_sr=0.471311 avg_spl=0.318840 follower_error_count=8 levels=[object:n=46,sr=0.608696,spl=0.451090; room:n=68,sr=0.573529,spl=0.374968; region:n=81,sr=0.444444,spl=0.318311; instance:n=49,sr=0.244898,spl=0.117671] latest_scene=00803-k1cupFYWXJ6 latest_episode=8 latest_task=3 latest_level=object by_level={"instance": {"avg_spl": 0.1176706833822651, "avg_sr": 0.24489795918367346, "count": 49}, "object": {"avg_spl": 0.451090353339447, "avg_sr": 0.6086956521739131, "count": 46}, "region": {"avg_spl": 0.31831142402090307, "avg_sr": 0.4444444444444444, "count": 81}, "room": {"avg_spl": 0.3749679289074943, "avg_sr": 0.5735294117647058, "count": 68}}
Elapsed 2 days, 10:50:24 

Begin to process [00803-k1cupFYWXJ6_sequence_8_4] type: [room], Question: [sewing machine in the hall]

Elapsed 2 days, 10:50:24 Current start position is [     6.2649      6.4775     -2.8444]
Elapsed 2 days, 10:52:07 ===Episode_id 8 task_id 4 task_level=room===
SR: True, SPL: 0.3046625521348582, Object category: sewing machine, goal type: sequence===

Elapsed 2 days, 10:52:07 [baseline] task_level=room scene=00803-k1cupFYWXJ6 episode=8 task=4 sec=102.749
Elapsed 2 days, 10:52:07 [BASELINE_LIVE_METRICS] rows=245 avg_sr=0.473469 avg_spl=0.318783 follower_error_count=8 levels=[object:n=46,sr=0.608696,spl=0.451090; room:n=69,sr=0.579710,spl=0.373949; region:n=81,sr=0.444444,spl=0.318311; instance:n=49,sr=0.244898,spl=0.117671] latest_scene=00803-k1cupFYWXJ6 latest_episode=8 latest_task=4 latest_level=room by_level={"instance": {"avg_spl": 0.1176706833822651, "avg_sr": 0.24489795918367346, "count": 49}, "object": {"avg_spl": 0.451090353339447, "avg_sr": 0.6086956521739131, "count": 46}, "region": {"avg_spl": 0.31831142402090307, "avg_sr": 0.4444444444444444, "count": 81}, "room": {"avg_spl": 0.37394901040354306, "avg_sr": 0.5797101449275363, "count": 69}}
Elapsed 2 days, 10:52:07 [Metrics] sequence count: 245, invalid_count: 0, follower_error_count: 8, avg_sr: 0.473469, avg_spl: 0.318783

=== Episode ===: 9it [8:01:26, 2914.54s/it][AElapsed 2 days, 10:52:16 

Begin to process [00803-k1cupFYWXJ6_sequence_9_0] type: [instance], Question: [silver cylindrical bin below fire alarm in hall with purple patterned armchair and decorative plant beside carved arch above stairs]

Elapsed 2 days, 10:52:16 Current start position is [     4.8151     -14.923    -0.07909]
Elapsed 2 days, 11:44:26 ===Episode_id 9 task_id 0 task_level=instance===
SR: False, SPL: 0.0, Object category: bin, goal type: sequence===

Elapsed 2 days, 11:44:26 [baseline] task_level=instance scene=00803-k1cupFYWXJ6 episode=9 task=0 sec=3130.143
Elapsed 2 days, 11:44:26 [BASELINE_LIVE_METRICS] rows=246 avg_sr=0.471545 avg_spl=0.317487 follower_error_count=8 levels=[object:n=46,sr=0.608696,spl=0.451090; room:n=69,sr=0.579710,spl=0.373949; region:n=81,sr=0.444444,spl=0.318311; instance:n=50,sr=0.240000,spl=0.115317] latest_scene=00803-k1cupFYWXJ6 latest_episode=9 latest_task=0 latest_level=instance by_level={"instance": {"avg_spl": 0.11531726971461981, "avg_sr": 0.24, "count": 50}, "object": {"avg_spl": 0.451090353339447, "avg_sr": 0.6086956521739131, "count": 46}, "region": {"avg_spl": 0.31831142402090307, "avg_sr": 0.4444444444444444, "count": 81}, "room": {"avg_spl": 0.37394901040354306, "avg_sr": 0.5797101449275363, "count": 69}}
Elapsed 2 days, 11:44:26 

Begin to process [00803-k1cupFYWXJ6_sequence_9_1] type: [object], Question: [picture]

Elapsed 2 days, 11:44:26 Current start position is [    -1.7173     -14.873     -5.3111]
Elapsed 2 days, 11:46:16 ===Episode_id 9 task_id 1 task_level=object===
SR: True, SPL: 0.7083424056208778, Object category: picture, goal type: sequence===

Elapsed 2 days, 11:46:16 [baseline] task_level=object scene=00803-k1cupFYWXJ6 episode=9 task=1 sec=110.040
Elapsed 2 days, 11:46:16 [BASELINE_LIVE_METRICS] rows=247 avg_sr=0.473684 avg_spl=0.319069 follower_error_count=8 levels=[object:n=47,sr=0.617021,spl=0.456564; room:n=69,sr=0.579710,spl=0.373949; region:n=81,sr=0.444444,spl=0.318311; instance:n=50,sr=0.240000,spl=0.115317] latest_scene=00803-k1cupFYWXJ6 latest_episode=9 latest_task=1 latest_level=object by_level={"instance": {"avg_spl": 0.11531726971461981, "avg_sr": 0.24, "count": 50}, "object": {"avg_spl": 0.45656380126032853, "avg_sr": 0.6170212765957447, "count": 47}, "region": {"avg_spl": 0.31831142402090307, "avg_sr": 0.4444444444444444, "count": 81}, "room": {"avg_spl": 0.37394901040354306, "avg_sr": 0.5797101449275363, "count": 69}}
Elapsed 2 days, 11:46:16 

Begin to process [00803-k1cupFYWXJ6_sequence_9_2] type: [room], Question: [bust in the hall]

Elapsed 2 days, 11:46:16 Current start position is [   0.068612     -14.923     -3.6053]
Elapsed 2 days, 11:49:16 ===Episode_id 9 task_id 2 task_level=room===
SR: False, SPL: 0.0, Object category: bust, goal type: sequence===

Elapsed 2 days, 11:49:16 [baseline] task_level=room scene=00803-k1cupFYWXJ6 episode=9 task=2 sec=179.486
Elapsed 2 days, 11:49:16 [BASELINE_LIVE_METRICS] rows=248 avg_sr=0.471774 avg_spl=0.317783 follower_error_count=8 levels=[object:n=47,sr=0.617021,spl=0.456564; room:n=70,sr=0.571429,spl=0.368607; region:n=81,sr=0.444444,spl=0.318311; instance:n=50,sr=0.240000,spl=0.115317] latest_scene=00803-k1cupFYWXJ6 latest_episode=9 latest_task=2 latest_level=room by_level={"instance": {"avg_spl": 0.11531726971461981, "avg_sr": 0.24, "count": 50}, "object": {"avg_spl": 0.45656380126032853, "avg_sr": 0.6170212765957447, "count": 47}, "region": {"avg_spl": 0.31831142402090307, "avg_sr": 0.4444444444444444, "count": 81}, "room": {"avg_spl": 0.3686068816834925, "avg_sr": 0.5714285714285714, "count": 70}}
Elapsed 2 days, 11:49:16 

Begin to process [00803-k1cupFYWXJ6_sequence_9_3] type: [region], Question: [armchair in the hall that has purple patterned armchairs and ornate plant in sculpted pot beside carved arch and stairs]

Elapsed 2 days, 11:49:16 Current start position is [    -3.2111     -14.923     -10.891]
Elapsed 2 days, 11:51:00 ===Episode_id 9 task_id 3 task_level=region===
SR: True, SPL: 0.6667141514131029, Object category: armchair, goal type: sequence===

Elapsed 2 days, 11:51:00 [baseline] task_level=region scene=00803-k1cupFYWXJ6 episode=9 task=3 sec=104.714
Elapsed 2 days, 11:51:00 [BASELINE_LIVE_METRICS] rows=249 avg_sr=0.473896 avg_spl=0.319184 follower_error_count=8 levels=[object:n=47,sr=0.617021,spl=0.456564; room:n=70,sr=0.571429,spl=0.368607; region:n=82,sr=0.451220,spl=0.322560; instance:n=50,sr=0.240000,spl=0.115317] latest_scene=00803-k1cupFYWXJ6 latest_episode=9 latest_task=3 latest_level=region by_level={"instance": {"avg_spl": 0.11531726971461981, "avg_sr": 0.24, "count": 50}, "object": {"avg_spl": 0.45656380126032853, "avg_sr": 0.6170212765957447, "count": 47}, "region": {"avg_spl": 0.3225602377695885, "avg_sr": 0.45121951219512196, "count": 82}, "room": {"avg_spl": 0.3686068816834925, "avg_sr": 0.5714285714285714, "count": 70}}
Elapsed 2 days, 11:51:00 

Begin to process [00803-k1cupFYWXJ6_sequence_9_4] type: [instance], Question: [beige couch with red pillows]

Elapsed 2 days, 11:51:00 Current start position is [    -1.3997     -14.923     -2.7571]
Elapsed 2 days, 11:56:38 ===Episode_id 9 task_id 4 task_level=instance===
SR: False, SPL: 0.0, Object category: couch, goal type: sequence===

Elapsed 2 days, 11:56:38 [baseline] task_level=instance scene=00803-k1cupFYWXJ6 episode=9 task=4 sec=338.006
Elapsed 2 days, 11:56:38 [BASELINE_LIVE_METRICS] rows=250 avg_sr=0.472000 avg_spl=0.317907 follower_error_count=8 levels=[object:n=47,sr=0.617021,spl=0.456564; room:n=70,sr=0.571429,spl=0.368607; region:n=82,sr=0.451220,spl=0.322560; instance:n=51,sr=0.235294,spl=0.113056] latest_scene=00803-k1cupFYWXJ6 latest_episode=9 latest_task=4 latest_level=instance by_level={"instance": {"avg_spl": 0.11305614677903902, "avg_sr": 0.23529411764705882, "count": 51}, "object": {"avg_spl": 0.45656380126032853, "avg_sr": 0.6170212765957447, "count": 47}, "region": {"avg_spl": 0.3225602377695885, "avg_sr": 0.45121951219512196, "count": 82}, "room": {"avg_spl": 0.3686068816834925, "avg_sr": 0.5714285714285714, "count": 70}}
Elapsed 2 days, 11:56:38 [Metrics] sequence count: 250, invalid_count: 0, follower_error_count: 8, avg_sr: 0.472000, avg_spl: 0.317907

=== Episode ===: 10it [9:05:57, 3209.96s/it][AElapsed 2 days, 11:56:47 

Begin to process [00803-k1cupFYWXJ6_sequence_10_0] type: [instance], Question: [silver cylindrical bin below fire alarm in hall with purple patterned armchair and decorative plant beside carved arch above stairs]

Elapsed 2 days, 11:56:47 Current start position is [     4.8151     -14.923    -0.07909]
Elapsed 2 days, 13:05:59 ===Episode_id 10 task_id 0 task_level=instance===
SR: False, SPL: 0.0, Object category: bin, goal type: sequence===

Elapsed 2 days, 13:05:59 [baseline] task_level=instance scene=00803-k1cupFYWXJ6 episode=10 task=0 sec=4151.569
Elapsed 2 days, 13:05:59 [BASELINE_LIVE_METRICS] rows=251 avg_sr=0.470120 avg_spl=0.316641 follower_error_count=8 levels=[object:n=47,sr=0.617021,spl=0.456564; room:n=70,sr=0.571429,spl=0.368607; region:n=82,sr=0.451220,spl=0.322560; instance:n=52,sr=0.230769,spl=0.110882] latest_scene=00803-k1cupFYWXJ6 latest_episode=10 latest_task=0 latest_level=instance by_level={"instance": {"avg_spl": 0.11088199011021135, "avg_sr": 0.23076923076923078, "count": 52}, "object": {"avg_spl": 0.45656380126032853, "avg_sr": 0.6170212765957447, "count": 47}, "region": {"avg_spl": 0.3225602377695885, "avg_sr": 0.45121951219512196, "count": 82}, "room": {"avg_spl": 0.3686068816834925, "avg_sr": 0.5714285714285714, "count": 70}}
Elapsed 2 days, 13:05:59 

Begin to process [00803-k1cupFYWXJ6_sequence_10_1] type: [object], Question: [picture]

Elapsed 2 days, 13:05:59 Current start position is [    -1.7374     -14.873     -6.5114]
Elapsed 2 days, 13:07:40 ===Episode_id 10 task_id 1 task_level=object===
SR: True, SPL: 0.6363027688824613, Object category: picture, goal type: sequence===

Elapsed 2 days, 13:07:40 [baseline] task_level=object scene=00803-k1cupFYWXJ6 episode=10 task=1 sec=100.929
Elapsed 2 days, 13:07:40 [BASELINE_LIVE_METRICS] rows=252 avg_sr=0.472222 avg_spl=0.317909 follower_error_count=8 levels=[object:n=48,sr=0.625000,spl=0.460308; room:n=70,sr=0.571429,spl=0.368607; region:n=82,sr=0.451220,spl=0.322560; instance:n=52,sr=0.230769,spl=0.110882] latest_scene=00803-k1cupFYWXJ6 latest_episode=10 latest_task=1 latest_level=object by_level={"instance": {"avg_spl": 0.11088199011021135, "avg_sr": 0.23076923076923078, "count": 52}, "object": {"avg_spl": 0.46030836308578965, "avg_sr": 0.625, "count": 48}, "region": {"avg_spl": 0.3225602377695885, "avg_sr": 0.45121951219512196, "count": 82}, "room": {"avg_spl": 0.3686068816834925, "avg_sr": 0.5714285714285714, "count": 70}}
Elapsed 2 days, 13:07:40 

Begin to process [00803-k1cupFYWXJ6_sequence_10_2] type: [room], Question: [bust in the hall]

Elapsed 2 days, 13:07:40 Current start position is [   0.045303     -14.923     -2.8084]
Elapsed 2 days, 13:11:16 ===Episode_id 10 task_id 2 task_level=room===
SR: False, SPL: 0.0, Object category: bust, goal type: sequence===

Elapsed 2 days, 13:11:16 [baseline] task_level=room scene=00803-k1cupFYWXJ6 episode=10 task=2 sec=216.235
Elapsed 2 days, 13:11:16 [BASELINE_LIVE_METRICS] rows=253 avg_sr=0.470356 avg_spl=0.316653 follower_error_count=8 levels=[object:n=48,sr=0.625000,spl=0.460308; room:n=71,sr=0.563380,spl=0.363415; region:n=82,sr=0.451220,spl=0.322560; instance:n=52,sr=0.230769,spl=0.110882] latest_scene=00803-k1cupFYWXJ6 latest_episode=10 latest_task=2 latest_level=room by_level={"instance": {"avg_spl": 0.11088199011021135, "avg_sr": 0.23076923076923078, "count": 52}, "object": {"avg_spl": 0.46030836308578965, "avg_sr": 0.625, "count": 48}, "region": {"avg_spl": 0.3225602377695885, "avg_sr": 0.45121951219512196, "count": 82}, "room": {"avg_spl": 0.3634152354625982, "avg_sr": 0.5633802816901409, "count": 71}}
Elapsed 2 days, 13:11:16 

Begin to process [00803-k1cupFYWXJ6_sequence_10_3] type: [region], Question: [armchair in the hall that has purple patterned armchairs and ornate plant in sculpted pot beside carved arch and stairs]

Elapsed 2 days, 13:11:16 Current start position is [    -1.6235     -14.873      -6.573]
Elapsed 2 days, 13:13:25 ===Episode_id 10 task_id 3 task_level=region===
SR: True, SPL: 0.29554606389031524, Object category: armchair, goal type: sequence===

Elapsed 2 days, 13:13:25 [baseline] task_level=region scene=00803-k1cupFYWXJ6 episode=10 task=3 sec=128.993
Elapsed 2 days, 13:13:25 [BASELINE_LIVE_METRICS] rows=254 avg_sr=0.472441 avg_spl=0.316569 follower_error_count=8 levels=[object:n=48,sr=0.625000,spl=0.460308; room:n=71,sr=0.563380,spl=0.363415; region:n=83,sr=0.457831,spl=0.322235; instance:n=52,sr=0.230769,spl=0.110882] latest_scene=00803-k1cupFYWXJ6 latest_episode=10 latest_task=3 latest_level=region by_level={"instance": {"avg_spl": 0.11088199011021135, "avg_sr": 0.23076923076923078, "count": 52}, "object": {"avg_spl": 0.46030836308578965, "avg_sr": 0.625, "count": 48}, "region": {"avg_spl": 0.3222347657951394, "avg_sr": 0.4578313253012048, "count": 83}, "room": {"avg_spl": 0.3634152354625982, "avg_sr": 0.5633802816901409, "count": 71}}
Elapsed 2 days, 13:13:25 

Begin to process [00803-k1cupFYWXJ6_sequence_10_4] type: [instance], Question: [beige couch with red pillows]

Elapsed 2 days, 13:13:25 Current start position is [    -1.4718     -14.923     -2.7036]
Elapsed 2 days, 13:19:45 ===Episode_id 10 task_id 4 task_level=instance===
SR: True, SPL: 0.8961953053208012, Object category: couch, goal type: sequence===

Elapsed 2 days, 13:19:45 [baseline] task_level=instance scene=00803-k1cupFYWXJ6 episode=10 task=4 sec=380.213
Elapsed 2 days, 13:19:45 [BASELINE_LIVE_METRICS] rows=255 avg_sr=0.474510 avg_spl=0.318842 follower_error_count=8 levels=[object:n=48,sr=0.625000,spl=0.460308; room:n=71,sr=0.563380,spl=0.363415; region:n=83,sr=0.457831,spl=0.322235; instance:n=53,sr=0.245283,spl=0.125699] latest_scene=00803-k1cupFYWXJ6 latest_episode=10 latest_task=4 latest_level=instance by_level={"instance": {"avg_spl": 0.12569922247267531, "avg_sr": 0.24528301886792453, "count": 53}, "object": {"avg_spl": 0.46030836308578965, "avg_sr": 0.625, "count": 48}, "region": {"avg_spl": 0.3222347657951394, "avg_sr": 0.4578313253012048, "count": 83}, "room": {"avg_spl": 0.3634152354625982, "avg_sr": 0.5633802816901409, "count": 71}}
Elapsed 2 days, 13:19:45 [Metrics] sequence count: 255, invalid_count: 0, follower_error_count: 8, avg_sr: 0.474510, avg_spl: 0.318842

=== Episode ===: 11it [10:29:04, 3753.84s/it][AElapsed 2 days, 13:19:55 

Begin to process [00803-k1cupFYWXJ6_sequence_11_0] type: [instance], Question: [silver cylindrical bin below fire alarm in hall with purple patterned armchair and decorative plant beside carved arch above stairs]

Elapsed 2 days, 13:19:55 Current start position is [     4.8151     -14.923    -0.07909]
Elapsed 2 days, 14:15:22 ===Episode_id 11 task_id 0 task_level=instance===
SR: False, SPL: 0.0, Object category: bin, goal type: sequence===

Elapsed 2 days, 14:15:22 [baseline] task_level=instance scene=00803-k1cupFYWXJ6 episode=11 task=0 sec=3327.113
Elapsed 2 days, 14:15:22 [BASELINE_LIVE_METRICS] rows=256 avg_sr=0.472656 avg_spl=0.317597 follower_error_count=8 levels=[object:n=48,sr=0.625000,spl=0.460308; room:n=71,sr=0.563380,spl=0.363415; region:n=83,sr=0.457831,spl=0.322235; instance:n=54,sr=0.240741,spl=0.123371] latest_scene=00803-k1cupFYWXJ6 latest_episode=11 latest_task=0 latest_level=instance by_level={"instance": {"avg_spl": 0.12337145909355168, "avg_sr": 0.24074074074074073, "count": 54}, "object": {"avg_spl": 0.46030836308578965, "avg_sr": 0.625, "count": 48}, "region": {"avg_spl": 0.3222347657951394, "avg_sr": 0.4578313253012048, "count": 83}, "room": {"avg_spl": 0.3634152354625982, "avg_sr": 0.5633802816901409, "count": 71}}
Elapsed 2 days, 14:15:22 

Begin to process [00803-k1cupFYWXJ6_sequence_11_1] type: [object], Question: [bust]

Elapsed 2 days, 14:15:22 Current start position is [    0.12732     -14.923     -2.4258]
Elapsed 2 days, 14:18:42 ===Episode_id 11 task_id 1 task_level=object===
SR: False, SPL: 0.0, Object category: bust, goal type: sequence===

Elapsed 2 days, 14:18:42 [baseline] task_level=object scene=00803-k1cupFYWXJ6 episode=11 task=1 sec=200.446
Elapsed 2 days, 14:18:42 [BASELINE_LIVE_METRICS] rows=257 avg_sr=0.470817 avg_spl=0.316361 follower_error_count=8 levels=[object:n=49,sr=0.612245,spl=0.450914; room:n=71,sr=0.563380,spl=0.363415; region:n=83,sr=0.457831,spl=0.322235; instance:n=54,sr=0.240741,spl=0.123371] latest_scene=00803-k1cupFYWXJ6 latest_episode=11 latest_task=1 latest_level=object by_level={"instance": {"avg_spl": 0.12337145909355168, "avg_sr": 0.24074074074074073, "count": 54}, "object": {"avg_spl": 0.4509143148595491, "avg_sr": 0.6122448979591837, "count": 49}, "region": {"avg_spl": 0.3222347657951394, "avg_sr": 0.4578313253012048, "count": 83}, "room": {"avg_spl": 0.3634152354625982, "avg_sr": 0.5633802816901409, "count": 71}}
Elapsed 2 days, 14:18:42 

Begin to process [00803-k1cupFYWXJ6_sequence_11_2] type: [room], Question: [table in the hall]

Elapsed 2 days, 14:18:42 Current start position is [    -2.3566     -14.923      2.2074]
Elapsed 2 days, 14:21:42 ===Episode_id 11 task_id 2 task_level=room===
SR: True, SPL: 0.805015675354972, Object category: table, goal type: sequence===

Elapsed 2 days, 14:21:42 [baseline] task_level=room scene=00803-k1cupFYWXJ6 episode=11 task=2 sec=180.097
Elapsed 2 days, 14:21:42 [BASELINE_LIVE_METRICS] rows=258 avg_sr=0.472868 avg_spl=0.318255 follower_error_count=8 levels=[object:n=49,sr=0.612245,spl=0.450914; room:n=72,sr=0.569444,spl=0.369549; region:n=83,sr=0.457831,spl=0.322235; instance:n=54,sr=0.240741,spl=0.123371] latest_scene=00803-k1cupFYWXJ6 latest_episode=11 latest_task=2 latest_level=room by_level={"instance": {"avg_spl": 0.12337145909355168, "avg_sr": 0.24074074074074073, "count": 54}, "object": {"avg_spl": 0.4509143148595491, "avg_sr": 0.6122448979591837, "count": 49}, "region": {"avg_spl": 0.3222347657951394, "avg_sr": 0.4578313253012048, "count": 83}, "room": {"avg_spl": 0.3695485749055478, "avg_sr": 0.5694444444444444, "count": 72}}
Elapsed 2 days, 14:21:42 

Begin to process [00803-k1cupFYWXJ6_sequence_11_3] type: [region], Question: [picture in the hall that has purple patterned armchairs and ornate plant in sculpted pot beside carved arch and stairs]

Elapsed 2 days, 14:21:42 Current start position is [     2.6234     -14.923     0.89125]
Elapsed 2 days, 14:24:58 ===Episode_id 11 task_id 3 task_level=region===
SR: False, SPL: 0.0, Object category: picture, goal type: sequence===

Elapsed 2 days, 14:24:58 [baseline] task_level=region scene=00803-k1cupFYWXJ6 episode=11 task=3 sec=195.899
Elapsed 2 days, 14:24:58 [BASELINE_LIVE_METRICS] rows=259 avg_sr=0.471042 avg_spl=0.317026 follower_error_count=8 levels=[object:n=49,sr=0.612245,spl=0.450914; room:n=72,sr=0.569444,spl=0.369549; region:n=84,sr=0.452381,spl=0.318399; instance:n=54,sr=0.240741,spl=0.123371] latest_scene=00803-k1cupFYWXJ6 latest_episode=11 latest_task=3 latest_level=region by_level={"instance": {"avg_spl": 0.12337145909355168, "avg_sr": 0.24074074074074073, "count": 54}, "object": {"avg_spl": 0.4509143148595491, "avg_sr": 0.6122448979591837, "count": 49}, "region": {"avg_spl": 0.31839863763091153, "avg_sr": 0.4523809523809524, "count": 84}, "room": {"avg_spl": 0.3695485749055478, "avg_sr": 0.5694444444444444, "count": 72}}
Elapsed 2 days, 14:24:58 

Begin to process [00803-k1cupFYWXJ6_sequence_11_4] type: [instance], Question: [teal carpet with white swirls covering floor]

Elapsed 2 days, 14:24:58 Current start position is [    -3.4916     -14.923     -11.029]
Elapsed 2 days, 14:28:32 ===Episode_id 11 task_id 4 task_level=instance===
SR: True, SPL: 0.009647337589138716, Object category: carpet, goal type: sequence===

Elapsed 2 days, 14:28:32 [baseline] task_level=instance scene=00803-k1cupFYWXJ6 episode=11 task=4 sec=213.349
Elapsed 2 days, 14:28:32 [BASELINE_LIVE_METRICS] rows=260 avg_sr=0.473077 avg_spl=0.315844 follower_error_count=8 levels=[object:n=49,sr=0.612245,spl=0.450914; room:n=72,sr=0.569444,spl=0.369549; region:n=84,sr=0.452381,spl=0.318399; instance:n=55,sr=0.254545,spl=0.121304] latest_scene=00803-k1cupFYWXJ6 latest_episode=11 latest_task=4 latest_level=instance by_level={"instance": {"avg_spl": 0.12130374779347146, "avg_sr": 0.2545454545454545, "count": 55}, "object": {"avg_spl": 0.4509143148595491, "avg_sr": 0.6122448979591837, "count": 49}, "region": {"avg_spl": 0.31839863763091153, "avg_sr": 0.4523809523809524, "count": 84}, "room": {"avg_spl": 0.3695485749055478, "avg_sr": 0.5694444444444444, "count": 72}}
Elapsed 2 days, 14:28:32 [Metrics] sequence count: 260, invalid_count: 0, follower_error_count: 8, avg_sr: 0.473077, avg_spl: 0.315844

=== Episode ===: 12it [11:37:50, 3867.12s/it][AElapsed 2 days, 14:28:41 

Begin to process [00803-k1cupFYWXJ6_sequence_12_0] type: [instance], Question: [round white-top side table with black base between a purple armchair and exhibition table with ship model]

Elapsed 2 days, 14:28:41 Current start position is [     2.2721      6.4774      1.5886]
Elapsed 2 days, 14:58:02 ===Episode_id 12 task_id 0 task_level=instance===
SR: False, SPL: 0.0, Object category: coffee table, goal type: sequence===

Elapsed 2 days, 14:58:02 [baseline] task_level=instance scene=00803-k1cupFYWXJ6 episode=12 task=0 sec=1761.920
Elapsed 2 days, 14:58:02 [BASELINE_LIVE_METRICS] rows=261 avg_sr=0.471264 avg_spl=0.314634 follower_error_count=8 levels=[object:n=49,sr=0.612245,spl=0.450914; room:n=72,sr=0.569444,spl=0.369549; region:n=84,sr=0.452381,spl=0.318399; instance:n=56,sr=0.250000,spl=0.119138] latest_scene=00803-k1cupFYWXJ6 latest_episode=12 latest_task=0 latest_level=instance by_level={"instance": {"avg_spl": 0.11913760944001661, "avg_sr": 0.25, "count": 56}, "object": {"avg_spl": 0.4509143148595491, "avg_sr": 0.6122448979591837, "count": 49}, "region": {"avg_spl": 0.31839863763091153, "avg_sr": 0.4523809523809524, "count": 84}, "room": {"avg_spl": 0.3695485749055478, "avg_sr": 0.5694444444444444, "count": 72}}
Elapsed 2 days, 14:58:02 

Begin to process [00803-k1cupFYWXJ6_sequence_12_1] type: [object], Question: [exhibition picture]

Elapsed 2 days, 14:58:02 Current start position is [     2.0041      6.4775      2.3318]
Elapsed 2 days, 15:00:23 ===Episode_id 12 task_id 1 task_level=object===
SR: False, SPL: 0.0, Object category: exhibition picture, goal type: sequence===

Elapsed 2 days, 15:00:23 [baseline] task_level=object scene=00803-k1cupFYWXJ6 episode=12 task=1 sec=140.129
Elapsed 2 days, 15:00:23 [BASELINE_LIVE_METRICS] rows=262 avg_sr=0.469466 avg_spl=0.313433 follower_error_count=8 levels=[object:n=50,sr=0.600000,spl=0.441896; room:n=72,sr=0.569444,spl=0.369549; region:n=84,sr=0.452381,spl=0.318399; instance:n=56,sr=0.250000,spl=0.119138] latest_scene=00803-k1cupFYWXJ6 latest_episode=12 latest_task=1 latest_level=object by_level={"instance": {"avg_spl": 0.11913760944001661, "avg_sr": 0.25, "count": 56}, "object": {"avg_spl": 0.4418960285623581, "avg_sr": 0.6, "count": 50}, "region": {"avg_spl": 0.31839863763091153, "avg_sr": 0.4523809523809524, "count": 84}, "room": {"avg_spl": 0.3695485749055478, "avg_sr": 0.5694444444444444, "count": 72}}
Elapsed 2 days, 15:00:23 

Begin to process [00803-k1cupFYWXJ6_sequence_12_2] type: [room], Question: [ship model in the hall]

Elapsed 2 days, 15:00:23 Current start position is [      4.925      6.4775     -2.4032]
Elapsed 2 days, 15:02:52 ===Episode_id 12 task_id 2 task_level=room===
SR: True, SPL: 0.685935367481517, Object category: ship model, goal type: sequence===

Elapsed 2 days, 15:02:52 [baseline] task_level=room scene=00803-k1cupFYWXJ6 episode=12 task=2 sec=149.347
Elapsed 2 days, 15:02:52 [BASELINE_LIVE_METRICS] rows=263 avg_sr=0.471483 avg_spl=0.314850 follower_error_count=8 levels=[object:n=50,sr=0.600000,spl=0.441896; room:n=73,sr=0.575342,spl=0.373883; region:n=84,sr=0.452381,spl=0.318399; instance:n=56,sr=0.250000,spl=0.119138] latest_scene=00803-k1cupFYWXJ6 latest_episode=12 latest_task=2 latest_level=room by_level={"instance": {"avg_spl": 0.11913760944001661, "avg_sr": 0.25, "count": 56}, "object": {"avg_spl": 0.4418960285623581, "avg_sr": 0.6, "count": 50}, "region": {"avg_spl": 0.31839863763091153, "avg_sr": 0.4523809523809524, "count": 84}, "room": {"avg_spl": 0.37388264055727344, "avg_sr": 0.5753424657534246, "count": 73}}
Elapsed 2 days, 15:02:52 

Begin to process [00803-k1cupFYWXJ6_sequence_12_3] type: [region], Question: [armchair in the hall that has purple armchairs beneath wall maps, exhibition table with ship model, white countertop coffee table, and sewing machine]

Elapsed 2 days, 15:02:52 Current start position is [     7.4986      6.4775      1.5793]
Elapsed 2 days, 15:05:46 ===Episode_id 12 task_id 3 task_level=region===
SR: True, SPL: 0.7695217388078605, Object category: armchair, goal type: sequence===

Elapsed 2 days, 15:05:46 [baseline] task_level=region scene=00803-k1cupFYWXJ6 episode=12 task=3 sec=174.166
Elapsed 2 days, 15:05:46 [BASELINE_LIVE_METRICS] rows=264 avg_sr=0.473485 avg_spl=0.316572 follower_error_count=8 levels=[object:n=50,sr=0.600000,spl=0.441896; room:n=73,sr=0.575342,spl=0.373883; region:n=85,sr=0.458824,spl=0.323706; instance:n=56,sr=0.250000,spl=0.119138] latest_scene=00803-k1cupFYWXJ6 latest_episode=12 latest_task=3 latest_level=region by_level={"instance": {"avg_spl": 0.11913760944001661, "avg_sr": 0.25, "count": 56}, "object": {"avg_spl": 0.4418960285623581, "avg_sr": 0.6, "count": 50}, "region": {"avg_spl": 0.3237059682329933, "avg_sr": 0.4588235294117647, "count": 85}, "room": {"avg_spl": 0.37388264055727344, "avg_sr": 0.5753424657534246, "count": 73}}
Elapsed 2 days, 15:05:46 

Begin to process [00803-k1cupFYWXJ6_sequence_12_4] type: [instance], Question: [white exhibition table with ship model in hall with purple armchairs and wall maps]

Elapsed 2 days, 15:05:46 Current start position is [     6.5416      6.4775     -2.0756]
Elapsed 2 days, 15:10:40 ===Episode_id 12 task_id 4 task_level=instance===
SR: False, SPL: 0.0, Object category: exhibition table, goal type: sequence===

Elapsed 2 days, 15:10:40 [baseline] task_level=instance scene=00803-k1cupFYWXJ6 episode=12 task=4 sec=293.591
Elapsed 2 days, 15:10:40 [BASELINE_LIVE_METRICS] rows=265 avg_sr=0.471698 avg_spl=0.315377 follower_error_count=8 levels=[object:n=50,sr=0.600000,spl=0.441896; room:n=73,sr=0.575342,spl=0.373883; region:n=85,sr=0.458824,spl=0.323706; instance:n=57,sr=0.245614,spl=0.117047] latest_scene=00803-k1cupFYWXJ6 latest_episode=12 latest_task=4 latest_level=instance by_level={"instance": {"avg_spl": 0.11704747594106896, "avg_sr": 0.24561403508771928, "count": 57}, "object": {"avg_spl": 0.4418960285623581, "avg_sr": 0.6, "count": 50}, "region": {"avg_spl": 0.3237059682329933, "avg_sr": 0.4588235294117647, "count": 85}, "room": {"avg_spl": 0.37388264055727344, "avg_sr": 0.5753424657534246, "count": 73}}
Elapsed 2 days, 15:10:40 [Metrics] sequence count: 265, invalid_count: 0, follower_error_count: 8, avg_sr: 0.471698, avg_spl: 0.315377

=== Episode ===: 13it [12:19:59, 3461.51s/it][AElapsed 2 days, 15:10:49 

Begin to process [00803-k1cupFYWXJ6_sequence_13_0] type: [instance], Question: [gray stone pedestal table with potted plant between purple patterned armchairs in hall with carved arch]

Elapsed 2 days, 15:10:49 Current start position is [     5.3248     -14.923     0.37318]
Elapsed 2 days, 16:15:12 ===Episode_id 13 task_id 0 task_level=instance===
SR: True, SPL: 0.19074164372928745, Object category: table, goal type: sequence===

Elapsed 2 days, 16:15:12 [baseline] task_level=instance scene=00803-k1cupFYWXJ6 episode=13 task=0 sec=3863.377
Elapsed 2 days, 16:15:12 [BASELINE_LIVE_METRICS] rows=266 avg_sr=0.473684 avg_spl=0.314909 follower_error_count=8 levels=[object:n=50,sr=0.600000,spl=0.441896; room:n=73,sr=0.575342,spl=0.373883; region:n=85,sr=0.458824,spl=0.323706; instance:n=58,sr=0.258621,spl=0.118318] latest_scene=00803-k1cupFYWXJ6 latest_episode=13 latest_task=0 latest_level=instance by_level={"instance": {"avg_spl": 0.11831806504086582, "avg_sr": 0.25862068965517243, "count": 58}, "object": {"avg_spl": 0.4418960285623581, "avg_sr": 0.6, "count": 50}, "region": {"avg_spl": 0.3237059682329933, "avg_sr": 0.4588235294117647, "count": 85}, "room": {"avg_spl": 0.37388264055727344, "avg_sr": 0.5753424657534246, "count": 73}}
Elapsed 2 days, 16:15:12 

Begin to process [00803-k1cupFYWXJ6_sequence_13_1] type: [object], Question: [bin]

Elapsed 2 days, 16:15:12 Current start position is [    -1.4417     -14.923     -2.6519]
Elapsed 2 days, 16:18:22 ===Episode_id 13 task_id 1 task_level=object===
SR: False, SPL: 0.0, Object category: bin, goal type: sequence===

Elapsed 2 days, 16:18:22 [baseline] task_level=object scene=00803-k1cupFYWXJ6 episode=13 task=1 sec=189.654
Elapsed 2 days, 16:18:22 [BASELINE_LIVE_METRICS] rows=267 avg_sr=0.471910 avg_spl=0.313729 follower_error_count=8 levels=[object:n=51,sr=0.588235,spl=0.433231; room:n=73,sr=0.575342,spl=0.373883; region:n=85,sr=0.458824,spl=0.323706; instance:n=58,sr=0.258621,spl=0.118318] latest_scene=00803-k1cupFYWXJ6 latest_episode=13 latest_task=1 latest_level=object by_level={"instance": {"avg_spl": 0.11831806504086582, "avg_sr": 0.25862068965517243, "count": 58}, "object": {"avg_spl": 0.43323140055133147, "avg_sr": 0.5882352941176471, "count": 51}, "region": {"avg_spl": 0.3237059682329933, "avg_sr": 0.4588235294117647, "count": 85}, "room": {"avg_spl": 0.37388264055727344, "avg_sr": 0.5753424657534246, "count": 73}}
Elapsed 2 days, 16:18:22 

Begin to process [00803-k1cupFYWXJ6_sequence_13_2] type: [room], Question: [decorative plant in the hall]

Elapsed 2 days, 16:18:22 Current start position is [     2.6684     -14.923      2.1225]
Elapsed 2 days, 16:21:19 ===Episode_id 13 task_id 2 task_level=room===
SR: True, SPL: 0.01190529432801376, Object category: decorative plant, goal type: sequence===

Elapsed 2 days, 16:21:19 [baseline] task_level=room scene=00803-k1cupFYWXJ6 episode=13 task=2 sec=177.453
Elapsed 2 days, 16:21:19 [BASELINE_LIVE_METRICS] rows=268 avg_sr=0.473881 avg_spl=0.312603 follower_error_count=8 levels=[object:n=51,sr=0.588235,spl=0.433231; room:n=74,sr=0.581081,spl=0.368991; region:n=85,sr=0.458824,spl=0.323706; instance:n=58,sr=0.258621,spl=0.118318] latest_scene=00803-k1cupFYWXJ6 latest_episode=13 latest_task=2 latest_level=room by_level={"instance": {"avg_spl": 0.11831806504086582, "avg_sr": 0.25862068965517243, "count": 58}, "object": {"avg_spl": 0.43323140055133147, "avg_sr": 0.5882352941176471, "count": 51}, "region": {"avg_spl": 0.3237059682329933, "avg_sr": 0.4588235294117647, "count": 85}, "room": {"avg_spl": 0.36899105479741856, "avg_sr": 0.581081081081081, "count": 74}}
Elapsed 2 days, 16:21:19 

Begin to process [00803-k1cupFYWXJ6_sequence_13_3] type: [region], Question: [armchair in the hall that has purple patterned armchairs and ornate plant in sculpted pot beside carved arch and stairs]

Elapsed 2 days, 16:21:19 Current start position is [    -1.9342     -14.923     -2.9624]
Elapsed 2 days, 16:24:08 ===Episode_id 13 task_id 3 task_level=region===
SR: True, SPL: 0.3497255757205703, Object category: armchair, goal type: sequence===

Elapsed 2 days, 16:24:08 [baseline] task_level=region scene=00803-k1cupFYWXJ6 episode=13 task=3 sec=168.487
Elapsed 2 days, 16:24:08 [BASELINE_LIVE_METRICS] rows=269 avg_sr=0.475836 avg_spl=0.312741 follower_error_count=8 levels=[object:n=51,sr=0.588235,spl=0.433231; room:n=74,sr=0.581081,spl=0.368991; region:n=86,sr=0.465116,spl=0.324009; instance:n=58,sr=0.258621,spl=0.118318] latest_scene=00803-k1cupFYWXJ6 latest_episode=13 latest_task=3 latest_level=region by_level={"instance": {"avg_spl": 0.11831806504086582, "avg_sr": 0.25862068965517243, "count": 58}, "object": {"avg_spl": 0.43323140055133147, "avg_sr": 0.5882352941176471, "count": 51}, "region": {"avg_spl": 0.32400852180843026, "avg_sr": 0.46511627906976744, "count": 86}, "room": {"avg_spl": 0.36899105479741856, "avg_sr": 0.581081081081081, "count": 74}}
Elapsed 2 days, 16:24:08 

Begin to process [00803-k1cupFYWXJ6_sequence_13_4] type: [instance], Question: [black radiator beside beige patterned armchairs near round wooden table below colorful patterned ceiling]

Elapsed 2 days, 16:24:08 Current start position is [     -1.493     -14.923     -2.7661]
Elapsed 2 days, 16:29:49 ===Episode_id 13 task_id 4 task_level=instance===
SR: False, SPL: 0.0, Object category: radiator, goal type: sequence===

Elapsed 2 days, 16:29:49 [baseline] task_level=instance scene=00803-k1cupFYWXJ6 episode=13 task=4 sec=341.479
Elapsed 2 days, 16:29:49 [BASELINE_LIVE_METRICS] rows=270 avg_sr=0.474074 avg_spl=0.311583 follower_error_count=8 levels=[object:n=51,sr=0.588235,spl=0.433231; room:n=74,sr=0.581081,spl=0.368991; region:n=86,sr=0.465116,spl=0.324009; instance:n=59,sr=0.254237,spl=0.116313] latest_scene=00803-k1cupFYWXJ6 latest_episode=13 latest_task=4 latest_level=instance by_level={"instance": {"avg_spl": 0.11631267410796979, "avg_sr": 0.2542372881355932, "count": 59}, "object": {"avg_spl": 0.43323140055133147, "avg_sr": 0.5882352941176471, "count": 51}, "region": {"avg_spl": 0.32400852180843026, "avg_sr": 0.46511627906976744, "count": 86}, "room": {"avg_spl": 0.36899105479741856, "avg_sr": 0.581081081081081, "count": 74}}
Elapsed 2 days, 16:29:49 [Metrics] sequence count: 270, invalid_count: 0, follower_error_count: 8, avg_sr: 0.474074, avg_spl: 0.311583

=== Episode ===: 14it [13:39:08, 3850.54s/it][AElapsed 2 days, 16:29:58 

Begin to process [00803-k1cupFYWXJ6_sequence_14_0] type: [instance], Question: [decorative plant in flowerpot on round wooden table in hall beside beige patterned armchairs under colorful patterned ceiling]

Elapsed 2 days, 16:29:58 Current start position is [    -1.1337     -14.873     -7.1597]
Elapsed 2 days, 17:19:35 ===Episode_id 14 task_id 0 task_level=instance===
SR: False, SPL: 0.0, Object category: decorative plant, goal type: sequence===

Elapsed 2 days, 17:19:35 [baseline] task_level=instance scene=00803-k1cupFYWXJ6 episode=14 task=0 sec=2976.343
Elapsed 2 days, 17:19:35 [BASELINE_LIVE_METRICS] rows=271 avg_sr=0.472325 avg_spl=0.310433 follower_error_count=8 levels=[object:n=51,sr=0.588235,spl=0.433231; room:n=74,sr=0.581081,spl=0.368991; region:n=86,sr=0.465116,spl=0.324009; instance:n=60,sr=0.250000,spl=0.114374] latest_scene=00803-k1cupFYWXJ6 latest_episode=14 latest_task=0 latest_level=instance by_level={"instance": {"avg_spl": 0.11437412953950363, "avg_sr": 0.25, "count": 60}, "object": {"avg_spl": 0.43323140055133147, "avg_sr": 0.5882352941176471, "count": 51}, "region": {"avg_spl": 0.32400852180843026, "avg_sr": 0.46511627906976744, "count": 86}, "room": {"avg_spl": 0.36899105479741856, "avg_sr": 0.581081081081081, "count": 74}}
Elapsed 2 days, 17:19:35 

Begin to process [00803-k1cupFYWXJ6_sequence_14_1] type: [object], Question: [picture]

Elapsed 2 days, 17:19:35 Current start position is [   -0.35417     -14.937      3.1947]
Elapsed 2 days, 17:22:31 ===Episode_id 14 task_id 1 task_level=object===
SR: True, SPL: 0.6939664777785912, Object category: picture, goal type: sequence===

Elapsed 2 days, 17:22:31 [baseline] task_level=object scene=00803-k1cupFYWXJ6 episode=14 task=1 sec=176.644
Elapsed 2 days, 17:22:31 [BASELINE_LIVE_METRICS] rows=272 avg_sr=0.474265 avg_spl=0.311843 follower_error_count=8 levels=[object:n=52,sr=0.596154,spl=0.438246; room:n=74,sr=0.581081,spl=0.368991; region:n=86,sr=0.465116,spl=0.324009; instance:n=60,sr=0.250000,spl=0.114374] latest_scene=00803-k1cupFYWXJ6 latest_episode=14 latest_task=1 latest_level=object by_level={"instance": {"avg_spl": 0.11437412953950363, "avg_sr": 0.25, "count": 60}, "object": {"avg_spl": 0.43824553665185567, "avg_sr": 0.5961538461538461, "count": 52}, "region": {"avg_spl": 0.32400852180843026, "avg_sr": 0.46511627906976744, "count": 86}, "room": {"avg_spl": 0.36899105479741856, "avg_sr": 0.581081081081081, "count": 74}}
Elapsed 2 days, 17:22:31 

Begin to process [00803-k1cupFYWXJ6_sequence_14_2] type: [room], Question: [table in the hall]

Elapsed 2 days, 17:22:31 Current start position is [   0.045538     -14.923     -3.5599]
Elapsed 2 days, 17:24:41 ===Episode_id 14 task_id 2 task_level=room===
SR: True, SPL: 0.2771859834697369, Object category: table, goal type: sequence===

Elapsed 2 days, 17:24:41 [baseline] task_level=room scene=00803-k1cupFYWXJ6 episode=14 task=2 sec=129.217
Elapsed 2 days, 17:24:41 [BASELINE_LIVE_METRICS] rows=273 avg_sr=0.476190 avg_spl=0.311716 follower_error_count=8 levels=[object:n=52,sr=0.596154,spl=0.438246; room:n=75,sr=0.586667,spl=0.367767; region:n=86,sr=0.465116,spl=0.324009; instance:n=60,sr=0.250000,spl=0.114374] latest_scene=00803-k1cupFYWXJ6 latest_episode=14 latest_task=2 latest_level=room by_level={"instance": {"avg_spl": 0.11437412953950363, "avg_sr": 0.25, "count": 60}, "object": {"avg_spl": 0.43824553665185567, "avg_sr": 0.5961538461538461, "count": 52}, "region": {"avg_spl": 0.32400852180843026, "avg_sr": 0.46511627906976744, "count": 86}, "room": {"avg_spl": 0.3677669871797161, "avg_sr": 0.5866666666666667, "count": 75}}
Elapsed 2 days, 17:24:41 

Begin to process [00803-k1cupFYWXJ6_sequence_14_3] type: [region], Question: [armchair in the hall that has purple patterned armchairs and ornate plant in sculpted pot beside carved arch and stairs]

Elapsed 2 days, 17:24:41 Current start position is [     2.4406     -14.923    0.088241]
Elapsed 2 days, 17:42:42 ===Episode_id 14 task_id 3 task_level=region===
SR: False, SPL: 0.0, Object category: armchair, goal type: sequence===

Elapsed 2 days, 17:42:42 [baseline] task_level=region scene=00803-k1cupFYWXJ6 episode=14 task=3 sec=1081.228
Elapsed 2 days, 17:42:42 [BASELINE_LIVE_METRICS] rows=274 avg_sr=0.474453 avg_spl=0.310578 follower_error_count=8 levels=[object:n=52,sr=0.596154,spl=0.438246; room:n=75,sr=0.586667,spl=0.367767; region:n=87,sr=0.459770,spl=0.320284; instance:n=60,sr=0.250000,spl=0.114374] latest_scene=00803-k1cupFYWXJ6 latest_episode=14 latest_task=3 latest_level=region by_level={"instance": {"avg_spl": 0.11437412953950363, "avg_sr": 0.25, "count": 60}, "object": {"avg_spl": 0.43824553665185567, "avg_sr": 0.5961538461538461, "count": 52}, "region": {"avg_spl": 0.32028428592557473, "avg_sr": 0.45977011494252873, "count": 87}, "room": {"avg_spl": 0.3677669871797161, "avg_sr": 0.5866666666666667, "count": 75}}
Elapsed 2 days, 17:42:42 

Begin to process [00803-k1cupFYWXJ6_sequence_14_4] type: [instance], Question: [teal carpet with white swirls covering floor]

Elapsed 2 days, 17:42:42 Current start position is [    -4.2786     -14.923     -8.3879]
Elapsed 2 days, 17:46:24 ===Episode_id 14 task_id 4 task_level=instance===
SR: True, SPL: 0.027636448855690728, Object category: carpet, goal type: sequence===

Elapsed 2 days, 17:46:24 [baseline] task_level=instance scene=00803-k1cupFYWXJ6 episode=14 task=4 sec=222.164
Elapsed 2 days, 17:46:24 [BASELINE_LIVE_METRICS] rows=275 avg_sr=0.476364 avg_spl=0.309549 follower_error_count=8 levels=[object:n=52,sr=0.596154,spl=0.438246; room:n=75,sr=0.586667,spl=0.367767; region:n=87,sr=0.459770,spl=0.320284; instance:n=61,sr=0.262295,spl=0.112952] latest_scene=00803-k1cupFYWXJ6 latest_episode=14 latest_task=4 latest_level=instance by_level={"instance": {"avg_spl": 0.11295220034796571, "avg_sr": 0.26229508196721313, "count": 61}, "object": {"avg_spl": 0.43824553665185567, "avg_sr": 0.5961538461538461, "count": 52}, "region": {"avg_spl": 0.32028428592557473, "avg_sr": 0.45977011494252873, "count": 87}, "room": {"avg_spl": 0.3677669871797161, "avg_sr": 0.5866666666666667, "count": 75}}
Elapsed 2 days, 17:46:24 [Metrics] sequence count: 275, invalid_count: 0, follower_error_count: 8, avg_sr: 0.476364, avg_spl: 0.309549

=== Episode ===: 15it [14:55:43, 4074.89s/it][AElapsed 2 days, 17:46:33 

Begin to process [00803-k1cupFYWXJ6_sequence_15_0] type: [instance], Question: [beige couch with red pillows]

Elapsed 2 days, 17:46:33 Current start position is [     4.6044     -14.923    -0.64599]
Elapsed 2 days, 18:41:23 ===Episode_id 15 task_id 0 task_level=instance===
SR: True, SPL: 0.2956894537868959, Object category: couch, goal type: sequence===

Elapsed 2 days, 18:41:23 [baseline] task_level=instance scene=00803-k1cupFYWXJ6 episode=15 task=0 sec=3289.903
Elapsed 2 days, 18:41:23 [BASELINE_LIVE_METRICS] rows=276 avg_sr=0.478261 avg_spl=0.309499 follower_error_count=8 levels=[object:n=52,sr=0.596154,spl=0.438246; room:n=75,sr=0.586667,spl=0.367767; region:n=87,sr=0.459770,spl=0.320284; instance:n=62,sr=0.274194,spl=0.115900] latest_scene=00803-k1cupFYWXJ6 latest_episode=15 latest_task=0 latest_level=instance by_level={"instance": {"avg_spl": 0.11589957540343232, "avg_sr": 0.27419354838709675, "count": 62}, "object": {"avg_spl": 0.43824553665185567, "avg_sr": 0.5961538461538461, "count": 52}, "region": {"avg_spl": 0.32028428592557473, "avg_sr": 0.45977011494252873, "count": 87}, "room": {"avg_spl": 0.3677669871797161, "avg_sr": 0.5866666666666667, "count": 75}}
Elapsed 2 days, 18:41:23 

Begin to process [00803-k1cupFYWXJ6_sequence_15_1] type: [object], Question: [bin]

Elapsed 2 days, 18:41:23 Current start position is [    -4.4226     -14.923      -9.268]
Elapsed 2 days, 18:43:00 ===Episode_id 15 task_id 1 task_level=object===
SR: False, SPL: 0.0, Object category: bin, goal type: sequence===

Elapsed 2 days, 18:43:00 [baseline] task_level=object scene=00803-k1cupFYWXJ6 episode=15 task=1 sec=97.818
Elapsed 2 days, 18:43:00 [BASELINE_LIVE_METRICS] rows=277 avg_sr=0.476534 avg_spl=0.308382 follower_error_count=8 levels=[object:n=53,sr=0.584906,spl=0.429977; room:n=75,sr=0.586667,spl=0.367767; region:n=87,sr=0.459770,spl=0.320284; instance:n=62,sr=0.274194,spl=0.115900] latest_scene=00803-k1cupFYWXJ6 latest_episode=15 latest_task=1 latest_level=object by_level={"instance": {"avg_spl": 0.11589957540343232, "avg_sr": 0.27419354838709675, "count": 62}, "object": {"avg_spl": 0.42997675294144333, "avg_sr": 0.5849056603773585, "count": 53}, "region": {"avg_spl": 0.32028428592557473, "avg_sr": 0.45977011494252873, "count": 87}, "room": {"avg_spl": 0.3677669871797161, "avg_sr": 0.5866666666666667, "count": 75}}
Elapsed 2 days, 18:43:00 

Begin to process [00803-k1cupFYWXJ6_sequence_15_2] type: [room], Question: [decorative plant in the hall]

Elapsed 2 days, 18:43:00 Current start position is [     2.6787     -14.923        2.08]
Elapsed 2 days, 18:45:54 ===Episode_id 15 task_id 2 task_level=room===
SR: True, SPL: 0.008722603692438078, Object category: decorative plant, goal type: sequence===

Elapsed 2 days, 18:45:54 [baseline] task_level=room scene=00803-k1cupFYWXJ6 episode=15 task=2 sec=173.471
Elapsed 2 days, 18:45:54 [BASELINE_LIVE_METRICS] rows=278 avg_sr=0.478417 avg_spl=0.307304 follower_error_count=8 levels=[object:n=53,sr=0.584906,spl=0.429977; room:n=76,sr=0.592105,spl=0.363043; region:n=87,sr=0.459770,spl=0.320284; instance:n=62,sr=0.274194,spl=0.115900] latest_scene=00803-k1cupFYWXJ6 latest_episode=15 latest_task=2 latest_level=room by_level={"instance": {"avg_spl": 0.11589957540343232, "avg_sr": 0.27419354838709675, "count": 62}, "object": {"avg_spl": 0.42997675294144333, "avg_sr": 0.5849056603773585, "count": 53}, "region": {"avg_spl": 0.32028428592557473, "avg_sr": 0.45977011494252873, "count": 87}, "room": {"avg_spl": 0.36304271897593615, "avg_sr": 0.5921052631578947, "count": 76}}
Elapsed 2 days, 18:45:54 

Begin to process [00803-k1cupFYWXJ6_sequence_15_3] type: [region], Question: [armchair in the hall that has beige patterned armchairs and round wooden table below colorful patterned ceiling]

Elapsed 2 days, 18:45:54 Current start position is [    -1.8834     -14.923     -2.9705]
Elapsed 2 days, 18:49:19 ===Episode_id 15 task_id 3 task_level=region===
SR: False, SPL: 0.0, Object category: armchair, goal type: sequence===

Elapsed 2 days, 18:49:19 [baseline] task_level=region scene=00803-k1cupFYWXJ6 episode=15 task=3 sec=205.504
Elapsed 2 days, 18:49:19 [BASELINE_LIVE_METRICS] rows=279 avg_sr=0.476703 avg_spl=0.306203 follower_error_count=8 levels=[object:n=53,sr=0.584906,spl=0.429977; room:n=76,sr=0.592105,spl=0.363043; region:n=88,sr=0.454545,spl=0.316645; instance:n=62,sr=0.274194,spl=0.115900] latest_scene=00803-k1cupFYWXJ6 latest_episode=15 latest_task=3 latest_level=region by_level={"instance": {"avg_spl": 0.11589957540343232, "avg_sr": 0.27419354838709675, "count": 62}, "object": {"avg_spl": 0.42997675294144333, "avg_sr": 0.5849056603773585, "count": 53}, "region": {"avg_spl": 0.31664469176732957, "avg_sr": 0.45454545454545453, "count": 88}, "room": {"avg_spl": 0.36304271897593615, "avg_sr": 0.5921052631578947, "count": 76}}
Elapsed 2 days, 18:49:19 

Begin to process [00803-k1cupFYWXJ6_sequence_15_4] type: [instance], Question: [gray stone pedestal table with potted plant between purple patterned armchairs in hall with carved arch]

Elapsed 2 days, 18:49:19 Current start position is [    -1.5238     -14.923     -1.6386]
Elapsed 2 days, 18:53:05 ===Episode_id 15 task_id 4 task_level=instance===
SR: False, SPL: 0.0, Object category: table, goal type: sequence===

Elapsed 2 days, 18:53:05 [baseline] task_level=instance scene=00803-k1cupFYWXJ6 episode=15 task=4 sec=225.129
Elapsed 2 days, 18:53:05 [BASELINE_LIVE_METRICS] rows=280 avg_sr=0.475000 avg_spl=0.305109 follower_error_count=8 levels=[object:n=53,sr=0.584906,spl=0.429977; room:n=76,sr=0.592105,spl=0.363043; region:n=88,sr=0.454545,spl=0.316645; instance:n=63,sr=0.269841,spl=0.114060] latest_scene=00803-k1cupFYWXJ6 latest_episode=15 latest_task=4 latest_level=instance by_level={"instance": {"avg_spl": 0.11405989960337784, "avg_sr": 0.2698412698412698, "count": 63}, "object": {"avg_spl": 0.42997675294144333, "avg_sr": 0.5849056603773585, "count": 53}, "region": {"avg_spl": 0.31664469176732957, "avg_sr": 0.45454545454545453, "count": 88}, "room": {"avg_spl": 0.36304271897593615, "avg_sr": 0.5921052631578947, "count": 76}}
Elapsed 2 days, 18:53:05 [Metrics] sequence count: 280, invalid_count: 0, follower_error_count: 8, avg_sr: 0.475000, avg_spl: 0.305109

=== Episode ===: 16it [16:02:23, 4052.50s/it][AElapsed 2 days, 18:53:14 

Begin to process [00803-k1cupFYWXJ6_sequence_16_0] type: [instance], Question: [black radiator under yellow-framed map in hall with purple armchairs, white countertop coffee table, and ship model]

Elapsed 2 days, 18:53:14 Current start position is [     5.7925      6.4774      -1.565]
Elapsed 2 days, 19:22:52 ===Episode_id 16 task_id 0 task_level=instance===
SR: False, SPL: 0.0, Object category: radiator, goal type: sequence===

Elapsed 2 days, 19:22:52 [baseline] task_level=instance scene=00803-k1cupFYWXJ6 episode=16 task=0 sec=1778.323
Elapsed 2 days, 19:22:52 [BASELINE_LIVE_METRICS] rows=281 avg_sr=0.473310 avg_spl=0.304023 follower_error_count=8 levels=[object:n=53,sr=0.584906,spl=0.429977; room:n=76,sr=0.592105,spl=0.363043; region:n=88,sr=0.454545,spl=0.316645; instance:n=64,sr=0.265625,spl=0.112278] latest_scene=00803-k1cupFYWXJ6 latest_episode=16 latest_task=0 latest_level=instance by_level={"instance": {"avg_spl": 0.11227771367207506, "avg_sr": 0.265625, "count": 64}, "object": {"avg_spl": 0.42997675294144333, "avg_sr": 0.5849056603773585, "count": 53}, "region": {"avg_spl": 0.31664469176732957, "avg_sr": 0.45454545454545453, "count": 88}, "room": {"avg_spl": 0.36304271897593615, "avg_sr": 0.5921052631578947, "count": 76}}
Elapsed 2 days, 19:22:52 

Begin to process [00803-k1cupFYWXJ6_sequence_16_1] type: [object], Question: [exhibition picture]

Elapsed 2 days, 19:22:52 Current start position is [     1.5543      6.4775     -0.6658]
Elapsed 2 days, 19:24:19 ===Episode_id 16 task_id 1 task_level=object===
SR: False, SPL: 0.0, Object category: exhibition picture, goal type: sequence===

Elapsed 2 days, 19:24:19 [baseline] task_level=object scene=00803-k1cupFYWXJ6 episode=16 task=1 sec=86.855
Elapsed 2 days, 19:24:19 [BASELINE_LIVE_METRICS] rows=282 avg_sr=0.471631 avg_spl=0.302945 follower_error_count=8 levels=[object:n=54,sr=0.574074,spl=0.422014; room:n=76,sr=0.592105,spl=0.363043; region:n=88,sr=0.454545,spl=0.316645; instance:n=64,sr=0.265625,spl=0.112278] latest_scene=00803-k1cupFYWXJ6 latest_episode=16 latest_task=1 latest_level=object by_level={"instance": {"avg_spl": 0.11227771367207506, "avg_sr": 0.265625, "count": 64}, "object": {"avg_spl": 0.4220142204795647, "avg_sr": 0.5740740740740741, "count": 54}, "region": {"avg_spl": 0.31664469176732957, "avg_sr": 0.45454545454545453, "count": 88}, "room": {"avg_spl": 0.36304271897593615, "avg_sr": 0.5921052631578947, "count": 76}}
Elapsed 2 days, 19:24:19 

Begin to process [00803-k1cupFYWXJ6_sequence_16_2] type: [room], Question: [exhibition table in the hall]

Elapsed 2 days, 19:24:19 Current start position is [     4.6978      6.4775     -2.3333]
Elapsed 2 days, 19:26:35 ===Episode_id 16 task_id 2 task_level=room===
SR: False, SPL: 0.0, Object category: exhibition table, goal type: sequence===

Elapsed 2 days, 19:26:35 [baseline] task_level=room scene=00803-k1cupFYWXJ6 episode=16 task=2 sec=135.609
Elapsed 2 days, 19:26:35 [BASELINE_LIVE_METRICS] rows=283 avg_sr=0.469965 avg_spl=0.301875 follower_error_count=8 levels=[object:n=54,sr=0.574074,spl=0.422014; room:n=77,sr=0.584416,spl=0.358328; region:n=88,sr=0.454545,spl=0.316645; instance:n=64,sr=0.265625,spl=0.112278] latest_scene=00803-k1cupFYWXJ6 latest_episode=16 latest_task=2 latest_level=room by_level={"instance": {"avg_spl": 0.11227771367207506, "avg_sr": 0.265625, "count": 64}, "object": {"avg_spl": 0.4220142204795647, "avg_sr": 0.5740740740740741, "count": 54}, "region": {"avg_spl": 0.31664469176732957, "avg_sr": 0.45454545454545453, "count": 88}, "room": {"avg_spl": 0.35832787846975517, "avg_sr": 0.5844155844155844, "count": 77}}
Elapsed 2 days, 19:26:35 

Begin to process [00803-k1cupFYWXJ6_sequence_16_3] type: [region], Question: [map in the hall that has purple armchairs beneath wall maps, exhibition table with ship model, white countertop coffee table, and sewing machine]

Elapsed 2 days, 19:26:35 Current start position is [     1.8832      6.4775      2.1742]
Elapsed 2 days, 19:28:53 ===Episode_id 16 task_id 3 task_level=region===
SR: False, SPL: 0.0, Object category: map, goal type: sequence===

Elapsed 2 days, 19:28:53 [baseline] task_level=region scene=00803-k1cupFYWXJ6 episode=16 task=3 sec=138.146
Elapsed 2 days, 19:28:53 [BASELINE_LIVE_METRICS] rows=284 avg_sr=0.468310 avg_spl=0.300812 follower_error_count=8 levels=[object:n=54,sr=0.574074,spl=0.422014; room:n=77,sr=0.584416,spl=0.358328; region:n=89,sr=0.449438,spl=0.313087; instance:n=64,sr=0.265625,spl=0.112278] latest_scene=00803-k1cupFYWXJ6 latest_episode=16 latest_task=3 latest_level=region by_level={"instance": {"avg_spl": 0.11227771367207506, "avg_sr": 0.265625, "count": 64}, "object": {"avg_spl": 0.4220142204795647, "avg_sr": 0.5740740740740741, "count": 54}, "region": {"avg_spl": 0.31308688624185393, "avg_sr": 0.449438202247191, "count": 89}, "room": {"avg_spl": 0.35832787846975517, "avg_sr": 0.5844155844155844, "count": 77}}
Elapsed 2 days, 19:28:53 

Begin to process [00803-k1cupFYWXJ6_sequence_16_4] type: [instance], Question: [beige ship model with red hull on exhibition table in hall with purple armchairs and wall maps]

Elapsed 2 days, 19:28:53 Current start position is [     6.1562      6.5149      3.1839]
Elapsed 2 days, 19:33:09 ===Episode_id 16 task_id 4 task_level=instance===
SR: True, SPL: 0.0831407402005427, Object category: ship model, goal type: sequence===

Elapsed 2 days, 19:33:09 [baseline] task_level=instance scene=00803-k1cupFYWXJ6 episode=16 task=4 sec=256.036
Elapsed 2 days, 19:33:09 [BASELINE_LIVE_METRICS] rows=285 avg_sr=0.470175 avg_spl=0.300048 follower_error_count=8 levels=[object:n=54,sr=0.574074,spl=0.422014; room:n=77,sr=0.584416,spl=0.358328; region:n=89,sr=0.449438,spl=0.313087; instance:n=65,sr=0.276923,spl=0.111829] latest_scene=00803-k1cupFYWXJ6 latest_episode=16 latest_task=4 latest_level=instance by_level={"instance": {"avg_spl": 0.1118294525417438, "avg_sr": 0.27692307692307694, "count": 65}, "object": {"avg_spl": 0.4220142204795647, "avg_sr": 0.5740740740740741, "count": 54}, "region": {"avg_spl": 0.31308688624185393, "avg_sr": 0.449438202247191, "count": 89}, "room": {"avg_spl": 0.35832787846975517, "avg_sr": 0.5844155844155844, "count": 77}}
Elapsed 2 days, 19:33:09 [Metrics] sequence count: 285, invalid_count: 0, follower_error_count: 8, avg_sr: 0.470175, avg_spl: 0.300048

=== Episode ===: 17it [16:42:28, 3556.96s/it][AElapsed 2 days, 19:33:17 

Begin to process [00803-k1cupFYWXJ6_sequence_17_0] type: [instance], Question: [the left purple damask armchair against mirrored wall beside ornate plant in sculpted pot near carved arch and stairs]

Elapsed 2 days, 19:33:17 Current start position is [     5.3151     -14.923     0.34909]
Elapsed 2 days, 20:12:15 ===Episode_id 17 task_id 0 task_level=instance===
SR: False, SPL: 0.0, Object category: armchair, goal type: sequence===

Elapsed 2 days, 20:12:15 [baseline] task_level=instance scene=00803-k1cupFYWXJ6 episode=17 task=0 sec=2338.020
Elapsed 2 days, 20:12:15 [BASELINE_LIVE_METRICS] rows=286 avg_sr=0.468531 avg_spl=0.298999 follower_error_count=8 levels=[object:n=54,sr=0.574074,spl=0.422014; room:n=77,sr=0.584416,spl=0.358328; region:n=89,sr=0.449438,spl=0.313087; instance:n=66,sr=0.272727,spl=0.110135] latest_scene=00803-k1cupFYWXJ6 latest_episode=17 latest_task=0 latest_level=instance by_level={"instance": {"avg_spl": 0.11013506689717192, "avg_sr": 0.2727272727272727, "count": 66}, "object": {"avg_spl": 0.4220142204795647, "avg_sr": 0.5740740740740741, "count": 54}, "region": {"avg_spl": 0.31308688624185393, "avg_sr": 0.449438202247191, "count": 89}, "room": {"avg_spl": 0.35832787846975517, "avg_sr": 0.5844155844155844, "count": 77}}
Elapsed 2 days, 20:12:15 

Begin to process [00803-k1cupFYWXJ6_sequence_17_1] type: [object], Question: [table]

Elapsed 2 days, 20:12:15 Current start position is [     2.7084     -14.923      2.0565]
Elapsed 2 days, 20:14:58 ===Episode_id 17 task_id 1 task_level=object===
SR: True, SPL: 0.013118465448837163, Object category: table, goal type: sequence===

Elapsed 2 days, 20:14:58 [baseline] task_level=object scene=00803-k1cupFYWXJ6 episode=17 task=1 sec=162.055
Elapsed 2 days, 20:14:58 [BASELINE_LIVE_METRICS] rows=287 avg_sr=0.470383 avg_spl=0.298003 follower_error_count=8 levels=[object:n=55,sr=0.581818,spl=0.414580; room:n=77,sr=0.584416,spl=0.358328; region:n=89,sr=0.449438,spl=0.313087; instance:n=66,sr=0.272727,spl=0.110135] latest_scene=00803-k1cupFYWXJ6 latest_episode=17 latest_task=1 latest_level=object by_level={"instance": {"avg_spl": 0.11013506689717192, "avg_sr": 0.2727272727272727, "count": 66}, "object": {"avg_spl": 0.4145797522062788, "avg_sr": 0.5818181818181818, "count": 55}, "region": {"avg_spl": 0.31308688624185393, "avg_sr": 0.449438202247191, "count": 89}, "room": {"avg_spl": 0.35832787846975517, "avg_sr": 0.5844155844155844, "count": 77}}
Elapsed 2 days, 20:14:58 

Begin to process [00803-k1cupFYWXJ6_sequence_17_2] type: [room], Question: [radiator in the hall]

Elapsed 2 days, 20:14:58 Current start position is [     2.7716     -14.923     0.82844]
Elapsed 2 days, 20:17:40 ===Episode_id 17 task_id 2 task_level=room===
SR: False, SPL: 0.0, Object category: radiator, goal type: sequence===

Elapsed 2 days, 20:17:40 [baseline] task_level=room scene=00803-k1cupFYWXJ6 episode=17 task=2 sec=162.416
Elapsed 2 days, 20:17:40 [BASELINE_LIVE_METRICS] rows=288 avg_sr=0.468750 avg_spl=0.296968 follower_error_count=8 levels=[object:n=55,sr=0.581818,spl=0.414580; room:n=78,sr=0.576923,spl=0.353734; region:n=89,sr=0.449438,spl=0.313087; instance:n=66,sr=0.272727,spl=0.110135] latest_scene=00803-k1cupFYWXJ6 latest_episode=17 latest_task=2 latest_level=room by_level={"instance": {"avg_spl": 0.11013506689717192, "avg_sr": 0.2727272727272727, "count": 66}, "object": {"avg_spl": 0.4145797522062788, "avg_sr": 0.5818181818181818, "count": 55}, "region": {"avg_spl": 0.31308688624185393, "avg_sr": 0.449438202247191, "count": 89}, "room": {"avg_spl": 0.3537339313098865, "avg_sr": 0.5769230769230769, "count": 78}}
Elapsed 2 days, 20:17:40 

Begin to process [00803-k1cupFYWXJ6_sequence_17_3] type: [region], Question: [decorative plant in the hall that has purple patterned armchairs and ornate plant in sculpted pot beside carved arch and stairs]

Elapsed 2 days, 20:17:40 Current start position is [    -1.8164     -14.923      2.4699]
Elapsed 2 days, 20:27:28 ===Episode_id 17 task_id 3 task_level=region===
SR: True, SPL: 0.0029509029447581793, Object category: decorative plant, goal type: sequence===

Elapsed 2 days, 20:27:28 [baseline] task_level=region scene=00803-k1cupFYWXJ6 episode=17 task=3 sec=587.664
Elapsed 2 days, 20:27:28 [BASELINE_LIVE_METRICS] rows=289 avg_sr=0.470588 avg_spl=0.295951 follower_error_count=8 levels=[object:n=55,sr=0.581818,spl=0.414580; room:n=78,sr=0.576923,spl=0.353734; region:n=90,sr=0.455556,spl=0.309641; instance:n=66,sr=0.272727,spl=0.110135] latest_scene=00803-k1cupFYWXJ6 latest_episode=17 latest_task=3 latest_level=region by_level={"instance": {"avg_spl": 0.11013506689717192, "avg_sr": 0.2727272727272727, "count": 66}, "object": {"avg_spl": 0.4145797522062788, "avg_sr": 0.5818181818181818, "count": 55}, "region": {"avg_spl": 0.3096409308718862, "avg_sr": 0.45555555555555555, "count": 90}, "room": {"avg_spl": 0.3537339313098865, "avg_sr": 0.5769230769230769, "count": 78}}
Elapsed 2 days, 20:27:28 

Begin to process [00803-k1cupFYWXJ6_sequence_17_4] type: [instance], Question: [teal carpet with white swirls covering floor]

Elapsed 2 days, 20:27:28 Current start position is [    -1.8523     -14.923     -2.9296]
Elapsed 2 days, 20:32:56 ===Episode_id 17 task_id 4 task_level=instance===
SR: True, SPL: 0.38620027142086516, Object category: carpet, goal type: sequence===

Elapsed 2 days, 20:32:56 [baseline] task_level=instance scene=00803-k1cupFYWXJ6 episode=17 task=4 sec=328.652
Elapsed 2 days, 20:32:56 [BASELINE_LIVE_METRICS] rows=290 avg_sr=0.472414 avg_spl=0.296262 follower_error_count=8 levels=[object:n=55,sr=0.581818,spl=0.414580; room:n=78,sr=0.576923,spl=0.353734; region:n=90,sr=0.455556,spl=0.309641; instance:n=67,sr=0.283582,spl=0.114255] latest_scene=00803-k1cupFYWXJ6 latest_episode=17 latest_task=4 latest_level=instance by_level={"instance": {"avg_spl": 0.11425544308409272, "avg_sr": 0.2835820895522388, "count": 67}, "object": {"avg_spl": 0.4145797522062788, "avg_sr": 0.5818181818181818, "count": 55}, "region": {"avg_spl": 0.3096409308718862, "avg_sr": 0.45555555555555555, "count": 90}, "room": {"avg_spl": 0.3537339313098865, "avg_sr": 0.5769230769230769, "count": 78}}
Elapsed 2 days, 20:32:56 [Metrics] sequence count: 290, invalid_count: 0, follower_error_count: 8, avg_sr: 0.472414, avg_spl: 0.296262

=== Episode ===: 18it [17:42:15, 3566.04s/it][AElapsed 2 days, 20:33:06 

Begin to process [00803-k1cupFYWXJ6_sequence_18_0] type: [instance], Question: [teal carpet with white swirls covering floor]

Elapsed 2 days, 20:33:06 Current start position is [     5.4972     -14.923     0.43487]
Elapsed 2 days, 21:37:46 ===Episode_id 18 task_id 0 task_level=instance===
SR: True, SPL: 0.2031120421082963, Object category: carpet, goal type: sequence===

Elapsed 2 days, 21:37:46 [baseline] task_level=instance scene=00803-k1cupFYWXJ6 episode=18 task=0 sec=3880.477
Elapsed 2 days, 21:37:46 [BASELINE_LIVE_METRICS] rows=291 avg_sr=0.474227 avg_spl=0.295942 follower_error_count=8 levels=[object:n=55,sr=0.581818,spl=0.414580; room:n=78,sr=0.576923,spl=0.353734; region:n=90,sr=0.455556,spl=0.309641; instance:n=68,sr=0.294118,spl=0.115562] latest_scene=00803-k1cupFYWXJ6 latest_episode=18 latest_task=0 latest_level=instance by_level={"instance": {"avg_spl": 0.11556215777562512, "avg_sr": 0.29411764705882354, "count": 68}, "object": {"avg_spl": 0.4145797522062788, "avg_sr": 0.5818181818181818, "count": 55}, "region": {"avg_spl": 0.3096409308718862, "avg_sr": 0.45555555555555555, "count": 90}, "room": {"avg_spl": 0.3537339313098865, "avg_sr": 0.5769230769230769, "count": 78}}
Elapsed 2 days, 21:37:46 

Begin to process [00803-k1cupFYWXJ6_sequence_18_1] type: [object], Question: [picture]

Elapsed 2 days, 21:37:46 Current start position is [    -2.3508     -14.885      -5.923]
Elapsed 2 days, 21:39:26 ===Episode_id 18 task_id 1 task_level=object===
SR: True, SPL: 0.756524571182031, Object category: picture, goal type: sequence===

Elapsed 2 days, 21:39:26 [baseline] task_level=object scene=00803-k1cupFYWXJ6 episode=18 task=1 sec=99.489
Elapsed 2 days, 21:39:26 [BASELINE_LIVE_METRICS] rows=292 avg_sr=0.476027 avg_spl=0.297519 follower_error_count=8 levels=[object:n=56,sr=0.589286,spl=0.420686; room:n=78,sr=0.576923,spl=0.353734; region:n=90,sr=0.455556,spl=0.309641; instance:n=68,sr=0.294118,spl=0.115562] latest_scene=00803-k1cupFYWXJ6 latest_episode=18 latest_task=1 latest_level=object by_level={"instance": {"avg_spl": 0.11556215777562512, "avg_sr": 0.29411764705882354, "count": 68}, "object": {"avg_spl": 0.42068590968798864, "avg_sr": 0.5892857142857143, "count": 56}, "region": {"avg_spl": 0.3096409308718862, "avg_sr": 0.45555555555555555, "count": 90}, "room": {"avg_spl": 0.3537339313098865, "avg_sr": 0.5769230769230769, "count": 78}}
Elapsed 2 days, 21:39:26 

Begin to process [00803-k1cupFYWXJ6_sequence_18_2] type: [room], Question: [decorative plant in the hall]

Elapsed 2 days, 21:39:26 Current start position is [   0.066805     -14.923     -3.5458]
Elapsed 2 days, 21:42:05 ===Episode_id 18 task_id 2 task_level=room===
SR: True, SPL: 0.6526211451543782, Object category: decorative plant, goal type: sequence===

Elapsed 2 days, 21:42:05 [baseline] task_level=room scene=00803-k1cupFYWXJ6 episode=18 task=2 sec=159.783
Elapsed 2 days, 21:42:05 [BASELINE_LIVE_METRICS] rows=293 avg_sr=0.477816 avg_spl=0.298731 follower_error_count=8 levels=[object:n=56,sr=0.589286,spl=0.420686; room:n=79,sr=0.582278,spl=0.357517; region:n=90,sr=0.455556,spl=0.309641; instance:n=68,sr=0.294118,spl=0.115562] latest_scene=00803-k1cupFYWXJ6 latest_episode=18 latest_task=2 latest_level=room by_level={"instance": {"avg_spl": 0.11556215777562512, "avg_sr": 0.29411764705882354, "count": 68}, "object": {"avg_spl": 0.42068590968798864, "avg_sr": 0.5892857142857143, "count": 56}, "region": {"avg_spl": 0.3096409308718862, "avg_sr": 0.45555555555555555, "count": 90}, "room": {"avg_spl": 0.35751731376361423, "avg_sr": 0.5822784810126582, "count": 79}}
Elapsed 2 days, 21:42:05 

Begin to process [00803-k1cupFYWXJ6_sequence_18_3] type: [region], Question: [armchair in the hall that has purple patterned armchairs and ornate plant in sculpted pot beside carved arch and stairs]

Elapsed 2 days, 21:42:05 Current start position is [    -1.7941     -14.923     -3.0112]
Elapsed 2 days, 21:45:44 ===Episode_id 18 task_id 3 task_level=region===
SR: True, SPL: 0.07983920929899327, Object category: armchair, goal type: sequence===

Elapsed 2 days, 21:45:44 [baseline] task_level=region scene=00803-k1cupFYWXJ6 episode=18 task=3 sec=218.940
Elapsed 2 days, 21:45:44 [BASELINE_LIVE_METRICS] rows=294 avg_sr=0.479592 avg_spl=0.297986 follower_error_count=8 levels=[object:n=56,sr=0.589286,spl=0.420686; room:n=79,sr=0.582278,spl=0.357517; region:n=91,sr=0.461538,spl=0.307116; instance:n=68,sr=0.294118,spl=0.115562] latest_scene=00803-k1cupFYWXJ6 latest_episode=18 latest_task=3 latest_level=region by_level={"instance": {"avg_spl": 0.11556215777562512, "avg_sr": 0.29411764705882354, "count": 68}, "object": {"avg_spl": 0.42068590968798864, "avg_sr": 0.5892857142857143, "count": 56}, "region": {"avg_spl": 0.30711563722822804, "avg_sr": 0.46153846153846156, "count": 91}, "room": {"avg_spl": 0.35751731376361423, "avg_sr": 0.5822784810126582, "count": 79}}
Elapsed 2 days, 21:45:44 

Begin to process [00803-k1cupFYWXJ6_sequence_18_4] type: [instance], Question: [beige couch with red pillows]

Elapsed 2 days, 21:45:44 Current start position is [    -1.4249     -14.923     -2.6998]
Elapsed 2 days, 21:51:33 ===Episode_id 18 task_id 4 task_level=instance===
SR: False, SPL: 0.0, Object category: couch, goal type: sequence===

Elapsed 2 days, 21:51:33 [baseline] task_level=instance scene=00803-k1cupFYWXJ6 episode=18 task=4 sec=348.546
Elapsed 2 days, 21:51:33 [BASELINE_LIVE_METRICS] rows=295 avg_sr=0.477966 avg_spl=0.296976 follower_error_count=8 levels=[object:n=56,sr=0.589286,spl=0.420686; room:n=79,sr=0.582278,spl=0.357517; region:n=91,sr=0.461538,spl=0.307116; instance:n=69,sr=0.289855,spl=0.113887] latest_scene=00803-k1cupFYWXJ6 latest_episode=18 latest_task=4 latest_level=instance by_level={"instance": {"avg_spl": 0.11388734389481896, "avg_sr": 0.2898550724637681, "count": 69}, "object": {"avg_spl": 0.42068590968798864, "avg_sr": 0.5892857142857143, "count": 56}, "region": {"avg_spl": 0.30711563722822804, "avg_sr": 0.46153846153846156, "count": 91}, "room": {"avg_spl": 0.35751731376361423, "avg_sr": 0.5822784810126582, "count": 79}}
Elapsed 2 days, 21:51:33 [Metrics] sequence count: 295, invalid_count: 0, follower_error_count: 8, avg_sr: 0.477966, avg_spl: 0.296976

=== Episode ===: 19it [19:00:52, 3911.61s/it][AElapsed 2 days, 21:51:43 

Begin to process [00803-k1cupFYWXJ6_sequence_19_0] type: [instance], Question: [gray stone pedestal table with potted plant between purple patterned armchairs in hall with carved arch]

Elapsed 2 days, 21:51:43 Current start position is [     5.3248     -14.923     0.37318]
Elapsed 2 days, 22:24:19 ===Episode_id 19 task_id 0 task_level=instance===
SR: False, SPL: 0.0, Object category: table, goal type: sequence===

Elapsed 2 days, 22:24:19 [baseline] task_level=instance scene=00803-k1cupFYWXJ6 episode=19 task=0 sec=1955.826
Elapsed 2 days, 22:24:19 [BASELINE_LIVE_METRICS] rows=296 avg_sr=0.476351 avg_spl=0.295973 follower_error_count=8 levels=[object:n=56,sr=0.589286,spl=0.420686; room:n=79,sr=0.582278,spl=0.357517; region:n=91,sr=0.461538,spl=0.307116; instance:n=70,sr=0.285714,spl=0.112260] latest_scene=00803-k1cupFYWXJ6 latest_episode=19 latest_task=0 latest_level=instance by_level={"instance": {"avg_spl": 0.11226038183917869, "avg_sr": 0.2857142857142857, "count": 70}, "object": {"avg_spl": 0.42068590968798864, "avg_sr": 0.5892857142857143, "count": 56}, "region": {"avg_spl": 0.30711563722822804, "avg_sr": 0.46153846153846156, "count": 91}, "room": {"avg_spl": 0.35751731376361423, "avg_sr": 0.5822784810126582, "count": 79}}
Elapsed 2 days, 22:24:19 

Begin to process [00803-k1cupFYWXJ6_sequence_19_1] type: [object], Question: [bin]

Elapsed 2 days, 22:24:19 Current start position is [     4.1355     -14.923    -0.79349]
Elapsed 2 days, 22:25:37 ===Episode_id 19 task_id 1 task_level=object===
SR: False, SPL: 0.0, Object category: bin, goal type: sequence===

Elapsed 2 days, 22:25:37 [baseline] task_level=object scene=00803-k1cupFYWXJ6 episode=19 task=1 sec=78.540
Elapsed 2 days, 22:25:37 [BASELINE_LIVE_METRICS] rows=297 avg_sr=0.474747 avg_spl=0.294977 follower_error_count=8 levels=[object:n=57,sr=0.578947,spl=0.413305; room:n=79,sr=0.582278,spl=0.357517; region:n=91,sr=0.461538,spl=0.307116; instance:n=70,sr=0.285714,spl=0.112260] latest_scene=00803-k1cupFYWXJ6 latest_episode=19 latest_task=1 latest_level=object by_level={"instance": {"avg_spl": 0.11226038183917869, "avg_sr": 0.2857142857142857, "count": 70}, "object": {"avg_spl": 0.413305455132059, "avg_sr": 0.5789473684210527, "count": 57}, "region": {"avg_spl": 0.30711563722822804, "avg_sr": 0.46153846153846156, "count": 91}, "room": {"avg_spl": 0.35751731376361423, "avg_sr": 0.5822784810126582, "count": 79}}
Elapsed 2 days, 22:25:37 

Begin to process [00803-k1cupFYWXJ6_sequence_19_2] type: [room], Question: [armchair in the hall]

Elapsed 2 days, 22:25:37 Current start position is [    -1.9493     -14.923       2.115]
Elapsed 2 days, 22:26:47 ===Episode_id 19 task_id 2 task_level=room===
SR: True, SPL: 0.6997599691303591, Object category: armchair, goal type: sequence===

Elapsed 2 days, 22:26:47 [baseline] task_level=room scene=00803-k1cupFYWXJ6 episode=19 task=2 sec=70.148
Elapsed 2 days, 22:26:47 [BASELINE_LIVE_METRICS] rows=298 avg_sr=0.476510 avg_spl=0.296335 follower_error_count=8 levels=[object:n=57,sr=0.578947,spl=0.413305; room:n=80,sr=0.587500,spl=0.361795; region:n=91,sr=0.461538,spl=0.307116; instance:n=70,sr=0.285714,spl=0.112260] latest_scene=00803-k1cupFYWXJ6 latest_episode=19 latest_task=2 latest_level=room by_level={"instance": {"avg_spl": 0.11226038183917869, "avg_sr": 0.2857142857142857, "count": 70}, "object": {"avg_spl": 0.413305455132059, "avg_sr": 0.5789473684210527, "count": 57}, "region": {"avg_spl": 0.30711563722822804, "avg_sr": 0.46153846153846156, "count": 91}, "room": {"avg_spl": 0.36179534695569854, "avg_sr": 0.5875, "count": 80}}
Elapsed 2 days, 22:26:47 

Begin to process [00803-k1cupFYWXJ6_sequence_19_3] type: [region], Question: [bust in the hall that has beige patterned armchairs and round wooden table below colorful patterned ceiling]

Elapsed 2 days, 22:26:47 Current start position is [     -1.474     -14.923       -1.69]
Elapsed 2 days, 22:43:19 ===Episode_id 19 task_id 3 task_level=region===
SR: False, SPL: 0.0, Object category: bust, goal type: sequence===

Elapsed 2 days, 22:43:19 [baseline] task_level=region scene=00803-k1cupFYWXJ6 episode=19 task=3 sec=991.247
Elapsed 2 days, 22:43:19 [BASELINE_LIVE_METRICS] rows=299 avg_sr=0.474916 avg_spl=0.295344 follower_error_count=8 levels=[object:n=57,sr=0.578947,spl=0.413305; room:n=80,sr=0.587500,spl=0.361795; region:n=92,sr=0.456522,spl=0.303777; instance:n=70,sr=0.285714,spl=0.112260] latest_scene=00803-k1cupFYWXJ6 latest_episode=19 latest_task=3 latest_level=region by_level={"instance": {"avg_spl": 0.11226038183917869, "avg_sr": 0.2857142857142857, "count": 70}, "object": {"avg_spl": 0.413305455132059, "avg_sr": 0.5789473684210527, "count": 57}, "region": {"avg_spl": 0.3037774237800951, "avg_sr": 0.45652173913043476, "count": 92}, "room": {"avg_spl": 0.36179534695569854, "avg_sr": 0.5875, "count": 80}}
Elapsed 2 days, 22:43:19 

Begin to process [00803-k1cupFYWXJ6_sequence_19_4] type: [instance], Question: [decorative plant in stone flowerpot between purple patterned armchairs near carved arch]

Elapsed 2 days, 22:43:19 Current start position is [    -3.0313     -14.917     -10.831]
Elapsed 2 days, 22:48:05 ===Episode_id 19 task_id 4 task_level=instance===
SR: True, SPL: 0.8681332771894867, Object category: decorative plant, goal type: sequence===

Elapsed 2 days, 22:48:05 [baseline] task_level=instance scene=00803-k1cupFYWXJ6 episode=19 task=4 sec=286.037
Elapsed 2 days, 22:48:05 [BASELINE_LIVE_METRICS] rows=300 avg_sr=0.476667 avg_spl=0.297253 follower_error_count=8 levels=[object:n=57,sr=0.578947,spl=0.413305; room:n=80,sr=0.587500,spl=0.361795; region:n=92,sr=0.456522,spl=0.303777; instance:n=71,sr=0.295775,spl=0.122906] latest_scene=00803-k1cupFYWXJ6 latest_episode=19 latest_task=4 latest_level=instance by_level={"instance": {"avg_spl": 0.12290647895678865, "avg_sr": 0.29577464788732394, "count": 71}, "object": {"avg_spl": 0.413305455132059, "avg_sr": 0.5789473684210527, "count": 57}, "region": {"avg_spl": 0.3037774237800951, "avg_sr": 0.45652173913043476, "count": 92}, "room": {"avg_spl": 0.36179534695569854, "avg_sr": 0.5875, "count": 80}}
Elapsed 2 days, 22:48:05 [Metrics] sequence count: 300, invalid_count: 0, follower_error_count: 8, avg_sr: 0.476667, avg_spl: 0.297253

=== Episode ===: 20it [19:57:23, 3755.49s/it][A=== Episode ===: 20it [19:57:23, 3592.19s/it]
Elapsed 2 days, 22:48:05 [Metrics] sequence count: 300, invalid_count: 0, follower_error_count: 8, avg_sr: 0.476667, avg_spl: 0.297253
*** Scene ***:  43%|####2     | 3/7 [70:47:30<90:17:00, 81255.22s/it] Elapsed 2 days, 22:48:05 




*************************** Processing 00808-y9hTuugGdiq.json.gz, Total Episode 20 ***************************

=== Episode ===: 0it [00:00, ?it/s][AElapsed 2 days, 22:48:16 

Begin to process [00808-y9hTuugGdiq_sequence_0_0] type: [instance], Question: [grey L-shaped fabric couch against teal wall near dining room with wood dining table and dark chairs]

Elapsed 2 days, 22:48:16 Current start position is [    -9.5409     0.01139     -0.4328]
Elapsed 2 days, 23:27:57 ===Episode_id 0 task_id 0 task_level=instance===
SR: True, SPL: 0.8110126394686125, Object category: couch, goal type: sequence===

Elapsed 2 days, 23:27:57 [baseline] task_level=instance scene=00808-y9hTuugGdiq episode=0 task=0 sec=2381.148
Elapsed 2 days, 23:27:57 [BASELINE_LIVE_METRICS] rows=301 avg_sr=0.478405 avg_spl=0.298960 follower_error_count=8 levels=[object:n=57,sr=0.578947,spl=0.413305; room:n=80,sr=0.587500,spl=0.361795; region:n=92,sr=0.456522,spl=0.303777; instance:n=72,sr=0.305556,spl=0.132464] latest_scene=00808-y9hTuugGdiq latest_episode=0 latest_task=0 latest_level=instance by_level={"instance": {"avg_spl": 0.13246350896389733, "avg_sr": 0.3055555555555556, "count": 72}, "object": {"avg_spl": 0.413305455132059, "avg_sr": 0.5789473684210527, "count": 57}, "region": {"avg_spl": 0.3037774237800951, "avg_sr": 0.45652173913043476, "count": 92}, "room": {"avg_spl": 0.36179534695569854, "avg_sr": 0.5875, "count": 80}}
Elapsed 2 days, 23:27:57 

Begin to process [00808-y9hTuugGdiq_sequence_0_1] type: [object], Question: [kitchen cabinet]

Elapsed 2 days, 23:27:57 Current start position is [     4.7129    0.061391      1.0401]
Elapsed 2 days, 23:36:35 ===Episode_id 0 task_id 1 task_level=object===
SR: True, SPL: 0.376019074716217, Object category: kitchen cabinet, goal type: sequence===

Elapsed 2 days, 23:36:35 [baseline] task_level=object scene=00808-y9hTuugGdiq episode=0 task=1 sec=518.348
Elapsed 2 days, 23:36:35 [BASELINE_LIVE_METRICS] rows=302 avg_sr=0.480132 avg_spl=0.299215 follower_error_count=8 levels=[object:n=58,sr=0.586207,spl=0.412663; room:n=80,sr=0.587500,spl=0.361795; region:n=92,sr=0.456522,spl=0.303777; instance:n=72,sr=0.305556,spl=0.132464] latest_scene=00808-y9hTuugGdiq latest_episode=0 latest_task=1 latest_level=object by_level={"instance": {"avg_spl": 0.13246350896389733, "avg_sr": 0.3055555555555556, "count": 72}, "object": {"avg_spl": 0.4126625865041997, "avg_sr": 0.5862068965517241, "count": 58}, "region": {"avg_spl": 0.3037774237800951, "avg_sr": 0.45652173913043476, "count": 92}, "room": {"avg_spl": 0.36179534695569854, "avg_sr": 0.5875, "count": 80}}
Elapsed 2 days, 23:36:35 

Begin to process [00808-y9hTuugGdiq_sequence_0_2] type: [room], Question: [cabinet in the living room]

Elapsed 2 days, 23:36:35 Current start position is [    -1.2154    0.011391      4.9655]
Elapsed 2 days, 23:38:20 ===Episode_id 0 task_id 2 task_level=room===
SR: True, SPL: 0.7654725307728246, Object category: cabinet, goal type: sequence===

Elapsed 2 days, 23:38:20 [baseline] task_level=room scene=00808-y9hTuugGdiq episode=0 task=2 sec=105.008
Elapsed 2 days, 23:38:20 [BASELINE_LIVE_METRICS] rows=303 avg_sr=0.481848 avg_spl=0.300754 follower_error_count=8 levels=[object:n=58,sr=0.586207,spl=0.412663; room:n=81,sr=0.592593,spl=0.366779; region:n=92,sr=0.456522,spl=0.303777; instance:n=72,sr=0.305556,spl=0.132464] latest_scene=00808-y9hTuugGdiq latest_episode=0 latest_task=2 latest_level=room by_level={"instance": {"avg_spl": 0.13246350896389733, "avg_sr": 0.3055555555555556, "count": 72}, "object": {"avg_spl": 0.4126625865041997, "avg_sr": 0.5862068965517241, "count": 58}, "region": {"avg_spl": 0.3037774237800951, "avg_sr": 0.45652173913043476, "count": 92}, "room": {"avg_spl": 0.36677901589171247, "avg_sr": 0.5925925925925926, "count": 81}}
Elapsed 2 days, 23:38:20 

Begin to process [00808-y9hTuugGdiq_sequence_0_3] type: [object], Question: [dresser]

Elapsed 2 days, 23:38:20 Current start position is [      1.957    0.053012      1.5261]
Elapsed 2 days, 23:43:06 ===Episode_id 0 task_id 3 task_level=object===
SR: False, SPL: 0.0, Object category: dresser, goal type: sequence===

Elapsed 2 days, 23:43:06 [baseline] task_level=object scene=00808-y9hTuugGdiq episode=0 task=3 sec=285.860
Elapsed 2 days, 23:43:06 [BASELINE_LIVE_METRICS] rows=304 avg_sr=0.480263 avg_spl=0.299765 follower_error_count=8 levels=[object:n=59,sr=0.576271,spl=0.405668; room:n=81,sr=0.592593,spl=0.366779; region:n=92,sr=0.456522,spl=0.303777; instance:n=72,sr=0.305556,spl=0.132464] latest_scene=00808-y9hTuugGdiq latest_episode=0 latest_task=3 latest_level=object by_level={"instance": {"avg_spl": 0.13246350896389733, "avg_sr": 0.3055555555555556, "count": 72}, "object": {"avg_spl": 0.4056683053770099, "avg_sr": 0.576271186440678, "count": 59}, "region": {"avg_spl": 0.3037774237800951, "avg_sr": 0.45652173913043476, "count": 92}, "room": {"avg_spl": 0.36677901589171247, "avg_sr": 0.5925925925925926, "count": 81}}
Elapsed 2 days, 23:43:06 

Begin to process [00808-y9hTuugGdiq_sequence_0_4] type: [region], Question: [refrigerator cabinet in the kitchen that has dark wood kitchen cabinets with light marble countertop and black stove, two-slot toaster, microwave above hanging knives, coffee maker, stainless refrigerator, and built-in black oven by stainless trash can]

Elapsed 2 days, 23:43:06 Current start position is [    -11.878    0.011391    -0.43555]
Elapsed 2 days, 23:49:17 ===Episode_id 0 task_id 4 task_level=region===
SR: False, SPL: 0.0, Object category: refrigerator cabinet, goal type: sequence===

Elapsed 2 days, 23:49:17 [baseline] task_level=region scene=00808-y9hTuugGdiq episode=0 task=4 sec=370.776
Elapsed 2 days, 23:49:17 [BASELINE_LIVE_METRICS] rows=305 avg_sr=0.478689 avg_spl=0.298782 follower_error_count=8 levels=[object:n=59,sr=0.576271,spl=0.405668; room:n=81,sr=0.592593,spl=0.366779; region:n=93,sr=0.451613,spl=0.300511; instance:n=72,sr=0.305556,spl=0.132464] latest_scene=00808-y9hTuugGdiq latest_episode=0 latest_task=4 latest_level=region by_level={"instance": {"avg_spl": 0.13246350896389733, "avg_sr": 0.3055555555555556, "count": 72}, "object": {"avg_spl": 0.4056683053770099, "avg_sr": 0.576271186440678, "count": 59}, "region": {"avg_spl": 0.3005109998684812, "avg_sr": 0.45161290322580644, "count": 93}, "room": {"avg_spl": 0.36677901589171247, "avg_sr": 0.5925925925925926, "count": 81}}
Elapsed 2 days, 23:49:17 [Metrics] sequence count: 305, invalid_count: 0, follower_error_count: 8, avg_sr: 0.478689, avg_spl: 0.298782

=== Episode ===: 1it [1:01:12, 3672.33s/it][AElapsed 2 days, 23:49:28 

Begin to process [00808-y9hTuugGdiq_sequence_1_0] type: [instance], Question: [empty white marble coffee table on gray rug beside gray couch near teal wall]

Elapsed 2 days, 23:49:28 Current start position is [    -2.9642     0.01139    -0.41679]
Elapsed 3 days, 0:18:59 ===Episode_id 1 task_id 0 task_level=instance===
SR: True, SPL: 0.8575943733606008, Object category: coffee table, goal type: sequence===

Elapsed 3 days, 0:18:59 [baseline] task_level=instance scene=00808-y9hTuugGdiq episode=1 task=0 sec=1770.444
Elapsed 3 days, 0:18:59 [BASELINE_LIVE_METRICS] rows=306 avg_sr=0.480392 avg_spl=0.300608 follower_error_count=8 levels=[object:n=59,sr=0.576271,spl=0.405668; room:n=81,sr=0.592593,spl=0.366779; region:n=93,sr=0.451613,spl=0.300511; instance:n=73,sr=0.315068,spl=0.142397] latest_scene=00808-y9hTuugGdiq latest_episode=1 latest_task=0 latest_level=instance by_level={"instance": {"avg_spl": 0.1423968084761809, "avg_sr": 0.3150684931506849, "count": 73}, "object": {"avg_spl": 0.4056683053770099, "avg_sr": 0.576271186440678, "count": 59}, "region": {"avg_spl": 0.3005109998684812, "avg_sr": 0.45161290322580644, "count": 93}, "room": {"avg_spl": 0.36677901589171247, "avg_sr": 0.5925925925925926, "count": 81}}
Elapsed 3 days, 0:18:59 

Begin to process [00808-y9hTuugGdiq_sequence_1_1] type: [object], Question: [bathtub platform]

Elapsed 3 days, 0:18:59 Current start position is [     5.3341    0.060119      1.1902]
Elapsed 3 days, 0:51:25 ===Episode_id 1 task_id 1 task_level=object===
SR: False, SPL: 0.0, Object category: bathtub platform, goal type: sequence===

Elapsed 3 days, 0:51:25 [baseline] task_level=object scene=00808-y9hTuugGdiq episode=1 task=1 sec=1946.096
Elapsed 3 days, 0:51:25 [BASELINE_LIVE_METRICS] rows=307 avg_sr=0.478827 avg_spl=0.299629 follower_error_count=8 levels=[object:n=60,sr=0.566667,spl=0.398907; room:n=81,sr=0.592593,spl=0.366779; region:n=93,sr=0.451613,spl=0.300511; instance:n=73,sr=0.315068,spl=0.142397] latest_scene=00808-y9hTuugGdiq latest_episode=1 latest_task=1 latest_level=object by_level={"instance": {"avg_spl": 0.1423968084761809, "avg_sr": 0.3150684931506849, "count": 73}, "object": {"avg_spl": 0.3989071669540597, "avg_sr": 0.5666666666666667, "count": 60}, "region": {"avg_spl": 0.3005109998684812, "avg_sr": 0.45161290322580644, "count": 93}, "room": {"avg_spl": 0.36677901589171247, "avg_sr": 0.5925925925925926, "count": 81}}
Elapsed 3 days, 0:51:25 

Begin to process [00808-y9hTuugGdiq_sequence_1_2] type: [object], Question: [fan]

Elapsed 3 days, 0:51:25 Current start position is [    -1.6938    0.011391     0.76963]
Elapsed 3 days, 0:56:29 ===Episode_id 1 task_id 2 task_level=object===
SR: False, SPL: 0.0, Object category: fan, goal type: sequence===

Elapsed 3 days, 0:56:29 [baseline] task_level=object scene=00808-y9hTuugGdiq episode=1 task=2 sec=303.996
Elapsed 3 days, 0:56:29 [BASELINE_LIVE_METRICS] rows=308 avg_sr=0.477273 avg_spl=0.298656 follower_error_count=8 levels=[object:n=61,sr=0.557377,spl=0.392368; room:n=81,sr=0.592593,spl=0.366779; region:n=93,sr=0.451613,spl=0.300511; instance:n=73,sr=0.315068,spl=0.142397] latest_scene=00808-y9hTuugGdiq latest_episode=1 latest_task=2 latest_level=object by_level={"instance": {"avg_spl": 0.1423968084761809, "avg_sr": 0.3150684931506849, "count": 73}, "object": {"avg_spl": 0.39236770520071446, "avg_sr": 0.5573770491803278, "count": 61}, "region": {"avg_spl": 0.3005109998684812, "avg_sr": 0.45161290322580644, "count": 93}, "room": {"avg_spl": 0.36677901589171247, "avg_sr": 0.5925925925925926, "count": 81}}
Elapsed 3 days, 0:56:29 

Begin to process [00808-y9hTuugGdiq_sequence_1_3] type: [object], Question: [side table]

Elapsed 3 days, 0:56:29 Current start position is [     7.9642    0.015961       1.353]
Elapsed 3 days, 1:00:33 ===Episode_id 1 task_id 3 task_level=object===
SR: False, SPL: 0.0, Object category: side table, goal type: sequence===

Elapsed 3 days, 1:00:33 [baseline] task_level=object scene=00808-y9hTuugGdiq episode=1 task=3 sec=243.888
Elapsed 3 days, 1:00:33 [BASELINE_LIVE_METRICS] rows=309 avg_sr=0.475728 avg_spl=0.297689 follower_error_count=8 levels=[object:n=62,sr=0.548387,spl=0.386039; room:n=81,sr=0.592593,spl=0.366779; region:n=93,sr=0.451613,spl=0.300511; instance:n=73,sr=0.315068,spl=0.142397] latest_scene=00808-y9hTuugGdiq latest_episode=1 latest_task=3 latest_level=object by_level={"instance": {"avg_spl": 0.1423968084761809, "avg_sr": 0.3150684931506849, "count": 73}, "object": {"avg_spl": 0.38603919382650936, "avg_sr": 0.5483870967741935, "count": 62}, "region": {"avg_spl": 0.3005109998684812, "avg_sr": 0.45161290322580644, "count": 93}, "room": {"avg_spl": 0.36677901589171247, "avg_sr": 0.5925925925925926, "count": 81}}
Elapsed 3 days, 1:00:33 

Begin to process [00808-y9hTuugGdiq_sequence_1_4] type: [region], Question: [dishwasher in the kitchen that has dark wood kitchen cabinets with light marble countertop and black stove, two-slot toaster, microwave above hanging knives, coffee maker, stainless refrigerator, and built-in black oven by stainless trash can]

Elapsed 3 days, 1:00:33 Current start position is [    -7.3896    0.011391      1.7062]
Elapsed 3 days, 1:17:11 ===Episode_id 1 task_id 4 task_level=region===
SR: False, SPL: 0.0, Object category: dishwasher, goal type: sequence===

Elapsed 3 days, 1:17:11 [baseline] task_level=region scene=00808-y9hTuugGdiq episode=1 task=4 sec=998.097
Elapsed 3 days, 1:17:11 [BASELINE_LIVE_METRICS] rows=310 avg_sr=0.474194 avg_spl=0.296729 follower_error_count=8 levels=[object:n=62,sr=0.548387,spl=0.386039; room:n=81,sr=0.592593,spl=0.366779; region:n=94,sr=0.446809,spl=0.297314; instance:n=73,sr=0.315068,spl=0.142397] latest_scene=00808-y9hTuugGdiq latest_episode=1 latest_task=4 latest_level=region by_level={"instance": {"avg_spl": 0.1423968084761809, "avg_sr": 0.3150684931506849, "count": 73}, "object": {"avg_spl": 0.38603919382650936, "avg_sr": 0.5483870967741935, "count": 62}, "region": {"avg_spl": 0.2973140743379654, "avg_sr": 0.44680851063829785, "count": 94}, "room": {"avg_spl": 0.36677901589171247, "avg_sr": 0.5925925925925926, "count": 81}}
Elapsed 3 days, 1:17:11 [Metrics] sequence count: 310, invalid_count: 0, follower_error_count: 8, avg_sr: 0.474194, avg_spl: 0.296729

=== Episode ===: 2it [2:29:06, 4614.49s/it][AElapsed 3 days, 1:17:22 

Begin to process [00808-y9hTuugGdiq_sequence_2_0] type: [instance], Question: [black amplifier under sculpture in Tie: Dining room & Living room that has gray couch and white rectangular coffee table near teal wall and decorative fireplace below wall-mounted TV]

Elapsed 3 days, 1:17:22 Current start position is [    -2.9893     0.06139      2.8618]
Elapsed 3 days, 2:03:15 ===Episode_id 2 task_id 0 task_level=instance===
SR: False, SPL: 0.0, Object category: amplifier, goal type: sequence===

Elapsed 3 days, 2:03:15 [baseline] task_level=instance scene=00808-y9hTuugGdiq episode=2 task=0 sec=2753.182
Elapsed 3 days, 2:03:15 [BASELINE_LIVE_METRICS] rows=311 avg_sr=0.472669 avg_spl=0.295775 follower_error_count=8 levels=[object:n=62,sr=0.548387,spl=0.386039; room:n=81,sr=0.592593,spl=0.366779; region:n=94,sr=0.446809,spl=0.297314; instance:n=74,sr=0.310811,spl=0.140473] latest_scene=00808-y9hTuugGdiq latest_episode=2 latest_task=0 latest_level=instance by_level={"instance": {"avg_spl": 0.14047252728055684, "avg_sr": 0.3108108108108108, "count": 74}, "object": {"avg_spl": 0.38603919382650936, "avg_sr": 0.5483870967741935, "count": 62}, "region": {"avg_spl": 0.2973140743379654, "avg_sr": 0.44680851063829785, "count": 94}, "room": {"avg_spl": 0.36677901589171247, "avg_sr": 0.5925925925925926, "count": 81}}
Elapsed 3 days, 2:03:15 

Begin to process [00808-y9hTuugGdiq_sequence_2_1] type: [region], Question: [bin in the laundry room that has washer-dryer with black bin under dark wood cabinets, vacuum cleaner and fire extinguisher beside dark cabinet]

Elapsed 3 days, 2:03:15 Current start position is [     5.6947    0.022766      4.7398]
Elapsed 3 days, 2:09:17 ===Episode_id 2 task_id 1 task_level=region===
SR: False, SPL: 0.0, Object category: bin, goal type: sequence===

Elapsed 3 days, 2:09:17 [baseline] task_level=region scene=00808-y9hTuugGdiq episode=2 task=1 sec=361.992
Elapsed 3 days, 2:09:17 [BASELINE_LIVE_METRICS] rows=312 avg_sr=0.471154 avg_spl=0.294827 follower_error_count=8 levels=[object:n=62,sr=0.548387,spl=0.386039; room:n=81,sr=0.592593,spl=0.366779; region:n=95,sr=0.442105,spl=0.294184; instance:n=74,sr=0.310811,spl=0.140473] latest_scene=00808-y9hTuugGdiq latest_episode=2 latest_task=1 latest_level=region by_level={"instance": {"avg_spl": 0.14047252728055684, "avg_sr": 0.3108108108108108, "count": 74}, "object": {"avg_spl": 0.38603919382650936, "avg_sr": 0.5483870967741935, "count": 62}, "region": {"avg_spl": 0.29418445250282893, "avg_sr": 0.4421052631578947, "count": 95}, "room": {"avg_spl": 0.36677901589171247, "avg_sr": 0.5925925925925926, "count": 81}}
Elapsed 3 days, 2:09:17 

Begin to process [00808-y9hTuugGdiq_sequence_2_2] type: [region], Question: [fire screen in the tie: dining room & living room that has gray couch and white rectangular coffee table near teal wall, decorative fireplace below wall-mounted TV, long wood dining table with dark chairs, wine glass rack with hanging glasses]

Elapsed 3 days, 2:09:17 Current start position is [    -1.2571     0.02202      2.8393]
Elapsed 3 days, 2:12:22 ===Episode_id 2 task_id 2 task_level=region===
SR: True, SPL: 0.8270104654274396, Object category: fire screen, goal type: sequence===

Elapsed 3 days, 2:12:22 [baseline] task_level=region scene=00808-y9hTuugGdiq episode=2 task=2 sec=184.420
Elapsed 3 days, 2:12:22 [BASELINE_LIVE_METRICS] rows=313 avg_sr=0.472843 avg_spl=0.296527 follower_error_count=8 levels=[object:n=62,sr=0.548387,spl=0.386039; room:n=81,sr=0.592593,spl=0.366779; region:n=96,sr=0.447917,spl=0.299735; instance:n=74,sr=0.310811,spl=0.140473] latest_scene=00808-y9hTuugGdiq latest_episode=2 latest_task=2 latest_level=region by_level={"instance": {"avg_spl": 0.14047252728055684, "avg_sr": 0.3108108108108108, "count": 74}, "object": {"avg_spl": 0.38603919382650936, "avg_sr": 0.5483870967741935, "count": 62}, "region": {"avg_spl": 0.2997347234707936, "avg_sr": 0.4479166666666667, "count": 96}, "room": {"avg_spl": 0.36677901589171247, "avg_sr": 0.5925925925925926, "count": 81}}
Elapsed 3 days, 2:12:22 

Begin to process [00808-y9hTuugGdiq_sequence_2_3] type: [room], Question: [cabinet in the living room]

Elapsed 3 days, 2:12:22 Current start position is [     5.7681    0.023763      4.6332]
Elapsed 3 days, 2:15:12 ===Episode_id 2 task_id 3 task_level=room===
SR: True, SPL: 0.04953877565442298, Object category: cabinet, goal type: sequence===

Elapsed 3 days, 2:15:12 [baseline] task_level=room scene=00808-y9hTuugGdiq episode=2 task=3 sec=169.739
Elapsed 3 days, 2:15:12 [BASELINE_LIVE_METRICS] rows=314 avg_sr=0.474522 avg_spl=0.295741 follower_error_count=8 levels=[object:n=62,sr=0.548387,spl=0.386039; room:n=82,sr=0.597561,spl=0.362910; region:n=96,sr=0.447917,spl=0.299735; instance:n=74,sr=0.310811,spl=0.140473] latest_scene=00808-y9hTuugGdiq latest_episode=2 latest_task=3 latest_level=room by_level={"instance": {"avg_spl": 0.14047252728055684, "avg_sr": 0.3108108108108108, "count": 74}, "object": {"avg_spl": 0.38603919382650936, "avg_sr": 0.5483870967741935, "count": 62}, "region": {"avg_spl": 0.2997347234707936, "avg_sr": 0.4479166666666667, "count": 96}, "room": {"avg_spl": 0.3629102324741845, "avg_sr": 0.5975609756097561, "count": 82}}
Elapsed 3 days, 2:15:12 

Begin to process [00808-y9hTuugGdiq_sequence_2_4] type: [region], Question: [flowerpot in the bedroom that has bed with white bedding and red pillows, mirrored closet doors, abstract art above dark wood dresser, white curtain next to leafy plant]

Elapsed 3 days, 2:15:12 Current start position is [     1.9873    0.049505      1.6385]
Elapsed 3 days, 2:19:06 [baseline][decision-error] scene=00808-y9hTuugGdiq episode_id=2 task_id=4 task_level=region error=OutOfMemoryError: CUDA out of memory. Tried to allocate 1024.00 MiB. GPU 0 has a total capacty of 47.40 GiB of which 371.75 MiB is free. Process 2260001 has 6.38 GiB memory in use. Process 1151600 has 9.02 GiB memory in use. Including non-PyTorch memory, this process has 9.86 GiB memory in use. Process 669800 has 21.70 GiB memory in use. Of the allocated memory 6.80 GiB is allocated by PyTorch, and 1.12 GiB is reserved by PyTorch but unallocated. If reserved but unallocated memory is large try setting max_split_size_mb to avoid fragmentation.  See documentation for Memory Management and PYTORCH_CUDA_ALLOC_CONF
=== Episode ===: 2it [3:31:00, 6330.49s/it]
*** Scene ***:  43%|####2     | 3/7 [74:18:31<99:04:42, 89170.56s/it]
Traceback (most recent call last):
  File "/home/chenlin/krona/anchor-nav/hm3d-online/refhm3d-nav-sequence-baseline.py", line 472, in <module>
    target_position, is_final_decision = pq3d_model.decision(
  File "/home/chenlin/krona/anchor-nav/hm3d-online/data_utils.py", line 369, in decision
    everything_result = self.mask_generator(color_list, device='cuda', retina_masks=True, imgsz=640, conf=0.1, iou=0.9, task_level=task_level)
  File "/home/chenlin/krona/anchor-nav/hm3d-online/sam_fast_wrapper.py", line 168, in __call__
    # Legacy single generator (env-var driven, kept for backward compatibility).
  File "/home/chenlin/krona/anchor-nav/hm3d-online/sam_fast_wrapper.py", line 168, in <listcomp>
    # Legacy single generator (env-var driven, kept for backward compatibility).
  File "/home/chenlin/krona/anchor-nav/hm3d-online/sam_fast_wrapper.py", line 181, in _generate_one
    crop_n_points_downscale_factor=_env_int("SAM_CROP_N_POINTS_DOWNSCALE_FACTOR", 1),
  File "/home/chenlin/.conda/envs/mtu3d/lib/python3.8/site-packages/torch/utils/_contextlib.py", line 115, in decorate_context
    return func(*args, **kwargs)
  File "/home/chenlin/.conda/envs/mtu3d/lib/python3.8/site-packages/segment_anything/automatic_mask_generator.py", line 163, in generate
    mask_data = self._generate_masks(image)
  File "/home/chenlin/.conda/envs/mtu3d/lib/python3.8/site-packages/segment_anything/automatic_mask_generator.py", line 206, in _generate_masks
    crop_data = self._process_crop(image, crop_box, layer_idx, orig_size)
  File "/home/chenlin/.conda/envs/mtu3d/lib/python3.8/site-packages/segment_anything/automatic_mask_generator.py", line 236, in _process_crop
    self.predictor.set_image(cropped_im)
  File "/home/chenlin/.conda/envs/mtu3d/lib/python3.8/site-packages/segment_anything/predictor.py", line 60, in set_image
    self.set_torch_image(input_image_torch, image.shape[:2])
  File "/home/chenlin/.conda/envs/mtu3d/lib/python3.8/site-packages/torch/utils/_contextlib.py", line 115, in decorate_context
    return func(*args, **kwargs)
  File "/home/chenlin/.conda/envs/mtu3d/lib/python3.8/site-packages/segment_anything/predictor.py", line 89, in set_torch_image
    self.features = self.model.image_encoder(input_image)
  File "/home/chenlin/.conda/envs/mtu3d/lib/python3.8/site-packages/torch/nn/modules/module.py", line 1518, in _wrapped_call_impl
    return self._call_impl(*args, **kwargs)
  File "/home/chenlin/.conda/envs/mtu3d/lib/python3.8/site-packages/torch/nn/modules/module.py", line 1527, in _call_impl
    return forward_call(*args, **kwargs)
  File "/home/chenlin/.conda/envs/mtu3d/lib/python3.8/site-packages/segment_anything/modeling/image_encoder.py", line 112, in forward
    x = blk(x)
  File "/home/chenlin/.conda/envs/mtu3d/lib/python3.8/site-packages/torch/nn/modules/module.py", line 1518, in _wrapped_call_impl
    return self._call_impl(*args, **kwargs)
  File "/home/chenlin/.conda/envs/mtu3d/lib/python3.8/site-packages/torch/nn/modules/module.py", line 1527, in _call_impl
    return forward_call(*args, **kwargs)
  File "/home/chenlin/.conda/envs/mtu3d/lib/python3.8/site-packages/segment_anything/modeling/image_encoder.py", line 174, in forward
    x = self.attn(x)
  File "/home/chenlin/.conda/envs/mtu3d/lib/python3.8/site-packages/torch/nn/modules/module.py", line 1518, in _wrapped_call_impl
    return self._call_impl(*args, **kwargs)
  File "/home/chenlin/.conda/envs/mtu3d/lib/python3.8/site-packages/torch/nn/modules/module.py", line 1527, in _call_impl
    return forward_call(*args, **kwargs)
  File "/home/chenlin/.conda/envs/mtu3d/lib/python3.8/site-packages/segment_anything/modeling/image_encoder.py", line 234, in forward
    attn = add_decomposed_rel_pos(attn, q, self.rel_pos_h, self.rel_pos_w, (H, W), (H, W))
  File "/home/chenlin/.conda/envs/mtu3d/lib/python3.8/site-packages/segment_anything/modeling/image_encoder.py", line 358, in add_decomposed_rel_pos
    attn.view(B, q_h, q_w, k_h, k_w) + rel_h[:, :, :, :, None] + rel_w[:, :, :, None, :]
torch.cuda.OutOfMemoryError: CUDA out of memory. Tried to allocate 1024.00 MiB. GPU 0 has a total capacty of 47.40 GiB of which 371.75 MiB is free. Process 2260001 has 6.38 GiB memory in use. Process 1151600 has 9.02 GiB memory in use. Including non-PyTorch memory, this process has 9.86 GiB memory in use. Process 669800 has 21.70 GiB memory in use. Of the allocated memory 6.80 GiB is allocated by PyTorch, and 1.12 GiB is reserved by PyTorch but unallocated. If reserved but unallocated memory is large try setting max_split_size_mb to avoid fragmentation.  See documentation for Memory Management and PYTORCH_CUDA_ALLOC_CONF

The above exception was the direct cause of the following exception:

Traceback (most recent call last):
  File "hm3d-online/refhm3d-nav-sequence-baseline-sam.py", line 36, in <module>
    runpy.run_path(str(BASELINE_SCRIPT), run_name="__main__")
  File "/home/chenlin/.conda/envs/mtu3d/lib/python3.8/runpy.py", line 265, in run_path
    return _run_module_code(code, init_globals, run_name,
  File "/home/chenlin/.conda/envs/mtu3d/lib/python3.8/runpy.py", line 97, in _run_module_code
    _run_code(code, mod_globals, init_globals,
  File "/home/chenlin/.conda/envs/mtu3d/lib/python3.8/runpy.py", line 87, in _run_code
    exec(code, run_globals)
  File "/home/chenlin/krona/anchor-nav/hm3d-online/refhm3d-nav-sequence-baseline.py", line 499, in <module>
    raise RuntimeError(
RuntimeError: baseline decision failed for scene=00808-y9hTuugGdiq episode=2 task=4; wrote output_logs/baseline_sam_all_0_0.2/20260522-204436-detailed/baseline_decision_error.json
Elapsed 3 days, 2:19:06 [Baseline] run finished, log saved -> /home/chenlin/krona/anchor-nav/output_logs/baseline_sam_all_0_0.2/20260522-204436-detailed/refhm3d-nav-sequence-baseline-20260522-204457-927843-pid2656246.log
