Elapsed 0:00:00 [Baseline] logging enabled -> /home/chenlin/krona/anchor-nav/output_logs/baseline_sam_all_0_0.2/20260524-010635-detailed-cuda3-rerun1/refhm3d-nav-sequence-baseline-20260524-010657-164216-pid423263.log
Elapsed 0:00:00 [baseline] reproducibility_seed=1234
Elapsed 0:00:00 [baseline] 输出 JSON 每条记录含 task_level（object|room|region|instance），与 vlmcore refine 及 test_scripts/aggregate_shard_results.py --by-level 一致
Elapsed 0:00:00 [baseline] enabled_task_levels=['instance', 'object', 'region', 'room']
Elapsed 0:00:00 NUMBER OF BLACK IDS: 0
Elapsed 0:00:00 [baseline] live metrics log -> /home/chenlin/krona/anchor-nav/output_logs/baseline_sam_all_0_0.2/20260524-010635-detailed-cuda3-rerun1/baseline_live_metrics_0.0_0.2.log
Elapsed 0:00:00 

Total selected number of scenes 7: ['00800-TEEsavR23oF.json.gz', '00802-wcojb4TFT35.json.gz', '00803-k1cupFYWXJ6.json.gz', '00808-y9hTuugGdiq.json.gz', '00810-CrMo8WxCyVb.json.gz', '00813-svBbv1Pavdk.json.gz', '00814-p53SfW6mjZe.json.gz']


[sam-baseline] model_type=vit_h checkpoint=/home/chenlin/krona/anchor-nav/hm3d-online/SAM/sam_vit_h_4b8939.pth device=cuda level_preset=normal legacy(pts=32,iou=0.88,stab=0.95,max=0) per-level profiles=['object', 'room', 'region', 'instance']
/home/chenlin/krona/anchor-nav/hm3d-online/data_utils.py:314: UserWarning: 
The version_base parameter is not specified.
Please specify a compatability version level, or None.
Will assume defaults for version 1.1
  hydra.initialize(config_path=config_path)
Using PCDMask3DSegLevelEncoder module from Registry vision
Using ObjectEncoder module from Registry vision
Using QueryMaskEncoder module from Registry grounding
Using MaskHeadSegLevelWithBox module from Registry heads
Using OpenVocabHead module from Registry heads
/home/chenlin/krona/anchor-nav/hm3d-online/data_utils.py:326: UserWarning: 
The version_base parameter is not specified.
Please specify a compatability version level, or None.
Will assume defaults for version 1.1
  hydra.initialize(config_path=config_path)
Using CLIPLanguageEncoder module from Registry language
Using ObjectEncoder module from Registry vision
Using ObjectEncoder module from Registry vision
Using ObjectEncoder module from Registry vision
Using QueryMaskEncoder module from Registry grounding
Using GroundHead module from Registry heads
Using ClsHead module from Registry heads
Using DecisionHead module from Registry heads
*** Scene ***:   0%|          | 0/7 [00:00<?, ?it/s]Elapsed 0:00:43 




*************************** Processing 00800-TEEsavR23oF.json.gz, Total Episode 20 ***************************

=== Episode ===: 0it [00:00, ?it/s][AElapsed 0:00:51 

Begin to process [00800-TEEsavR23oF_sequence_0_0] type: [instance], Question: [tall brown wood wardrobe in bedroom with plain white sheets and light teal pillows on bed near Mickey Mouse plush toy]

Elapsed 0:00:51 Current start position is [     -4.039      3.1134    -0.06032]
Elapsed 1:32:06 ===Episode_id 0 task_id 0 task_level=instance===
SR: False, SPL: 0.0, Object category: wardrobe, goal type: sequence===

Elapsed 1:32:06 [baseline] task_level=instance scene=00800-TEEsavR23oF episode=0 task=0 sec=5475.159
Elapsed 1:32:06 [BASELINE_LIVE_METRICS] rows=1 avg_sr=0.000000 avg_spl=0.000000 follower_error_count=0 levels=[object:n=0,sr=0.000000,spl=0.000000; room:n=0,sr=0.000000,spl=0.000000; region:n=0,sr=0.000000,spl=0.000000; instance:n=1,sr=0.000000,spl=0.000000] latest_scene=00800-TEEsavR23oF latest_episode=0 latest_task=0 latest_level=instance by_level={"instance": {"avg_spl": 0.0, "avg_sr": 0.0, "count": 1}, "object": {"avg_spl": 0.0, "avg_sr": 0.0, "count": 0}, "region": {"avg_spl": 0.0, "avg_sr": 0.0, "count": 0}, "room": {"avg_spl": 0.0, "avg_sr": 0.0, "count": 0}}
Elapsed 1:32:06 

Begin to process [00800-TEEsavR23oF_sequence_0_1] type: [region], Question: [blanket in the office that has computer desk with printer and black PC tower, black office chair below colorful painting, rack with books and wicker basket, brown leather couch with diamond-patterned blanket by railing]

Elapsed 1:32:06 Current start position is [    -7.6887      3.1134      -4.228]
Elapsed 1:38:14 ===Episode_id 0 task_id 1 task_level=region===
SR: False, SPL: 0.0, Object category: blanket, goal type: sequence===

Elapsed 1:38:14 [baseline] task_level=region scene=00800-TEEsavR23oF episode=0 task=1 sec=367.380
Elapsed 1:38:14 [BASELINE_LIVE_METRICS] rows=2 avg_sr=0.000000 avg_spl=0.000000 follower_error_count=0 levels=[object:n=0,sr=0.000000,spl=0.000000; room:n=0,sr=0.000000,spl=0.000000; region:n=1,sr=0.000000,spl=0.000000; instance:n=1,sr=0.000000,spl=0.000000] latest_scene=00800-TEEsavR23oF latest_episode=0 latest_task=1 latest_level=region by_level={"instance": {"avg_spl": 0.0, "avg_sr": 0.0, "count": 1}, "object": {"avg_spl": 0.0, "avg_sr": 0.0, "count": 0}, "region": {"avg_spl": 0.0, "avg_sr": 0.0, "count": 1}, "room": {"avg_spl": 0.0, "avg_sr": 0.0, "count": 0}}
Elapsed 1:38:14 

Begin to process [00800-TEEsavR23oF_sequence_0_2] type: [region], Question: [nightstand in the bedroom that has bed with plain white sheets and light teal pillows, tall wooden headboard, Mickey Mouse plush on dark wood nightstand, matching wardrobe and beige armchair, TV on wood cabinet]

Elapsed 1:38:14 Current start position is [    -1.2114      3.1416     -7.0093]
Elapsed 1:45:09 ===Episode_id 0 task_id 2 task_level=region===
SR: False, SPL: 0.0, Object category: nightstand, goal type: sequence===

Elapsed 1:45:09 [baseline] task_level=region scene=00800-TEEsavR23oF episode=0 task=2 sec=415.899
Elapsed 1:45:09 [BASELINE_LIVE_METRICS] rows=3 avg_sr=0.000000 avg_spl=0.000000 follower_error_count=0 levels=[object:n=0,sr=0.000000,spl=0.000000; room:n=0,sr=0.000000,spl=0.000000; region:n=2,sr=0.000000,spl=0.000000; instance:n=1,sr=0.000000,spl=0.000000] latest_scene=00800-TEEsavR23oF latest_episode=0 latest_task=2 latest_level=region by_level={"instance": {"avg_spl": 0.0, "avg_sr": 0.0, "count": 1}, "object": {"avg_spl": 0.0, "avg_sr": 0.0, "count": 0}, "region": {"avg_spl": 0.0, "avg_sr": 0.0, "count": 2}, "room": {"avg_spl": 0.0, "avg_sr": 0.0, "count": 0}}
Elapsed 1:45:09 

Begin to process [00800-TEEsavR23oF_sequence_0_3] type: [room], Question: [side table in the office]

Elapsed 1:45:09 Current start position is [   -0.28193      3.1134      -5.673]
Elapsed 1:52:45 ===Episode_id 0 task_id 3 task_level=room===
SR: True, SPL: 0.588736546967928, Object category: side table, goal type: sequence===

Elapsed 1:52:45 [baseline] task_level=room scene=00800-TEEsavR23oF episode=0 task=3 sec=455.277
Elapsed 1:52:45 [BASELINE_LIVE_METRICS] rows=4 avg_sr=0.250000 avg_spl=0.147184 follower_error_count=0 levels=[object:n=0,sr=0.000000,spl=0.000000; room:n=1,sr=1.000000,spl=0.588737; region:n=2,sr=0.000000,spl=0.000000; instance:n=1,sr=0.000000,spl=0.000000] latest_scene=00800-TEEsavR23oF latest_episode=0 latest_task=3 latest_level=room by_level={"instance": {"avg_spl": 0.0, "avg_sr": 0.0, "count": 1}, "object": {"avg_spl": 0.0, "avg_sr": 0.0, "count": 0}, "region": {"avg_spl": 0.0, "avg_sr": 0.0, "count": 2}, "room": {"avg_spl": 0.588736546967928, "avg_sr": 1.0, "count": 1}}
Elapsed 1:52:45 

Begin to process [00800-TEEsavR23oF_sequence_0_4] type: [region], Question: [bathroom cabinet in the bathroom that has toilet beside black toilet brush, dark wood single-sink vanity by dark blue bath mat, hanging beige towel, blue shower curtain with seashell, starfish, and coral motifs]

Elapsed 1:52:45 Current start position is [    -5.8256      3.1134   -0.023716]
Elapsed 2:00:44 ===Episode_id 0 task_id 4 task_level=region===
SR: True, SPL: 0.8856340381880374, Object category: bathroom cabinet, goal type: sequence===

Elapsed 2:00:44 [baseline] task_level=region scene=00800-TEEsavR23oF episode=0 task=4 sec=478.910
Elapsed 2:00:44 [BASELINE_LIVE_METRICS] rows=5 avg_sr=0.400000 avg_spl=0.294874 follower_error_count=0 levels=[object:n=0,sr=0.000000,spl=0.000000; room:n=1,sr=1.000000,spl=0.588737; region:n=3,sr=0.333333,spl=0.295211; instance:n=1,sr=0.000000,spl=0.000000] latest_scene=00800-TEEsavR23oF latest_episode=0 latest_task=4 latest_level=region by_level={"instance": {"avg_spl": 0.0, "avg_sr": 0.0, "count": 1}, "object": {"avg_spl": 0.0, "avg_sr": 0.0, "count": 0}, "region": {"avg_spl": 0.2952113460626791, "avg_sr": 0.3333333333333333, "count": 3}, "room": {"avg_spl": 0.588736546967928, "avg_sr": 1.0, "count": 1}}
Elapsed 2:00:44 [Metrics] sequence count: 5, invalid_count: 0, follower_error_count: 0, avg_sr: 0.400000, avg_spl: 0.294874

=== Episode ===: 1it [2:00:00, 7200.43s/it][AElapsed 2:00:51 

Begin to process [00800-TEEsavR23oF_sequence_1_0] type: [instance], Question: [wood dresser below TV in bedroom with bed with plain white sheets and light teal pillows near Mickey Mouse plush toy]

Elapsed 2:00:51 Current start position is [    -5.7018      3.1134    -0.97872]
Elapsed 2:46:41 ===Episode_id 1 task_id 0 task_level=instance===
SR: False, SPL: 0.0, Object category: wardrobe, goal type: sequence===

Elapsed 2:46:41 [baseline] task_level=instance scene=00800-TEEsavR23oF episode=1 task=0 sec=2749.937
Elapsed 2:46:41 [BASELINE_LIVE_METRICS] rows=6 avg_sr=0.333333 avg_spl=0.245728 follower_error_count=0 levels=[object:n=0,sr=0.000000,spl=0.000000; room:n=1,sr=1.000000,spl=0.588737; region:n=3,sr=0.333333,spl=0.295211; instance:n=2,sr=0.000000,spl=0.000000] latest_scene=00800-TEEsavR23oF latest_episode=1 latest_task=0 latest_level=instance by_level={"instance": {"avg_spl": 0.0, "avg_sr": 0.0, "count": 2}, "object": {"avg_spl": 0.0, "avg_sr": 0.0, "count": 0}, "region": {"avg_spl": 0.2952113460626791, "avg_sr": 0.3333333333333333, "count": 3}, "room": {"avg_spl": 0.588736546967928, "avg_sr": 1.0, "count": 1}}
Elapsed 2:46:41 

Begin to process [00800-TEEsavR23oF_sequence_1_1] type: [room], Question: [picture in the hall]

Elapsed 2:46:41 Current start position is [    -3.5249      3.1134      -1.795]
Elapsed 2:50:20 ===Episode_id 1 task_id 1 task_level=room===
SR: True, SPL: 0.7670519170272557, Object category: picture, goal type: sequence===

Elapsed 2:50:20 [baseline] task_level=room scene=00800-TEEsavR23oF episode=1 task=1 sec=218.614
Elapsed 2:50:20 [BASELINE_LIVE_METRICS] rows=7 avg_sr=0.428571 avg_spl=0.320203 follower_error_count=0 levels=[object:n=0,sr=0.000000,spl=0.000000; room:n=2,sr=1.000000,spl=0.677894; region:n=3,sr=0.333333,spl=0.295211; instance:n=2,sr=0.000000,spl=0.000000] latest_scene=00800-TEEsavR23oF latest_episode=1 latest_task=1 latest_level=room by_level={"instance": {"avg_spl": 0.0, "avg_sr": 0.0, "count": 2}, "object": {"avg_spl": 0.0, "avg_sr": 0.0, "count": 0}, "region": {"avg_spl": 0.2952113460626791, "avg_sr": 0.3333333333333333, "count": 3}, "room": {"avg_spl": 0.6778942319975918, "avg_sr": 1.0, "count": 2}}
Elapsed 2:50:20 

Begin to process [00800-TEEsavR23oF_sequence_1_2] type: [room], Question: [pc tower in the office]

Elapsed 2:50:20 Current start position is [     -7.947      3.1134     -4.5605]
Elapsed 2:53:03 ===Episode_id 1 task_id 2 task_level=room===
SR: False, SPL: 0.0, Object category: pc tower, goal type: sequence===

Elapsed 2:53:03 [baseline] task_level=room scene=00800-TEEsavR23oF episode=1 task=2 sec=163.035
Elapsed 2:53:03 [BASELINE_LIVE_METRICS] rows=8 avg_sr=0.375000 avg_spl=0.280178 follower_error_count=0 levels=[object:n=0,sr=0.000000,spl=0.000000; room:n=3,sr=0.666667,spl=0.451929; region:n=3,sr=0.333333,spl=0.295211; instance:n=2,sr=0.000000,spl=0.000000] latest_scene=00800-TEEsavR23oF latest_episode=1 latest_task=2 latest_level=room by_level={"instance": {"avg_spl": 0.0, "avg_sr": 0.0, "count": 2}, "object": {"avg_spl": 0.0, "avg_sr": 0.0, "count": 0}, "region": {"avg_spl": 0.2952113460626791, "avg_sr": 0.3333333333333333, "count": 3}, "room": {"avg_spl": 0.45192948799839455, "avg_sr": 0.6666666666666666, "count": 3}}
Elapsed 2:53:03 

Begin to process [00800-TEEsavR23oF_sequence_1_3] type: [region], Question: [bed in the bedroom that has bed with plain white sheets and light teal pillows, tall wooden headboard, Mickey Mouse plush on dark wood nightstand, matching wardrobe and beige armchair, TV on wood cabinet]

Elapsed 2:53:03 Current start position is [    -3.6794      3.1551     -5.0064]
Elapsed 3:12:29 ===Episode_id 1 task_id 3 task_level=region===
SR: True, SPL: 0.21392819021416368, Object category: bed, goal type: sequence===

Elapsed 3:12:29 [baseline] task_level=region scene=00800-TEEsavR23oF episode=1 task=3 sec=1166.885
Elapsed 3:12:29 [BASELINE_LIVE_METRICS] rows=9 avg_sr=0.444444 avg_spl=0.272817 follower_error_count=0 levels=[object:n=0,sr=0.000000,spl=0.000000; room:n=3,sr=0.666667,spl=0.451929; region:n=4,sr=0.500000,spl=0.274891; instance:n=2,sr=0.000000,spl=0.000000] latest_scene=00800-TEEsavR23oF latest_episode=1 latest_task=3 latest_level=region by_level={"instance": {"avg_spl": 0.0, "avg_sr": 0.0, "count": 2}, "object": {"avg_spl": 0.0, "avg_sr": 0.0, "count": 0}, "region": {"avg_spl": 0.27489055710055027, "avg_sr": 0.5, "count": 4}, "room": {"avg_spl": 0.45192948799839455, "avg_sr": 0.6666666666666666, "count": 3}}
Elapsed 3:12:29 

Begin to process [00800-TEEsavR23oF_sequence_1_4] type: [object], Question: [shower curtain]

Elapsed 3:12:29 Current start position is [    -1.1358       3.117     -7.5124]
Elapsed 3:16:59 ===Episode_id 1 task_id 4 task_level=object===
SR: True, SPL: 0.8257552779808521, Object category: shower curtain, goal type: sequence===

Elapsed 3:16:59 [baseline] task_level=object scene=00800-TEEsavR23oF episode=1 task=4 sec=270.016
Elapsed 3:16:59 [BASELINE_LIVE_METRICS] rows=10 avg_sr=0.500000 avg_spl=0.328111 follower_error_count=0 levels=[object:n=1,sr=1.000000,spl=0.825755; room:n=3,sr=0.666667,spl=0.451929; region:n=4,sr=0.500000,spl=0.274891; instance:n=2,sr=0.000000,spl=0.000000] latest_scene=00800-TEEsavR23oF latest_episode=1 latest_task=4 latest_level=object by_level={"instance": {"avg_spl": 0.0, "avg_sr": 0.0, "count": 2}, "object": {"avg_spl": 0.8257552779808521, "avg_sr": 1.0, "count": 1}, "region": {"avg_spl": 0.27489055710055027, "avg_sr": 0.5, "count": 4}, "room": {"avg_spl": 0.45192948799839455, "avg_sr": 0.6666666666666666, "count": 3}}
Elapsed 3:16:59 [Metrics] sequence count: 10, invalid_count: 0, follower_error_count: 0, avg_sr: 0.500000, avg_spl: 0.328111

=== Episode ===: 2it [3:16:16, 5656.56s/it][AElapsed 3:17:05 

Begin to process [00800-TEEsavR23oF_sequence_2_0] type: [instance], Question: [white bed with mint pillows and wood headboard in bedroom with Mickey Mouse plush on dark wood nightstand and TV on wood cabinet]

Elapsed 3:17:05 Current start position is [    -5.1674      3.1134     -1.1771]
Elapsed 4:17:05 ===Episode_id 2 task_id 0 task_level=instance===
SR: False, SPL: 0.0, Object category: bed, goal type: sequence===

Elapsed 4:17:05 [baseline] task_level=instance scene=00800-TEEsavR23oF episode=2 task=0 sec=3600.026
Elapsed 4:17:05 [BASELINE_LIVE_METRICS] rows=11 avg_sr=0.454545 avg_spl=0.298282 follower_error_count=0 levels=[object:n=1,sr=1.000000,spl=0.825755; room:n=3,sr=0.666667,spl=0.451929; region:n=4,sr=0.500000,spl=0.274891; instance:n=3,sr=0.000000,spl=0.000000] latest_scene=00800-TEEsavR23oF latest_episode=2 latest_task=0 latest_level=instance by_level={"instance": {"avg_spl": 0.0, "avg_sr": 0.0, "count": 3}, "object": {"avg_spl": 0.8257552779808521, "avg_sr": 1.0, "count": 1}, "region": {"avg_spl": 0.27489055710055027, "avg_sr": 0.5, "count": 4}, "room": {"avg_spl": 0.45192948799839455, "avg_sr": 0.6666666666666666, "count": 3}}
Elapsed 4:17:05 

Begin to process [00800-TEEsavR23oF_sequence_2_1] type: [room], Question: [wardrobe in the office]

Elapsed 4:17:05 Current start position is [    -1.0642      3.1158     -7.6066]
Elapsed 4:20:47 ===Episode_id 2 task_id 1 task_level=room===
SR: False, SPL: 0.0, Object category: wardrobe, goal type: sequence===

Elapsed 4:20:47 [baseline] task_level=room scene=00800-TEEsavR23oF episode=2 task=1 sec=221.593
Elapsed 4:20:47 [BASELINE_LIVE_METRICS] rows=12 avg_sr=0.416667 avg_spl=0.273425 follower_error_count=0 levels=[object:n=1,sr=1.000000,spl=0.825755; room:n=4,sr=0.500000,spl=0.338947; region:n=4,sr=0.500000,spl=0.274891; instance:n=3,sr=0.000000,spl=0.000000] latest_scene=00800-TEEsavR23oF latest_episode=2 latest_task=1 latest_level=room by_level={"instance": {"avg_spl": 0.0, "avg_sr": 0.0, "count": 3}, "object": {"avg_spl": 0.8257552779808521, "avg_sr": 1.0, "count": 1}, "region": {"avg_spl": 0.27489055710055027, "avg_sr": 0.5, "count": 4}, "room": {"avg_spl": 0.3389471159987959, "avg_sr": 0.5, "count": 4}}
Elapsed 4:20:47 

Begin to process [00800-TEEsavR23oF_sequence_2_2] type: [object], Question: [shower curtain]

Elapsed 4:20:47 Current start position is [     -3.454      3.1134     -1.8659]
Elapsed 4:23:13 ===Episode_id 2 task_id 2 task_level=object===
SR: True, SPL: 0.8476801065263797, Object category: shower curtain, goal type: sequence===

Elapsed 4:23:13 [baseline] task_level=object scene=00800-TEEsavR23oF episode=2 task=2 sec=146.265
Elapsed 4:23:13 [BASELINE_LIVE_METRICS] rows=13 avg_sr=0.461538 avg_spl=0.317599 follower_error_count=0 levels=[object:n=2,sr=1.000000,spl=0.836718; room:n=4,sr=0.500000,spl=0.338947; region:n=4,sr=0.500000,spl=0.274891; instance:n=3,sr=0.000000,spl=0.000000] latest_scene=00800-TEEsavR23oF latest_episode=2 latest_task=2 latest_level=object by_level={"instance": {"avg_spl": 0.0, "avg_sr": 0.0, "count": 3}, "object": {"avg_spl": 0.8367176922536159, "avg_sr": 1.0, "count": 2}, "region": {"avg_spl": 0.27489055710055027, "avg_sr": 0.5, "count": 4}, "room": {"avg_spl": 0.3389471159987959, "avg_sr": 0.5, "count": 4}}
Elapsed 4:23:13 

Begin to process [00800-TEEsavR23oF_sequence_2_3] type: [room], Question: [side table in the office]

Elapsed 4:23:13 Current start position is [    -6.0261      3.1134     -7.8177]
Elapsed 4:26:07 ===Episode_id 2 task_id 3 task_level=room===
SR: True, SPL: 0.5567057063333696, Object category: side table, goal type: sequence===

Elapsed 4:26:07 [baseline] task_level=room scene=00800-TEEsavR23oF episode=2 task=3 sec=173.676
Elapsed 4:26:07 [BASELINE_LIVE_METRICS] rows=14 avg_sr=0.500000 avg_spl=0.334678 follower_error_count=0 levels=[object:n=2,sr=1.000000,spl=0.836718; room:n=5,sr=0.600000,spl=0.382499; region:n=4,sr=0.500000,spl=0.274891; instance:n=3,sr=0.000000,spl=0.000000] latest_scene=00800-TEEsavR23oF latest_episode=2 latest_task=3 latest_level=room by_level={"instance": {"avg_spl": 0.0, "avg_sr": 0.0, "count": 3}, "object": {"avg_spl": 0.8367176922536159, "avg_sr": 1.0, "count": 2}, "region": {"avg_spl": 0.27489055710055027, "avg_sr": 0.5, "count": 4}, "room": {"avg_spl": 0.3824988340657106, "avg_sr": 0.6, "count": 5}}
Elapsed 4:26:07 

Begin to process [00800-TEEsavR23oF_sequence_2_4] type: [room], Question: [cross trainer in the office]

Elapsed 4:26:07 Current start position is [    -5.9288      3.1134     0.07712]
Elapsed 4:29:54 ===Episode_id 2 task_id 4 task_level=room===
SR: True, SPL: 0.5049607647051263, Object category: cross trainer, goal type: sequence===

Elapsed 4:29:54 [baseline] task_level=room scene=00800-TEEsavR23oF episode=2 task=4 sec=226.662
Elapsed 4:29:54 [BASELINE_LIVE_METRICS] rows=15 avg_sr=0.533333 avg_spl=0.346030 follower_error_count=0 levels=[object:n=2,sr=1.000000,spl=0.836718; room:n=6,sr=0.666667,spl=0.402909; region:n=4,sr=0.500000,spl=0.274891; instance:n=3,sr=0.000000,spl=0.000000] latest_scene=00800-TEEsavR23oF latest_episode=2 latest_task=4 latest_level=room by_level={"instance": {"avg_spl": 0.0, "avg_sr": 0.0, "count": 3}, "object": {"avg_spl": 0.8367176922536159, "avg_sr": 1.0, "count": 2}, "region": {"avg_spl": 0.27489055710055027, "avg_sr": 0.5, "count": 4}, "room": {"avg_spl": 0.4029091558389466, "avg_sr": 0.6666666666666666, "count": 6}}
Elapsed 4:29:54 [Metrics] sequence count: 15, invalid_count: 0, follower_error_count: 0, avg_sr: 0.533333, avg_spl: 0.346030

=== Episode ===: 3it [4:29:10, 5070.98s/it][AElapsed 4:30:02 

Begin to process [00800-TEEsavR23oF_sequence_3_0] type: [instance], Question: [micky mouse plush toy in bedroom with bed having plain white sheets and light teal pillows and beige armchair]

Elapsed 4:30:02 Current start position is [     -5.834      3.1134     -2.6407]
Elapsed 5:14:57 ===Episode_id 3 task_id 0 task_level=instance===
SR: True, SPL: 0.27488031159725196, Object category: plush toy, goal type: sequence===

Elapsed 5:14:57 [baseline] task_level=instance scene=00800-TEEsavR23oF episode=3 task=0 sec=2694.719
Elapsed 5:14:57 [BASELINE_LIVE_METRICS] rows=16 avg_sr=0.562500 avg_spl=0.341583 follower_error_count=0 levels=[object:n=2,sr=1.000000,spl=0.836718; room:n=6,sr=0.666667,spl=0.402909; region:n=4,sr=0.500000,spl=0.274891; instance:n=4,sr=0.250000,spl=0.068720] latest_scene=00800-TEEsavR23oF latest_episode=3 latest_task=0 latest_level=instance by_level={"instance": {"avg_spl": 0.06872007789931299, "avg_sr": 0.25, "count": 4}, "object": {"avg_spl": 0.8367176922536159, "avg_sr": 1.0, "count": 2}, "region": {"avg_spl": 0.27489055710055027, "avg_sr": 0.5, "count": 4}, "room": {"avg_spl": 0.4029091558389466, "avg_sr": 0.6666666666666666, "count": 6}}
Elapsed 5:14:57 

Begin to process [00800-TEEsavR23oF_sequence_3_1] type: [region], Question: [blanket in the office that has computer desk with printer and black PC tower, black office chair below colorful painting, rack with books and wicker basket, brown leather couch with diamond-patterned blanket by railing]

Elapsed 5:14:57 Current start position is [    -1.8875      3.1634     -8.4377]
Elapsed 5:17:11 ===Episode_id 3 task_id 1 task_level=region===
SR: False, SPL: 0.0, Object category: blanket, goal type: sequence===

Elapsed 5:17:11 [baseline] task_level=region scene=00800-TEEsavR23oF episode=3 task=1 sec=134.552
Elapsed 5:17:11 [BASELINE_LIVE_METRICS] rows=17 avg_sr=0.529412 avg_spl=0.321490 follower_error_count=0 levels=[object:n=2,sr=1.000000,spl=0.836718; room:n=6,sr=0.666667,spl=0.402909; region:n=5,sr=0.400000,spl=0.219912; instance:n=4,sr=0.250000,spl=0.068720] latest_scene=00800-TEEsavR23oF latest_episode=3 latest_task=1 latest_level=region by_level={"instance": {"avg_spl": 0.06872007789931299, "avg_sr": 0.25, "count": 4}, "object": {"avg_spl": 0.8367176922536159, "avg_sr": 1.0, "count": 2}, "region": {"avg_spl": 0.21991244568044022, "avg_sr": 0.4, "count": 5}, "room": {"avg_spl": 0.4029091558389466, "avg_sr": 0.6666666666666666, "count": 6}}
Elapsed 5:17:11 

Begin to process [00800-TEEsavR23oF_sequence_3_2] type: [object], Question: [shower curtain]

Elapsed 5:17:11 Current start position is [    -3.7736      3.1134     -1.2669]
Elapsed 5:19:48 Target is not navigable
Elapsed 5:19:48 cannt find path
Elapsed 5:19:48 [baseline][follow-error] scene=00800-TEEsavR23oF episode_id=3 task_id=2 task_level=object final=True error=GreedyFollowerError path_found=False
Elapsed 5:19:48 ===Episode_id 3 task_id 2 task_level=object===
SR: 0, SPL: 0, Object category: shower curtain, goal type: sequence===

Elapsed 5:19:48 [baseline] task_level=object scene=00800-TEEsavR23oF episode=3 task=2 sec=156.758
Elapsed 5:19:48 [BASELINE_LIVE_METRICS] rows=18 avg_sr=0.500000 avg_spl=0.303630 follower_error_count=1 levels=[object:n=3,sr=0.666667,spl=0.557812; room:n=6,sr=0.666667,spl=0.402909; region:n=5,sr=0.400000,spl=0.219912; instance:n=4,sr=0.250000,spl=0.068720] latest_scene=00800-TEEsavR23oF latest_episode=3 latest_task=2 latest_level=object by_level={"instance": {"avg_spl": 0.06872007789931299, "avg_sr": 0.25, "count": 4}, "object": {"avg_spl": 0.557811794835744, "avg_sr": 0.6666666666666666, "count": 3}, "region": {"avg_spl": 0.21991244568044022, "avg_sr": 0.4, "count": 5}, "room": {"avg_spl": 0.4029091558389466, "avg_sr": 0.6666666666666666, "count": 6}}
Elapsed 5:19:48 

Begin to process [00800-TEEsavR23oF_sequence_3_3] type: [object], Question: [tv]

Elapsed 5:19:48 Current start position is [    -3.7736      3.1134     -1.2669]
Elapsed 5:22:29 ===Episode_id 3 task_id 3 task_level=object===
SR: True, SPL: 0.8362632253860323, Object category: tv, goal type: sequence===

Elapsed 5:22:29 [baseline] task_level=object scene=00800-TEEsavR23oF episode=3 task=3 sec=161.144
Elapsed 5:22:29 [BASELINE_LIVE_METRICS] rows=19 avg_sr=0.526316 avg_spl=0.331663 follower_error_count=1 levels=[object:n=4,sr=0.750000,spl=0.627425; room:n=6,sr=0.666667,spl=0.402909; region:n=5,sr=0.400000,spl=0.219912; instance:n=4,sr=0.250000,spl=0.068720] latest_scene=00800-TEEsavR23oF latest_episode=3 latest_task=3 latest_level=object by_level={"instance": {"avg_spl": 0.06872007789931299, "avg_sr": 0.25, "count": 4}, "object": {"avg_spl": 0.627424652473316, "avg_sr": 0.75, "count": 4}, "region": {"avg_spl": 0.21991244568044022, "avg_sr": 0.4, "count": 5}, "room": {"avg_spl": 0.4029091558389466, "avg_sr": 0.6666666666666666, "count": 6}}
Elapsed 5:22:29 

Begin to process [00800-TEEsavR23oF_sequence_3_4] type: [object], Question: [photo]

Elapsed 5:22:29 Current start position is [   -0.48117      3.1134     -5.5395]
Elapsed 5:24:24 ===Episode_id 3 task_id 4 task_level=object===
SR: False, SPL: 0.0, Object category: photo, goal type: sequence===

Elapsed 5:24:24 [baseline] task_level=object scene=00800-TEEsavR23oF episode=3 task=4 sec=115.100
Elapsed 5:24:24 [BASELINE_LIVE_METRICS] rows=20 avg_sr=0.500000 avg_spl=0.315080 follower_error_count=1 levels=[object:n=5,sr=0.600000,spl=0.501940; room:n=6,sr=0.666667,spl=0.402909; region:n=5,sr=0.400000,spl=0.219912; instance:n=4,sr=0.250000,spl=0.068720] latest_scene=00800-TEEsavR23oF latest_episode=3 latest_task=4 latest_level=object by_level={"instance": {"avg_spl": 0.06872007789931299, "avg_sr": 0.25, "count": 4}, "object": {"avg_spl": 0.5019397219786528, "avg_sr": 0.6, "count": 5}, "region": {"avg_spl": 0.21991244568044022, "avg_sr": 0.4, "count": 5}, "room": {"avg_spl": 0.4029091558389466, "avg_sr": 0.6666666666666666, "count": 6}}
Elapsed 5:24:24 [Metrics] sequence count: 20, invalid_count: 0, follower_error_count: 1, avg_sr: 0.500000, avg_spl: 0.315080

=== Episode ===: 4it [5:23:40, 4360.20s/it][AElapsed 5:24:33 

Begin to process [00800-TEEsavR23oF_sequence_4_0] type: [instance], Question: [beige bear plush toy beside Mickey Mouse plush toy on nightstand in bedroom with bed having plain white sheets and light teal pillows]

Elapsed 5:24:33 Current start position is [    -5.1054      3.1134     -1.5611]
Elapsed 5:54:10 ===Episode_id 4 task_id 0 task_level=instance===
SR: False, SPL: 0.0, Object category: plush toy, goal type: sequence===

Elapsed 5:54:10 [baseline] task_level=instance scene=00800-TEEsavR23oF episode=4 task=0 sec=1777.731
Elapsed 5:54:10 [BASELINE_LIVE_METRICS] rows=21 avg_sr=0.476190 avg_spl=0.300076 follower_error_count=1 levels=[object:n=5,sr=0.600000,spl=0.501940; room:n=6,sr=0.666667,spl=0.402909; region:n=5,sr=0.400000,spl=0.219912; instance:n=5,sr=0.200000,spl=0.054976] latest_scene=00800-TEEsavR23oF latest_episode=4 latest_task=0 latest_level=instance by_level={"instance": {"avg_spl": 0.05497606231945039, "avg_sr": 0.2, "count": 5}, "object": {"avg_spl": 0.5019397219786528, "avg_sr": 0.6, "count": 5}, "region": {"avg_spl": 0.21991244568044022, "avg_sr": 0.4, "count": 5}, "room": {"avg_spl": 0.4029091558389466, "avg_sr": 0.6666666666666666, "count": 6}}
Elapsed 5:54:10 

Begin to process [00800-TEEsavR23oF_sequence_4_1] type: [room], Question: [table in the office]

Elapsed 5:54:10 Current start position is [    -4.3474      3.1134     -2.6206]
Elapsed 6:01:10 ===Episode_id 4 task_id 1 task_level=room===
SR: True, SPL: 0.0653234992691285, Object category: table, goal type: sequence===

Elapsed 6:01:10 [baseline] task_level=room scene=00800-TEEsavR23oF episode=4 task=1 sec=419.581
Elapsed 6:01:10 [BASELINE_LIVE_METRICS] rows=22 avg_sr=0.500000 avg_spl=0.289405 follower_error_count=1 levels=[object:n=5,sr=0.600000,spl=0.501940; room:n=7,sr=0.714286,spl=0.354683; region:n=5,sr=0.400000,spl=0.219912; instance:n=5,sr=0.200000,spl=0.054976] latest_scene=00800-TEEsavR23oF latest_episode=4 latest_task=1 latest_level=room by_level={"instance": {"avg_spl": 0.05497606231945039, "avg_sr": 0.2, "count": 5}, "object": {"avg_spl": 0.5019397219786528, "avg_sr": 0.6, "count": 5}, "region": {"avg_spl": 0.21991244568044022, "avg_sr": 0.4, "count": 5}, "room": {"avg_spl": 0.3546826334718297, "avg_sr": 0.7142857142857143, "count": 7}}
Elapsed 6:01:10 

Begin to process [00800-TEEsavR23oF_sequence_4_2] type: [region], Question: [wardrobe in the bedroom that has bed with plain white sheets and light teal pillows, tall wooden headboard, Mickey Mouse plush on dark wood nightstand, matching wardrobe and beige armchair, TV on wood cabinet]

Elapsed 6:01:10 Current start position is [    -6.0256      3.1134     -2.7429]
Elapsed 6:15:35 ===Episode_id 4 task_id 2 task_level=region===
SR: False, SPL: 0.0, Object category: wardrobe, goal type: sequence===

Elapsed 6:15:35 [baseline] task_level=region scene=00800-TEEsavR23oF episode=4 task=2 sec=864.750
Elapsed 6:15:35 [BASELINE_LIVE_METRICS] rows=23 avg_sr=0.478261 avg_spl=0.276823 follower_error_count=1 levels=[object:n=5,sr=0.600000,spl=0.501940; room:n=7,sr=0.714286,spl=0.354683; region:n=6,sr=0.333333,spl=0.183260; instance:n=5,sr=0.200000,spl=0.054976] latest_scene=00800-TEEsavR23oF latest_episode=4 latest_task=2 latest_level=region by_level={"instance": {"avg_spl": 0.05497606231945039, "avg_sr": 0.2, "count": 5}, "object": {"avg_spl": 0.5019397219786528, "avg_sr": 0.6, "count": 5}, "region": {"avg_spl": 0.18326037140036686, "avg_sr": 0.3333333333333333, "count": 6}, "room": {"avg_spl": 0.3546826334718297, "avg_sr": 0.7142857142857143, "count": 7}}
Elapsed 6:15:35 

Begin to process [00800-TEEsavR23oF_sequence_4_3] type: [region], Question: [cabinet in the bathroom that has toilet beside black toilet brush, dark wood single-sink vanity by dark blue bath mat, hanging beige towel, blue shower curtain with seashell, starfish, and coral motifs]

Elapsed 6:15:35 Current start position is [    -1.0699      3.1134       -7.65]
Elapsed 6:19:55 ===Episode_id 4 task_id 3 task_level=region===
SR: True, SPL: 0.8280440353220946, Object category: cabinet, goal type: sequence===

Elapsed 6:19:55 [baseline] task_level=region scene=00800-TEEsavR23oF episode=4 task=3 sec=260.764
Elapsed 6:19:55 [BASELINE_LIVE_METRICS] rows=24 avg_sr=0.500000 avg_spl=0.299790 follower_error_count=1 levels=[object:n=5,sr=0.600000,spl=0.501940; room:n=7,sr=0.714286,spl=0.354683; region:n=7,sr=0.428571,spl=0.275372; instance:n=5,sr=0.200000,spl=0.054976] latest_scene=00800-TEEsavR23oF latest_episode=4 latest_task=3 latest_level=region by_level={"instance": {"avg_spl": 0.05497606231945039, "avg_sr": 0.2, "count": 5}, "object": {"avg_spl": 0.5019397219786528, "avg_sr": 0.6, "count": 5}, "region": {"avg_spl": 0.2753723233891851, "avg_sr": 0.42857142857142855, "count": 7}, "room": {"avg_spl": 0.3546826334718297, "avg_sr": 0.7142857142857143, "count": 7}}
Elapsed 6:19:55 

Begin to process [00800-TEEsavR23oF_sequence_4_4] type: [region], Question: [tv in the bedroom that has bed with plain white sheets and light teal pillows, tall wooden headboard, Mickey Mouse plush on dark wood nightstand, matching wardrobe and beige armchair, TV on wood cabinet]

Elapsed 6:19:55 Current start position is [    -4.4509       3.129     -7.9205]
Elapsed 6:23:36 ===Episode_id 4 task_id 4 task_level=region===
SR: True, SPL: 0.7641637386937018, Object category: tv, goal type: sequence===

Elapsed 6:23:36 [baseline] task_level=region scene=00800-TEEsavR23oF episode=4 task=4 sec=220.963
Elapsed 6:23:36 [BASELINE_LIVE_METRICS] rows=25 avg_sr=0.520000 avg_spl=0.318365 follower_error_count=1 levels=[object:n=5,sr=0.600000,spl=0.501940; room:n=7,sr=0.714286,spl=0.354683; region:n=8,sr=0.500000,spl=0.336471; instance:n=5,sr=0.200000,spl=0.054976] latest_scene=00800-TEEsavR23oF latest_episode=4 latest_task=4 latest_level=region by_level={"instance": {"avg_spl": 0.05497606231945039, "avg_sr": 0.2, "count": 5}, "object": {"avg_spl": 0.5019397219786528, "avg_sr": 0.6, "count": 5}, "region": {"avg_spl": 0.33647125030224967, "avg_sr": 0.5, "count": 8}, "room": {"avg_spl": 0.3546826334718297, "avg_sr": 0.7142857142857143, "count": 7}}
Elapsed 6:23:36 [Metrics] sequence count: 25, invalid_count: 0, follower_error_count: 1, avg_sr: 0.520000, avg_spl: 0.318365

=== Episode ===: 5it [6:22:53, 4068.85s/it][AElapsed 6:23:43 

Begin to process [00800-TEEsavR23oF_sequence_5_0] type: [instance], Question: [beige bath towel on rack in bathroom with toilet, dark wood single-sink vanity, blue shower curtain with seashell, starfish, and coral motifs]

Elapsed 6:23:43 Current start position is [    -4.5575      3.1134    -0.97152]
Elapsed 6:28:00 geodesic_distance: 2.883424997329712
Elapsed 6:28:00 [baseline][follow-error] scene=00800-TEEsavR23oF episode_id=5 task_id=0 task_level=instance final=False error=GreedyFollowerError path_found=True
Elapsed 6:28:00 ===Episode_id 5 task_id 0 task_level=instance===
SR: 0, SPL: 0, Object category: towel, goal type: sequence===

Elapsed 6:28:00 [baseline] task_level=instance scene=00800-TEEsavR23oF episode=5 task=0 sec=257.362
Elapsed 6:28:00 [BASELINE_LIVE_METRICS] rows=26 avg_sr=0.500000 avg_spl=0.306120 follower_error_count=2 levels=[object:n=5,sr=0.600000,spl=0.501940; room:n=7,sr=0.714286,spl=0.354683; region:n=8,sr=0.500000,spl=0.336471; instance:n=6,sr=0.166667,spl=0.045813] latest_scene=00800-TEEsavR23oF latest_episode=5 latest_task=0 latest_level=instance by_level={"instance": {"avg_spl": 0.04581338526620866, "avg_sr": 0.16666666666666666, "count": 6}, "object": {"avg_spl": 0.5019397219786528, "avg_sr": 0.6, "count": 5}, "region": {"avg_spl": 0.33647125030224967, "avg_sr": 0.5, "count": 8}, "room": {"avg_spl": 0.3546826334718297, "avg_sr": 0.7142857142857143, "count": 7}}
Elapsed 6:28:00 

Begin to process [00800-TEEsavR23oF_sequence_5_1] type: [room], Question: [picture in the living room]

Elapsed 6:28:00 Current start position is [    -4.5575      3.1134    -0.97152]
Elapsed 6:29:46 ===Episode_id 5 task_id 1 task_level=room===
SR: False, SPL: 0.0, Object category: picture, goal type: sequence===

Elapsed 6:29:46 [baseline] task_level=room scene=00800-TEEsavR23oF episode=5 task=1 sec=105.492
Elapsed 6:29:46 [BASELINE_LIVE_METRICS] rows=27 avg_sr=0.481481 avg_spl=0.294782 follower_error_count=2 levels=[object:n=5,sr=0.600000,spl=0.501940; room:n=8,sr=0.625000,spl=0.310347; region:n=8,sr=0.500000,spl=0.336471; instance:n=6,sr=0.166667,spl=0.045813] latest_scene=00800-TEEsavR23oF latest_episode=5 latest_task=1 latest_level=room by_level={"instance": {"avg_spl": 0.04581338526620866, "avg_sr": 0.16666666666666666, "count": 6}, "object": {"avg_spl": 0.5019397219786528, "avg_sr": 0.6, "count": 5}, "region": {"avg_spl": 0.33647125030224967, "avg_sr": 0.5, "count": 8}, "room": {"avg_spl": 0.310347304287851, "avg_sr": 0.625, "count": 8}}
Elapsed 6:29:46 

Begin to process [00800-TEEsavR23oF_sequence_5_2] type: [region], Question: [wardrobe in the bedroom that has bed with plain white sheets and light teal pillows, tall wooden headboard, Mickey Mouse plush on dark wood nightstand, matching wardrobe and beige armchair, TV on wood cabinet]

Elapsed 6:29:46 Current start position is [    -4.7302      3.1134   -0.074404]
Elapsed 6:32:06 ===Episode_id 5 task_id 2 task_level=region===
SR: False, SPL: 0.0, Object category: wardrobe, goal type: sequence===

Elapsed 6:32:06 [baseline] task_level=region scene=00800-TEEsavR23oF episode=5 task=2 sec=140.604
Elapsed 6:32:06 [BASELINE_LIVE_METRICS] rows=28 avg_sr=0.464286 avg_spl=0.284255 follower_error_count=2 levels=[object:n=5,sr=0.600000,spl=0.501940; room:n=8,sr=0.625000,spl=0.310347; region:n=9,sr=0.444444,spl=0.299086; instance:n=6,sr=0.166667,spl=0.045813] latest_scene=00800-TEEsavR23oF latest_episode=5 latest_task=2 latest_level=region by_level={"instance": {"avg_spl": 0.04581338526620866, "avg_sr": 0.16666666666666666, "count": 6}, "object": {"avg_spl": 0.5019397219786528, "avg_sr": 0.6, "count": 5}, "region": {"avg_spl": 0.2990855558242219, "avg_sr": 0.4444444444444444, "count": 9}, "room": {"avg_spl": 0.310347304287851, "avg_sr": 0.625, "count": 8}}
Elapsed 6:32:06 

Begin to process [00800-TEEsavR23oF_sequence_5_3] type: [room], Question: [side table in the office]

Elapsed 6:32:06 Current start position is [    -5.8848      3.1134   -0.010483]
Elapsed 6:38:36 ===Episode_id 5 task_id 3 task_level=room===
SR: True, SPL: 0.017353816727159556, Object category: side table, goal type: sequence===

Elapsed 6:38:36 [baseline] task_level=room scene=00800-TEEsavR23oF episode=5 task=3 sec=389.904
Elapsed 6:38:36 [BASELINE_LIVE_METRICS] rows=29 avg_sr=0.482759 avg_spl=0.275051 follower_error_count=2 levels=[object:n=5,sr=0.600000,spl=0.501940; room:n=9,sr=0.666667,spl=0.277792; region:n=9,sr=0.444444,spl=0.299086; instance:n=6,sr=0.166667,spl=0.045813] latest_scene=00800-TEEsavR23oF latest_episode=5 latest_task=3 latest_level=room by_level={"instance": {"avg_spl": 0.04581338526620866, "avg_sr": 0.16666666666666666, "count": 6}, "object": {"avg_spl": 0.5019397219786528, "avg_sr": 0.6, "count": 5}, "region": {"avg_spl": 0.2990855558242219, "avg_sr": 0.4444444444444444, "count": 9}, "room": {"avg_spl": 0.2777924723366631, "avg_sr": 0.6666666666666666, "count": 9}}
Elapsed 6:38:36 

Begin to process [00800-TEEsavR23oF_sequence_5_4] type: [room], Question: [shower curtain in the bathroom]

Elapsed 6:38:36 Current start position is [    -6.7037      3.1134     -3.3547]
Elapsed 6:42:27 ===Episode_id 5 task_id 4 task_level=room===
SR: False, SPL: 0.0, Object category: shower curtain, goal type: sequence===

Elapsed 6:42:27 [baseline] task_level=room scene=00800-TEEsavR23oF episode=5 task=4 sec=230.470
Elapsed 6:42:27 [BASELINE_LIVE_METRICS] rows=30 avg_sr=0.466667 avg_spl=0.265883 follower_error_count=2 levels=[object:n=5,sr=0.600000,spl=0.501940; room:n=10,sr=0.600000,spl=0.250013; region:n=9,sr=0.444444,spl=0.299086; instance:n=6,sr=0.166667,spl=0.045813] latest_scene=00800-TEEsavR23oF latest_episode=5 latest_task=4 latest_level=room by_level={"instance": {"avg_spl": 0.04581338526620866, "avg_sr": 0.16666666666666666, "count": 6}, "object": {"avg_spl": 0.5019397219786528, "avg_sr": 0.6, "count": 5}, "region": {"avg_spl": 0.2990855558242219, "avg_sr": 0.4444444444444444, "count": 9}, "room": {"avg_spl": 0.2500132251029968, "avg_sr": 0.6, "count": 10}}
Elapsed 6:42:27 [Metrics] sequence count: 30, invalid_count: 0, follower_error_count: 2, avg_sr: 0.466667, avg_spl: 0.265883

=== Episode ===: 6it [6:41:43, 3069.71s/it][AElapsed 6:42:33 

Begin to process [00800-TEEsavR23oF_sequence_6_0] type: [instance], Question: [blue seashell-patterned shower curtain in bathroom with dark wood single-sink vanity]

Elapsed 6:42:33 Current start position is [    -4.0158      3.1134     -2.3666]
Elapsed 7:32:33 ===Episode_id 6 task_id 0 task_level=instance===
SR: True, SPL: 0.7245916364177172, Object category: shower curtain, goal type: sequence===

Elapsed 7:32:33 [baseline] task_level=instance scene=00800-TEEsavR23oF episode=6 task=0 sec=2999.632
Elapsed 7:32:33 [BASELINE_LIVE_METRICS] rows=31 avg_sr=0.483871 avg_spl=0.280680 follower_error_count=2 levels=[object:n=5,sr=0.600000,spl=0.501940; room:n=10,sr=0.600000,spl=0.250013; region:n=9,sr=0.444444,spl=0.299086; instance:n=7,sr=0.285714,spl=0.142782] latest_scene=00800-TEEsavR23oF latest_episode=6 latest_task=0 latest_level=instance by_level={"instance": {"avg_spl": 0.14278170685928132, "avg_sr": 0.2857142857142857, "count": 7}, "object": {"avg_spl": 0.5019397219786528, "avg_sr": 0.6, "count": 5}, "region": {"avg_spl": 0.2990855558242219, "avg_sr": 0.4444444444444444, "count": 9}, "room": {"avg_spl": 0.2500132251029968, "avg_sr": 0.6, "count": 10}}
Elapsed 7:32:33 

Begin to process [00800-TEEsavR23oF_sequence_6_1] type: [object], Question: [couch]

Elapsed 7:32:33 Current start position is [    -5.9647      3.1134     -7.4121]
Elapsed 7:35:42 ===Episode_id 6 task_id 1 task_level=object===
SR: True, SPL: 0.5836305044343157, Object category: couch, goal type: sequence===

Elapsed 7:35:42 [baseline] task_level=object scene=00800-TEEsavR23oF episode=6 task=1 sec=189.297
Elapsed 7:35:42 [BASELINE_LIVE_METRICS] rows=32 avg_sr=0.500000 avg_spl=0.290147 follower_error_count=2 levels=[object:n=6,sr=0.666667,spl=0.515555; room:n=10,sr=0.600000,spl=0.250013; region:n=9,sr=0.444444,spl=0.299086; instance:n=7,sr=0.285714,spl=0.142782] latest_scene=00800-TEEsavR23oF latest_episode=6 latest_task=1 latest_level=object by_level={"instance": {"avg_spl": 0.14278170685928132, "avg_sr": 0.2857142857142857, "count": 7}, "object": {"avg_spl": 0.51555485238793, "avg_sr": 0.6666666666666666, "count": 6}, "region": {"avg_spl": 0.2990855558242219, "avg_sr": 0.4444444444444444, "count": 9}, "room": {"avg_spl": 0.2500132251029968, "avg_sr": 0.6, "count": 10}}
Elapsed 7:35:42 

Begin to process [00800-TEEsavR23oF_sequence_6_2] type: [region], Question: [plush toy in the bedroom that has bed with plain white sheets and light teal pillows, tall wooden headboard, Mickey Mouse plush on dark wood nightstand, matching wardrobe and beige armchair, TV on wood cabinet]

Elapsed 7:35:42 Current start position is [    -4.6866      3.1134     -2.5552]
Elapsed 7:54:37 ===Episode_id 6 task_id 2 task_level=region===
SR: True, SPL: 0.8482606372921861, Object category: plush toy, goal type: sequence===

Elapsed 7:54:37 [baseline] task_level=region scene=00800-TEEsavR23oF episode=6 task=2 sec=1135.339
Elapsed 7:54:37 [BASELINE_LIVE_METRICS] rows=33 avg_sr=0.515152 avg_spl=0.307060 follower_error_count=2 levels=[object:n=6,sr=0.666667,spl=0.515555; room:n=10,sr=0.600000,spl=0.250013; region:n=10,sr=0.500000,spl=0.354003; instance:n=7,sr=0.285714,spl=0.142782] latest_scene=00800-TEEsavR23oF latest_episode=6 latest_task=2 latest_level=region by_level={"instance": {"avg_spl": 0.14278170685928132, "avg_sr": 0.2857142857142857, "count": 7}, "object": {"avg_spl": 0.51555485238793, "avg_sr": 0.6666666666666666, "count": 6}, "region": {"avg_spl": 0.35400306397101833, "avg_sr": 0.5, "count": 10}, "room": {"avg_spl": 0.2500132251029968, "avg_sr": 0.6, "count": 10}}
Elapsed 7:54:37 

Begin to process [00800-TEEsavR23oF_sequence_6_3] type: [region], Question: [computer desk in the office that has computer desk with printer and black PC tower, black office chair below colorful painting, rack with books and wicker basket, brown leather couch with diamond-patterned blanket by railing]

Elapsed 7:54:37 Current start position is [    -1.9625      3.1585     -8.4332]
Elapsed 7:58:23 ===Episode_id 6 task_id 3 task_level=region===
SR: True, SPL: 0.8800842549116056, Object category: computer desk, goal type: sequence===

Elapsed 7:58:23 [baseline] task_level=region scene=00800-TEEsavR23oF episode=6 task=3 sec=226.120
Elapsed 7:58:23 [BASELINE_LIVE_METRICS] rows=34 avg_sr=0.529412 avg_spl=0.323913 follower_error_count=2 levels=[object:n=6,sr=0.666667,spl=0.515555; room:n=10,sr=0.600000,spl=0.250013; region:n=11,sr=0.545455,spl=0.401829; instance:n=7,sr=0.285714,spl=0.142782] latest_scene=00800-TEEsavR23oF latest_episode=6 latest_task=3 latest_level=region by_level={"instance": {"avg_spl": 0.14278170685928132, "avg_sr": 0.2857142857142857, "count": 7}, "object": {"avg_spl": 0.51555485238793, "avg_sr": 0.6666666666666666, "count": 6}, "region": {"avg_spl": 0.401828626783799, "avg_sr": 0.5454545454545454, "count": 11}, "room": {"avg_spl": 0.2500132251029968, "avg_sr": 0.6, "count": 10}}
Elapsed 7:58:23 

Begin to process [00800-TEEsavR23oF_sequence_6_4] type: [region], Question: [bathroom cabinet in the bathroom that has toilet beside black toilet brush, dark wood single-sink vanity by dark blue bath mat, hanging beige towel, blue shower curtain with seashell, starfish, and coral motifs]

Elapsed 7:58:23 Current start position is [    -4.6804      3.1134    -0.21875]
Elapsed 8:03:14 ===Episode_id 6 task_id 4 task_level=region===
SR: True, SPL: 0.8922390655831097, Object category: bathroom cabinet, goal type: sequence===

Elapsed 8:03:14 [baseline] task_level=region scene=00800-TEEsavR23oF episode=6 task=4 sec=290.236
Elapsed 8:03:14 [BASELINE_LIVE_METRICS] rows=35 avg_sr=0.542857 avg_spl=0.340151 follower_error_count=2 levels=[object:n=6,sr=0.666667,spl=0.515555; room:n=10,sr=0.600000,spl=0.250013; region:n=12,sr=0.583333,spl=0.442696; instance:n=7,sr=0.285714,spl=0.142782] latest_scene=00800-TEEsavR23oF latest_episode=6 latest_task=4 latest_level=region by_level={"instance": {"avg_spl": 0.14278170685928132, "avg_sr": 0.2857142857142857, "count": 7}, "object": {"avg_spl": 0.51555485238793, "avg_sr": 0.6666666666666666, "count": 6}, "region": {"avg_spl": 0.44269616335040823, "avg_sr": 0.5833333333333334, "count": 12}, "room": {"avg_spl": 0.2500132251029968, "avg_sr": 0.6, "count": 10}}
Elapsed 8:03:14 [Metrics] sequence count: 35, invalid_count: 0, follower_error_count: 2, avg_sr: 0.542857, avg_spl: 0.340151

=== Episode ===: 7it [8:02:30, 3650.75s/it][AElapsed 8:03:19 

Begin to process [00800-TEEsavR23oF_sequence_7_0] type: [instance], Question: [dark wood-framed blackboard leaning against white door below doorknob with yellow-and-blue toy]

Elapsed 8:03:19 Current start position is [    -3.8193      3.1134     -1.6744]
Elapsed 8:56:24 ===Episode_id 7 task_id 0 task_level=instance===
SR: False, SPL: 0.0, Object category: board, goal type: sequence===

Elapsed 8:56:24 [baseline] task_level=instance scene=00800-TEEsavR23oF episode=7 task=0 sec=3184.210
Elapsed 8:56:24 [BASELINE_LIVE_METRICS] rows=36 avg_sr=0.527778 avg_spl=0.330702 follower_error_count=2 levels=[object:n=6,sr=0.666667,spl=0.515555; room:n=10,sr=0.600000,spl=0.250013; region:n=12,sr=0.583333,spl=0.442696; instance:n=8,sr=0.250000,spl=0.124934] latest_scene=00800-TEEsavR23oF latest_episode=7 latest_task=0 latest_level=instance by_level={"instance": {"avg_spl": 0.12493399350187115, "avg_sr": 0.25, "count": 8}, "object": {"avg_spl": 0.51555485238793, "avg_sr": 0.6666666666666666, "count": 6}, "region": {"avg_spl": 0.44269616335040823, "avg_sr": 0.5833333333333334, "count": 12}, "room": {"avg_spl": 0.2500132251029968, "avg_sr": 0.6, "count": 10}}
Elapsed 8:56:24 

Begin to process [00800-TEEsavR23oF_sequence_7_1] type: [region], Question: [wardrobe in the bedroom that has bed with plain white sheets and light teal pillows, tall wooden headboard, Mickey Mouse plush on dark wood nightstand, matching wardrobe and beige armchair, TV on wood cabinet]

Elapsed 8:56:24 Current start position is [    -6.8856      3.1134     -3.3699]
Elapsed 9:00:05 ===Episode_id 7 task_id 1 task_level=region===
SR: True, SPL: 0.5991502899268188, Object category: wardrobe, goal type: sequence===

Elapsed 9:00:05 [baseline] task_level=region scene=00800-TEEsavR23oF episode=7 task=1 sec=221.057
Elapsed 9:00:05 [BASELINE_LIVE_METRICS] rows=37 avg_sr=0.540541 avg_spl=0.337958 follower_error_count=2 levels=[object:n=6,sr=0.666667,spl=0.515555; room:n=10,sr=0.600000,spl=0.250013; region:n=13,sr=0.615385,spl=0.454731; instance:n=8,sr=0.250000,spl=0.124934] latest_scene=00800-TEEsavR23oF latest_episode=7 latest_task=1 latest_level=region by_level={"instance": {"avg_spl": 0.12493399350187115, "avg_sr": 0.25, "count": 8}, "object": {"avg_spl": 0.51555485238793, "avg_sr": 0.6666666666666666, "count": 6}, "region": {"avg_spl": 0.4547310961639782, "avg_sr": 0.6153846153846154, "count": 13}, "room": {"avg_spl": 0.2500132251029968, "avg_sr": 0.6, "count": 10}}
Elapsed 9:00:05 

Begin to process [00800-TEEsavR23oF_sequence_7_2] type: [region], Question: [blanket in the office that has computer desk with printer and black PC tower, black office chair below colorful painting, rack with books and wicker basket, brown leather couch with diamond-patterned blanket by railing]

Elapsed 9:00:05 Current start position is [    -2.3528      3.1452     -7.4995]
Elapsed 9:03:23 ===Episode_id 7 task_id 2 task_level=region===
SR: True, SPL: 0.6978745494752613, Object category: blanket, goal type: sequence===

Elapsed 9:03:23 [baseline] task_level=region scene=00800-TEEsavR23oF episode=7 task=2 sec=198.559
Elapsed 9:03:23 [BASELINE_LIVE_METRICS] rows=38 avg_sr=0.552632 avg_spl=0.347429 follower_error_count=2 levels=[object:n=6,sr=0.666667,spl=0.515555; room:n=10,sr=0.600000,spl=0.250013; region:n=14,sr=0.642857,spl=0.472098; instance:n=8,sr=0.250000,spl=0.124934] latest_scene=00800-TEEsavR23oF latest_episode=7 latest_task=2 latest_level=region by_level={"instance": {"avg_spl": 0.12493399350187115, "avg_sr": 0.25, "count": 8}, "object": {"avg_spl": 0.51555485238793, "avg_sr": 0.6666666666666666, "count": 6}, "region": {"avg_spl": 0.47209848568621277, "avg_sr": 0.6428571428571429, "count": 14}, "room": {"avg_spl": 0.2500132251029968, "avg_sr": 0.6, "count": 10}}
Elapsed 9:03:23 

Begin to process [00800-TEEsavR23oF_sequence_7_3] type: [room], Question: [bath towel in the bathroom]

Elapsed 9:03:23 Current start position is [    -5.7719      3.1134   -0.070709]
Elapsed 9:07:05 ===Episode_id 7 task_id 3 task_level=room===
SR: True, SPL: 0.8720430812931074, Object category: bath towel, goal type: sequence===

Elapsed 9:07:05 [baseline] task_level=room scene=00800-TEEsavR23oF episode=7 task=3 sec=222.025
Elapsed 9:07:05 [BASELINE_LIVE_METRICS] rows=39 avg_sr=0.564103 avg_spl=0.360881 follower_error_count=2 levels=[object:n=6,sr=0.666667,spl=0.515555; room:n=11,sr=0.636364,spl=0.306561; region:n=14,sr=0.642857,spl=0.472098; instance:n=8,sr=0.250000,spl=0.124934] latest_scene=00800-TEEsavR23oF latest_episode=7 latest_task=3 latest_level=room by_level={"instance": {"avg_spl": 0.12493399350187115, "avg_sr": 0.25, "count": 8}, "object": {"avg_spl": 0.51555485238793, "avg_sr": 0.6666666666666666, "count": 6}, "region": {"avg_spl": 0.47209848568621277, "avg_sr": 0.6428571428571429, "count": 14}, "room": {"avg_spl": 0.30656139384755227, "avg_sr": 0.6363636363636364, "count": 11}}
Elapsed 9:07:05 

Begin to process [00800-TEEsavR23oF_sequence_7_4] type: [region], Question: [photo in the office that has computer desk with printer and black PC tower, black office chair below colorful painting, rack with books and wicker basket, brown leather couch with diamond-patterned blanket by railing]

Elapsed 9:07:05 Current start position is [    -3.8618      3.1605     -7.9041]
Elapsed 9:10:14 ===Episode_id 7 task_id 4 task_level=region===
SR: False, SPL: 0.0, Object category: photo, goal type: sequence===

Elapsed 9:10:14 [baseline] task_level=region scene=00800-TEEsavR23oF episode=7 task=4 sec=188.336
Elapsed 9:10:14 [BASELINE_LIVE_METRICS] rows=40 avg_sr=0.550000 avg_spl=0.351859 follower_error_count=2 levels=[object:n=6,sr=0.666667,spl=0.515555; room:n=11,sr=0.636364,spl=0.306561; region:n=15,sr=0.600000,spl=0.440625; instance:n=8,sr=0.250000,spl=0.124934] latest_scene=00800-TEEsavR23oF latest_episode=7 latest_task=4 latest_level=region by_level={"instance": {"avg_spl": 0.12493399350187115, "avg_sr": 0.25, "count": 8}, "object": {"avg_spl": 0.51555485238793, "avg_sr": 0.6666666666666666, "count": 6}, "region": {"avg_spl": 0.44062525330713187, "avg_sr": 0.6, "count": 15}, "room": {"avg_spl": 0.30656139384755227, "avg_sr": 0.6363636363636364, "count": 11}}
Elapsed 9:10:14 [Metrics] sequence count: 40, invalid_count: 0, follower_error_count: 2, avg_sr: 0.550000, avg_spl: 0.351859

=== Episode ===: 8it [9:09:30, 3768.30s/it][AElapsed 9:10:19 

Begin to process [00800-TEEsavR23oF_sequence_8_0] type: [instance], Question: [black cross trainer in office with computer desk beside brown leather couch]

Elapsed 9:10:19 Current start position is [    -2.3795      3.1333     -7.8539]
Elapsed 9:51:47 ===Episode_id 8 task_id 0 task_level=instance===
SR: False, SPL: 0.0, Object category: bicycle, goal type: sequence===

Elapsed 9:51:47 [baseline] task_level=instance scene=00800-TEEsavR23oF episode=8 task=0 sec=2487.960
Elapsed 9:51:47 [BASELINE_LIVE_METRICS] rows=41 avg_sr=0.536585 avg_spl=0.343277 follower_error_count=2 levels=[object:n=6,sr=0.666667,spl=0.515555; room:n=11,sr=0.636364,spl=0.306561; region:n=15,sr=0.600000,spl=0.440625; instance:n=9,sr=0.222222,spl=0.111052] latest_scene=00800-TEEsavR23oF latest_episode=8 latest_task=0 latest_level=instance by_level={"instance": {"avg_spl": 0.11105243866832991, "avg_sr": 0.2222222222222222, "count": 9}, "object": {"avg_spl": 0.51555485238793, "avg_sr": 0.6666666666666666, "count": 6}, "region": {"avg_spl": 0.44062525330713187, "avg_sr": 0.6, "count": 15}, "room": {"avg_spl": 0.30656139384755227, "avg_sr": 0.6363636363636364, "count": 11}}
Elapsed 9:51:47 

Begin to process [00800-TEEsavR23oF_sequence_8_1] type: [room], Question: [pc tower in the office]

Elapsed 9:51:47 Current start position is [     -3.606      3.1134     -1.0995]
Elapsed 9:55:18 ===Episode_id 8 task_id 1 task_level=room===
SR: True, SPL: 0.3906909661902621, Object category: pc tower, goal type: sequence===

Elapsed 9:55:18 [baseline] task_level=room scene=00800-TEEsavR23oF episode=8 task=1 sec=211.030
Elapsed 9:55:19 [BASELINE_LIVE_METRICS] rows=42 avg_sr=0.547619 avg_spl=0.344406 follower_error_count=2 levels=[object:n=6,sr=0.666667,spl=0.515555; room:n=12,sr=0.666667,spl=0.313572; region:n=15,sr=0.600000,spl=0.440625; instance:n=9,sr=0.222222,spl=0.111052] latest_scene=00800-TEEsavR23oF latest_episode=8 latest_task=1 latest_level=room by_level={"instance": {"avg_spl": 0.11105243866832991, "avg_sr": 0.2222222222222222, "count": 9}, "object": {"avg_spl": 0.51555485238793, "avg_sr": 0.6666666666666666, "count": 6}, "region": {"avg_spl": 0.44062525330713187, "avg_sr": 0.6, "count": 15}, "room": {"avg_spl": 0.3135721915427781, "avg_sr": 0.6666666666666666, "count": 12}}
Elapsed 9:55:19 

Begin to process [00800-TEEsavR23oF_sequence_8_2] type: [region], Question: [bath towel in the bathroom that has toilet beside black toilet brush, dark wood single-sink vanity by dark blue bath mat, hanging beige towel, blue shower curtain with seashell, starfish, and coral motifs]

Elapsed 9:55:19 Current start position is [    -3.7988      3.1134    0.054084]
Elapsed 10:03:52 ===Episode_id 8 task_id 2 task_level=region===
SR: True, SPL: 0.8580697609609561, Object category: bath towel, goal type: sequence===

Elapsed 10:03:52 [baseline] task_level=region scene=00800-TEEsavR23oF episode=8 task=2 sec=513.638
Elapsed 10:03:52 [BASELINE_LIVE_METRICS] rows=43 avg_sr=0.558140 avg_spl=0.356352 follower_error_count=2 levels=[object:n=6,sr=0.666667,spl=0.515555; room:n=12,sr=0.666667,spl=0.313572; region:n=16,sr=0.625000,spl=0.466716; instance:n=9,sr=0.222222,spl=0.111052] latest_scene=00800-TEEsavR23oF latest_episode=8 latest_task=2 latest_level=region by_level={"instance": {"avg_spl": 0.11105243866832991, "avg_sr": 0.2222222222222222, "count": 9}, "object": {"avg_spl": 0.51555485238793, "avg_sr": 0.6666666666666666, "count": 6}, "region": {"avg_spl": 0.4667155350354959, "avg_sr": 0.625, "count": 16}, "room": {"avg_spl": 0.3135721915427781, "avg_sr": 0.6666666666666666, "count": 12}}
Elapsed 10:03:52 

Begin to process [00800-TEEsavR23oF_sequence_8_3] type: [region], Question: [armchair in the bedroom that has bed with plain white sheets and light teal pillows, tall wooden headboard, Mickey Mouse plush on dark wood nightstand, matching wardrobe and beige armchair, TV on wood cabinet]

Elapsed 10:03:52 Current start position is [    -3.9291      3.1581      -7.861]
Elapsed 10:06:15 ===Episode_id 8 task_id 3 task_level=region===
SR: True, SPL: 0.8962361179569177, Object category: armchair, goal type: sequence===

Elapsed 10:06:15 [baseline] task_level=region scene=00800-TEEsavR23oF episode=8 task=3 sec=143.331
Elapsed 10:06:15 [BASELINE_LIVE_METRICS] rows=44 avg_sr=0.568182 avg_spl=0.368622 follower_error_count=2 levels=[object:n=6,sr=0.666667,spl=0.515555; room:n=12,sr=0.666667,spl=0.313572; region:n=17,sr=0.647059,spl=0.491981; instance:n=9,sr=0.222222,spl=0.111052] latest_scene=00800-TEEsavR23oF latest_episode=8 latest_task=3 latest_level=region by_level={"instance": {"avg_spl": 0.11105243866832991, "avg_sr": 0.2222222222222222, "count": 9}, "object": {"avg_spl": 0.51555485238793, "avg_sr": 0.6666666666666666, "count": 6}, "region": {"avg_spl": 0.49198145167793245, "avg_sr": 0.6470588235294118, "count": 17}, "room": {"avg_spl": 0.3135721915427781, "avg_sr": 0.6666666666666666, "count": 12}}
Elapsed 10:06:15 

Begin to process [00800-TEEsavR23oF_sequence_8_4] type: [room], Question: [photo in the office]

Elapsed 10:06:15 Current start position is [   -0.10769      3.1134     -5.5757]
Elapsed 10:09:14 ===Episode_id 8 task_id 4 task_level=room===
SR: True, SPL: 0.9576183656721461, Object category: photo, goal type: sequence===

Elapsed 10:09:14 [baseline] task_level=room scene=00800-TEEsavR23oF episode=8 task=4 sec=178.299
Elapsed 10:09:14 [BASELINE_LIVE_METRICS] rows=45 avg_sr=0.577778 avg_spl=0.381710 follower_error_count=2 levels=[object:n=6,sr=0.666667,spl=0.515555; room:n=13,sr=0.692308,spl=0.363114; region:n=17,sr=0.647059,spl=0.491981; instance:n=9,sr=0.222222,spl=0.111052] latest_scene=00800-TEEsavR23oF latest_episode=8 latest_task=4 latest_level=room by_level={"instance": {"avg_spl": 0.11105243866832991, "avg_sr": 0.2222222222222222, "count": 9}, "object": {"avg_spl": 0.51555485238793, "avg_sr": 0.6666666666666666, "count": 6}, "region": {"avg_spl": 0.49198145167793245, "avg_sr": 0.6470588235294118, "count": 17}, "room": {"avg_spl": 0.36311420493734486, "avg_sr": 0.6923076923076923, "count": 13}}
Elapsed 10:09:14 [Metrics] sequence count: 45, invalid_count: 0, follower_error_count: 2, avg_sr: 0.577778, avg_spl: 0.381710

=== Episode ===: 9it [10:08:30, 3696.99s/it][AElapsed 10:09:20 

Begin to process [00800-TEEsavR23oF_sequence_9_0] type: [instance], Question: [blue toy cart beside pink bin and brown leather couch in office with computer desk]

Elapsed 10:09:20 Current start position is [    -2.1596      3.1397     -8.3785]
Elapsed 10:42:30 ===Episode_id 9 task_id 0 task_level=instance===
SR: False, SPL: 0.0, Object category: toy, goal type: sequence===

Elapsed 10:42:30 [baseline] task_level=instance scene=00800-TEEsavR23oF episode=9 task=0 sec=1989.743
Elapsed 10:42:30 [BASELINE_LIVE_METRICS] rows=46 avg_sr=0.565217 avg_spl=0.373412 follower_error_count=2 levels=[object:n=6,sr=0.666667,spl=0.515555; room:n=13,sr=0.692308,spl=0.363114; region:n=17,sr=0.647059,spl=0.491981; instance:n=10,sr=0.200000,spl=0.099947] latest_scene=00800-TEEsavR23oF latest_episode=9 latest_task=0 latest_level=instance by_level={"instance": {"avg_spl": 0.09994719480149691, "avg_sr": 0.2, "count": 10}, "object": {"avg_spl": 0.51555485238793, "avg_sr": 0.6666666666666666, "count": 6}, "region": {"avg_spl": 0.49198145167793245, "avg_sr": 0.6470588235294118, "count": 17}, "room": {"avg_spl": 0.36311420493734486, "avg_sr": 0.6923076923076923, "count": 13}}
Elapsed 10:42:30 

Begin to process [00800-TEEsavR23oF_sequence_9_1] type: [room], Question: [tv in the bedroom]

Elapsed 10:42:30 Current start position is [     -5.236      3.1134    -0.52288]
Elapsed 10:45:15 ===Episode_id 9 task_id 1 task_level=room===
SR: True, SPL: 0.8129569245470224, Object category: tv, goal type: sequence===

Elapsed 10:45:15 [baseline] task_level=room scene=00800-TEEsavR23oF episode=9 task=1 sec=164.856
Elapsed 10:45:15 [BASELINE_LIVE_METRICS] rows=47 avg_sr=0.574468 avg_spl=0.382764 follower_error_count=2 levels=[object:n=6,sr=0.666667,spl=0.515555; room:n=14,sr=0.714286,spl=0.395246; region:n=17,sr=0.647059,spl=0.491981; instance:n=10,sr=0.200000,spl=0.099947] latest_scene=00800-TEEsavR23oF latest_episode=9 latest_task=1 latest_level=room by_level={"instance": {"avg_spl": 0.09994719480149691, "avg_sr": 0.2, "count": 10}, "object": {"avg_spl": 0.51555485238793, "avg_sr": 0.6666666666666666, "count": 6}, "region": {"avg_spl": 0.49198145167793245, "avg_sr": 0.6470588235294118, "count": 17}, "room": {"avg_spl": 0.3952458277666076, "avg_sr": 0.7142857142857143, "count": 14}}
Elapsed 10:45:15 

Begin to process [00800-TEEsavR23oF_sequence_9_2] type: [region], Question: [picture in the office that has computer desk with printer and black PC tower, black office chair below colorful painting, rack with books and wicker basket, brown leather couch with diamond-patterned blanket by railing]

Elapsed 10:45:15 Current start position is [   -0.17339      3.1134     -5.5716]
Elapsed 10:47:46 ===Episode_id 9 task_id 2 task_level=region===
SR: False, SPL: 0.0, Object category: picture, goal type: sequence===

Elapsed 10:47:46 [baseline] task_level=region scene=00800-TEEsavR23oF episode=9 task=2 sec=151.286
Elapsed 10:47:46 [BASELINE_LIVE_METRICS] rows=48 avg_sr=0.562500 avg_spl=0.374790 follower_error_count=2 levels=[object:n=6,sr=0.666667,spl=0.515555; room:n=14,sr=0.714286,spl=0.395246; region:n=18,sr=0.611111,spl=0.464649; instance:n=10,sr=0.200000,spl=0.099947] latest_scene=00800-TEEsavR23oF latest_episode=9 latest_task=2 latest_level=region by_level={"instance": {"avg_spl": 0.09994719480149691, "avg_sr": 0.2, "count": 10}, "object": {"avg_spl": 0.51555485238793, "avg_sr": 0.6666666666666666, "count": 6}, "region": {"avg_spl": 0.4646491488069362, "avg_sr": 0.6111111111111112, "count": 18}, "room": {"avg_spl": 0.3952458277666076, "avg_sr": 0.7142857142857143, "count": 14}}
Elapsed 10:47:46 

Begin to process [00800-TEEsavR23oF_sequence_9_3] type: [region], Question: [nightstand in the bedroom that has bed with plain white sheets and light teal pillows, tall wooden headboard, Mickey Mouse plush on dark wood nightstand, matching wardrobe and beige armchair, TV on wood cabinet]

Elapsed 10:47:46 Current start position is [    -7.8175      3.1134     -4.5274]
Elapsed 10:50:56 ===Episode_id 9 task_id 3 task_level=region===
SR: True, SPL: 0.8650783950592426, Object category: nightstand, goal type: sequence===

Elapsed 10:50:56 [baseline] task_level=region scene=00800-TEEsavR23oF episode=9 task=3 sec=189.655
Elapsed 10:50:56 [BASELINE_LIVE_METRICS] rows=49 avg_sr=0.571429 avg_spl=0.384796 follower_error_count=2 levels=[object:n=6,sr=0.666667,spl=0.515555; room:n=14,sr=0.714286,spl=0.395246; region:n=19,sr=0.631579,spl=0.485724; instance:n=10,sr=0.200000,spl=0.099947] latest_scene=00800-TEEsavR23oF latest_episode=9 latest_task=3 latest_level=region by_level={"instance": {"avg_spl": 0.09994719480149691, "avg_sr": 0.2, "count": 10}, "object": {"avg_spl": 0.51555485238793, "avg_sr": 0.6666666666666666, "count": 6}, "region": {"avg_spl": 0.4857243722938997, "avg_sr": 0.631578947368421, "count": 19}, "room": {"avg_spl": 0.3952458277666076, "avg_sr": 0.7142857142857143, "count": 14}}
Elapsed 10:50:56 

Begin to process [00800-TEEsavR23oF_sequence_9_4] type: [object], Question: [computer desk]

Elapsed 10:50:56 Current start position is [    -1.9631      3.1609     -8.2945]
Elapsed 10:53:45 ===Episode_id 9 task_id 4 task_level=object===
SR: True, SPL: 0.873883056852158, Object category: computer desk, goal type: sequence===

Elapsed 10:53:45 [baseline] task_level=object scene=00800-TEEsavR23oF episode=9 task=4 sec=169.197
Elapsed 10:53:45 [BASELINE_LIVE_METRICS] rows=50 avg_sr=0.580000 avg_spl=0.394578 follower_error_count=2 levels=[object:n=7,sr=0.714286,spl=0.566745; room:n=14,sr=0.714286,spl=0.395246; region:n=19,sr=0.631579,spl=0.485724; instance:n=10,sr=0.200000,spl=0.099947] latest_scene=00800-TEEsavR23oF latest_episode=9 latest_task=4 latest_level=object by_level={"instance": {"avg_spl": 0.09994719480149691, "avg_sr": 0.2, "count": 10}, "object": {"avg_spl": 0.5667445958828197, "avg_sr": 0.7142857142857143, "count": 7}, "region": {"avg_spl": 0.4857243722938997, "avg_sr": 0.631578947368421, "count": 19}, "room": {"avg_spl": 0.3952458277666076, "avg_sr": 0.7142857142857143, "count": 14}}
Elapsed 10:53:45 [Metrics] sequence count: 50, invalid_count: 0, follower_error_count: 2, avg_sr: 0.580000, avg_spl: 0.394578

=== Episode ===: 10it [10:53:01, 3380.24s/it][AElapsed 10:53:50 

Begin to process [00800-TEEsavR23oF_sequence_10_0] type: [instance], Question: [square wooden side table with plants to the right of computer desk in office with brown couch]

Elapsed 10:53:50 Current start position is [    -1.3524      3.1142     -5.6864]
Elapsed 11:42:03 ===Episode_id 10 task_id 0 task_level=instance===
SR: False, SPL: 0.0, Object category: table, goal type: sequence===

Elapsed 11:42:03 [baseline] task_level=instance scene=00800-TEEsavR23oF episode=10 task=0 sec=2892.910
Elapsed 11:42:03 [BASELINE_LIVE_METRICS] rows=51 avg_sr=0.568627 avg_spl=0.386841 follower_error_count=2 levels=[object:n=7,sr=0.714286,spl=0.566745; room:n=14,sr=0.714286,spl=0.395246; region:n=19,sr=0.631579,spl=0.485724; instance:n=11,sr=0.181818,spl=0.090861] latest_scene=00800-TEEsavR23oF latest_episode=10 latest_task=0 latest_level=instance by_level={"instance": {"avg_spl": 0.09086108618317902, "avg_sr": 0.18181818181818182, "count": 11}, "object": {"avg_spl": 0.5667445958828197, "avg_sr": 0.7142857142857143, "count": 7}, "region": {"avg_spl": 0.4857243722938997, "avg_sr": 0.631578947368421, "count": 19}, "room": {"avg_spl": 0.3952458277666076, "avg_sr": 0.7142857142857143, "count": 14}}
Elapsed 11:42:03 

Begin to process [00800-TEEsavR23oF_sequence_10_1] type: [object], Question: [bed]

Elapsed 11:42:03 Current start position is [     -4.747      3.1134    -0.14082]
Elapsed 11:46:24 ===Episode_id 10 task_id 1 task_level=object===
SR: True, SPL: 0.8256545927723323, Object category: bed, goal type: sequence===

Elapsed 11:46:24 [baseline] task_level=object scene=00800-TEEsavR23oF episode=10 task=1 sec=260.710
Elapsed 11:46:24 [BASELINE_LIVE_METRICS] rows=52 avg_sr=0.576923 avg_spl=0.395280 follower_error_count=2 levels=[object:n=8,sr=0.750000,spl=0.599108; room:n=14,sr=0.714286,spl=0.395246; region:n=19,sr=0.631579,spl=0.485724; instance:n=11,sr=0.181818,spl=0.090861] latest_scene=00800-TEEsavR23oF latest_episode=10 latest_task=1 latest_level=object by_level={"instance": {"avg_spl": 0.09086108618317902, "avg_sr": 0.18181818181818182, "count": 11}, "object": {"avg_spl": 0.5991083454940088, "avg_sr": 0.75, "count": 8}, "region": {"avg_spl": 0.4857243722938997, "avg_sr": 0.631578947368421, "count": 19}, "room": {"avg_spl": 0.3952458277666076, "avg_sr": 0.7142857142857143, "count": 14}}
Elapsed 11:46:24 

Begin to process [00800-TEEsavR23oF_sequence_10_2] type: [room], Question: [picture in the office]

Elapsed 11:46:24 Current start position is [  -0.025551      3.1305     -6.3729]
Elapsed 11:50:42 ===Episode_id 10 task_id 2 task_level=room===
SR: True, SPL: 0.9512706508559967, Object category: picture, goal type: sequence===

Elapsed 11:50:42 [baseline] task_level=room scene=00800-TEEsavR23oF episode=10 task=2 sec=257.905
Elapsed 11:50:42 [BASELINE_LIVE_METRICS] rows=53 avg_sr=0.584906 avg_spl=0.405770 follower_error_count=2 levels=[object:n=8,sr=0.750000,spl=0.599108; room:n=15,sr=0.733333,spl=0.432314; region:n=19,sr=0.631579,spl=0.485724; instance:n=11,sr=0.181818,spl=0.090861] latest_scene=00800-TEEsavR23oF latest_episode=10 latest_task=2 latest_level=room by_level={"instance": {"avg_spl": 0.09086108618317902, "avg_sr": 0.18181818181818182, "count": 11}, "object": {"avg_spl": 0.5991083454940088, "avg_sr": 0.75, "count": 8}, "region": {"avg_spl": 0.4857243722938997, "avg_sr": 0.631578947368421, "count": 19}, "room": {"avg_spl": 0.4323141493059002, "avg_sr": 0.7333333333333333, "count": 15}}
Elapsed 11:50:42 

Begin to process [00800-TEEsavR23oF_sequence_10_3] type: [region], Question: [cross trainer in the office that has computer desk with printer and black PC tower, black office chair below colorful painting, rack with books and wicker basket, brown leather couch with diamond-patterned blanket by railing]

Elapsed 11:50:42 Current start position is [    -4.6835      3.1134   -0.078649]
Elapsed 11:57:19 ===Episode_id 10 task_id 3 task_level=region===
SR: False, SPL: 0.0, Object category: cross trainer, goal type: sequence===

Elapsed 11:57:19 [baseline] task_level=region scene=00800-TEEsavR23oF episode=10 task=3 sec=397.439
Elapsed 11:57:19 [BASELINE_LIVE_METRICS] rows=54 avg_sr=0.574074 avg_spl=0.398256 follower_error_count=2 levels=[object:n=8,sr=0.750000,spl=0.599108; room:n=15,sr=0.733333,spl=0.432314; region:n=20,sr=0.600000,spl=0.461438; instance:n=11,sr=0.181818,spl=0.090861] latest_scene=00800-TEEsavR23oF latest_episode=10 latest_task=3 latest_level=region by_level={"instance": {"avg_spl": 0.09086108618317902, "avg_sr": 0.18181818181818182, "count": 11}, "object": {"avg_spl": 0.5991083454940088, "avg_sr": 0.75, "count": 8}, "region": {"avg_spl": 0.4614381536792047, "avg_sr": 0.6, "count": 20}, "room": {"avg_spl": 0.4323141493059002, "avg_sr": 0.7333333333333333, "count": 15}}
Elapsed 11:57:19 

Begin to process [00800-TEEsavR23oF_sequence_10_4] type: [room], Question: [computer desk in the office]

Elapsed 11:57:19 Current start position is [    -3.6696      3.1134     -1.1456]
Elapsed 12:02:48 ===Episode_id 10 task_id 4 task_level=room===
SR: True, SPL: 0.43597231543438464, Object category: computer desk, goal type: sequence===

Elapsed 12:02:48 [baseline] task_level=room scene=00800-TEEsavR23oF episode=10 task=4 sec=328.767
Elapsed 12:02:48 [BASELINE_LIVE_METRICS] rows=55 avg_sr=0.581818 avg_spl=0.398942 follower_error_count=2 levels=[object:n=8,sr=0.750000,spl=0.599108; room:n=16,sr=0.750000,spl=0.432543; region:n=20,sr=0.600000,spl=0.461438; instance:n=11,sr=0.181818,spl=0.090861] latest_scene=00800-TEEsavR23oF latest_episode=10 latest_task=4 latest_level=room by_level={"instance": {"avg_spl": 0.09086108618317902, "avg_sr": 0.18181818181818182, "count": 11}, "object": {"avg_spl": 0.5991083454940088, "avg_sr": 0.75, "count": 8}, "region": {"avg_spl": 0.4614381536792047, "avg_sr": 0.6, "count": 20}, "room": {"avg_spl": 0.4325427846889305, "avg_sr": 0.75, "count": 16}}
Elapsed 12:02:48 [Metrics] sequence count: 55, invalid_count: 0, follower_error_count: 2, avg_sr: 0.581818, avg_spl: 0.398942

=== Episode ===: 11it [12:02:04, 3613.77s/it][AElapsed 12:02:54 

Begin to process [00800-TEEsavR23oF_sequence_11_0] type: [instance], Question: [brown three-seater leather couch with diamond-patterned throw beside railing in office with computer desk beside couch]

Elapsed 12:02:54 Current start position is [    -5.9948      3.1134     -7.6873]
Elapsed 12:44:10 ===Episode_id 11 task_id 0 task_level=instance===
SR: False, SPL: 0.0, Object category: couch, goal type: sequence===

Elapsed 12:44:10 [baseline] task_level=instance scene=00800-TEEsavR23oF episode=11 task=0 sec=2475.964
Elapsed 12:44:10 [BASELINE_LIVE_METRICS] rows=56 avg_sr=0.571429 avg_spl=0.391818 follower_error_count=2 levels=[object:n=8,sr=0.750000,spl=0.599108; room:n=16,sr=0.750000,spl=0.432543; region:n=20,sr=0.600000,spl=0.461438; instance:n=12,sr=0.166667,spl=0.083289] latest_scene=00800-TEEsavR23oF latest_episode=11 latest_task=0 latest_level=instance by_level={"instance": {"avg_spl": 0.08328932900124743, "avg_sr": 0.16666666666666666, "count": 12}, "object": {"avg_spl": 0.5991083454940088, "avg_sr": 0.75, "count": 8}, "region": {"avg_spl": 0.4614381536792047, "avg_sr": 0.6, "count": 20}, "room": {"avg_spl": 0.4325427846889305, "avg_sr": 0.75, "count": 16}}
Elapsed 12:44:10 

Begin to process [00800-TEEsavR23oF_sequence_11_1] type: [object], Question: [bed]

Elapsed 12:44:10 Current start position is [     -4.688      3.1134     -2.5677]
Elapsed 12:52:09 ===Episode_id 11 task_id 1 task_level=object===
SR: True, SPL: 0.7968319415827363, Object category: bed, goal type: sequence===

Elapsed 12:52:09 [baseline] task_level=object scene=00800-TEEsavR23oF episode=11 task=1 sec=479.339
Elapsed 12:52:09 [BASELINE_LIVE_METRICS] rows=57 avg_sr=0.578947 avg_spl=0.398923 follower_error_count=2 levels=[object:n=9,sr=0.777778,spl=0.621078; room:n=16,sr=0.750000,spl=0.432543; region:n=20,sr=0.600000,spl=0.461438; instance:n=12,sr=0.166667,spl=0.083289] latest_scene=00800-TEEsavR23oF latest_episode=11 latest_task=1 latest_level=object by_level={"instance": {"avg_spl": 0.08328932900124743, "avg_sr": 0.16666666666666666, "count": 12}, "object": {"avg_spl": 0.6210776339483118, "avg_sr": 0.7777777777777778, "count": 9}, "region": {"avg_spl": 0.4614381536792047, "avg_sr": 0.6, "count": 20}, "room": {"avg_spl": 0.4325427846889305, "avg_sr": 0.75, "count": 16}}
Elapsed 12:52:09 

Begin to process [00800-TEEsavR23oF_sequence_11_2] type: [region], Question: [side table in the office that has computer desk with printer and black PC tower, black office chair below colorful painting, rack with books and wicker basket, brown leather couch with diamond-patterned blanket by railing]

Elapsed 12:52:09 Current start position is [   0.016144       3.129     -6.3729]
Elapsed 13:02:48 ===Episode_id 11 task_id 2 task_level=region===
SR: False, SPL: 0.0, Object category: side table, goal type: sequence===

Elapsed 13:02:48 [baseline] task_level=region scene=00800-TEEsavR23oF episode=11 task=2 sec=638.292
Elapsed 13:02:48 [BASELINE_LIVE_METRICS] rows=58 avg_sr=0.568966 avg_spl=0.392045 follower_error_count=2 levels=[object:n=9,sr=0.777778,spl=0.621078; room:n=16,sr=0.750000,spl=0.432543; region:n=21,sr=0.571429,spl=0.439465; instance:n=12,sr=0.166667,spl=0.083289] latest_scene=00800-TEEsavR23oF latest_episode=11 latest_task=2 latest_level=region by_level={"instance": {"avg_spl": 0.08328932900124743, "avg_sr": 0.16666666666666666, "count": 12}, "object": {"avg_spl": 0.6210776339483118, "avg_sr": 0.7777777777777778, "count": 9}, "region": {"avg_spl": 0.4394649082659092, "avg_sr": 0.5714285714285714, "count": 21}, "room": {"avg_spl": 0.4325427846889305, "avg_sr": 0.75, "count": 16}}
Elapsed 13:02:48 

Begin to process [00800-TEEsavR23oF_sequence_11_3] type: [object], Question: [plush toy]

Elapsed 13:02:48 Current start position is [    -4.6751      3.1134    -0.12758]
Elapsed 13:08:05 ===Episode_id 11 task_id 3 task_level=object===
SR: True, SPL: 0.8754303440787475, Object category: plush toy, goal type: sequence===

Elapsed 13:08:05 [baseline] task_level=object scene=00800-TEEsavR23oF episode=11 task=3 sec=317.232
Elapsed 13:08:05 [BASELINE_LIVE_METRICS] rows=59 avg_sr=0.576271 avg_spl=0.400238 follower_error_count=2 levels=[object:n=10,sr=0.800000,spl=0.646513; room:n=16,sr=0.750000,spl=0.432543; region:n=21,sr=0.571429,spl=0.439465; instance:n=12,sr=0.166667,spl=0.083289] latest_scene=00800-TEEsavR23oF latest_episode=11 latest_task=3 latest_level=object by_level={"instance": {"avg_spl": 0.08328932900124743, "avg_sr": 0.16666666666666666, "count": 12}, "object": {"avg_spl": 0.6465129049613554, "avg_sr": 0.8, "count": 10}, "region": {"avg_spl": 0.4394649082659092, "avg_sr": 0.5714285714285714, "count": 21}, "room": {"avg_spl": 0.4325427846889305, "avg_sr": 0.75, "count": 16}}
Elapsed 13:08:05 

Begin to process [00800-TEEsavR23oF_sequence_11_4] type: [region], Question: [picture in the office that has computer desk with printer and black PC tower, black office chair below colorful painting, rack with books and wicker basket, brown leather couch with diamond-patterned blanket by railing]

Elapsed 13:08:05 Current start position is [    -1.9032      3.1634     -8.3144]
Elapsed 13:12:19 ===Episode_id 11 task_id 4 task_level=region===
SR: False, SPL: 0.0, Object category: picture, goal type: sequence===

Elapsed 13:12:19 [baseline] task_level=region scene=00800-TEEsavR23oF episode=11 task=4 sec=253.760
Elapsed 13:12:19 [BASELINE_LIVE_METRICS] rows=60 avg_sr=0.566667 avg_spl=0.393567 follower_error_count=2 levels=[object:n=10,sr=0.800000,spl=0.646513; room:n=16,sr=0.750000,spl=0.432543; region:n=22,sr=0.545455,spl=0.419489; instance:n=12,sr=0.166667,spl=0.083289] latest_scene=00800-TEEsavR23oF latest_episode=11 latest_task=4 latest_level=region by_level={"instance": {"avg_spl": 0.08328932900124743, "avg_sr": 0.16666666666666666, "count": 12}, "object": {"avg_spl": 0.6465129049613554, "avg_sr": 0.8, "count": 10}, "region": {"avg_spl": 0.41948923061745885, "avg_sr": 0.5454545454545454, "count": 22}, "room": {"avg_spl": 0.4325427846889305, "avg_sr": 0.75, "count": 16}}
Elapsed 13:12:19 [Metrics] sequence count: 60, invalid_count: 0, follower_error_count: 2, avg_sr: 0.566667, avg_spl: 0.393567

=== Episode ===: 12it [13:11:35, 3783.16s/it][AElapsed 13:12:27 

Begin to process [00800-TEEsavR23oF_sequence_12_0] type: [instance], Question: [black-framed black-and-white striped picture on beige wall above staircase]

Elapsed 13:12:27 Current start position is [    -1.7657      3.1634     -7.1749]
Elapsed 14:04:04 geodesic_distance: 5.197294235229492
Elapsed 14:04:04 [baseline][follow-error] scene=00800-TEEsavR23oF episode_id=12 task_id=0 task_level=instance final=True error=GreedyFollowerError path_found=True
Elapsed 14:04:04 ===Episode_id 12 task_id 0 task_level=instance===
SR: 0, SPL: 0, Object category: picture, goal type: sequence===

Elapsed 14:04:04 [baseline] task_level=instance scene=00800-TEEsavR23oF episode=12 task=0 sec=3097.423
Elapsed 14:04:04 [BASELINE_LIVE_METRICS] rows=61 avg_sr=0.557377 avg_spl=0.387116 follower_error_count=3 levels=[object:n=10,sr=0.800000,spl=0.646513; room:n=16,sr=0.750000,spl=0.432543; region:n=22,sr=0.545455,spl=0.419489; instance:n=13,sr=0.153846,spl=0.076882] latest_scene=00800-TEEsavR23oF latest_episode=12 latest_task=0 latest_level=instance by_level={"instance": {"avg_spl": 0.07688245753961301, "avg_sr": 0.15384615384615385, "count": 13}, "object": {"avg_spl": 0.6465129049613554, "avg_sr": 0.8, "count": 10}, "region": {"avg_spl": 0.41948923061745885, "avg_sr": 0.5454545454545454, "count": 22}, "room": {"avg_spl": 0.4325427846889305, "avg_sr": 0.75, "count": 16}}
Elapsed 14:04:04 

Begin to process [00800-TEEsavR23oF_sequence_12_1] type: [region], Question: [tv in the bedroom that has bed with plain white sheets and light teal pillows, tall wooden headboard, Mickey Mouse plush on dark wood nightstand, matching wardrobe and beige armchair, TV on wood cabinet]

Elapsed 14:04:04 Current start position is [    -4.8111      3.1134    -0.60252]
Elapsed 14:06:48 ===Episode_id 12 task_id 1 task_level=region===
SR: False, SPL: 0.0, Object category: tv, goal type: sequence===

Elapsed 14:06:48 [baseline] task_level=region scene=00800-TEEsavR23oF episode=12 task=1 sec=163.439
Elapsed 14:06:48 [BASELINE_LIVE_METRICS] rows=62 avg_sr=0.548387 avg_spl=0.380872 follower_error_count=3 levels=[object:n=10,sr=0.800000,spl=0.646513; room:n=16,sr=0.750000,spl=0.432543; region:n=23,sr=0.521739,spl=0.401251; instance:n=13,sr=0.153846,spl=0.076882] latest_scene=00800-TEEsavR23oF latest_episode=12 latest_task=1 latest_level=region by_level={"instance": {"avg_spl": 0.07688245753961301, "avg_sr": 0.15384615384615385, "count": 13}, "object": {"avg_spl": 0.6465129049613554, "avg_sr": 0.8, "count": 10}, "region": {"avg_spl": 0.40125056841669976, "avg_sr": 0.5217391304347826, "count": 23}, "room": {"avg_spl": 0.4325427846889305, "avg_sr": 0.75, "count": 16}}
Elapsed 14:06:48 

Begin to process [00800-TEEsavR23oF_sequence_12_2] type: [region], Question: [table in the office that has computer desk with printer and black PC tower, black office chair below colorful painting, rack with books and wicker basket, brown leather couch with diamond-patterned blanket by railing]

Elapsed 14:06:48 Current start position is [    -1.1191      3.1134     -7.6008]
Elapsed 14:08:31 ===Episode_id 12 task_id 2 task_level=region===
SR: True, SPL: 0.5643323554337633, Object category: table, goal type: sequence===

Elapsed 14:08:31 [baseline] task_level=region scene=00800-TEEsavR23oF episode=12 task=2 sec=103.864
Elapsed 14:08:31 [BASELINE_LIVE_METRICS] rows=63 avg_sr=0.555556 avg_spl=0.383784 follower_error_count=3 levels=[object:n=10,sr=0.800000,spl=0.646513; room:n=16,sr=0.750000,spl=0.432543; region:n=24,sr=0.541667,spl=0.408046; instance:n=13,sr=0.153846,spl=0.076882] latest_scene=00800-TEEsavR23oF latest_episode=12 latest_task=2 latest_level=region by_level={"instance": {"avg_spl": 0.07688245753961301, "avg_sr": 0.15384615384615385, "count": 13}, "object": {"avg_spl": 0.6465129049613554, "avg_sr": 0.8, "count": 10}, "region": {"avg_spl": 0.408045642875744, "avg_sr": 0.5416666666666666, "count": 24}, "room": {"avg_spl": 0.4325427846889305, "avg_sr": 0.75, "count": 16}}
Elapsed 14:08:31 

Begin to process [00800-TEEsavR23oF_sequence_12_3] type: [object], Question: [bed]

Elapsed 14:08:31 Current start position is [     -3.802      3.1134    0.042159]
Elapsed 14:10:41 ===Episode_id 12 task_id 3 task_level=object===
SR: True, SPL: 0.8281892158126445, Object category: bed, goal type: sequence===

Elapsed 14:10:41 [baseline] task_level=object scene=00800-TEEsavR23oF episode=12 task=3 sec=129.651
Elapsed 14:10:41 [BASELINE_LIVE_METRICS] rows=64 avg_sr=0.562500 avg_spl=0.390728 follower_error_count=3 levels=[object:n=11,sr=0.818182,spl=0.663029; room:n=16,sr=0.750000,spl=0.432543; region:n=24,sr=0.541667,spl=0.408046; instance:n=13,sr=0.153846,spl=0.076882] latest_scene=00800-TEEsavR23oF latest_episode=12 latest_task=3 latest_level=object by_level={"instance": {"avg_spl": 0.07688245753961301, "avg_sr": 0.15384615384615385, "count": 13}, "object": {"avg_spl": 0.6630289332205636, "avg_sr": 0.8181818181818182, "count": 11}, "region": {"avg_spl": 0.408045642875744, "avg_sr": 0.5416666666666666, "count": 24}, "room": {"avg_spl": 0.4325427846889305, "avg_sr": 0.75, "count": 16}}
Elapsed 14:10:41 

Begin to process [00800-TEEsavR23oF_sequence_12_4] type: [region], Question: [printer in the office that has computer desk with printer and black PC tower, black office chair below colorful painting, rack with books and wicker basket, brown leather couch with diamond-patterned blanket by railing]

Elapsed 14:10:41 Current start position is [    -1.0633      3.1215     -7.4936]
Elapsed 14:12:36 ===Episode_id 12 task_id 4 task_level=region===
SR: False, SPL: 0.0, Object category: printer, goal type: sequence===

Elapsed 14:12:36 [baseline] task_level=region scene=00800-TEEsavR23oF episode=12 task=4 sec=115.028
Elapsed 14:12:36 [BASELINE_LIVE_METRICS] rows=65 avg_sr=0.553846 avg_spl=0.384716 follower_error_count=3 levels=[object:n=11,sr=0.818182,spl=0.663029; room:n=16,sr=0.750000,spl=0.432543; region:n=25,sr=0.520000,spl=0.391724; instance:n=13,sr=0.153846,spl=0.076882] latest_scene=00800-TEEsavR23oF latest_episode=12 latest_task=4 latest_level=region by_level={"instance": {"avg_spl": 0.07688245753961301, "avg_sr": 0.15384615384615385, "count": 13}, "object": {"avg_spl": 0.6630289332205636, "avg_sr": 0.8181818181818182, "count": 11}, "region": {"avg_spl": 0.39172381716071425, "avg_sr": 0.52, "count": 25}, "room": {"avg_spl": 0.4325427846889305, "avg_sr": 0.75, "count": 16}}
Elapsed 14:12:36 [Metrics] sequence count: 65, invalid_count: 0, follower_error_count: 3, avg_sr: 0.553846, avg_spl: 0.384716

=== Episode ===: 13it [14:11:52, 3732.96s/it][AElapsed 14:12:47 

Begin to process [00800-TEEsavR23oF_sequence_13_0] type: [instance], Question: [black wall-mounted tv above fireplace in tie: living room & hall with dark leather couch under staircase]

Elapsed 14:12:47 Current start position is [    -1.3286     0.01338     -1.6738]
Elapsed 14:39:20 ===Episode_id 13 task_id 0 task_level=instance===
SR: False, SPL: 0.0, Object category: tv, goal type: sequence===

Elapsed 14:39:20 [baseline] task_level=instance scene=00800-TEEsavR23oF episode=13 task=0 sec=1592.661
Elapsed 14:39:20 [BASELINE_LIVE_METRICS] rows=66 avg_sr=0.545455 avg_spl=0.378887 follower_error_count=3 levels=[object:n=11,sr=0.818182,spl=0.663029; room:n=16,sr=0.750000,spl=0.432543; region:n=25,sr=0.520000,spl=0.391724; instance:n=14,sr=0.142857,spl=0.071391] latest_scene=00800-TEEsavR23oF latest_episode=13 latest_task=0 latest_level=instance by_level={"instance": {"avg_spl": 0.07139085342964066, "avg_sr": 0.14285714285714285, "count": 14}, "object": {"avg_spl": 0.6630289332205636, "avg_sr": 0.8181818181818182, "count": 11}, "region": {"avg_spl": 0.39172381716071425, "avg_sr": 0.52, "count": 25}, "room": {"avg_spl": 0.4325427846889305, "avg_sr": 0.75, "count": 16}}
Elapsed 14:39:20 

Begin to process [00800-TEEsavR23oF_sequence_13_1] type: [region], Question: [doormat in the hall that has brown-framed sailboats painting on wall, colorful floral door entry mat]

Elapsed 14:39:20 Current start position is [     1.4909    0.013378     -5.4826]
Elapsed 14:41:59 ===Episode_id 13 task_id 1 task_level=region===
SR: True, SPL: 0.8494079632371486, Object category: doormat, goal type: sequence===

Elapsed 14:41:59 [baseline] task_level=region scene=00800-TEEsavR23oF episode=13 task=1 sec=159.184
Elapsed 14:41:59 [BASELINE_LIVE_METRICS] rows=67 avg_sr=0.552239 avg_spl=0.385910 follower_error_count=3 levels=[object:n=11,sr=0.818182,spl=0.663029; room:n=16,sr=0.750000,spl=0.432543; region:n=26,sr=0.538462,spl=0.409327; instance:n=14,sr=0.142857,spl=0.071391] latest_scene=00800-TEEsavR23oF latest_episode=13 latest_task=1 latest_level=region by_level={"instance": {"avg_spl": 0.07139085342964066, "avg_sr": 0.14285714285714285, "count": 14}, "object": {"avg_spl": 0.6630289332205636, "avg_sr": 0.8181818181818182, "count": 11}, "region": {"avg_spl": 0.4093270535482694, "avg_sr": 0.5384615384615384, "count": 26}, "room": {"avg_spl": 0.4325427846889305, "avg_sr": 0.75, "count": 16}}
Elapsed 14:41:59 

Begin to process [00800-TEEsavR23oF_sequence_13_2] type: [room], Question: [laundry basket in the bedroom]

Elapsed 14:41:59 Current start position is [    -1.0158    0.013378    -0.46354]
Elapsed 14:43:43 ===Episode_id 13 task_id 2 task_level=room===
SR: False, SPL: 0.0, Object category: laundry basket, goal type: sequence===

Elapsed 14:43:43 [baseline] task_level=room scene=00800-TEEsavR23oF episode=13 task=2 sec=104.398
Elapsed 14:43:43 [BASELINE_LIVE_METRICS] rows=68 avg_sr=0.544118 avg_spl=0.380235 follower_error_count=3 levels=[object:n=11,sr=0.818182,spl=0.663029; room:n=17,sr=0.705882,spl=0.407099; region:n=26,sr=0.538462,spl=0.409327; instance:n=14,sr=0.142857,spl=0.071391] latest_scene=00800-TEEsavR23oF latest_episode=13 latest_task=2 latest_level=room by_level={"instance": {"avg_spl": 0.07139085342964066, "avg_sr": 0.14285714285714285, "count": 14}, "object": {"avg_spl": 0.6630289332205636, "avg_sr": 0.8181818181818182, "count": 11}, "region": {"avg_spl": 0.4093270535482694, "avg_sr": 0.5384615384615384, "count": 26}, "room": {"avg_spl": 0.40709909147193457, "avg_sr": 0.7058823529411765, "count": 17}}
Elapsed 14:43:43 

Begin to process [00800-TEEsavR23oF_sequence_13_3] type: [region], Question: [bath sink in the bathroom that has pedestal sink beneath oval mirror and hand towel, toilet below colorful tropical harbor picture, wire rack with bottle of cleaner, wooden flooring]

Elapsed 14:43:43 Current start position is [    -4.0284    0.013378    -0.16665]
Elapsed 14:57:57 ===Episode_id 13 task_id 3 task_level=region===
SR: False, SPL: 0.0, Object category: bath sink, goal type: sequence===

Elapsed 14:57:57 [baseline] task_level=region scene=00800-TEEsavR23oF episode=13 task=3 sec=854.156
Elapsed 14:57:57 [BASELINE_LIVE_METRICS] rows=69 avg_sr=0.536232 avg_spl=0.374724 follower_error_count=3 levels=[object:n=11,sr=0.818182,spl=0.663029; room:n=17,sr=0.705882,spl=0.407099; region:n=27,sr=0.518519,spl=0.394167; instance:n=14,sr=0.142857,spl=0.071391] latest_scene=00800-TEEsavR23oF latest_episode=13 latest_task=3 latest_level=region by_level={"instance": {"avg_spl": 0.07139085342964066, "avg_sr": 0.14285714285714285, "count": 14}, "object": {"avg_spl": 0.6630289332205636, "avg_sr": 0.8181818181818182, "count": 11}, "region": {"avg_spl": 0.3941667923057409, "avg_sr": 0.5185185185185185, "count": 27}, "room": {"avg_spl": 0.40709909147193457, "avg_sr": 0.7058823529411765, "count": 17}}
Elapsed 14:57:57 

Begin to process [00800-TEEsavR23oF_sequence_13_4] type: [object], Question: [sideboard]

Elapsed 14:57:57 Current start position is [    -2.0803    0.013378     -7.3468]
Elapsed 15:01:48 ===Episode_id 13 task_id 4 task_level=object===
SR: False, SPL: 0.0, Object category: sideboard, goal type: sequence===

Elapsed 15:01:48 [baseline] task_level=object scene=00800-TEEsavR23oF episode=13 task=4 sec=230.313
Elapsed 15:01:48 [BASELINE_LIVE_METRICS] rows=70 avg_sr=0.528571 avg_spl=0.369371 follower_error_count=3 levels=[object:n=12,sr=0.750000,spl=0.607777; room:n=17,sr=0.705882,spl=0.407099; region:n=27,sr=0.518519,spl=0.394167; instance:n=14,sr=0.142857,spl=0.071391] latest_scene=00800-TEEsavR23oF latest_episode=13 latest_task=4 latest_level=object by_level={"instance": {"avg_spl": 0.07139085342964066, "avg_sr": 0.14285714285714285, "count": 14}, "object": {"avg_spl": 0.6077765221188499, "avg_sr": 0.75, "count": 12}, "region": {"avg_spl": 0.3941667923057409, "avg_sr": 0.5185185185185185, "count": 27}, "room": {"avg_spl": 0.40709909147193457, "avg_sr": 0.7058823529411765, "count": 17}}
Elapsed 15:01:48 [Metrics] sequence count: 70, invalid_count: 0, follower_error_count: 3, avg_sr: 0.528571, avg_spl: 0.369371

=== Episode ===: 14it [15:01:04, 3496.92s/it][AElapsed 15:01:53 

Begin to process [00800-TEEsavR23oF_sequence_14_0] type: [instance], Question: [white mantel fireplace below TV in living room with dark couch near staircase]

Elapsed 15:01:53 Current start position is [    -1.2395     0.01338    -0.12146]
Elapsed 16:20:40 ===Episode_id 14 task_id 0 task_level=instance===
SR: False, SPL: 0.0, Object category: fireplace, goal type: sequence===

Elapsed 16:20:40 [baseline] task_level=instance scene=00800-TEEsavR23oF episode=14 task=0 sec=4726.562
Elapsed 16:20:40 [BASELINE_LIVE_METRICS] rows=71 avg_sr=0.521127 avg_spl=0.364169 follower_error_count=3 levels=[object:n=12,sr=0.750000,spl=0.607777; room:n=17,sr=0.705882,spl=0.407099; region:n=27,sr=0.518519,spl=0.394167; instance:n=15,sr=0.133333,spl=0.066631] latest_scene=00800-TEEsavR23oF latest_episode=14 latest_task=0 latest_level=instance by_level={"instance": {"avg_spl": 0.06663146320099794, "avg_sr": 0.13333333333333333, "count": 15}, "object": {"avg_spl": 0.6077765221188499, "avg_sr": 0.75, "count": 12}, "region": {"avg_spl": 0.3941667923057409, "avg_sr": 0.5185185185185185, "count": 27}, "room": {"avg_spl": 0.40709909147193457, "avg_sr": 0.7058823529411765, "count": 17}}
Elapsed 16:20:40 

Begin to process [00800-TEEsavR23oF_sequence_14_1] type: [object], Question: [cabinet]

Elapsed 16:20:40 Current start position is [     1.6124    0.013378      -5.513]
Elapsed 16:25:12 ===Episode_id 14 task_id 1 task_level=object===
SR: True, SPL: 0.02075051196651672, Object category: cabinet, goal type: sequence===

Elapsed 16:25:12 [baseline] task_level=object scene=00800-TEEsavR23oF episode=14 task=1 sec=271.680
Elapsed 16:25:12 [BASELINE_LIVE_METRICS] rows=72 avg_sr=0.527778 avg_spl=0.359399 follower_error_count=3 levels=[object:n=13,sr=0.769231,spl=0.562621; room:n=17,sr=0.705882,spl=0.407099; region:n=27,sr=0.518519,spl=0.394167; instance:n=15,sr=0.133333,spl=0.066631] latest_scene=00800-TEEsavR23oF latest_episode=14 latest_task=1 latest_level=object by_level={"instance": {"avg_spl": 0.06663146320099794, "avg_sr": 0.13333333333333333, "count": 15}, "object": {"avg_spl": 0.562620675184055, "avg_sr": 0.7692307692307693, "count": 13}, "region": {"avg_spl": 0.3941667923057409, "avg_sr": 0.5185185185185185, "count": 27}, "room": {"avg_spl": 0.40709909147193457, "avg_sr": 0.7058823529411765, "count": 17}}
Elapsed 16:25:12 

Begin to process [00800-TEEsavR23oF_sequence_14_2] type: [room], Question: [armchair in the hall]

Elapsed 16:25:12 Current start position is [   -0.71957    0.013378     -3.9222]
Elapsed 16:30:48 ===Episode_id 14 task_id 2 task_level=room===
SR: True, SPL: 0.847365255963072, Object category: armchair, goal type: sequence===

Elapsed 16:30:48 [baseline] task_level=room scene=00800-TEEsavR23oF episode=14 task=2 sec=335.951
Elapsed 16:30:48 [BASELINE_LIVE_METRICS] rows=73 avg_sr=0.534247 avg_spl=0.366083 follower_error_count=3 levels=[object:n=13,sr=0.769231,spl=0.562621; room:n=18,sr=0.722222,spl=0.431558; region:n=27,sr=0.518519,spl=0.394167; instance:n=15,sr=0.133333,spl=0.066631] latest_scene=00800-TEEsavR23oF latest_episode=14 latest_task=2 latest_level=room by_level={"instance": {"avg_spl": 0.06663146320099794, "avg_sr": 0.13333333333333333, "count": 15}, "object": {"avg_spl": 0.562620675184055, "avg_sr": 0.7692307692307693, "count": 13}, "region": {"avg_spl": 0.3941667923057409, "avg_sr": 0.5185185185185185, "count": 27}, "room": {"avg_spl": 0.4315583228325533, "avg_sr": 0.7222222222222222, "count": 18}}
Elapsed 16:30:48 

Begin to process [00800-TEEsavR23oF_sequence_14_3] type: [room], Question: [bath towel in the bathroom]

Elapsed 16:30:48 Current start position is [     -7.386     0.02043    -0.58473]
Elapsed 16:47:09 ===Episode_id 14 task_id 3 task_level=room===
SR: False, SPL: 0.0, Object category: bath towel, goal type: sequence===

Elapsed 16:47:09 [baseline] task_level=room scene=00800-TEEsavR23oF episode=14 task=3 sec=981.412
Elapsed 16:47:09 [BASELINE_LIVE_METRICS] rows=74 avg_sr=0.527027 avg_spl=0.361136 follower_error_count=3 levels=[object:n=13,sr=0.769231,spl=0.562621; room:n=19,sr=0.684211,spl=0.408845; region:n=27,sr=0.518519,spl=0.394167; instance:n=15,sr=0.133333,spl=0.066631] latest_scene=00800-TEEsavR23oF latest_episode=14 latest_task=3 latest_level=room by_level={"instance": {"avg_spl": 0.06663146320099794, "avg_sr": 0.13333333333333333, "count": 15}, "object": {"avg_spl": 0.562620675184055, "avg_sr": 0.7692307692307693, "count": 13}, "region": {"avg_spl": 0.3941667923057409, "avg_sr": 0.5185185185185185, "count": 27}, "room": {"avg_spl": 0.40884472689399787, "avg_sr": 0.6842105263157895, "count": 19}}
Elapsed 16:47:09 

Begin to process [00800-TEEsavR23oF_sequence_14_4] type: [region], Question: [floor mat in the tie: hall & living room that has dark leather couch between lamps under staircase, white-mantled fireplace with wall-mounted TV above between windows, leather armchair]

Elapsed 16:47:09 Current start position is [    -1.4233    0.013378      -7.188]
Elapsed 16:53:50 ===Episode_id 14 task_id 4 task_level=region===
SR: False, SPL: 0.0, Object category: floor mat, goal type: sequence===

Elapsed 16:53:50 [baseline] task_level=region scene=00800-TEEsavR23oF episode=14 task=4 sec=401.307
Elapsed 16:53:50 [BASELINE_LIVE_METRICS] rows=75 avg_sr=0.520000 avg_spl=0.356321 follower_error_count=3 levels=[object:n=13,sr=0.769231,spl=0.562621; room:n=19,sr=0.684211,spl=0.408845; region:n=28,sr=0.500000,spl=0.380089; instance:n=15,sr=0.133333,spl=0.066631] latest_scene=00800-TEEsavR23oF latest_episode=14 latest_task=4 latest_level=region by_level={"instance": {"avg_spl": 0.06663146320099794, "avg_sr": 0.13333333333333333, "count": 15}, "object": {"avg_spl": 0.562620675184055, "avg_sr": 0.7692307692307693, "count": 13}, "region": {"avg_spl": 0.3800894068662502, "avg_sr": 0.5, "count": 28}, "room": {"avg_spl": 0.40884472689399787, "avg_sr": 0.6842105263157895, "count": 19}}
Elapsed 16:53:50 [Metrics] sequence count: 75, invalid_count: 0, follower_error_count: 3, avg_sr: 0.520000, avg_spl: 0.356321

=== Episode ===: 15it [16:53:07, 4469.27s/it][AElapsed 16:53:56 

Begin to process [00800-TEEsavR23oF_sequence_15_0] type: [instance], Question: [dark two-seater leather couch beside fireplace with white mantel below TV]

Elapsed 16:53:56 Current start position is [    -4.4257     0.01338     -7.4543]
Elapsed 18:25:38 ===Episode_id 15 task_id 0 task_level=instance===
SR: False, SPL: 0.0, Object category: armchair, goal type: sequence===

Elapsed 18:25:38 [baseline] task_level=instance scene=00800-TEEsavR23oF episode=15 task=0 sec=5501.261
Elapsed 18:25:38 [BASELINE_LIVE_METRICS] rows=76 avg_sr=0.513158 avg_spl=0.351633 follower_error_count=3 levels=[object:n=13,sr=0.769231,spl=0.562621; room:n=19,sr=0.684211,spl=0.408845; region:n=28,sr=0.500000,spl=0.380089; instance:n=16,sr=0.125000,spl=0.062467] latest_scene=00800-TEEsavR23oF latest_episode=15 latest_task=0 latest_level=instance by_level={"instance": {"avg_spl": 0.062466996750935574, "avg_sr": 0.125, "count": 16}, "object": {"avg_spl": 0.562620675184055, "avg_sr": 0.7692307692307693, "count": 13}, "region": {"avg_spl": 0.3800894068662502, "avg_sr": 0.5, "count": 28}, "room": {"avg_spl": 0.40884472689399787, "avg_sr": 0.6842105263157895, "count": 19}}
Elapsed 18:25:38 

Begin to process [00800-TEEsavR23oF_sequence_15_1] type: [region], Question: [pedestal sink in the bathroom that has pedestal sink beneath oval mirror and hand towel, toilet below colorful tropical harbor picture, wire rack with bottle of cleaner, wooden flooring]

Elapsed 18:25:38 Current start position is [      1.547    0.013378     -5.4853]
Elapsed 18:34:28 ===Episode_id 15 task_id 1 task_level=region===
SR: False, SPL: 0.0, Object category: pedestal sink, goal type: sequence===

Elapsed 18:34:28 [baseline] task_level=region scene=00800-TEEsavR23oF episode=15 task=1 sec=530.157
Elapsed 18:34:28 [BASELINE_LIVE_METRICS] rows=77 avg_sr=0.506494 avg_spl=0.347066 follower_error_count=3 levels=[object:n=13,sr=0.769231,spl=0.562621; room:n=19,sr=0.684211,spl=0.408845; region:n=29,sr=0.482759,spl=0.366983; instance:n=16,sr=0.125000,spl=0.062467] latest_scene=00800-TEEsavR23oF latest_episode=15 latest_task=1 latest_level=region by_level={"instance": {"avg_spl": 0.062466996750935574, "avg_sr": 0.125, "count": 16}, "object": {"avg_spl": 0.562620675184055, "avg_sr": 0.7692307692307693, "count": 13}, "region": {"avg_spl": 0.36698287559500015, "avg_sr": 0.4827586206896552, "count": 29}, "room": {"avg_spl": 0.40884472689399787, "avg_sr": 0.6842105263157895, "count": 19}}
Elapsed 18:34:28 

Begin to process [00800-TEEsavR23oF_sequence_15_2] type: [room], Question: [tv in the hall]

Elapsed 18:34:28 Current start position is [    -1.4075    0.013378     -6.6548]
Elapsed 18:42:39 ===Episode_id 15 task_id 2 task_level=room===
SR: False, SPL: 0.0, Object category: tv, goal type: sequence===

Elapsed 18:42:39 [baseline] task_level=room scene=00800-TEEsavR23oF episode=15 task=2 sec=491.448
Elapsed 18:42:39 [BASELINE_LIVE_METRICS] rows=78 avg_sr=0.500000 avg_spl=0.342617 follower_error_count=3 levels=[object:n=13,sr=0.769231,spl=0.562621; room:n=20,sr=0.650000,spl=0.388402; region:n=29,sr=0.482759,spl=0.366983; instance:n=16,sr=0.125000,spl=0.062467] latest_scene=00800-TEEsavR23oF latest_episode=15 latest_task=2 latest_level=room by_level={"instance": {"avg_spl": 0.062466996750935574, "avg_sr": 0.125, "count": 16}, "object": {"avg_spl": 0.562620675184055, "avg_sr": 0.7692307692307693, "count": 13}, "region": {"avg_spl": 0.36698287559500015, "avg_sr": 0.4827586206896552, "count": 29}, "room": {"avg_spl": 0.388402490549298, "avg_sr": 0.65, "count": 20}}
Elapsed 18:42:39 

Begin to process [00800-TEEsavR23oF_sequence_15_3] type: [region], Question: [cabinet in the kitchen that has wood kitchen cabinets with granite countertop, stove above stainless oven with towel, silver dishwasher, microwave, coffee machine, stainless steel refrigerator, wall clock, wall-mounted US flag]

Elapsed 18:42:39 Current start position is [      1.547    0.013378     -5.4853]
Elapsed 18:51:00 ===Episode_id 15 task_id 3 task_level=region===
SR: True, SPL: 0.5936120190576748, Object category: cabinet, goal type: sequence===

Elapsed 18:51:00 [baseline] task_level=region scene=00800-TEEsavR23oF episode=15 task=3 sec=500.651
Elapsed 18:51:00 [BASELINE_LIVE_METRICS] rows=79 avg_sr=0.506329 avg_spl=0.345794 follower_error_count=3 levels=[object:n=13,sr=0.769231,spl=0.562621; room:n=20,sr=0.650000,spl=0.388402; region:n=30,sr=0.500000,spl=0.374537; instance:n=16,sr=0.125000,spl=0.062467] latest_scene=00800-TEEsavR23oF latest_episode=15 latest_task=3 latest_level=region by_level={"instance": {"avg_spl": 0.062466996750935574, "avg_sr": 0.125, "count": 16}, "object": {"avg_spl": 0.562620675184055, "avg_sr": 0.7692307692307693, "count": 13}, "region": {"avg_spl": 0.37453718037708933, "avg_sr": 0.5, "count": 30}, "room": {"avg_spl": 0.388402490549298, "avg_sr": 0.65, "count": 20}}
Elapsed 18:51:00 

Begin to process [00800-TEEsavR23oF_sequence_15_4] type: [region], Question: [bathroom cabinet in the bathroom that has dark wood double-sink bath vanity below rectangle mirror, built-in bathtub, grey bath mat, gray towel by white towel, connects to bedroom with striped bedding]

Elapsed 18:51:00 Current start position is [    -6.0774    0.013378    -0.25248]
Elapsed 19:01:27 ===Episode_id 15 task_id 4 task_level=region===
SR: True, SPL: 0.6478946387949557, Object category: bathroom cabinet, goal type: sequence===

Elapsed 19:01:27 [baseline] task_level=region scene=00800-TEEsavR23oF episode=15 task=4 sec=626.763
Elapsed 19:01:27 [BASELINE_LIVE_METRICS] rows=80 avg_sr=0.512500 avg_spl=0.349570 follower_error_count=3 levels=[object:n=13,sr=0.769231,spl=0.562621; room:n=20,sr=0.650000,spl=0.388402; region:n=31,sr=0.516129,spl=0.383355; instance:n=16,sr=0.125000,spl=0.062467] latest_scene=00800-TEEsavR23oF latest_episode=15 latest_task=4 latest_level=region by_level={"instance": {"avg_spl": 0.062466996750935574, "avg_sr": 0.125, "count": 16}, "object": {"avg_spl": 0.562620675184055, "avg_sr": 0.7692307692307693, "count": 13}, "region": {"avg_spl": 0.3833551629066979, "avg_sr": 0.5161290322580645, "count": 31}, "room": {"avg_spl": 0.388402490549298, "avg_sr": 0.65, "count": 20}}
Elapsed 19:01:27 [Metrics] sequence count: 80, invalid_count: 0, follower_error_count: 3, avg_sr: 0.512500, avg_spl: 0.349570

=== Episode ===: 16it [19:00:43, 5428.60s/it][AElapsed 19:01:33 

Begin to process [00800-TEEsavR23oF_sequence_16_0] type: [instance], Question: [small wooden side table with remote between white fireplace and armchair in living room]

Elapsed 19:01:33 Current start position is [   -0.28228     0.01338     0.31235]
Elapsed 19:44:16 ===Episode_id 16 task_id 0 task_level=instance===
SR: True, SPL: 0.6264484775444767, Object category: table, goal type: sequence===

Elapsed 19:44:16 [baseline] task_level=instance scene=00800-TEEsavR23oF episode=16 task=0 sec=2563.347
Elapsed 19:44:16 [BASELINE_LIVE_METRICS] rows=81 avg_sr=0.518519 avg_spl=0.352988 follower_error_count=3 levels=[object:n=13,sr=0.769231,spl=0.562621; room:n=20,sr=0.650000,spl=0.388402; region:n=31,sr=0.516129,spl=0.383355; instance:n=17,sr=0.176471,spl=0.095642] latest_scene=00800-TEEsavR23oF latest_episode=16 latest_task=0 latest_level=instance by_level={"instance": {"avg_spl": 0.09564237797408505, "avg_sr": 0.17647058823529413, "count": 17}, "object": {"avg_spl": 0.562620675184055, "avg_sr": 0.7692307692307693, "count": 13}, "region": {"avg_spl": 0.3833551629066979, "avg_sr": 0.5161290322580645, "count": 31}, "room": {"avg_spl": 0.388402490549298, "avg_sr": 0.65, "count": 20}}
Elapsed 19:44:16 

Begin to process [00800-TEEsavR23oF_sequence_16_1] type: [region], Question: [doormat in the hall that has brown-framed sailboats painting on wall, colorful floral door entry mat]

Elapsed 19:44:16 Current start position is [     -9.148    0.013378     0.37712]
Elapsed 19:46:55 ===Episode_id 16 task_id 1 task_level=region===
SR: True, SPL: 0.8427388509177035, Object category: doormat, goal type: sequence===

Elapsed 19:46:55 [baseline] task_level=region scene=00800-TEEsavR23oF episode=16 task=1 sec=158.789
Elapsed 19:46:55 [BASELINE_LIVE_METRICS] rows=82 avg_sr=0.524390 avg_spl=0.358961 follower_error_count=3 levels=[object:n=13,sr=0.769231,spl=0.562621; room:n=20,sr=0.650000,spl=0.388402; region:n=32,sr=0.531250,spl=0.397711; instance:n=17,sr=0.176471,spl=0.095642] latest_scene=00800-TEEsavR23oF latest_episode=16 latest_task=1 latest_level=region by_level={"instance": {"avg_spl": 0.09564237797408505, "avg_sr": 0.17647058823529413, "count": 17}, "object": {"avg_spl": 0.562620675184055, "avg_sr": 0.7692307692307693, "count": 13}, "region": {"avg_spl": 0.39771090315704183, "avg_sr": 0.53125, "count": 32}, "room": {"avg_spl": 0.388402490549298, "avg_sr": 0.65, "count": 20}}
Elapsed 19:46:55 

Begin to process [00800-TEEsavR23oF_sequence_16_2] type: [room], Question: [armchair in the living room]

Elapsed 19:46:55 Current start position is [   -0.20939    0.013378      -0.228]
Elapsed 20:13:21 ===Episode_id 16 task_id 2 task_level=room===
SR: False, SPL: 0.0, Object category: armchair, goal type: sequence===

Elapsed 20:13:21 [baseline] task_level=room scene=00800-TEEsavR23oF episode=16 task=2 sec=1586.292
Elapsed 20:13:21 [BASELINE_LIVE_METRICS] rows=83 avg_sr=0.518072 avg_spl=0.354636 follower_error_count=3 levels=[object:n=13,sr=0.769231,spl=0.562621; room:n=21,sr=0.619048,spl=0.369907; region:n=32,sr=0.531250,spl=0.397711; instance:n=17,sr=0.176471,spl=0.095642] latest_scene=00800-TEEsavR23oF latest_episode=16 latest_task=2 latest_level=room by_level={"instance": {"avg_spl": 0.09564237797408505, "avg_sr": 0.17647058823529413, "count": 17}, "object": {"avg_spl": 0.562620675184055, "avg_sr": 0.7692307692307693, "count": 13}, "region": {"avg_spl": 0.39771090315704183, "avg_sr": 0.53125, "count": 32}, "room": {"avg_spl": 0.3699071338564743, "avg_sr": 0.6190476190476191, "count": 21}}
Elapsed 20:13:21 

Begin to process [00800-TEEsavR23oF_sequence_16_3] type: [region], Question: [sideboard in the dining room that has rectangular wooden dining table with carved chairs, potted plant on side cabinet, large canal scene painting above]

Elapsed 20:13:21 Current start position is [    -4.8207    0.037858     -7.5199]
Elapsed 20:20:29 ===Episode_id 16 task_id 3 task_level=region===
SR: False, SPL: 0.0, Object category: sideboard, goal type: sequence===

Elapsed 20:20:29 [baseline] task_level=region scene=00800-TEEsavR23oF episode=16 task=3 sec=427.517
Elapsed 20:20:29 [BASELINE_LIVE_METRICS] rows=84 avg_sr=0.511905 avg_spl=0.350414 follower_error_count=3 levels=[object:n=13,sr=0.769231,spl=0.562621; room:n=21,sr=0.619048,spl=0.369907; region:n=33,sr=0.515152,spl=0.385659; instance:n=17,sr=0.176471,spl=0.095642] latest_scene=00800-TEEsavR23oF latest_episode=16 latest_task=3 latest_level=region by_level={"instance": {"avg_spl": 0.09564237797408505, "avg_sr": 0.17647058823529413, "count": 17}, "object": {"avg_spl": 0.562620675184055, "avg_sr": 0.7692307692307693, "count": 13}, "region": {"avg_spl": 0.38565905760682845, "avg_sr": 0.5151515151515151, "count": 33}, "room": {"avg_spl": 0.3699071338564743, "avg_sr": 0.6190476190476191, "count": 21}}
Elapsed 20:20:29 

Begin to process [00800-TEEsavR23oF_sequence_16_4] type: [region], Question: [case in the walk-in closet that has ironing board and tightly packed clothes hanging above storage boxes]

Elapsed 20:20:29 Current start position is [    -3.8942    0.013378     -1.8847]
Elapsed 20:25:04 ===Episode_id 16 task_id 4 task_level=region===
SR: True, SPL: 0.9325291685287714, Object category: case, goal type: sequence===

Elapsed 20:25:04 [baseline] task_level=region scene=00800-TEEsavR23oF episode=16 task=4 sec=275.113
Elapsed 20:25:04 [BASELINE_LIVE_METRICS] rows=85 avg_sr=0.517647 avg_spl=0.357263 follower_error_count=3 levels=[object:n=13,sr=0.769231,spl=0.562621; room:n=21,sr=0.619048,spl=0.369907; region:n=34,sr=0.529412,spl=0.401743; instance:n=17,sr=0.176471,spl=0.095642] latest_scene=00800-TEEsavR23oF latest_episode=16 latest_task=4 latest_level=region by_level={"instance": {"avg_spl": 0.09564237797408505, "avg_sr": 0.17647058823529413, "count": 17}, "object": {"avg_spl": 0.562620675184055, "avg_sr": 0.7692307692307693, "count": 13}, "region": {"avg_spl": 0.40174347263394444, "avg_sr": 0.5294117647058824, "count": 34}, "room": {"avg_spl": 0.3699071338564743, "avg_sr": 0.6190476190476191, "count": 21}}
Elapsed 20:25:04 [Metrics] sequence count: 85, invalid_count: 0, follower_error_count: 3, avg_sr: 0.517647, avg_spl: 0.357263

=== Episode ===: 17it [20:24:20, 5304.94s/it][AElapsed 20:25:10 

Begin to process [00800-TEEsavR23oF_sequence_17_0] type: [instance], Question: [dark floor mat beside fireplace in tie: living room & hall with dark leather couch near staircase]

Elapsed 20:25:10 Current start position is [    -4.8219     0.05259     -7.7573]
Elapsed 22:00:04 ===Episode_id 17 task_id 0 task_level=instance===
SR: False, SPL: 0.0, Object category: floor mat, goal type: sequence===

Elapsed 22:00:04 [baseline] task_level=instance scene=00800-TEEsavR23oF episode=17 task=0 sec=5694.532
Elapsed 22:00:04 [BASELINE_LIVE_METRICS] rows=86 avg_sr=0.511628 avg_spl=0.353108 follower_error_count=3 levels=[object:n=13,sr=0.769231,spl=0.562621; room:n=21,sr=0.619048,spl=0.369907; region:n=34,sr=0.529412,spl=0.401743; instance:n=18,sr=0.166667,spl=0.090329] latest_scene=00800-TEEsavR23oF latest_episode=17 latest_task=0 latest_level=instance by_level={"instance": {"avg_spl": 0.09032891253108033, "avg_sr": 0.16666666666666666, "count": 18}, "object": {"avg_spl": 0.562620675184055, "avg_sr": 0.7692307692307693, "count": 13}, "region": {"avg_spl": 0.40174347263394444, "avg_sr": 0.5294117647058824, "count": 34}, "room": {"avg_spl": 0.3699071338564743, "avg_sr": 0.6190476190476191, "count": 21}}
Elapsed 22:00:04 

Begin to process [00800-TEEsavR23oF_sequence_17_1] type: [room], Question: [kitchen cabinet in the kitchen]

Elapsed 22:00:04 Current start position is [   0.040392    0.027952    -0.23893]
Elapsed 22:04:41 ===Episode_id 17 task_id 1 task_level=room===
SR: True, SPL: 0.6943528116602665, Object category: kitchen cabinet, goal type: sequence===

Elapsed 22:04:41 [baseline] task_level=room scene=00800-TEEsavR23oF episode=17 task=1 sec=276.562
Elapsed 22:04:41 [BASELINE_LIVE_METRICS] rows=87 avg_sr=0.517241 avg_spl=0.357031 follower_error_count=3 levels=[object:n=13,sr=0.769231,spl=0.562621; room:n=22,sr=0.636364,spl=0.384655; region:n=34,sr=0.529412,spl=0.401743; instance:n=18,sr=0.166667,spl=0.090329] latest_scene=00800-TEEsavR23oF latest_episode=17 latest_task=1 latest_level=room by_level={"instance": {"avg_spl": 0.09032891253108033, "avg_sr": 0.16666666666666666, "count": 18}, "object": {"avg_spl": 0.562620675184055, "avg_sr": 0.7692307692307693, "count": 13}, "region": {"avg_spl": 0.40174347263394444, "avg_sr": 0.5294117647058824, "count": 34}, "room": {"avg_spl": 0.3846546646657376, "avg_sr": 0.6363636363636364, "count": 22}}
Elapsed 22:04:41 

Begin to process [00800-TEEsavR23oF_sequence_17_2] type: [region], Question: [fireplace in the tie: hall & living room that has dark leather couch between lamps under staircase, white-mantled fireplace with wall-mounted TV above between windows, leather armchair]

Elapsed 22:04:41 Current start position is [    -3.6209    0.013378    -0.78792]
Elapsed 22:10:54 ===Episode_id 17 task_id 2 task_level=region===
SR: True, SPL: 0.8171755851397307, Object category: fireplace, goal type: sequence===

Elapsed 22:10:54 [baseline] task_level=region scene=00800-TEEsavR23oF episode=17 task=2 sec=373.102
Elapsed 22:10:54 [BASELINE_LIVE_METRICS] rows=88 avg_sr=0.522727 avg_spl=0.362260 follower_error_count=3 levels=[object:n=13,sr=0.769231,spl=0.562621; room:n=22,sr=0.636364,spl=0.384655; region:n=35,sr=0.542857,spl=0.413613; instance:n=18,sr=0.166667,spl=0.090329] latest_scene=00800-TEEsavR23oF latest_episode=17 latest_task=2 latest_level=region by_level={"instance": {"avg_spl": 0.09032891253108033, "avg_sr": 0.16666666666666666, "count": 18}, "object": {"avg_spl": 0.562620675184055, "avg_sr": 0.7692307692307693, "count": 13}, "region": {"avg_spl": 0.4136129615626812, "avg_sr": 0.5428571428571428, "count": 35}, "room": {"avg_spl": 0.3846546646657376, "avg_sr": 0.6363636363636364, "count": 22}}
Elapsed 22:10:54 

Begin to process [00800-TEEsavR23oF_sequence_17_3] type: [region], Question: [doormat in the hall that has brown-framed sailboats painting on wall, colorful floral door entry mat]

Elapsed 22:10:54 Current start position is [    -9.4396    0.013378     0.36547]
Elapsed 22:14:02 ===Episode_id 17 task_id 3 task_level=region===
SR: True, SPL: 0.8369896962640526, Object category: doormat, goal type: sequence===

Elapsed 22:14:02 [baseline] task_level=region scene=00800-TEEsavR23oF episode=17 task=3 sec=188.587
Elapsed 22:14:02 [BASELINE_LIVE_METRICS] rows=89 avg_sr=0.528090 avg_spl=0.367594 follower_error_count=3 levels=[object:n=13,sr=0.769231,spl=0.562621; room:n=22,sr=0.636364,spl=0.384655; region:n=36,sr=0.555556,spl=0.425373; instance:n=18,sr=0.166667,spl=0.090329] latest_scene=00800-TEEsavR23oF latest_episode=17 latest_task=3 latest_level=region by_level={"instance": {"avg_spl": 0.09032891253108033, "avg_sr": 0.16666666666666666, "count": 18}, "object": {"avg_spl": 0.562620675184055, "avg_sr": 0.7692307692307693, "count": 13}, "region": {"avg_spl": 0.425373426415497, "avg_sr": 0.5555555555555556, "count": 36}, "room": {"avg_spl": 0.3846546646657376, "avg_sr": 0.6363636363636364, "count": 22}}
Elapsed 22:14:02 

Begin to process [00800-TEEsavR23oF_sequence_17_4] type: [region], Question: [wardrobe in the bedroom that has wood bed with gray-striped bedding, lamp on nightstand, TV atop dresser, laundry basket, dark cabinet below wall decoration between windows]

Elapsed 22:14:02 Current start position is [  0.0057502    0.024166    -0.24049]
Elapsed 22:15:53 ===Episode_id 17 task_id 4 task_level=region===
SR: False, SPL: 0.0, Object category: wardrobe, goal type: sequence===

Elapsed 22:15:53 [baseline] task_level=region scene=00800-TEEsavR23oF episode=17 task=4 sec=111.104
Elapsed 22:15:53 [BASELINE_LIVE_METRICS] rows=90 avg_sr=0.522222 avg_spl=0.363509 follower_error_count=3 levels=[object:n=13,sr=0.769231,spl=0.562621; room:n=22,sr=0.636364,spl=0.384655; region:n=37,sr=0.540541,spl=0.413877; instance:n=18,sr=0.166667,spl=0.090329] latest_scene=00800-TEEsavR23oF latest_episode=17 latest_task=4 latest_level=region by_level={"instance": {"avg_spl": 0.09032891253108033, "avg_sr": 0.16666666666666666, "count": 18}, "object": {"avg_spl": 0.562620675184055, "avg_sr": 0.7692307692307693, "count": 13}, "region": {"avg_spl": 0.4138768473231863, "avg_sr": 0.5405405405405406, "count": 37}, "room": {"avg_spl": 0.3846546646657376, "avg_sr": 0.6363636363636364, "count": 22}}
Elapsed 22:15:53 [Metrics] sequence count: 90, invalid_count: 0, follower_error_count: 3, avg_sr: 0.522222, avg_spl: 0.363509

=== Episode ===: 18it [22:15:10, 5708.91s/it][AElapsed 22:16:01 

Begin to process [00800-TEEsavR23oF_sequence_18_0] type: [instance], Question: [green leafy plant in flowerpot left of black three-seater couch under staircase]

Elapsed 22:16:01 Current start position is [    -4.5729      0.0326     -7.7306]
Elapsed 23:27:05 ===Episode_id 18 task_id 0 task_level=instance===
SR: False, SPL: 0.0, Object category: plant, goal type: sequence===

Elapsed 23:27:05 [baseline] task_level=instance scene=00800-TEEsavR23oF episode=18 task=0 sec=4263.262
Elapsed 23:27:05 [BASELINE_LIVE_METRICS] rows=91 avg_sr=0.516484 avg_spl=0.359515 follower_error_count=3 levels=[object:n=13,sr=0.769231,spl=0.562621; room:n=22,sr=0.636364,spl=0.384655; region:n=37,sr=0.540541,spl=0.413877; instance:n=19,sr=0.157895,spl=0.085575] latest_scene=00800-TEEsavR23oF latest_episode=18 latest_task=0 latest_level=instance by_level={"instance": {"avg_spl": 0.08557475923997084, "avg_sr": 0.15789473684210525, "count": 19}, "object": {"avg_spl": 0.562620675184055, "avg_sr": 0.7692307692307693, "count": 13}, "region": {"avg_spl": 0.4138768473231863, "avg_sr": 0.5405405405405406, "count": 37}, "room": {"avg_spl": 0.3846546646657376, "avg_sr": 0.6363636363636364, "count": 22}}
Elapsed 23:27:05 

Begin to process [00800-TEEsavR23oF_sequence_18_1] type: [room], Question: [kitchen sink in the kitchen]

Elapsed 23:27:05 Current start position is [    -7.3894    0.013378     -1.3961]
Elapsed 23:30:37 ===Episode_id 18 task_id 1 task_level=room===
SR: False, SPL: 0.0, Object category: kitchen sink, goal type: sequence===

Elapsed 23:30:37 [baseline] task_level=room scene=00800-TEEsavR23oF episode=18 task=1 sec=212.904
Elapsed 23:30:37 [BASELINE_LIVE_METRICS] rows=92 avg_sr=0.510870 avg_spl=0.355607 follower_error_count=3 levels=[object:n=13,sr=0.769231,spl=0.562621; room:n=23,sr=0.608696,spl=0.367931; region:n=37,sr=0.540541,spl=0.413877; instance:n=19,sr=0.157895,spl=0.085575] latest_scene=00800-TEEsavR23oF latest_episode=18 latest_task=1 latest_level=room by_level={"instance": {"avg_spl": 0.08557475923997084, "avg_sr": 0.15789473684210525, "count": 19}, "object": {"avg_spl": 0.562620675184055, "avg_sr": 0.7692307692307693, "count": 13}, "region": {"avg_spl": 0.4138768473231863, "avg_sr": 0.5405405405405406, "count": 37}, "room": {"avg_spl": 0.3679305488107055, "avg_sr": 0.6086956521739131, "count": 23}}
Elapsed 23:30:37 

Begin to process [00800-TEEsavR23oF_sequence_18_2] type: [object], Question: [sink]

Elapsed 23:30:37 Current start position is [    -2.0028    0.013378     -6.5972]
Elapsed 23:33:12 ===Episode_id 18 task_id 2 task_level=object===
SR: True, SPL: 1.0, Object category: sink, goal type: sequence===

Elapsed 23:33:12 [baseline] task_level=object scene=00800-TEEsavR23oF episode=18 task=2 sec=155.004
Elapsed 23:33:12 [BASELINE_LIVE_METRICS] rows=93 avg_sr=0.516129 avg_spl=0.362536 follower_error_count=3 levels=[object:n=14,sr=0.785714,spl=0.593862; room:n=23,sr=0.608696,spl=0.367931; region:n=37,sr=0.540541,spl=0.413877; instance:n=19,sr=0.157895,spl=0.085575] latest_scene=00800-TEEsavR23oF latest_episode=18 latest_task=2 latest_level=object by_level={"instance": {"avg_spl": 0.08557475923997084, "avg_sr": 0.15789473684210525, "count": 19}, "object": {"avg_spl": 0.5938620555280512, "avg_sr": 0.7857142857142857, "count": 14}, "region": {"avg_spl": 0.4138768473231863, "avg_sr": 0.5405405405405406, "count": 37}, "room": {"avg_spl": 0.3679305488107055, "avg_sr": 0.6086956521739131, "count": 23}}
Elapsed 23:33:12 

Begin to process [00800-TEEsavR23oF_sequence_18_3] type: [object], Question: [floor mat]

Elapsed 23:33:12 Current start position is [    -2.0028    0.013378     -6.5972]
Elapsed 23:35:26 ===Episode_id 18 task_id 3 task_level=object===
SR: False, SPL: 0.0, Object category: floor mat, goal type: sequence===

Elapsed 23:35:26 [baseline] task_level=object scene=00800-TEEsavR23oF episode=18 task=3 sec=133.653
Elapsed 23:35:26 [BASELINE_LIVE_METRICS] rows=94 avg_sr=0.510638 avg_spl=0.358679 follower_error_count=3 levels=[object:n=15,sr=0.733333,spl=0.554271; room:n=23,sr=0.608696,spl=0.367931; region:n=37,sr=0.540541,spl=0.413877; instance:n=19,sr=0.157895,spl=0.085575] latest_scene=00800-TEEsavR23oF latest_episode=18 latest_task=3 latest_level=object by_level={"instance": {"avg_spl": 0.08557475923997084, "avg_sr": 0.15789473684210525, "count": 19}, "object": {"avg_spl": 0.5542712518261811, "avg_sr": 0.7333333333333333, "count": 15}, "region": {"avg_spl": 0.4138768473231863, "avg_sr": 0.5405405405405406, "count": 37}, "room": {"avg_spl": 0.3679305488107055, "avg_sr": 0.6086956521739131, "count": 23}}
Elapsed 23:35:26 

Begin to process [00800-TEEsavR23oF_sequence_18_4] type: [room], Question: [case in the walk-in closet]

Elapsed 23:35:26 Current start position is [    -2.0028    0.013378     -6.5972]
Elapsed 23:37:32 ===Episode_id 18 task_id 4 task_level=room===
SR: True, SPL: 0.8538841411569267, Object category: case, goal type: sequence===

Elapsed 23:37:32 [baseline] task_level=room scene=00800-TEEsavR23oF episode=18 task=4 sec=125.966
Elapsed 23:37:32 [BASELINE_LIVE_METRICS] rows=95 avg_sr=0.515789 avg_spl=0.363892 follower_error_count=3 levels=[object:n=15,sr=0.733333,spl=0.554271; room:n=24,sr=0.625000,spl=0.388179; region:n=37,sr=0.540541,spl=0.413877; instance:n=19,sr=0.157895,spl=0.085575] latest_scene=00800-TEEsavR23oF latest_episode=18 latest_task=4 latest_level=room by_level={"instance": {"avg_spl": 0.08557475923997084, "avg_sr": 0.15789473684210525, "count": 19}, "object": {"avg_spl": 0.5542712518261811, "avg_sr": 0.7333333333333333, "count": 15}, "region": {"avg_spl": 0.4138768473231863, "avg_sr": 0.5405405405405406, "count": 37}, "room": {"avg_spl": 0.38817861515846475, "avg_sr": 0.625, "count": 24}}
Elapsed 23:37:32 [Metrics] sequence count: 95, invalid_count: 0, follower_error_count: 3, avg_sr: 0.515789, avg_spl: 0.363892

=== Episode ===: 19it [23:36:48, 5465.55s/it][AElapsed 23:37:38 

Begin to process [00800-TEEsavR23oF_sequence_19_0] type: [instance], Question: [small dark wood side table with lamp and plant to the right of black three-seater couch under staircase in living room with fireplace]

Elapsed 23:37:38 Current start position is [    -4.9911     0.04042     -6.2274]
Elapsed 1 day, 0:31:25 ===Episode_id 19 task_id 0 task_level=instance===
SR: False, SPL: 0.0, Object category: table, goal type: sequence===

Elapsed 1 day, 0:31:25 [baseline] task_level=instance scene=00800-TEEsavR23oF episode=19 task=0 sec=3226.458
Elapsed 1 day, 0:31:25 [BASELINE_LIVE_METRICS] rows=96 avg_sr=0.510417 avg_spl=0.360101 follower_error_count=3 levels=[object:n=15,sr=0.733333,spl=0.554271; room:n=24,sr=0.625000,spl=0.388179; region:n=37,sr=0.540541,spl=0.413877; instance:n=20,sr=0.150000,spl=0.081296] latest_scene=00800-TEEsavR23oF latest_episode=19 latest_task=0 latest_level=instance by_level={"instance": {"avg_spl": 0.0812960212779723, "avg_sr": 0.15, "count": 20}, "object": {"avg_spl": 0.5542712518261811, "avg_sr": 0.7333333333333333, "count": 15}, "region": {"avg_spl": 0.4138768473231863, "avg_sr": 0.5405405405405406, "count": 37}, "room": {"avg_spl": 0.38817861515846475, "avg_sr": 0.625, "count": 24}}
Elapsed 1 day, 0:31:25 

Begin to process [00800-TEEsavR23oF_sequence_19_1] type: [region], Question: [cabinet in the kitchen that has wood kitchen cabinets with granite countertop, stove above stainless oven with towel, silver dishwasher, microwave, coffee machine, stainless steel refrigerator, wall clock, wall-mounted US flag]

Elapsed 1 day, 0:31:25 Current start position is [    -7.2651    0.013378     -3.2496]
Elapsed 1 day, 0:33:08 ===Episode_id 19 task_id 1 task_level=region===
SR: True, SPL: 0.4283384781884111, Object category: cabinet, goal type: sequence===

Elapsed 1 day, 0:33:08 [baseline] task_level=region scene=00800-TEEsavR23oF episode=19 task=1 sec=102.865
Elapsed 1 day, 0:33:08 [BASELINE_LIVE_METRICS] rows=97 avg_sr=0.515464 avg_spl=0.360805 follower_error_count=3 levels=[object:n=15,sr=0.733333,spl=0.554271; room:n=24,sr=0.625000,spl=0.388179; region:n=38,sr=0.552632,spl=0.414257; instance:n=20,sr=0.150000,spl=0.081296] latest_scene=00800-TEEsavR23oF latest_episode=19 latest_task=1 latest_level=region by_level={"instance": {"avg_spl": 0.0812960212779723, "avg_sr": 0.15, "count": 20}, "object": {"avg_spl": 0.5542712518261811, "avg_sr": 0.7333333333333333, "count": 15}, "region": {"avg_spl": 0.4142574165564817, "avg_sr": 0.5526315789473685, "count": 38}, "room": {"avg_spl": 0.38817861515846475, "avg_sr": 0.625, "count": 24}}
Elapsed 1 day, 0:33:08 

Begin to process [00800-TEEsavR23oF_sequence_19_2] type: [region], Question: [sideboard in the dining room that has rectangular wooden dining table with carved chairs, potted plant on side cabinet, large canal scene painting above]

Elapsed 1 day, 0:33:08 Current start position is [    -3.6031    0.013378    -0.22449]
Elapsed 1 day, 0:35:12 ===Episode_id 19 task_id 2 task_level=region===
SR: False, SPL: 0.0, Object category: sideboard, goal type: sequence===

Elapsed 1 day, 0:35:12 [baseline] task_level=region scene=00800-TEEsavR23oF episode=19 task=2 sec=124.182
Elapsed 1 day, 0:35:12 [BASELINE_LIVE_METRICS] rows=98 avg_sr=0.510204 avg_spl=0.357123 follower_error_count=3 levels=[object:n=15,sr=0.733333,spl=0.554271; room:n=24,sr=0.625000,spl=0.388179; region:n=39,sr=0.538462,spl=0.403635; instance:n=20,sr=0.150000,spl=0.081296] latest_scene=00800-TEEsavR23oF latest_episode=19 latest_task=2 latest_level=region by_level={"instance": {"avg_spl": 0.0812960212779723, "avg_sr": 0.15, "count": 20}, "object": {"avg_spl": 0.5542712518261811, "avg_sr": 0.7333333333333333, "count": 15}, "region": {"avg_spl": 0.40363543151657194, "avg_sr": 0.5384615384615384, "count": 39}, "room": {"avg_spl": 0.38817861515846475, "avg_sr": 0.625, "count": 24}}
Elapsed 1 day, 0:35:12 

Begin to process [00800-TEEsavR23oF_sequence_19_3] type: [room], Question: [armchair in the living room]

Elapsed 1 day, 0:35:12 Current start position is [    0.41786    0.013378     -3.6457]
Elapsed 1 day, 0:47:11 ===Episode_id 19 task_id 3 task_level=room===
SR: True, SPL: 0.7067140526859927, Object category: armchair, goal type: sequence===

Elapsed 1 day, 0:47:11 [baseline] task_level=room scene=00800-TEEsavR23oF episode=19 task=3 sec=718.913
Elapsed 1 day, 0:47:11 [BASELINE_LIVE_METRICS] rows=99 avg_sr=0.515152 avg_spl=0.360654 follower_error_count=3 levels=[object:n=15,sr=0.733333,spl=0.554271; room:n=25,sr=0.640000,spl=0.400920; region:n=39,sr=0.538462,spl=0.403635; instance:n=20,sr=0.150000,spl=0.081296] latest_scene=00800-TEEsavR23oF latest_episode=19 latest_task=3 latest_level=room by_level={"instance": {"avg_spl": 0.0812960212779723, "avg_sr": 0.15, "count": 20}, "object": {"avg_spl": 0.5542712518261811, "avg_sr": 0.7333333333333333, "count": 15}, "region": {"avg_spl": 0.40363543151657194, "avg_sr": 0.5384615384615384, "count": 39}, "room": {"avg_spl": 0.40092003265956583, "avg_sr": 0.64, "count": 25}}
Elapsed 1 day, 0:47:11 

Begin to process [00800-TEEsavR23oF_sequence_19_4] type: [room], Question: [sink in the kitchen]

Elapsed 1 day, 0:47:11 Current start position is [    -8.3835    0.013378    -0.63188]
Elapsed 1 day, 0:54:12 ===Episode_id 19 task_id 4 task_level=room===
SR: False, SPL: 0.0, Object category: sink, goal type: sequence===

Elapsed 1 day, 0:54:12 [baseline] task_level=room scene=00800-TEEsavR23oF episode=19 task=4 sec=421.416
Elapsed 1 day, 0:54:12 [BASELINE_LIVE_METRICS] rows=100 avg_sr=0.510000 avg_spl=0.357048 follower_error_count=3 levels=[object:n=15,sr=0.733333,spl=0.554271; room:n=26,sr=0.615385,spl=0.385500; region:n=39,sr=0.538462,spl=0.403635; instance:n=20,sr=0.150000,spl=0.081296] latest_scene=00800-TEEsavR23oF latest_episode=19 latest_task=4 latest_level=room by_level={"instance": {"avg_spl": 0.0812960212779723, "avg_sr": 0.15, "count": 20}, "object": {"avg_spl": 0.5542712518261811, "avg_sr": 0.7333333333333333, "count": 15}, "region": {"avg_spl": 0.40363543151657194, "avg_sr": 0.5384615384615384, "count": 39}, "room": {"avg_spl": 0.3855000314034287, "avg_sr": 0.6153846153846154, "count": 26}}
Elapsed 1 day, 0:54:12 [Metrics] sequence count: 100, invalid_count: 0, follower_error_count: 3, avg_sr: 0.510000, avg_spl: 0.357048

=== Episode ===: 20it [24:53:29, 5205.74s/it][A=== Episode ===: 20it [24:53:29, 4480.45s/it]
Elapsed 1 day, 0:54:12 [Metrics] sequence count: 100, invalid_count: 0, follower_error_count: 3, avg_sr: 0.510000, avg_spl: 0.357048
*** Scene ***:  14%|#4        | 1/7 [24:53:29<149:20:54, 89609.12s/it]Elapsed 1 day, 0:54:12 




*************************** Processing 00802-wcojb4TFT35.json.gz, Total Episode 20 ***************************

=== Episode ===: 0it [00:00, ?it/s][AElapsed 1 day, 0:54:20 

Begin to process [00802-wcojb4TFT35_sequence_0_0] type: [instance], Question: [bottom black-framed line drawing picture on gray wall between two others in bedroom with light gray bedding and red bookshelf]

Elapsed 1 day, 0:54:20 Current start position is [    -3.1095      2.6949     -11.032]
Elapsed 1 day, 1:16:45 geodesic_distance: 2.0741424560546875
Elapsed 1 day, 1:16:45 [baseline][follow-error] scene=00802-wcojb4TFT35 episode_id=0 task_id=0 task_level=instance final=False error=GreedyFollowerError path_found=True
Elapsed 1 day, 1:16:45 ===Episode_id 0 task_id 0 task_level=instance===
SR: 0, SPL: 0, Object category: picture, goal type: sequence===

Elapsed 1 day, 1:16:45 [baseline] task_level=instance scene=00802-wcojb4TFT35 episode=0 task=0 sec=1344.813
Elapsed 1 day, 1:16:45 [BASELINE_LIVE_METRICS] rows=101 avg_sr=0.504950 avg_spl=0.353513 follower_error_count=4 levels=[object:n=15,sr=0.733333,spl=0.554271; room:n=26,sr=0.615385,spl=0.385500; region:n=39,sr=0.538462,spl=0.403635; instance:n=21,sr=0.142857,spl=0.077425] latest_scene=00802-wcojb4TFT35 latest_episode=0 latest_task=0 latest_level=instance by_level={"instance": {"avg_spl": 0.07742478216949743, "avg_sr": 0.14285714285714285, "count": 21}, "object": {"avg_spl": 0.5542712518261811, "avg_sr": 0.7333333333333333, "count": 15}, "region": {"avg_spl": 0.40363543151657194, "avg_sr": 0.5384615384615384, "count": 39}, "room": {"avg_spl": 0.3855000314034287, "avg_sr": 0.6153846153846154, "count": 26}}
Elapsed 1 day, 1:16:45 

Begin to process [00802-wcojb4TFT35_sequence_0_1] type: [room], Question: [blanket in the bedroom]

Elapsed 1 day, 1:16:45 Current start position is [   -0.21102      2.6949     -8.3159]
Elapsed 1 day, 1:17:41 geodesic_distance: 2.6255998611450195
Elapsed 1 day, 1:17:41 [baseline][follow-error] scene=00802-wcojb4TFT35 episode_id=0 task_id=1 task_level=room final=True error=GreedyFollowerError path_found=True
Elapsed 1 day, 1:17:41 ===Episode_id 0 task_id 1 task_level=room===
SR: 0, SPL: 0, Object category: blanket, goal type: sequence===

Elapsed 1 day, 1:17:41 [baseline] task_level=room scene=00802-wcojb4TFT35 episode=0 task=1 sec=55.878
Elapsed 1 day, 1:17:41 [BASELINE_LIVE_METRICS] rows=102 avg_sr=0.500000 avg_spl=0.350047 follower_error_count=5 levels=[object:n=15,sr=0.733333,spl=0.554271; room:n=27,sr=0.592593,spl=0.371222; region:n=39,sr=0.538462,spl=0.403635; instance:n=21,sr=0.142857,spl=0.077425] latest_scene=00802-wcojb4TFT35 latest_episode=0 latest_task=1 latest_level=room by_level={"instance": {"avg_spl": 0.07742478216949743, "avg_sr": 0.14285714285714285, "count": 21}, "object": {"avg_spl": 0.5542712518261811, "avg_sr": 0.7333333333333333, "count": 15}, "region": {"avg_spl": 0.40363543151657194, "avg_sr": 0.5384615384615384, "count": 39}, "room": {"avg_spl": 0.37122225246256096, "avg_sr": 0.5925925925925926, "count": 27}}
Elapsed 1 day, 1:17:41 

Begin to process [00802-wcojb4TFT35_sequence_0_2] type: [object], Question: [table]

Elapsed 1 day, 1:17:41 Current start position is [   -0.21102      2.6949     -8.3159]
Elapsed 1 day, 1:18:49 geodesic_distance: 3.059427261352539
Elapsed 1 day, 1:18:49 [baseline][follow-error] scene=00802-wcojb4TFT35 episode_id=0 task_id=2 task_level=object final=True error=GreedyFollowerError path_found=True
Elapsed 1 day, 1:18:49 ===Episode_id 0 task_id 2 task_level=object===
SR: 0, SPL: 0, Object category: table, goal type: sequence===

Elapsed 1 day, 1:18:49 [baseline] task_level=object scene=00802-wcojb4TFT35 episode=0 task=2 sec=68.175
Elapsed 1 day, 1:18:49 [BASELINE_LIVE_METRICS] rows=103 avg_sr=0.495146 avg_spl=0.346648 follower_error_count=6 levels=[object:n=16,sr=0.687500,spl=0.519629; room:n=27,sr=0.592593,spl=0.371222; region:n=39,sr=0.538462,spl=0.403635; instance:n=21,sr=0.142857,spl=0.077425] latest_scene=00802-wcojb4TFT35 latest_episode=0 latest_task=2 latest_level=object by_level={"instance": {"avg_spl": 0.07742478216949743, "avg_sr": 0.14285714285714285, "count": 21}, "object": {"avg_spl": 0.5196292985870448, "avg_sr": 0.6875, "count": 16}, "region": {"avg_spl": 0.40363543151657194, "avg_sr": 0.5384615384615384, "count": 39}, "room": {"avg_spl": 0.37122225246256096, "avg_sr": 0.5925925925925926, "count": 27}}
Elapsed 1 day, 1:18:49 

Begin to process [00802-wcojb4TFT35_sequence_0_3] type: [region], Question: [nightstand in the bedroom that has bed with light gray bedding and white pillows, light wood nightstand, red bookshelf with books, wood-framed wall mirror, monochrome sketch prints, hanging clothes above white basket]

Elapsed 1 day, 1:18:49 Current start position is [   -0.21102      2.6949     -8.3159]
Elapsed 1 day, 1:22:20 geodesic_distance: 3.23160719871521
Elapsed 1 day, 1:22:20 [baseline][follow-error] scene=00802-wcojb4TFT35 episode_id=0 task_id=3 task_level=region final=False error=GreedyFollowerError path_found=True
Elapsed 1 day, 1:22:20 ===Episode_id 0 task_id 3 task_level=region===
SR: 0, SPL: 0, Object category: nightstand, goal type: sequence===

Elapsed 1 day, 1:22:20 [baseline] task_level=region scene=00802-wcojb4TFT35 episode=0 task=3 sec=210.649
Elapsed 1 day, 1:22:20 [BASELINE_LIVE_METRICS] rows=104 avg_sr=0.490385 avg_spl=0.343315 follower_error_count=7 levels=[object:n=16,sr=0.687500,spl=0.519629; room:n=27,sr=0.592593,spl=0.371222; region:n=40,sr=0.525000,spl=0.393545; instance:n=21,sr=0.142857,spl=0.077425] latest_scene=00802-wcojb4TFT35 latest_episode=0 latest_task=3 latest_level=region by_level={"instance": {"avg_spl": 0.07742478216949743, "avg_sr": 0.14285714285714285, "count": 21}, "object": {"avg_spl": 0.5196292985870448, "avg_sr": 0.6875, "count": 16}, "region": {"avg_spl": 0.3935445457286576, "avg_sr": 0.525, "count": 40}, "room": {"avg_spl": 0.37122225246256096, "avg_sr": 0.5925925925925926, "count": 27}}
Elapsed 1 day, 1:22:20 

Begin to process [00802-wcojb4TFT35_sequence_0_4] type: [region], Question: [shower curtain in the bathroom that has light-colored bath vanity below white framed mirror, blue picture on toilet, white tufted shower curtain, gray towel beside white towel, white-tiled lower wall below blue-painted upper wall]

Elapsed 1 day, 1:22:20 Current start position is [    -1.2547      2.6949     -7.3339]
Elapsed 1 day, 1:23:50 ===Episode_id 0 task_id 4 task_level=region===
SR: True, SPL: 0.6980325545141735, Object category: shower curtain, goal type: sequence===

Elapsed 1 day, 1:23:50 [baseline] task_level=region scene=00802-wcojb4TFT35 episode=0 task=4 sec=89.888
Elapsed 1 day, 1:23:50 [BASELINE_LIVE_METRICS] rows=105 avg_sr=0.495238 avg_spl=0.346693 follower_error_count=7 levels=[object:n=16,sr=0.687500,spl=0.519629; room:n=27,sr=0.592593,spl=0.371222; region:n=41,sr=0.536585,spl=0.400971; instance:n=21,sr=0.142857,spl=0.077425] latest_scene=00802-wcojb4TFT35 latest_episode=0 latest_task=4 latest_level=region by_level={"instance": {"avg_spl": 0.07742478216949743, "avg_sr": 0.14285714285714285, "count": 21}, "object": {"avg_spl": 0.5196292985870448, "avg_sr": 0.6875, "count": 16}, "region": {"avg_spl": 0.4009710825283044, "avg_sr": 0.5365853658536586, "count": 41}, "room": {"avg_spl": 0.37122225246256096, "avg_sr": 0.5925925925925926, "count": 27}}
Elapsed 1 day, 1:23:50 [Metrics] sequence count: 105, invalid_count: 0, follower_error_count: 7, avg_sr: 0.495238, avg_spl: 0.346693

=== Episode ===: 1it [29:37, 1777.59s/it][AElapsed 1 day, 1:23:59 

Begin to process [00802-wcojb4TFT35_sequence_1_0] type: [instance], Question: [white table with pink chair in bedroom with bed having brown quilt and teal blanket and white nightstands with lamps]

Elapsed 1 day, 1:23:59 Current start position is [    -2.0953      2.6949     -10.344]
Elapsed 1 day, 1:53:20 ===Episode_id 1 task_id 0 task_level=instance===
SR: True, SPL: 0.3676134749370268, Object category: table, goal type: sequence===

Elapsed 1 day, 1:53:20 [baseline] task_level=instance scene=00802-wcojb4TFT35 episode=1 task=0 sec=1760.813
Elapsed 1 day, 1:53:20 [BASELINE_LIVE_METRICS] rows=106 avg_sr=0.500000 avg_spl=0.346891 follower_error_count=7 levels=[object:n=16,sr=0.687500,spl=0.519629; room:n=27,sr=0.592593,spl=0.371222; region:n=41,sr=0.536585,spl=0.400971; instance:n=22,sr=0.181818,spl=0.090615] latest_scene=00802-wcojb4TFT35 latest_episode=1 latest_task=0 latest_level=instance by_level={"instance": {"avg_spl": 0.09061517729529421, "avg_sr": 0.18181818181818182, "count": 22}, "object": {"avg_spl": 0.5196292985870448, "avg_sr": 0.6875, "count": 16}, "region": {"avg_spl": 0.4009710825283044, "avg_sr": 0.5365853658536586, "count": 41}, "room": {"avg_spl": 0.37122225246256096, "avg_sr": 0.5925925925925926, "count": 27}}
Elapsed 1 day, 1:53:20 

Begin to process [00802-wcojb4TFT35_sequence_1_1] type: [region], Question: [bookshelf in the bedroom that has wood-framed bed with striped bedding and white pillow, red nightstand by window, wood dresser with lamp, white desk with chair below abstract painting on blue wall, black bookshelf]

Elapsed 1 day, 1:53:20 Current start position is [     2.0819      2.6949     -7.0804]
Elapsed 1 day, 2:05:16 ===Episode_id 1 task_id 1 task_level=region===
SR: True, SPL: 0.3697624362388915, Object category: bookshelf, goal type: sequence===

Elapsed 1 day, 2:05:16 [baseline] task_level=region scene=00802-wcojb4TFT35 episode=1 task=1 sec=716.018
Elapsed 1 day, 2:05:16 [BASELINE_LIVE_METRICS] rows=107 avg_sr=0.504673 avg_spl=0.347104 follower_error_count=7 levels=[object:n=16,sr=0.687500,spl=0.519629; room:n=27,sr=0.592593,spl=0.371222; region:n=42,sr=0.547619,spl=0.400228; instance:n=22,sr=0.181818,spl=0.090615] latest_scene=00802-wcojb4TFT35 latest_episode=1 latest_task=1 latest_level=region by_level={"instance": {"avg_spl": 0.09061517729529421, "avg_sr": 0.18181818181818182, "count": 22}, "object": {"avg_spl": 0.5196292985870448, "avg_sr": 0.6875, "count": 16}, "region": {"avg_spl": 0.40022801952141357, "avg_sr": 0.5476190476190477, "count": 42}, "room": {"avg_spl": 0.37122225246256096, "avg_sr": 0.5925925925925926, "count": 27}}
Elapsed 1 day, 2:05:16 

Begin to process [00802-wcojb4TFT35_sequence_1_2] type: [region], Question: [shower curtain in the bathroom that has light-colored bath vanity below white framed mirror, blue picture on toilet, white tufted shower curtain, gray towel beside white towel, white-tiled lower wall below blue-painted upper wall]

Elapsed 1 day, 2:05:16 Current start position is [    -2.1754      2.6949     -10.281]
Elapsed 1 day, 2:06:52 ===Episode_id 1 task_id 2 task_level=region===
SR: True, SPL: 0.727300526867286, Object category: shower curtain, goal type: sequence===

Elapsed 1 day, 2:06:52 [baseline] task_level=region scene=00802-wcojb4TFT35 episode=1 task=2 sec=96.292
Elapsed 1 day, 2:06:52 [BASELINE_LIVE_METRICS] rows=108 avg_sr=0.509259 avg_spl=0.350625 follower_error_count=7 levels=[object:n=16,sr=0.687500,spl=0.519629; room:n=27,sr=0.592593,spl=0.371222; region:n=43,sr=0.558140,spl=0.407834; instance:n=22,sr=0.181818,spl=0.090615] latest_scene=00802-wcojb4TFT35 latest_episode=1 latest_task=2 latest_level=region by_level={"instance": {"avg_spl": 0.09061517729529421, "avg_sr": 0.18181818181818182, "count": 22}, "object": {"avg_spl": 0.5196292985870448, "avg_sr": 0.6875, "count": 16}, "region": {"avg_spl": 0.4078343569015501, "avg_sr": 0.5581395348837209, "count": 43}, "room": {"avg_spl": 0.37122225246256096, "avg_sr": 0.5925925925925926, "count": 27}}
Elapsed 1 day, 2:06:52 

Begin to process [00802-wcojb4TFT35_sequence_1_3] type: [room], Question: [cabinet in the bedroom]

Elapsed 1 day, 2:06:52 Current start position is [     2.7091      2.6949     -10.544]
Elapsed 1 day, 2:09:17 ===Episode_id 1 task_id 3 task_level=room===
SR: True, SPL: 0.6817463517126232, Object category: cabinet, goal type: sequence===

Elapsed 1 day, 2:09:17 [baseline] task_level=room scene=00802-wcojb4TFT35 episode=1 task=3 sec=144.805
Elapsed 1 day, 2:09:17 [BASELINE_LIVE_METRICS] rows=109 avg_sr=0.513761 avg_spl=0.353663 follower_error_count=7 levels=[object:n=16,sr=0.687500,spl=0.519629; room:n=28,sr=0.607143,spl=0.382312; region:n=43,sr=0.558140,spl=0.407834; instance:n=22,sr=0.181818,spl=0.090615] latest_scene=00802-wcojb4TFT35 latest_episode=1 latest_task=3 latest_level=room by_level={"instance": {"avg_spl": 0.09061517729529421, "avg_sr": 0.18181818181818182, "count": 22}, "object": {"avg_spl": 0.5196292985870448, "avg_sr": 0.6875, "count": 16}, "region": {"avg_spl": 0.4078343569015501, "avg_sr": 0.5581395348837209, "count": 43}, "room": {"avg_spl": 0.3823123988643489, "avg_sr": 0.6071428571428571, "count": 28}}
Elapsed 1 day, 2:09:17 

Begin to process [00802-wcojb4TFT35_sequence_1_4] type: [region], Question: [picture in the bedroom that has wood-framed bed with striped bedding and white pillow, red nightstand by window, wood dresser with lamp, white desk with chair below abstract painting on blue wall, black bookshelf]

Elapsed 1 day, 2:09:17 Current start position is [   -0.70524      2.6949     -9.6263]
Elapsed 1 day, 2:10:56 ===Episode_id 1 task_id 4 task_level=region===
SR: False, SPL: 0.0, Object category: picture, goal type: sequence===

Elapsed 1 day, 2:10:56 [baseline] task_level=region scene=00802-wcojb4TFT35 episode=1 task=4 sec=99.033
Elapsed 1 day, 2:10:56 [BASELINE_LIVE_METRICS] rows=110 avg_sr=0.509091 avg_spl=0.350448 follower_error_count=7 levels=[object:n=16,sr=0.687500,spl=0.519629; room:n=28,sr=0.607143,spl=0.382312; region:n=44,sr=0.545455,spl=0.398565; instance:n=22,sr=0.181818,spl=0.090615] latest_scene=00802-wcojb4TFT35 latest_episode=1 latest_task=4 latest_level=region by_level={"instance": {"avg_spl": 0.09061517729529421, "avg_sr": 0.18181818181818182, "count": 22}, "object": {"avg_spl": 0.5196292985870448, "avg_sr": 0.6875, "count": 16}, "region": {"avg_spl": 0.3985653942446967, "avg_sr": 0.5454545454545454, "count": 44}, "room": {"avg_spl": 0.3823123988643489, "avg_sr": 0.6071428571428571, "count": 28}}
Elapsed 1 day, 2:10:56 [Metrics] sequence count: 110, invalid_count: 0, follower_error_count: 7, avg_sr: 0.509091, avg_spl: 0.350448

=== Episode ===: 2it [1:16:43, 2394.40s/it][AElapsed 1 day, 2:11:05 

Begin to process [00802-wcojb4TFT35_sequence_2_0] type: [instance], Question: [gray ribbed hand towel beside white towel below framed text in bathroom with light-colored vanity below white-framed mirror and white tufted shower curtain]

Elapsed 1 day, 2:11:05 Current start position is [    -2.4313      2.6949     -7.1823]
Elapsed 1 day, 3:06:18 ===Episode_id 2 task_id 0 task_level=instance===
SR: False, SPL: 0.0, Object category: towel, goal type: sequence===

Elapsed 1 day, 3:06:18 [baseline] task_level=instance scene=00802-wcojb4TFT35 episode=2 task=0 sec=3312.405
Elapsed 1 day, 3:06:18 [BASELINE_LIVE_METRICS] rows=111 avg_sr=0.504505 avg_spl=0.347290 follower_error_count=7 levels=[object:n=16,sr=0.687500,spl=0.519629; room:n=28,sr=0.607143,spl=0.382312; region:n=44,sr=0.545455,spl=0.398565; instance:n=23,sr=0.173913,spl=0.086675] latest_scene=00802-wcojb4TFT35 latest_episode=2 latest_task=0 latest_level=instance by_level={"instance": {"avg_spl": 0.0866753869781075, "avg_sr": 0.17391304347826086, "count": 23}, "object": {"avg_spl": 0.5196292985870448, "avg_sr": 0.6875, "count": 16}, "region": {"avg_spl": 0.3985653942446967, "avg_sr": 0.5454545454545454, "count": 44}, "room": {"avg_spl": 0.3823123988643489, "avg_sr": 0.6071428571428571, "count": 28}}
Elapsed 1 day, 3:06:18 

Begin to process [00802-wcojb4TFT35_sequence_2_1] type: [object], Question: [nightstand]

Elapsed 1 day, 3:06:18 Current start position is [      2.718      2.6949     -10.517]
Elapsed 1 day, 3:09:18 ===Episode_id 2 task_id 1 task_level=object===
SR: False, SPL: 0.0, Object category: nightstand, goal type: sequence===

Elapsed 1 day, 3:09:18 [baseline] task_level=object scene=00802-wcojb4TFT35 episode=2 task=1 sec=180.796
Elapsed 1 day, 3:09:18 [BASELINE_LIVE_METRICS] rows=112 avg_sr=0.500000 avg_spl=0.344190 follower_error_count=7 levels=[object:n=17,sr=0.647059,spl=0.489063; room:n=28,sr=0.607143,spl=0.382312; region:n=44,sr=0.545455,spl=0.398565; instance:n=23,sr=0.173913,spl=0.086675] latest_scene=00802-wcojb4TFT35 latest_episode=2 latest_task=1 latest_level=object by_level={"instance": {"avg_spl": 0.0866753869781075, "avg_sr": 0.17391304347826086, "count": 23}, "object": {"avg_spl": 0.4890628692583951, "avg_sr": 0.6470588235294118, "count": 17}, "region": {"avg_spl": 0.3985653942446967, "avg_sr": 0.5454545454545454, "count": 44}, "room": {"avg_spl": 0.3823123988643489, "avg_sr": 0.6071428571428571, "count": 28}}
Elapsed 1 day, 3:09:18 

Begin to process [00802-wcojb4TFT35_sequence_2_2] type: [room], Question: [picture in the bedroom]

Elapsed 1 day, 3:09:18 Current start position is [    0.43806      2.6949     -6.5222]
Elapsed 1 day, 3:11:39 ===Episode_id 2 task_id 2 task_level=room===
SR: True, SPL: 0.6608208868220928, Object category: picture, goal type: sequence===

Elapsed 1 day, 3:11:39 [baseline] task_level=room scene=00802-wcojb4TFT35 episode=2 task=2 sec=140.347
Elapsed 1 day, 3:11:39 [BASELINE_LIVE_METRICS] rows=113 avg_sr=0.504425 avg_spl=0.346992 follower_error_count=7 levels=[object:n=17,sr=0.647059,spl=0.489063; room:n=29,sr=0.620690,spl=0.391916; region:n=44,sr=0.545455,spl=0.398565; instance:n=23,sr=0.173913,spl=0.086675] latest_scene=00802-wcojb4TFT35 latest_episode=2 latest_task=2 latest_level=room by_level={"instance": {"avg_spl": 0.0866753869781075, "avg_sr": 0.17391304347826086, "count": 23}, "object": {"avg_spl": 0.4890628692583951, "avg_sr": 0.6470588235294118, "count": 17}, "region": {"avg_spl": 0.3985653942446967, "avg_sr": 0.5454545454545454, "count": 44}, "room": {"avg_spl": 0.39191613982840906, "avg_sr": 0.6206896551724138, "count": 29}}
Elapsed 1 day, 3:11:39 

Begin to process [00802-wcojb4TFT35_sequence_2_3] type: [region], Question: [blanket in the bedroom that has bed with brown quilt and teal blanket, white desk with pink chair beside window, tightly packed clothes, white nightstands with lamps, and exercise mat on wall hooks below mirror]

Elapsed 1 day, 3:11:39 Current start position is [   -0.26194      2.6949     -7.6539]
Elapsed 1 day, 3:14:38 ===Episode_id 2 task_id 3 task_level=region===
SR: True, SPL: 0.7837126439839838, Object category: blanket, goal type: sequence===

Elapsed 1 day, 3:14:38 [baseline] task_level=region scene=00802-wcojb4TFT35 episode=2 task=3 sec=179.142
Elapsed 1 day, 3:14:38 [BASELINE_LIVE_METRICS] rows=114 avg_sr=0.508772 avg_spl=0.350822 follower_error_count=7 levels=[object:n=17,sr=0.647059,spl=0.489063; room:n=29,sr=0.620690,spl=0.391916; region:n=45,sr=0.555556,spl=0.407124; instance:n=23,sr=0.173913,spl=0.086675] latest_scene=00802-wcojb4TFT35 latest_episode=2 latest_task=3 latest_level=region by_level={"instance": {"avg_spl": 0.0866753869781075, "avg_sr": 0.17391304347826086, "count": 23}, "object": {"avg_spl": 0.4890628692583951, "avg_sr": 0.6470588235294118, "count": 17}, "region": {"avg_spl": 0.4071242220166808, "avg_sr": 0.5555555555555556, "count": 45}, "room": {"avg_spl": 0.39191613982840906, "avg_sr": 0.6206896551724138, "count": 29}}
Elapsed 1 day, 3:14:38 

Begin to process [00802-wcojb4TFT35_sequence_2_4] type: [region], Question: [shelf in the bedroom that has wood-framed bed with striped bedding and white pillow, red nightstand by window, wood dresser with lamp, white desk with chair below abstract painting on blue wall, black bookshelf]

Elapsed 1 day, 3:14:38 Current start position is [     1.2413      2.6949     -7.0711]
Elapsed 1 day, 3:17:41 ===Episode_id 2 task_id 4 task_level=region===
SR: True, SPL: 0.8208318704421946, Object category: shelf, goal type: sequence===

Elapsed 1 day, 3:17:41 [baseline] task_level=region scene=00802-wcojb4TFT35 episode=2 task=4 sec=182.746
Elapsed 1 day, 3:17:41 [BASELINE_LIVE_METRICS] rows=115 avg_sr=0.513043 avg_spl=0.354910 follower_error_count=7 levels=[object:n=17,sr=0.647059,spl=0.489063; room:n=29,sr=0.620690,spl=0.391916; region:n=46,sr=0.565217,spl=0.416118; instance:n=23,sr=0.173913,spl=0.086675] latest_scene=00802-wcojb4TFT35 latest_episode=2 latest_task=4 latest_level=region by_level={"instance": {"avg_spl": 0.0866753869781075, "avg_sr": 0.17391304347826086, "count": 23}, "object": {"avg_spl": 0.4890628692583951, "avg_sr": 0.6470588235294118, "count": 17}, "region": {"avg_spl": 0.41611786654767025, "avg_sr": 0.5652173913043478, "count": 46}, "room": {"avg_spl": 0.39191613982840906, "avg_sr": 0.6206896551724138, "count": 29}}
Elapsed 1 day, 3:17:41 [Metrics] sequence count: 115, invalid_count: 0, follower_error_count: 7, avg_sr: 0.513043, avg_spl: 0.354910

=== Episode ===: 3it [2:23:28, 3129.68s/it][AElapsed 1 day, 3:17:50 

Begin to process [00802-wcojb4TFT35_sequence_3_0] type: [instance], Question: [framed text picture in bathroom with light-colored vanity and white tufted shower curtain]

Elapsed 1 day, 3:17:50 Current start position is [    -2.8954      2.6949     -6.9704]
Elapsed 1 day, 4:15:30 ===Episode_id 3 task_id 0 task_level=instance===
SR: False, SPL: 0.0, Object category: picture, goal type: sequence===

Elapsed 1 day, 4:15:30 [baseline] task_level=instance scene=00802-wcojb4TFT35 episode=3 task=0 sec=3460.162
Elapsed 1 day, 4:15:30 [BASELINE_LIVE_METRICS] rows=116 avg_sr=0.508621 avg_spl=0.351850 follower_error_count=7 levels=[object:n=17,sr=0.647059,spl=0.489063; room:n=29,sr=0.620690,spl=0.391916; region:n=46,sr=0.565217,spl=0.416118; instance:n=24,sr=0.166667,spl=0.083064] latest_scene=00802-wcojb4TFT35 latest_episode=3 latest_task=0 latest_level=instance by_level={"instance": {"avg_spl": 0.08306391252068636, "avg_sr": 0.16666666666666666, "count": 24}, "object": {"avg_spl": 0.4890628692583951, "avg_sr": 0.6470588235294118, "count": 17}, "region": {"avg_spl": 0.41611786654767025, "avg_sr": 0.5652173913043478, "count": 46}, "room": {"avg_spl": 0.39191613982840906, "avg_sr": 0.6206896551724138, "count": 29}}
Elapsed 1 day, 4:15:30 

Begin to process [00802-wcojb4TFT35_sequence_3_1] type: [room], Question: [nightstand in the bedroom]

Elapsed 1 day, 4:15:30 Current start position is [   -0.17809      2.6949     -9.8395]
Elapsed 1 day, 4:18:11 ===Episode_id 3 task_id 1 task_level=room===
SR: True, SPL: 0.29847495106386585, Object category: nightstand, goal type: sequence===

Elapsed 1 day, 4:18:11 [baseline] task_level=room scene=00802-wcojb4TFT35 episode=3 task=1 sec=160.357
Elapsed 1 day, 4:18:11 [BASELINE_LIVE_METRICS] rows=117 avg_sr=0.512821 avg_spl=0.351394 follower_error_count=7 levels=[object:n=17,sr=0.647059,spl=0.489063; room:n=30,sr=0.633333,spl=0.388801; region:n=46,sr=0.565217,spl=0.416118; instance:n=24,sr=0.166667,spl=0.083064] latest_scene=00802-wcojb4TFT35 latest_episode=3 latest_task=1 latest_level=room by_level={"instance": {"avg_spl": 0.08306391252068636, "avg_sr": 0.16666666666666666, "count": 24}, "object": {"avg_spl": 0.4890628692583951, "avg_sr": 0.6470588235294118, "count": 17}, "region": {"avg_spl": 0.41611786654767025, "avg_sr": 0.5652173913043478, "count": 46}, "room": {"avg_spl": 0.3888014335362576, "avg_sr": 0.6333333333333333, "count": 30}}
Elapsed 1 day, 4:18:11 

Begin to process [00802-wcojb4TFT35_sequence_3_2] type: [object], Question: [bath towel]

Elapsed 1 day, 4:18:11 Current start position is [   -0.28292      2.6949     -5.4923]
Elapsed 1 day, 4:20:30 ===Episode_id 3 task_id 2 task_level=object===
SR: True, SPL: 0.8593155141581507, Object category: bath towel, goal type: sequence===

Elapsed 1 day, 4:20:30 [baseline] task_level=object scene=00802-wcojb4TFT35 episode=3 task=2 sec=139.383
Elapsed 1 day, 4:20:30 [BASELINE_LIVE_METRICS] rows=118 avg_sr=0.516949 avg_spl=0.355698 follower_error_count=7 levels=[object:n=18,sr=0.666667,spl=0.509632; room:n=30,sr=0.633333,spl=0.388801; region:n=46,sr=0.565217,spl=0.416118; instance:n=24,sr=0.166667,spl=0.083064] latest_scene=00802-wcojb4TFT35 latest_episode=3 latest_task=2 latest_level=object by_level={"instance": {"avg_spl": 0.08306391252068636, "avg_sr": 0.16666666666666666, "count": 24}, "object": {"avg_spl": 0.5096324606417149, "avg_sr": 0.6666666666666666, "count": 18}, "region": {"avg_spl": 0.41611786654767025, "avg_sr": 0.5652173913043478, "count": 46}, "room": {"avg_spl": 0.3888014335362576, "avg_sr": 0.6333333333333333, "count": 30}}
Elapsed 1 day, 4:20:30 

Begin to process [00802-wcojb4TFT35_sequence_3_3] type: [room], Question: [book in the bedroom]

Elapsed 1 day, 4:20:30 Current start position is [     2.6767      2.6949     -10.492]
Elapsed 1 day, 4:23:08 ===Episode_id 3 task_id 3 task_level=room===
SR: True, SPL: 0.869196737883949, Object category: book, goal type: sequence===

Elapsed 1 day, 4:23:08 [baseline] task_level=room scene=00802-wcojb4TFT35 episode=3 task=3 sec=158.174
Elapsed 1 day, 4:23:08 [BASELINE_LIVE_METRICS] rows=119 avg_sr=0.521008 avg_spl=0.360013 follower_error_count=7 levels=[object:n=18,sr=0.666667,spl=0.509632; room:n=31,sr=0.645161,spl=0.404298; region:n=46,sr=0.565217,spl=0.416118; instance:n=24,sr=0.166667,spl=0.083064] latest_scene=00802-wcojb4TFT35 latest_episode=3 latest_task=3 latest_level=room by_level={"instance": {"avg_spl": 0.08306391252068636, "avg_sr": 0.16666666666666666, "count": 24}, "object": {"avg_spl": 0.5096324606417149, "avg_sr": 0.6666666666666666, "count": 18}, "region": {"avg_spl": 0.41611786654767025, "avg_sr": 0.5652173913043478, "count": 46}, "room": {"avg_spl": 0.4042980562571509, "avg_sr": 0.6451612903225806, "count": 31}}
Elapsed 1 day, 4:23:08 

Begin to process [00802-wcojb4TFT35_sequence_3_4] type: [object], Question: [shower curtain]

Elapsed 1 day, 4:23:08 Current start position is [    -2.7934      2.6949     -5.7868]
Elapsed 1 day, 4:27:03 ===Episode_id 3 task_id 4 task_level=object===
SR: True, SPL: 0.7976892965730639, Object category: shower curtain, goal type: sequence===

Elapsed 1 day, 4:27:03 [baseline] task_level=object scene=00802-wcojb4TFT35 episode=3 task=4 sec=234.810
Elapsed 1 day, 4:27:03 [BASELINE_LIVE_METRICS] rows=120 avg_sr=0.525000 avg_spl=0.363661 follower_error_count=7 levels=[object:n=19,sr=0.684211,spl=0.524793; room:n=31,sr=0.645161,spl=0.404298; region:n=46,sr=0.565217,spl=0.416118; instance:n=24,sr=0.166667,spl=0.083064] latest_scene=00802-wcojb4TFT35 latest_episode=3 latest_task=4 latest_level=object by_level={"instance": {"avg_spl": 0.08306391252068636, "avg_sr": 0.16666666666666666, "count": 24}, "object": {"avg_spl": 0.5247933467433648, "avg_sr": 0.6842105263157895, "count": 19}, "region": {"avg_spl": 0.41611786654767025, "avg_sr": 0.5652173913043478, "count": 46}, "room": {"avg_spl": 0.4042980562571509, "avg_sr": 0.6451612903225806, "count": 31}}
Elapsed 1 day, 4:27:03 [Metrics] sequence count: 120, invalid_count: 0, follower_error_count: 7, avg_sr: 0.525000, avg_spl: 0.363661

=== Episode ===: 4it [3:32:50, 3537.37s/it][AElapsed 1 day, 4:27:11 

Begin to process [00802-wcojb4TFT35_sequence_4_0] type: [instance], Question: [white toilet with seascape print in bathroom with light-colored vanity below white framed mirror and white tufted shower curtain]

Elapsed 1 day, 4:27:11 Current start position is [    -1.2002      2.6949     -7.5796]
Elapsed 1 day, 5:13:31 ===Episode_id 4 task_id 0 task_level=instance===
SR: True, SPL: 0.19219407155241486, Object category: toilet, goal type: sequence===

Elapsed 1 day, 5:13:31 [baseline] task_level=instance scene=00802-wcojb4TFT35 episode=4 task=0 sec=2780.154
Elapsed 1 day, 5:13:31 [BASELINE_LIVE_METRICS] rows=121 avg_sr=0.528926 avg_spl=0.362243 follower_error_count=7 levels=[object:n=19,sr=0.684211,spl=0.524793; room:n=31,sr=0.645161,spl=0.404298; region:n=46,sr=0.565217,spl=0.416118; instance:n=25,sr=0.200000,spl=0.087429] latest_scene=00802-wcojb4TFT35 latest_episode=4 latest_task=0 latest_level=instance by_level={"instance": {"avg_spl": 0.08742911888195551, "avg_sr": 0.2, "count": 25}, "object": {"avg_spl": 0.5247933467433648, "avg_sr": 0.6842105263157895, "count": 19}, "region": {"avg_spl": 0.41611786654767025, "avg_sr": 0.5652173913043478, "count": 46}, "room": {"avg_spl": 0.4042980562571509, "avg_sr": 0.6451612903225806, "count": 31}}
Elapsed 1 day, 5:13:31 

Begin to process [00802-wcojb4TFT35_sequence_4_1] type: [object], Question: [picture]

Elapsed 1 day, 5:13:31 Current start position is [     2.7207      2.6949     -10.544]
Elapsed 1 day, 5:15:37 ===Episode_id 4 task_id 1 task_level=object===
SR: True, SPL: 0.0810662061223925, Object category: picture, goal type: sequence===

Elapsed 1 day, 5:15:37 [baseline] task_level=object scene=00802-wcojb4TFT35 episode=4 task=1 sec=126.035
Elapsed 1 day, 5:15:37 [BASELINE_LIVE_METRICS] rows=122 avg_sr=0.532787 avg_spl=0.359939 follower_error_count=7 levels=[object:n=20,sr=0.700000,spl=0.502607; room:n=31,sr=0.645161,spl=0.404298; region:n=46,sr=0.565217,spl=0.416118; instance:n=25,sr=0.200000,spl=0.087429] latest_scene=00802-wcojb4TFT35 latest_episode=4 latest_task=1 latest_level=object by_level={"instance": {"avg_spl": 0.08742911888195551, "avg_sr": 0.2, "count": 25}, "object": {"avg_spl": 0.5026069897123161, "avg_sr": 0.7, "count": 20}, "region": {"avg_spl": 0.41611786654767025, "avg_sr": 0.5652173913043478, "count": 46}, "room": {"avg_spl": 0.4042980562571509, "avg_sr": 0.6451612903225806, "count": 31}}
Elapsed 1 day, 5:15:37 

Begin to process [00802-wcojb4TFT35_sequence_4_2] type: [room], Question: [bath towel in the bathroom]

Elapsed 1 day, 5:15:37 Current start position is [   -0.38943      2.6949     -7.8064]
Elapsed 1 day, 5:17:56 ===Episode_id 4 task_id 2 task_level=room===
SR: True, SPL: 0.8301091265390841, Object category: bath towel, goal type: sequence===

Elapsed 1 day, 5:17:56 [baseline] task_level=room scene=00802-wcojb4TFT35 episode=4 task=2 sec=138.779
Elapsed 1 day, 5:17:56 [BASELINE_LIVE_METRICS] rows=123 avg_sr=0.536585 avg_spl=0.363761 follower_error_count=7 levels=[object:n=20,sr=0.700000,spl=0.502607; room:n=32,sr=0.656250,spl=0.417605; region:n=46,sr=0.565217,spl=0.416118; instance:n=25,sr=0.200000,spl=0.087429] latest_scene=00802-wcojb4TFT35 latest_episode=4 latest_task=2 latest_level=room by_level={"instance": {"avg_spl": 0.08742911888195551, "avg_sr": 0.2, "count": 25}, "object": {"avg_spl": 0.5026069897123161, "avg_sr": 0.7, "count": 20}, "region": {"avg_spl": 0.41611786654767025, "avg_sr": 0.5652173913043478, "count": 46}, "room": {"avg_spl": 0.41760465220346127, "avg_sr": 0.65625, "count": 32}}
Elapsed 1 day, 5:17:56 

Begin to process [00802-wcojb4TFT35_sequence_4_3] type: [region], Question: [shelf in the bedroom that has wood-framed bed with striped bedding and white pillow, red nightstand by window, wood dresser with lamp, white desk with chair below abstract painting on blue wall, black bookshelf]

Elapsed 1 day, 5:17:56 Current start position is [     2.7207      2.6949     -10.544]
Elapsed 1 day, 5:26:00 ===Episode_id 4 task_id 3 task_level=region===
SR: False, SPL: 0.0, Object category: shelf, goal type: sequence===

Elapsed 1 day, 5:26:00 [baseline] task_level=region scene=00802-wcojb4TFT35 episode=4 task=3 sec=484.132
Elapsed 1 day, 5:26:00 [BASELINE_LIVE_METRICS] rows=124 avg_sr=0.532258 avg_spl=0.360828 follower_error_count=7 levels=[object:n=20,sr=0.700000,spl=0.502607; room:n=32,sr=0.656250,spl=0.417605; region:n=47,sr=0.553191,spl=0.407264; instance:n=25,sr=0.200000,spl=0.087429] latest_scene=00802-wcojb4TFT35 latest_episode=4 latest_task=3 latest_level=region by_level={"instance": {"avg_spl": 0.08742911888195551, "avg_sr": 0.2, "count": 25}, "object": {"avg_spl": 0.5026069897123161, "avg_sr": 0.7, "count": 20}, "region": {"avg_spl": 0.4072642949189964, "avg_sr": 0.5531914893617021, "count": 47}, "room": {"avg_spl": 0.41760465220346127, "avg_sr": 0.65625, "count": 32}}
Elapsed 1 day, 5:26:00 

Begin to process [00802-wcojb4TFT35_sequence_4_4] type: [region], Question: [cabinet in the bedroom that has bed with brown quilt and teal blanket, white desk with pink chair beside window, tightly packed clothes, white nightstands with lamps, and exercise mat on wall hooks below mirror]

Elapsed 1 day, 5:26:00 Current start position is [   -0.66347      2.6949     -10.753]
Elapsed 1 day, 5:29:41 ===Episode_id 4 task_id 4 task_level=region===
SR: False, SPL: 0.0, Object category: cabinet, goal type: sequence===

Elapsed 1 day, 5:29:41 [baseline] task_level=region scene=00802-wcojb4TFT35 episode=4 task=4 sec=220.605
Elapsed 1 day, 5:29:41 [BASELINE_LIVE_METRICS] rows=125 avg_sr=0.528000 avg_spl=0.357941 follower_error_count=7 levels=[object:n=20,sr=0.700000,spl=0.502607; room:n=32,sr=0.656250,spl=0.417605; region:n=48,sr=0.541667,spl=0.398780; instance:n=25,sr=0.200000,spl=0.087429] latest_scene=00802-wcojb4TFT35 latest_episode=4 latest_task=4 latest_level=region by_level={"instance": {"avg_spl": 0.08742911888195551, "avg_sr": 0.2, "count": 25}, "object": {"avg_spl": 0.5026069897123161, "avg_sr": 0.7, "count": 20}, "region": {"avg_spl": 0.398779622108184, "avg_sr": 0.5416666666666666, "count": 48}, "room": {"avg_spl": 0.41760465220346127, "avg_sr": 0.65625, "count": 32}}
Elapsed 1 day, 5:29:41 [Metrics] sequence count: 125, invalid_count: 0, follower_error_count: 7, avg_sr: 0.528000, avg_spl: 0.357941

=== Episode ===: 5it [4:35:28, 3616.76s/it][AElapsed 1 day, 5:29:48 

Begin to process [00802-wcojb4TFT35_sequence_5_0] type: [instance], Question: [light brown wooden sewing box in bedroom with bed with purple-and-grey bedding and white nightstand with lamp]

Elapsed 1 day, 5:29:48 Current start position is [     1.4837      2.4949     -15.618]
Elapsed 1 day, 6:13:23 ===Episode_id 5 task_id 0 task_level=instance===
SR: False, SPL: 0.0, Object category: sewing box, goal type: sequence===

Elapsed 1 day, 6:13:23 [baseline] task_level=instance scene=00802-wcojb4TFT35 episode=5 task=0 sec=2614.818
Elapsed 1 day, 6:13:23 [BASELINE_LIVE_METRICS] rows=126 avg_sr=0.523810 avg_spl=0.355100 follower_error_count=7 levels=[object:n=20,sr=0.700000,spl=0.502607; room:n=32,sr=0.656250,spl=0.417605; region:n=48,sr=0.541667,spl=0.398780; instance:n=26,sr=0.192308,spl=0.084066] latest_scene=00802-wcojb4TFT35 latest_episode=5 latest_task=0 latest_level=instance by_level={"instance": {"avg_spl": 0.08406646046341876, "avg_sr": 0.19230769230769232, "count": 26}, "object": {"avg_spl": 0.5026069897123161, "avg_sr": 0.7, "count": 20}, "region": {"avg_spl": 0.398779622108184, "avg_sr": 0.5416666666666666, "count": 48}, "room": {"avg_spl": 0.41760465220346127, "avg_sr": 0.65625, "count": 32}}
Elapsed 1 day, 6:13:23 

Begin to process [00802-wcojb4TFT35_sequence_5_1] type: [region], Question: [laundry basket in the walk-in closet that has tightly packed clothes, shoe rack, white baskets, near bed with purple-and-white bedding and bathtub]

Elapsed 1 day, 6:13:23 Current start position is [    -1.2634      2.4949     -16.449]
Elapsed 1 day, 6:16:06 ===Episode_id 5 task_id 1 task_level=region===
SR: True, SPL: 0.7763923899707738, Object category: laundry basket, goal type: sequence===

Elapsed 1 day, 6:16:06 [baseline] task_level=region scene=00802-wcojb4TFT35 episode=5 task=1 sec=162.370
Elapsed 1 day, 6:16:06 [BASELINE_LIVE_METRICS] rows=127 avg_sr=0.527559 avg_spl=0.358418 follower_error_count=7 levels=[object:n=20,sr=0.700000,spl=0.502607; room:n=32,sr=0.656250,spl=0.417605; region:n=49,sr=0.551020,spl=0.406486; instance:n=26,sr=0.192308,spl=0.084066] latest_scene=00802-wcojb4TFT35 latest_episode=5 latest_task=1 latest_level=region by_level={"instance": {"avg_spl": 0.08406646046341876, "avg_sr": 0.19230769230769232, "count": 26}, "object": {"avg_spl": 0.5026069897123161, "avg_sr": 0.7, "count": 20}, "region": {"avg_spl": 0.40648600512578786, "avg_sr": 0.5510204081632653, "count": 49}, "room": {"avg_spl": 0.41760465220346127, "avg_sr": 0.65625, "count": 32}}
Elapsed 1 day, 6:16:06 

Begin to process [00802-wcojb4TFT35_sequence_5_2] type: [room], Question: [cabinet in the bedroom]

Elapsed 1 day, 6:16:06 Current start position is [     2.2189      2.4949      -17.41]
Elapsed 1 day, 6:19:00 ===Episode_id 5 task_id 2 task_level=room===
SR: False, SPL: 0.0, Object category: cabinet, goal type: sequence===

Elapsed 1 day, 6:19:00 [baseline] task_level=room scene=00802-wcojb4TFT35 episode=5 task=2 sec=174.307
Elapsed 1 day, 6:19:00 [BASELINE_LIVE_METRICS] rows=128 avg_sr=0.523438 avg_spl=0.355617 follower_error_count=7 levels=[object:n=20,sr=0.700000,spl=0.502607; room:n=33,sr=0.636364,spl=0.404950; region:n=49,sr=0.551020,spl=0.406486; instance:n=26,sr=0.192308,spl=0.084066] latest_scene=00802-wcojb4TFT35 latest_episode=5 latest_task=2 latest_level=room by_level={"instance": {"avg_spl": 0.08406646046341876, "avg_sr": 0.19230769230769232, "count": 26}, "object": {"avg_spl": 0.5026069897123161, "avg_sr": 0.7, "count": 20}, "region": {"avg_spl": 0.40648600512578786, "avg_sr": 0.5510204081632653, "count": 49}, "room": {"avg_spl": 0.40494996577305337, "avg_sr": 0.6363636363636364, "count": 33}}
Elapsed 1 day, 6:19:00 

Begin to process [00802-wcojb4TFT35_sequence_5_3] type: [object], Question: [towel]

Elapsed 1 day, 6:19:00 Current start position is [    0.13955      2.4949      -14.74]
Elapsed 1 day, 6:20:42 ===Episode_id 5 task_id 3 task_level=object===
SR: True, SPL: 0.6763908436112911, Object category: towel, goal type: sequence===

Elapsed 1 day, 6:20:42 [baseline] task_level=object scene=00802-wcojb4TFT35 episode=5 task=3 sec=101.692
Elapsed 1 day, 6:20:42 [BASELINE_LIVE_METRICS] rows=129 avg_sr=0.527132 avg_spl=0.358104 follower_error_count=7 levels=[object:n=21,sr=0.714286,spl=0.510882; room:n=33,sr=0.636364,spl=0.404950; region:n=49,sr=0.551020,spl=0.406486; instance:n=26,sr=0.192308,spl=0.084066] latest_scene=00802-wcojb4TFT35 latest_episode=5 latest_task=3 latest_level=object by_level={"instance": {"avg_spl": 0.08406646046341876, "avg_sr": 0.19230769230769232, "count": 26}, "object": {"avg_spl": 0.510882411326553, "avg_sr": 0.7142857142857143, "count": 21}, "region": {"avg_spl": 0.40648600512578786, "avg_sr": 0.5510204081632653, "count": 49}, "room": {"avg_spl": 0.40494996577305337, "avg_sr": 0.6363636363636364, "count": 33}}
Elapsed 1 day, 6:20:42 

Begin to process [00802-wcojb4TFT35_sequence_5_4] type: [region], Question: [bed in the bedroom that has bed with purple-and-gray bedding, white nightstands with lamps, light beige carpet]

Elapsed 1 day, 6:20:42 Current start position is [     1.4086      2.4949     -15.859]
Elapsed 1 day, 6:24:05 ===Episode_id 5 task_id 4 task_level=region===
SR: True, SPL: 0.5166555677076584, Object category: bed, goal type: sequence===

Elapsed 1 day, 6:24:05 [baseline] task_level=region scene=00802-wcojb4TFT35 episode=5 task=4 sec=203.771
Elapsed 1 day, 6:24:05 [BASELINE_LIVE_METRICS] rows=130 avg_sr=0.530769 avg_spl=0.359324 follower_error_count=7 levels=[object:n=21,sr=0.714286,spl=0.510882; room:n=33,sr=0.636364,spl=0.404950; region:n=50,sr=0.560000,spl=0.408689; instance:n=26,sr=0.192308,spl=0.084066] latest_scene=00802-wcojb4TFT35 latest_episode=5 latest_task=4 latest_level=region by_level={"instance": {"avg_spl": 0.08406646046341876, "avg_sr": 0.19230769230769232, "count": 26}, "object": {"avg_spl": 0.510882411326553, "avg_sr": 0.7142857142857143, "count": 21}, "region": {"avg_spl": 0.4086893963774253, "avg_sr": 0.56, "count": 50}, "room": {"avg_spl": 0.40494996577305337, "avg_sr": 0.6363636363636364, "count": 33}}
Elapsed 1 day, 6:24:06 [Metrics] sequence count: 130, invalid_count: 0, follower_error_count: 7, avg_sr: 0.530769, avg_spl: 0.359324

=== Episode ===: 6it [5:29:53, 3497.12s/it][AElapsed 1 day, 6:24:14 

Begin to process [00802-wcojb4TFT35_sequence_6_0] type: [instance], Question: [purple-accented bed in bedroom with white nightstand with lamp and light beige carpet]

Elapsed 1 day, 6:24:14 Current start position is [     1.3089      2.4949     -15.552]
Elapsed 1 day, 6:50:24 ===Episode_id 6 task_id 0 task_level=instance===
SR: True, SPL: 0.242826082963709, Object category: bed, goal type: sequence===

Elapsed 1 day, 6:50:24 [baseline] task_level=instance scene=00802-wcojb4TFT35 episode=6 task=0 sec=1570.731
Elapsed 1 day, 6:50:24 [BASELINE_LIVE_METRICS] rows=131 avg_sr=0.534351 avg_spl=0.358434 follower_error_count=7 levels=[object:n=21,sr=0.714286,spl=0.510882; room:n=33,sr=0.636364,spl=0.404950; region:n=50,sr=0.560000,spl=0.408689; instance:n=27,sr=0.222222,spl=0.089946] latest_scene=00802-wcojb4TFT35 latest_episode=6 latest_task=0 latest_level=instance by_level={"instance": {"avg_spl": 0.08994644648194801, "avg_sr": 0.2222222222222222, "count": 27}, "object": {"avg_spl": 0.510882411326553, "avg_sr": 0.7142857142857143, "count": 21}, "region": {"avg_spl": 0.4086893963774253, "avg_sr": 0.56, "count": 50}, "room": {"avg_spl": 0.40494996577305337, "avg_sr": 0.6363636363636364, "count": 33}}
Elapsed 1 day, 6:50:24 

Begin to process [00802-wcojb4TFT35_sequence_6_1] type: [region], Question: [towel in the bathroom that has beige-tiled bathtub with striped towel below window, toilet below wood wall cabinet, white bath vanity with beige countertop below rectangular mirror]

Elapsed 1 day, 6:50:24 Current start position is [     -2.439      2.4949     -17.553]
Elapsed 1 day, 6:55:21 ===Episode_id 6 task_id 1 task_level=region===
SR: False, SPL: 0.0, Object category: towel, goal type: sequence===

Elapsed 1 day, 6:55:21 [baseline] task_level=region scene=00802-wcojb4TFT35 episode=6 task=1 sec=296.812
Elapsed 1 day, 6:55:21 [BASELINE_LIVE_METRICS] rows=132 avg_sr=0.530303 avg_spl=0.355719 follower_error_count=7 levels=[object:n=21,sr=0.714286,spl=0.510882; room:n=33,sr=0.636364,spl=0.404950; region:n=51,sr=0.549020,spl=0.400676; instance:n=27,sr=0.222222,spl=0.089946] latest_scene=00802-wcojb4TFT35 latest_episode=6 latest_task=1 latest_level=region by_level={"instance": {"avg_spl": 0.08994644648194801, "avg_sr": 0.2222222222222222, "count": 27}, "object": {"avg_spl": 0.510882411326553, "avg_sr": 0.7142857142857143, "count": 21}, "region": {"avg_spl": 0.4006758788013973, "avg_sr": 0.5490196078431373, "count": 51}, "room": {"avg_spl": 0.40494996577305337, "avg_sr": 0.6363636363636364, "count": 33}}
Elapsed 1 day, 6:55:21 

Begin to process [00802-wcojb4TFT35_sequence_6_2] type: [room], Question: [cabinet in the bedroom]

Elapsed 1 day, 6:55:21 Current start position is [   0.047885      2.4949     -16.125]
Elapsed 1 day, 6:57:13 ===Episode_id 6 task_id 2 task_level=room===
SR: True, SPL: 0.7279812078968795, Object category: cabinet, goal type: sequence===

Elapsed 1 day, 6:57:13 [baseline] task_level=room scene=00802-wcojb4TFT35 episode=6 task=2 sec=111.992
Elapsed 1 day, 6:57:13 [BASELINE_LIVE_METRICS] rows=133 avg_sr=0.533835 avg_spl=0.358518 follower_error_count=7 levels=[object:n=21,sr=0.714286,spl=0.510882; room:n=34,sr=0.647059,spl=0.414451; region:n=51,sr=0.549020,spl=0.400676; instance:n=27,sr=0.222222,spl=0.089946] latest_scene=00802-wcojb4TFT35 latest_episode=6 latest_task=2 latest_level=room by_level={"instance": {"avg_spl": 0.08994644648194801, "avg_sr": 0.2222222222222222, "count": 27}, "object": {"avg_spl": 0.510882411326553, "avg_sr": 0.7142857142857143, "count": 21}, "region": {"avg_spl": 0.4006758788013973, "avg_sr": 0.5490196078431373, "count": 51}, "room": {"avg_spl": 0.4144508846590482, "avg_sr": 0.6470588235294118, "count": 34}}
Elapsed 1 day, 6:57:13 

Begin to process [00802-wcojb4TFT35_sequence_6_3] type: [object], Question: [shelf]

Elapsed 1 day, 6:57:13 Current start position is [  -0.067029      2.4949     -18.054]
Elapsed 1 day, 6:58:40 ===Episode_id 6 task_id 3 task_level=object===
SR: True, SPL: 0.5074194060636616, Object category: shelf, goal type: sequence===

Elapsed 1 day, 6:58:40 [baseline] task_level=object scene=00802-wcojb4TFT35 episode=6 task=3 sec=86.362
Elapsed 1 day, 6:58:40 [BASELINE_LIVE_METRICS] rows=134 avg_sr=0.537313 avg_spl=0.359629 follower_error_count=7 levels=[object:n=22,sr=0.727273,spl=0.510725; room:n=34,sr=0.647059,spl=0.414451; region:n=51,sr=0.549020,spl=0.400676; instance:n=27,sr=0.222222,spl=0.089946] latest_scene=00802-wcojb4TFT35 latest_episode=6 latest_task=3 latest_level=object by_level={"instance": {"avg_spl": 0.08994644648194801, "avg_sr": 0.2222222222222222, "count": 27}, "object": {"avg_spl": 0.5107250019964216, "avg_sr": 0.7272727272727273, "count": 22}, "region": {"avg_spl": 0.4006758788013973, "avg_sr": 0.5490196078431373, "count": 51}, "room": {"avg_spl": 0.4144508846590482, "avg_sr": 0.6470588235294118, "count": 34}}
Elapsed 1 day, 6:58:40 

Begin to process [00802-wcojb4TFT35_sequence_6_4] type: [region], Question: [laundry basket in the walk-in closet that has tightly packed clothes, shoe rack, white baskets, near bed with purple-and-white bedding and bathtub]

Elapsed 1 day, 6:58:40 Current start position is [     1.0919      2.4949     -17.816]
Elapsed 1 day, 7:01:04 ===Episode_id 6 task_id 4 task_level=region===
SR: True, SPL: 0.45658429904378073, Object category: laundry basket, goal type: sequence===

Elapsed 1 day, 7:01:04 [baseline] task_level=region scene=00802-wcojb4TFT35 episode=6 task=4 sec=144.900
Elapsed 1 day, 7:01:05 [BASELINE_LIVE_METRICS] rows=135 avg_sr=0.540741 avg_spl=0.360347 follower_error_count=7 levels=[object:n=22,sr=0.727273,spl=0.510725; room:n=34,sr=0.647059,spl=0.414451; region:n=52,sr=0.557692,spl=0.401751; instance:n=27,sr=0.222222,spl=0.089946] latest_scene=00802-wcojb4TFT35 latest_episode=6 latest_task=4 latest_level=region by_level={"instance": {"avg_spl": 0.08994644648194801, "avg_sr": 0.2222222222222222, "count": 27}, "object": {"avg_spl": 0.5107250019964216, "avg_sr": 0.7272727272727273, "count": 22}, "region": {"avg_spl": 0.4017510407291355, "avg_sr": 0.5576923076923077, "count": 52}, "room": {"avg_spl": 0.4144508846590482, "avg_sr": 0.6470588235294118, "count": 34}}
Elapsed 1 day, 7:01:05 [Metrics] sequence count: 135, invalid_count: 0, follower_error_count: 7, avg_sr: 0.540741, avg_spl: 0.360347

=== Episode ===: 7it [6:06:52, 3079.28s/it][AElapsed 1 day, 7:01:14 

Begin to process [00802-wcojb4TFT35_sequence_7_0] type: [instance], Question: [brown three-seater couch with patterned pillows beside window in living room with TV above fireplace]

Elapsed 1 day, 7:01:14 Current start position is [    -2.5625     0.02715     -10.592]
Elapsed 1 day, 7:29:16 ===Episode_id 7 task_id 0 task_level=instance===
SR: True, SPL: 0.6934888374122886, Object category: couch, goal type: sequence===

Elapsed 1 day, 7:29:16 [baseline] task_level=instance scene=00802-wcojb4TFT35 episode=7 task=0 sec=1681.774
Elapsed 1 day, 7:29:16 [BASELINE_LIVE_METRICS] rows=136 avg_sr=0.544118 avg_spl=0.362797 follower_error_count=7 levels=[object:n=22,sr=0.727273,spl=0.510725; room:n=34,sr=0.647059,spl=0.414451; region:n=52,sr=0.557692,spl=0.401751; instance:n=28,sr=0.250000,spl=0.111502] latest_scene=00802-wcojb4TFT35 latest_episode=7 latest_task=0 latest_level=instance by_level={"instance": {"avg_spl": 0.11150153187231733, "avg_sr": 0.25, "count": 28}, "object": {"avg_spl": 0.5107250019964216, "avg_sr": 0.7272727272727273, "count": 22}, "region": {"avg_spl": 0.4017510407291355, "avg_sr": 0.5576923076923077, "count": 52}, "room": {"avg_spl": 0.4144508846590482, "avg_sr": 0.6470588235294118, "count": 34}}
Elapsed 1 day, 7:29:16 

Begin to process [00802-wcojb4TFT35_sequence_7_1] type: [room], Question: [armchair in the living room]

Elapsed 1 day, 7:29:16 Current start position is [   -0.96194     0.04492     -2.0403]
Elapsed 1 day, 7:31:50 ===Episode_id 7 task_id 1 task_level=room===
SR: True, SPL: 0.03770402976791781, Object category: armchair, goal type: sequence===

Elapsed 1 day, 7:31:50 [baseline] task_level=room scene=00802-wcojb4TFT35 episode=7 task=1 sec=154.625
Elapsed 1 day, 7:31:50 [BASELINE_LIVE_METRICS] rows=137 avg_sr=0.547445 avg_spl=0.360424 follower_error_count=7 levels=[object:n=22,sr=0.727273,spl=0.510725; room:n=35,sr=0.657143,spl=0.403687; region:n=52,sr=0.557692,spl=0.401751; instance:n=28,sr=0.250000,spl=0.111502] latest_scene=00802-wcojb4TFT35 latest_episode=7 latest_task=1 latest_level=room by_level={"instance": {"avg_spl": 0.11150153187231733, "avg_sr": 0.25, "count": 28}, "object": {"avg_spl": 0.5107250019964216, "avg_sr": 0.7272727272727273, "count": 22}, "region": {"avg_spl": 0.4017510407291355, "avg_sr": 0.5576923076923077, "count": 52}, "room": {"avg_spl": 0.40368668880501596, "avg_sr": 0.6571428571428571, "count": 35}}
Elapsed 1 day, 7:31:50 

Begin to process [00802-wcojb4TFT35_sequence_7_2] type: [room], Question: [kitchen sink in the kitchen]

Elapsed 1 day, 7:31:50 Current start position is [    -2.6756    -0.00508      -6.036]
Elapsed 1 day, 7:45:03 ===Episode_id 7 task_id 2 task_level=room===
SR: False, SPL: 0.0, Object category: kitchen sink, goal type: sequence===

Elapsed 1 day, 7:45:03 [baseline] task_level=room scene=00802-wcojb4TFT35 episode=7 task=2 sec=792.320
Elapsed 1 day, 7:45:03 [BASELINE_LIVE_METRICS] rows=138 avg_sr=0.543478 avg_spl=0.357812 follower_error_count=7 levels=[object:n=22,sr=0.727273,spl=0.510725; room:n=36,sr=0.638889,spl=0.392473; region:n=52,sr=0.557692,spl=0.401751; instance:n=28,sr=0.250000,spl=0.111502] latest_scene=00802-wcojb4TFT35 latest_episode=7 latest_task=2 latest_level=room by_level={"instance": {"avg_spl": 0.11150153187231733, "avg_sr": 0.25, "count": 28}, "object": {"avg_spl": 0.5107250019964216, "avg_sr": 0.7272727272727273, "count": 22}, "region": {"avg_spl": 0.4017510407291355, "avg_sr": 0.5576923076923077, "count": 52}, "room": {"avg_spl": 0.3924731696715433, "avg_sr": 0.6388888888888888, "count": 36}}
Elapsed 1 day, 7:45:03 

Begin to process [00802-wcojb4TFT35_sequence_7_3] type: [region], Question: [figure in the living room that has tan three-seater couch by window, fabric armchair with ottoman, tall brown bookshelf with board games, table with black printer, potted plant in corner, and TV mounted above fireplace]

Elapsed 1 day, 7:45:03 Current start position is [     1.0967    0.012237     -9.1032]
Elapsed 1 day, 7:50:31 ===Episode_id 7 task_id 3 task_level=region===
SR: False, SPL: 0.0, Object category: figure, goal type: sequence===

Elapsed 1 day, 7:50:31 [baseline] task_level=region scene=00802-wcojb4TFT35 episode=7 task=3 sec=328.262
Elapsed 1 day, 7:50:31 [BASELINE_LIVE_METRICS] rows=139 avg_sr=0.539568 avg_spl=0.355238 follower_error_count=7 levels=[object:n=22,sr=0.727273,spl=0.510725; room:n=36,sr=0.638889,spl=0.392473; region:n=53,sr=0.547170,spl=0.394171; instance:n=28,sr=0.250000,spl=0.111502] latest_scene=00802-wcojb4TFT35 latest_episode=7 latest_task=3 latest_level=region by_level={"instance": {"avg_spl": 0.11150153187231733, "avg_sr": 0.25, "count": 28}, "object": {"avg_spl": 0.5107250019964216, "avg_sr": 0.7272727272727273, "count": 22}, "region": {"avg_spl": 0.3941708324134914, "avg_sr": 0.5471698113207547, "count": 53}, "room": {"avg_spl": 0.3924731696715433, "avg_sr": 0.6388888888888888, "count": 36}}
Elapsed 1 day, 7:50:31 

Begin to process [00802-wcojb4TFT35_sequence_7_4] type: [region], Question: [bathroom cabinet in the bathroom that has dark bath vanity with white vessel sink, black-framed mirror, gray hanging towel, toilet with tray against blue walls, floral framed wall art]

Elapsed 1 day, 7:50:31 Current start position is [    -0.2374     0.04492     0.60767]
Elapsed 1 day, 8:04:22 ===Episode_id 7 task_id 4 task_level=region===
SR: False, SPL: 0.0, Object category: bathroom cabinet, goal type: sequence===

Elapsed 1 day, 8:04:22 [baseline] task_level=region scene=00802-wcojb4TFT35 episode=7 task=4 sec=831.452
Elapsed 1 day, 8:04:22 [BASELINE_LIVE_METRICS] rows=140 avg_sr=0.535714 avg_spl=0.352701 follower_error_count=7 levels=[object:n=22,sr=0.727273,spl=0.510725; room:n=36,sr=0.638889,spl=0.392473; region:n=54,sr=0.537037,spl=0.386871; instance:n=28,sr=0.250000,spl=0.111502] latest_scene=00802-wcojb4TFT35 latest_episode=7 latest_task=4 latest_level=region by_level={"instance": {"avg_spl": 0.11150153187231733, "avg_sr": 0.25, "count": 28}, "object": {"avg_spl": 0.5107250019964216, "avg_sr": 0.7272727272727273, "count": 22}, "region": {"avg_spl": 0.3868713725539823, "avg_sr": 0.5370370370370371, "count": 54}, "room": {"avg_spl": 0.3924731696715433, "avg_sr": 0.6388888888888888, "count": 36}}
Elapsed 1 day, 8:04:22 [Metrics] sequence count: 140, invalid_count: 0, follower_error_count: 7, avg_sr: 0.535714, avg_spl: 0.352701

=== Episode ===: 8it [7:10:10, 3308.03s/it][AElapsed 1 day, 8:04:31 

Begin to process [00802-wcojb4TFT35_sequence_8_0] type: [instance], Question: [flowerpot with green plant below corner windows beside fireplace below TV in living room with tan couch]

Elapsed 1 day, 8:04:31 Current start position is [   -0.96706    -0.00508     -5.6859]
Elapsed 1 day, 8:35:06 ===Episode_id 8 task_id 0 task_level=instance===
SR: False, SPL: 0.0, Object category: flowerpot, goal type: sequence===

Elapsed 1 day, 8:35:06 [baseline] task_level=instance scene=00802-wcojb4TFT35 episode=8 task=0 sec=1834.582
Elapsed 1 day, 8:35:06 [BASELINE_LIVE_METRICS] rows=141 avg_sr=0.531915 avg_spl=0.350199 follower_error_count=7 levels=[object:n=22,sr=0.727273,spl=0.510725; room:n=36,sr=0.638889,spl=0.392473; region:n=54,sr=0.537037,spl=0.386871; instance:n=29,sr=0.241379,spl=0.107657] latest_scene=00802-wcojb4TFT35 latest_episode=8 latest_task=0 latest_level=instance by_level={"instance": {"avg_spl": 0.10765665146292708, "avg_sr": 0.2413793103448276, "count": 29}, "object": {"avg_spl": 0.5107250019964216, "avg_sr": 0.7272727272727273, "count": 22}, "region": {"avg_spl": 0.3868713725539823, "avg_sr": 0.5370370370370371, "count": 54}, "room": {"avg_spl": 0.3924731696715433, "avg_sr": 0.6388888888888888, "count": 36}}
Elapsed 1 day, 8:35:06 

Begin to process [00802-wcojb4TFT35_sequence_8_1] type: [room], Question: [bench in the living room]

Elapsed 1 day, 8:35:06 Current start position is [   -0.88547     0.04492     -1.7471]
Elapsed 1 day, 8:38:16 ===Episode_id 8 task_id 1 task_level=room===
SR: False, SPL: 0.0, Object category: bench, goal type: sequence===

Elapsed 1 day, 8:38:16 [baseline] task_level=room scene=00802-wcojb4TFT35 episode=8 task=1 sec=190.952
Elapsed 1 day, 8:38:17 [BASELINE_LIVE_METRICS] rows=142 avg_sr=0.528169 avg_spl=0.347733 follower_error_count=7 levels=[object:n=22,sr=0.727273,spl=0.510725; room:n=37,sr=0.621622,spl=0.381866; region:n=54,sr=0.537037,spl=0.386871; instance:n=29,sr=0.241379,spl=0.107657] latest_scene=00802-wcojb4TFT35 latest_episode=8 latest_task=1 latest_level=room by_level={"instance": {"avg_spl": 0.10765665146292708, "avg_sr": 0.2413793103448276, "count": 29}, "object": {"avg_spl": 0.5107250019964216, "avg_sr": 0.7272727272727273, "count": 22}, "region": {"avg_spl": 0.3868713725539823, "avg_sr": 0.5370370370370371, "count": 54}, "room": {"avg_spl": 0.38186578670744753, "avg_sr": 0.6216216216216216, "count": 37}}
Elapsed 1 day, 8:38:17 

Begin to process [00802-wcojb4TFT35_sequence_8_2] type: [object], Question: [fireplace]

Elapsed 1 day, 8:38:17 Current start position is [   -0.84092    -0.00508     -8.4551]
Elapsed 1 day, 8:41:13 ===Episode_id 8 task_id 2 task_level=object===
SR: True, SPL: 0.8884280979153545, Object category: fireplace, goal type: sequence===

Elapsed 1 day, 8:41:13 [baseline] task_level=object scene=00802-wcojb4TFT35 episode=8 task=2 sec=176.029
Elapsed 1 day, 8:41:13 [BASELINE_LIVE_METRICS] rows=143 avg_sr=0.531469 avg_spl=0.351514 follower_error_count=7 levels=[object:n=23,sr=0.739130,spl=0.527147; room:n=37,sr=0.621622,spl=0.381866; region:n=54,sr=0.537037,spl=0.386871; instance:n=29,sr=0.241379,spl=0.107657] latest_scene=00802-wcojb4TFT35 latest_episode=8 latest_task=2 latest_level=object by_level={"instance": {"avg_spl": 0.10765665146292708, "avg_sr": 0.2413793103448276, "count": 29}, "object": {"avg_spl": 0.5271468757320273, "avg_sr": 0.7391304347826086, "count": 23}, "region": {"avg_spl": 0.3868713725539823, "avg_sr": 0.5370370370370371, "count": 54}, "room": {"avg_spl": 0.38186578670744753, "avg_sr": 0.6216216216216216, "count": 37}}
Elapsed 1 day, 8:41:13 

Begin to process [00802-wcojb4TFT35_sequence_8_3] type: [room], Question: [piano bench in the living room]

Elapsed 1 day, 8:41:13 Current start position is [   -0.20556     0.04492     0.42922]
Elapsed 1 day, 8:44:27 ===Episode_id 8 task_id 3 task_level=room===
SR: False, SPL: 0.0, Object category: piano bench, goal type: sequence===

Elapsed 1 day, 8:44:27 [baseline] task_level=room scene=00802-wcojb4TFT35 episode=8 task=3 sec=194.778
Elapsed 1 day, 8:44:27 [BASELINE_LIVE_METRICS] rows=144 avg_sr=0.527778 avg_spl=0.349073 follower_error_count=7 levels=[object:n=23,sr=0.739130,spl=0.527147; room:n=38,sr=0.605263,spl=0.371817; region:n=54,sr=0.537037,spl=0.386871; instance:n=29,sr=0.241379,spl=0.107657] latest_scene=00802-wcojb4TFT35 latest_episode=8 latest_task=3 latest_level=room by_level={"instance": {"avg_spl": 0.10765665146292708, "avg_sr": 0.2413793103448276, "count": 29}, "object": {"avg_spl": 0.5271468757320273, "avg_sr": 0.7391304347826086, "count": 23}, "region": {"avg_spl": 0.3868713725539823, "avg_sr": 0.5370370370370371, "count": 54}, "room": {"avg_spl": 0.3718166870572515, "avg_sr": 0.6052631578947368, "count": 38}}
Elapsed 1 day, 8:44:27 

Begin to process [00802-wcojb4TFT35_sequence_8_4] type: [region], Question: [dishwasher in the kitchen that has white kitchen cabinets with stainless sink below window, microwave above stove and oven, built-in dishwasher, coffee machine in corner, and stainless steel refrigerator]

Elapsed 1 day, 8:44:27 Current start position is [   -0.13586     0.04492     0.60767]
Elapsed 1 day, 9:01:24 ===Episode_id 8 task_id 4 task_level=region===
SR: True, SPL: 0.8821597626320025, Object category: dishwasher, goal type: sequence===

Elapsed 1 day, 9:01:24 [baseline] task_level=region scene=00802-wcojb4TFT35 episode=8 task=4 sec=1017.102
Elapsed 1 day, 9:01:24 [BASELINE_LIVE_METRICS] rows=145 avg_sr=0.531034 avg_spl=0.352749 follower_error_count=7 levels=[object:n=23,sr=0.739130,spl=0.527147; room:n=38,sr=0.605263,spl=0.371817; region:n=55,sr=0.545455,spl=0.395877; instance:n=29,sr=0.241379,spl=0.107657] latest_scene=00802-wcojb4TFT35 latest_episode=8 latest_task=4 latest_level=region by_level={"instance": {"avg_spl": 0.10765665146292708, "avg_sr": 0.2413793103448276, "count": 29}, "object": {"avg_spl": 0.5271468757320273, "avg_sr": 0.7391304347826086, "count": 23}, "region": {"avg_spl": 0.39587661600994634, "avg_sr": 0.5454545454545454, "count": 55}, "room": {"avg_spl": 0.3718166870572515, "avg_sr": 0.6052631578947368, "count": 38}}
Elapsed 1 day, 9:01:24 [Metrics] sequence count: 145, invalid_count: 0, follower_error_count: 7, avg_sr: 0.531034, avg_spl: 0.352749

=== Episode ===: 9it [8:07:12, 3343.69s/it][AElapsed 1 day, 9:01:33 

Begin to process [00802-wcojb4TFT35_sequence_9_0] type: [instance], Question: [black flat-screen tv above fireplace in living room with tan three-seater couch by window and potted plant in corner]

Elapsed 1 day, 9:01:33 Current start position is [     1.3227     0.02997     -9.4091]
Elapsed 1 day, 9:58:44 ===Episode_id 9 task_id 0 task_level=instance===
SR: False, SPL: 0.0, Object category: tv, goal type: sequence===

Elapsed 1 day, 9:58:44 [baseline] task_level=instance scene=00802-wcojb4TFT35 episode=9 task=0 sec=3430.865
Elapsed 1 day, 9:58:44 [BASELINE_LIVE_METRICS] rows=146 avg_sr=0.527397 avg_spl=0.350333 follower_error_count=7 levels=[object:n=23,sr=0.739130,spl=0.527147; room:n=38,sr=0.605263,spl=0.371817; region:n=55,sr=0.545455,spl=0.395877; instance:n=30,sr=0.233333,spl=0.104068] latest_scene=00802-wcojb4TFT35 latest_episode=9 latest_task=0 latest_level=instance by_level={"instance": {"avg_spl": 0.10406809641416284, "avg_sr": 0.23333333333333334, "count": 30}, "object": {"avg_spl": 0.5271468757320273, "avg_sr": 0.7391304347826086, "count": 23}, "region": {"avg_spl": 0.39587661600994634, "avg_sr": 0.5454545454545454, "count": 55}, "room": {"avg_spl": 0.3718166870572515, "avg_sr": 0.6052631578947368, "count": 38}}
Elapsed 1 day, 9:58:44 

Begin to process [00802-wcojb4TFT35_sequence_9_1] type: [object], Question: [piano]

Elapsed 1 day, 9:58:44 Current start position is [   -0.91356     0.04492       -1.78]
Elapsed 1 day, 10:02:50 ===Episode_id 9 task_id 1 task_level=object===
SR: True, SPL: 0.6076536171334116, Object category: piano, goal type: sequence===

Elapsed 1 day, 10:02:50 [baseline] task_level=object scene=00802-wcojb4TFT35 episode=9 task=1 sec=245.854
Elapsed 1 day, 10:02:50 [BASELINE_LIVE_METRICS] rows=147 avg_sr=0.530612 avg_spl=0.352084 follower_error_count=7 levels=[object:n=24,sr=0.750000,spl=0.530501; room:n=38,sr=0.605263,spl=0.371817; region:n=55,sr=0.545455,spl=0.395877; instance:n=30,sr=0.233333,spl=0.104068] latest_scene=00802-wcojb4TFT35 latest_episode=9 latest_task=1 latest_level=object by_level={"instance": {"avg_spl": 0.10406809641416284, "avg_sr": 0.23333333333333334, "count": 30}, "object": {"avg_spl": 0.5305013232904184, "avg_sr": 0.75, "count": 24}, "region": {"avg_spl": 0.39587661600994634, "avg_sr": 0.5454545454545454, "count": 55}, "room": {"avg_spl": 0.3718166870572515, "avg_sr": 0.6052631578947368, "count": 38}}
Elapsed 1 day, 10:02:50 

Begin to process [00802-wcojb4TFT35_sequence_9_2] type: [object], Question: [flowerpot]

Elapsed 1 day, 10:02:50 Current start position is [    -1.2641    -0.00508     -5.4688]
Elapsed 1 day, 10:07:03 ===Episode_id 9 task_id 2 task_level=object===
SR: False, SPL: 0.0, Object category: flowerpot, goal type: sequence===

Elapsed 1 day, 10:07:03 [baseline] task_level=object scene=00802-wcojb4TFT35 episode=9 task=2 sec=253.206
Elapsed 1 day, 10:07:03 [BASELINE_LIVE_METRICS] rows=148 avg_sr=0.527027 avg_spl=0.349705 follower_error_count=7 levels=[object:n=25,sr=0.720000,spl=0.509281; room:n=38,sr=0.605263,spl=0.371817; region:n=55,sr=0.545455,spl=0.395877; instance:n=30,sr=0.233333,spl=0.104068] latest_scene=00802-wcojb4TFT35 latest_episode=9 latest_task=2 latest_level=object by_level={"instance": {"avg_spl": 0.10406809641416284, "avg_sr": 0.23333333333333334, "count": 30}, "object": {"avg_spl": 0.5092812703588017, "avg_sr": 0.72, "count": 25}, "region": {"avg_spl": 0.39587661600994634, "avg_sr": 0.5454545454545454, "count": 55}, "room": {"avg_spl": 0.3718166870572515, "avg_sr": 0.6052631578947368, "count": 38}}
Elapsed 1 day, 10:07:03 

Begin to process [00802-wcojb4TFT35_sequence_9_3] type: [room], Question: [art frame in the living room]

Elapsed 1 day, 10:07:03 Current start position is [   -0.30728    -0.00508     -7.4468]
Elapsed 1 day, 10:11:39 ===Episode_id 9 task_id 3 task_level=room===
SR: False, SPL: 0.0, Object category: art frame, goal type: sequence===

Elapsed 1 day, 10:11:39 [baseline] task_level=room scene=00802-wcojb4TFT35 episode=9 task=3 sec=276.031
Elapsed 1 day, 10:11:39 [BASELINE_LIVE_METRICS] rows=149 avg_sr=0.523490 avg_spl=0.347358 follower_error_count=7 levels=[object:n=25,sr=0.720000,spl=0.509281; room:n=39,sr=0.589744,spl=0.362283; region:n=55,sr=0.545455,spl=0.395877; instance:n=30,sr=0.233333,spl=0.104068] latest_scene=00802-wcojb4TFT35 latest_episode=9 latest_task=3 latest_level=room by_level={"instance": {"avg_spl": 0.10406809641416284, "avg_sr": 0.23333333333333334, "count": 30}, "object": {"avg_spl": 0.5092812703588017, "avg_sr": 0.72, "count": 25}, "region": {"avg_spl": 0.39587661600994634, "avg_sr": 0.5454545454545454, "count": 55}, "room": {"avg_spl": 0.36228292585065536, "avg_sr": 0.5897435897435898, "count": 39}}
Elapsed 1 day, 10:11:39 

Begin to process [00802-wcojb4TFT35_sequence_9_4] type: [object], Question: [stove]

Elapsed 1 day, 10:11:39 Current start position is [    -2.8722     0.04492     -11.768]
Elapsed 1 day, 10:15:53 ===Episode_id 9 task_id 4 task_level=object===
SR: True, SPL: 0.5158185103423854, Object category: stove, goal type: sequence===

Elapsed 1 day, 10:15:53 [baseline] task_level=object scene=00802-wcojb4TFT35 episode=9 task=4 sec=253.850
Elapsed 1 day, 10:15:53 [BASELINE_LIVE_METRICS] rows=150 avg_sr=0.526667 avg_spl=0.348481 follower_error_count=7 levels=[object:n=26,sr=0.730769,spl=0.509533; room:n=39,sr=0.589744,spl=0.362283; region:n=55,sr=0.545455,spl=0.395877; instance:n=30,sr=0.233333,spl=0.104068] latest_scene=00802-wcojb4TFT35 latest_episode=9 latest_task=4 latest_level=object by_level={"instance": {"avg_spl": 0.10406809641416284, "avg_sr": 0.23333333333333334, "count": 30}, "object": {"avg_spl": 0.5095327026658626, "avg_sr": 0.7307692307692307, "count": 26}, "region": {"avg_spl": 0.39587661600994634, "avg_sr": 0.5454545454545454, "count": 55}, "room": {"avg_spl": 0.36228292585065536, "avg_sr": 0.5897435897435898, "count": 39}}
Elapsed 1 day, 10:15:53 [Metrics] sequence count: 150, invalid_count: 0, follower_error_count: 7, avg_sr: 0.526667, avg_spl: 0.348481

=== Episode ===: 10it [9:21:40, 3690.94s/it][AElapsed 1 day, 10:16:03 

Begin to process [00802-wcojb4TFT35_sequence_10_0] type: [instance], Question: [brick fireplace with white mantel in living room with tan couch and TV]

Elapsed 1 day, 10:16:03 Current start position is [     -2.708    -0.00508      -6.116]
Elapsed 1 day, 10:44:23 ===Episode_id 10 task_id 0 task_level=instance===
SR: False, SPL: 0.0, Object category: fireplace, goal type: sequence===

Elapsed 1 day, 10:44:23 [baseline] task_level=instance scene=00802-wcojb4TFT35 episode=10 task=0 sec=1700.392
Elapsed 1 day, 10:44:23 [BASELINE_LIVE_METRICS] rows=151 avg_sr=0.523179 avg_spl=0.346173 follower_error_count=7 levels=[object:n=26,sr=0.730769,spl=0.509533; room:n=39,sr=0.589744,spl=0.362283; region:n=55,sr=0.545455,spl=0.395877; instance:n=31,sr=0.225806,spl=0.100711] latest_scene=00802-wcojb4TFT35 latest_episode=10 latest_task=0 latest_level=instance by_level={"instance": {"avg_spl": 0.10071106104596403, "avg_sr": 0.22580645161290322, "count": 31}, "object": {"avg_spl": 0.5095327026658626, "avg_sr": 0.7307692307692307, "count": 26}, "region": {"avg_spl": 0.39587661600994634, "avg_sr": 0.5454545454545454, "count": 55}, "room": {"avg_spl": 0.36228292585065536, "avg_sr": 0.5897435897435898, "count": 39}}
Elapsed 1 day, 10:44:23 

Begin to process [00802-wcojb4TFT35_sequence_10_1] type: [room], Question: [piano bench in the living room]

Elapsed 1 day, 10:44:23 Current start position is [   -0.88391     0.04492     -2.0755]
Elapsed 1 day, 10:47:57 ===Episode_id 10 task_id 1 task_level=room===
SR: False, SPL: 0.0, Object category: piano bench, goal type: sequence===

Elapsed 1 day, 10:47:57 [baseline] task_level=room scene=00802-wcojb4TFT35 episode=10 task=1 sec=213.989
Elapsed 1 day, 10:47:57 [BASELINE_LIVE_METRICS] rows=152 avg_sr=0.519737 avg_spl=0.343896 follower_error_count=7 levels=[object:n=26,sr=0.730769,spl=0.509533; room:n=40,sr=0.575000,spl=0.353226; region:n=55,sr=0.545455,spl=0.395877; instance:n=31,sr=0.225806,spl=0.100711] latest_scene=00802-wcojb4TFT35 latest_episode=10 latest_task=1 latest_level=room by_level={"instance": {"avg_spl": 0.10071106104596403, "avg_sr": 0.22580645161290322, "count": 31}, "object": {"avg_spl": 0.5095327026658626, "avg_sr": 0.7307692307692307, "count": 26}, "region": {"avg_spl": 0.39587661600994634, "avg_sr": 0.5454545454545454, "count": 55}, "room": {"avg_spl": 0.35322585270438894, "avg_sr": 0.575, "count": 40}}
Elapsed 1 day, 10:47:57 

Begin to process [00802-wcojb4TFT35_sequence_10_2] type: [region], Question: [sink in the bathroom that has dark bath vanity with white vessel sink, black-framed mirror, gray hanging towel, toilet with tray against blue walls, floral framed wall art]

Elapsed 1 day, 10:47:57 Current start position is [     1.1166     0.04492     0.85951]
Elapsed 1 day, 11:13:35 ===Episode_id 10 task_id 2 task_level=region===
SR: False, SPL: 0.0, Object category: sink, goal type: sequence===

Elapsed 1 day, 11:13:35 [baseline] task_level=region scene=00802-wcojb4TFT35 episode=10 task=2 sec=1538.354
Elapsed 1 day, 11:13:35 [BASELINE_LIVE_METRICS] rows=153 avg_sr=0.516340 avg_spl=0.341648 follower_error_count=7 levels=[object:n=26,sr=0.730769,spl=0.509533; room:n=40,sr=0.575000,spl=0.353226; region:n=56,sr=0.535714,spl=0.388807; instance:n=31,sr=0.225806,spl=0.100711] latest_scene=00802-wcojb4TFT35 latest_episode=10 latest_task=2 latest_level=region by_level={"instance": {"avg_spl": 0.10071106104596403, "avg_sr": 0.22580645161290322, "count": 31}, "object": {"avg_spl": 0.5095327026658626, "avg_sr": 0.7307692307692307, "count": 26}, "region": {"avg_spl": 0.3888073907240544, "avg_sr": 0.5357142857142857, "count": 56}, "room": {"avg_spl": 0.35322585270438894, "avg_sr": 0.575, "count": 40}}
Elapsed 1 day, 11:13:35 

Begin to process [00802-wcojb4TFT35_sequence_10_3] type: [room], Question: [printer in the living room]

Elapsed 1 day, 11:13:35 Current start position is [   -0.87932    -0.00508     -9.3197]
Elapsed 1 day, 11:15:08 ===Episode_id 10 task_id 3 task_level=room===
SR: True, SPL: 0.8441281882296351, Object category: printer, goal type: sequence===

Elapsed 1 day, 11:15:08 [baseline] task_level=room scene=00802-wcojb4TFT35 episode=10 task=3 sec=92.443
Elapsed 1 day, 11:15:08 [BASELINE_LIVE_METRICS] rows=154 avg_sr=0.519481 avg_spl=0.344911 follower_error_count=7 levels=[object:n=26,sr=0.730769,spl=0.509533; room:n=41,sr=0.585366,spl=0.365199; region:n=56,sr=0.535714,spl=0.388807; instance:n=31,sr=0.225806,spl=0.100711] latest_scene=00802-wcojb4TFT35 latest_episode=10 latest_task=3 latest_level=room by_level={"instance": {"avg_spl": 0.10071106104596403, "avg_sr": 0.22580645161290322, "count": 31}, "object": {"avg_spl": 0.5095327026658626, "avg_sr": 0.7307692307692307, "count": 26}, "region": {"avg_spl": 0.3888073907240544, "avg_sr": 0.5357142857142857, "count": 56}, "room": {"avg_spl": 0.36519908040012666, "avg_sr": 0.5853658536585366, "count": 41}}
Elapsed 1 day, 11:15:08 

Begin to process [00802-wcojb4TFT35_sequence_10_4] type: [room], Question: [stove in the kitchen]

Elapsed 1 day, 11:15:08 Current start position is [     1.7212     0.04492     -4.6104]
Elapsed 1 day, 11:17:09 ===Episode_id 10 task_id 4 task_level=room===
SR: True, SPL: 0.7445783378298114, Object category: stove, goal type: sequence===

Elapsed 1 day, 11:17:09 [baseline] task_level=room scene=00802-wcojb4TFT35 episode=10 task=4 sec=121.015
Elapsed 1 day, 11:17:09 [BASELINE_LIVE_METRICS] rows=155 avg_sr=0.522581 avg_spl=0.347489 follower_error_count=7 levels=[object:n=26,sr=0.730769,spl=0.509533; room:n=42,sr=0.595238,spl=0.374232; region:n=56,sr=0.535714,spl=0.388807; instance:n=31,sr=0.225806,spl=0.100711] latest_scene=00802-wcojb4TFT35 latest_episode=10 latest_task=4 latest_level=room by_level={"instance": {"avg_spl": 0.10071106104596403, "avg_sr": 0.22580645161290322, "count": 31}, "object": {"avg_spl": 0.5095327026658626, "avg_sr": 0.7307692307692307, "count": 26}, "region": {"avg_spl": 0.3888073907240544, "avg_sr": 0.5357142857142857, "count": 56}, "room": {"avg_spl": 0.37423191986273824, "avg_sr": 0.5952380952380952, "count": 42}}
Elapsed 1 day, 11:17:09 [Metrics] sequence count: 155, invalid_count: 0, follower_error_count: 7, avg_sr: 0.522581, avg_spl: 0.347489

=== Episode ===: 11it [10:22:56, 3686.33s/it][AElapsed 1 day, 11:17:19 

Begin to process [00802-wcojb4TFT35_sequence_11_0] type: [instance], Question: [wooden black-and-tan checkered chessboard on shelf in living room with TV above fireplace]

Elapsed 1 day, 11:17:19 Current start position is [     -1.999     0.00851     -10.003]
Elapsed 1 day, 12:09:38 ===Episode_id 11 task_id 0 task_level=instance===
SR: False, SPL: 0.0, Object category: chess, goal type: sequence===

Elapsed 1 day, 12:09:38 [baseline] task_level=instance scene=00802-wcojb4TFT35 episode=11 task=0 sec=3138.989
Elapsed 1 day, 12:09:38 [BASELINE_LIVE_METRICS] rows=156 avg_sr=0.519231 avg_spl=0.345262 follower_error_count=7 levels=[object:n=26,sr=0.730769,spl=0.509533; room:n=42,sr=0.595238,spl=0.374232; region:n=56,sr=0.535714,spl=0.388807; instance:n=32,sr=0.218750,spl=0.097564] latest_scene=00802-wcojb4TFT35 latest_episode=11 latest_task=0 latest_level=instance by_level={"instance": {"avg_spl": 0.09756384038827766, "avg_sr": 0.21875, "count": 32}, "object": {"avg_spl": 0.5095327026658626, "avg_sr": 0.7307692307692307, "count": 26}, "region": {"avg_spl": 0.3888073907240544, "avg_sr": 0.5357142857142857, "count": 56}, "room": {"avg_spl": 0.37423191986273824, "avg_sr": 0.5952380952380952, "count": 42}}
Elapsed 1 day, 12:09:38 

Begin to process [00802-wcojb4TFT35_sequence_11_1] type: [room], Question: [stove in the kitchen]

Elapsed 1 day, 12:09:38 Current start position is [   -0.20464     0.04492     0.60767]
Elapsed 1 day, 12:12:59 ===Episode_id 11 task_id 1 task_level=room===
SR: True, SPL: 0.8384658416207313, Object category: stove, goal type: sequence===

Elapsed 1 day, 12:12:59 [baseline] task_level=room scene=00802-wcojb4TFT35 episode=11 task=1 sec=200.520
Elapsed 1 day, 12:12:59 [BASELINE_LIVE_METRICS] rows=157 avg_sr=0.522293 avg_spl=0.348403 follower_error_count=7 levels=[object:n=26,sr=0.730769,spl=0.509533; room:n=43,sr=0.604651,spl=0.385028; region:n=56,sr=0.535714,spl=0.388807; instance:n=32,sr=0.218750,spl=0.097564] latest_scene=00802-wcojb4TFT35 latest_episode=11 latest_task=1 latest_level=room by_level={"instance": {"avg_spl": 0.09756384038827766, "avg_sr": 0.21875, "count": 32}, "object": {"avg_spl": 0.5095327026658626, "avg_sr": 0.7307692307692307, "count": 26}, "region": {"avg_spl": 0.3888073907240544, "avg_sr": 0.5357142857142857, "count": 56}, "room": {"avg_spl": 0.3850280575780403, "avg_sr": 0.6046511627906976, "count": 43}}
Elapsed 1 day, 12:12:59 

Begin to process [00802-wcojb4TFT35_sequence_11_2] type: [region], Question: [art frame in the living room that has tan three-seater couch by window, fabric armchair with ottoman, tall brown bookshelf with board games, table with black printer, potted plant in corner, and TV mounted above fireplace]

Elapsed 1 day, 12:12:59 Current start position is [     1.0551    0.027977      -9.617]
Elapsed 1 day, 12:17:10 ===Episode_id 11 task_id 2 task_level=region===
SR: False, SPL: 0.0, Object category: art frame, goal type: sequence===

Elapsed 1 day, 12:17:10 [baseline] task_level=region scene=00802-wcojb4TFT35 episode=11 task=2 sec=251.076
Elapsed 1 day, 12:17:10 [BASELINE_LIVE_METRICS] rows=158 avg_sr=0.518987 avg_spl=0.346198 follower_error_count=7 levels=[object:n=26,sr=0.730769,spl=0.509533; room:n=43,sr=0.604651,spl=0.385028; region:n=57,sr=0.526316,spl=0.381986; instance:n=32,sr=0.218750,spl=0.097564] latest_scene=00802-wcojb4TFT35 latest_episode=11 latest_task=2 latest_level=region by_level={"instance": {"avg_spl": 0.09756384038827766, "avg_sr": 0.21875, "count": 32}, "object": {"avg_spl": 0.5095327026658626, "avg_sr": 0.7307692307692307, "count": 26}, "region": {"avg_spl": 0.38198620843064995, "avg_sr": 0.5263157894736842, "count": 57}, "room": {"avg_spl": 0.3850280575780403, "avg_sr": 0.6046511627906976, "count": 43}}
Elapsed 1 day, 12:17:10 

Begin to process [00802-wcojb4TFT35_sequence_11_3] type: [object], Question: [bath sink]

Elapsed 1 day, 12:17:10 Current start position is [   -0.16884     0.04492     0.51513]
Elapsed 1 day, 12:21:09 ===Episode_id 11 task_id 3 task_level=object===
SR: False, SPL: 0.0, Object category: bath sink, goal type: sequence===

Elapsed 1 day, 12:21:09 [baseline] task_level=object scene=00802-wcojb4TFT35 episode=11 task=3 sec=239.827
Elapsed 1 day, 12:21:09 [BASELINE_LIVE_METRICS] rows=159 avg_sr=0.515723 avg_spl=0.344021 follower_error_count=7 levels=[object:n=27,sr=0.703704,spl=0.490661; room:n=43,sr=0.604651,spl=0.385028; region:n=57,sr=0.526316,spl=0.381986; instance:n=32,sr=0.218750,spl=0.097564] latest_scene=00802-wcojb4TFT35 latest_episode=11 latest_task=3 latest_level=object by_level={"instance": {"avg_spl": 0.09756384038827766, "avg_sr": 0.21875, "count": 32}, "object": {"avg_spl": 0.4906611210856454, "avg_sr": 0.7037037037037037, "count": 27}, "region": {"avg_spl": 0.38198620843064995, "avg_sr": 0.5263157894736842, "count": 57}, "room": {"avg_spl": 0.3850280575780403, "avg_sr": 0.6046511627906976, "count": 43}}
Elapsed 1 day, 12:21:09 

Begin to process [00802-wcojb4TFT35_sequence_11_4] type: [object], Question: [fireplace]

Elapsed 1 day, 12:21:09 Current start position is [     2.1881     0.04492     -9.8486]
Elapsed 1 day, 12:24:34 ===Episode_id 11 task_id 4 task_level=object===
SR: True, SPL: 0.8780943838003523, Object category: fireplace, goal type: sequence===

Elapsed 1 day, 12:24:34 [baseline] task_level=object scene=00802-wcojb4TFT35 episode=11 task=4 sec=204.280
Elapsed 1 day, 12:24:34 [BASELINE_LIVE_METRICS] rows=160 avg_sr=0.518750 avg_spl=0.347359 follower_error_count=7 levels=[object:n=28,sr=0.714286,spl=0.504498; room:n=43,sr=0.604651,spl=0.385028; region:n=57,sr=0.526316,spl=0.381986; instance:n=32,sr=0.218750,spl=0.097564] latest_scene=00802-wcojb4TFT35 latest_episode=11 latest_task=4 latest_level=object by_level={"instance": {"avg_spl": 0.09756384038827766, "avg_sr": 0.21875, "count": 32}, "object": {"avg_spl": 0.5044980233254563, "avg_sr": 0.7142857142857143, "count": 28}, "region": {"avg_spl": 0.38198620843064995, "avg_sr": 0.5263157894736842, "count": 57}, "room": {"avg_spl": 0.3850280575780403, "avg_sr": 0.6046511627906976, "count": 43}}
Elapsed 1 day, 12:24:34 [Metrics] sequence count: 160, invalid_count: 0, follower_error_count: 7, avg_sr: 0.518750, avg_spl: 0.347359

=== Episode ===: 12it [11:30:21, 3795.43s/it][AElapsed 1 day, 12:24:44 

Begin to process [00802-wcojb4TFT35_sequence_12_0] type: [instance], Question: [wooden bookshelf in living room with tan couch and TV above fireplace]

Elapsed 1 day, 12:24:44 Current start position is [      1.232     0.04492     -10.265]
Elapsed 1 day, 12:55:47 ===Episode_id 12 task_id 0 task_level=instance===
SR: False, SPL: 0.0, Object category: bookshelf, goal type: sequence===

Elapsed 1 day, 12:55:47 [baseline] task_level=instance scene=00802-wcojb4TFT35 episode=12 task=0 sec=1863.071
Elapsed 1 day, 12:55:47 [BASELINE_LIVE_METRICS] rows=161 avg_sr=0.515528 avg_spl=0.345201 follower_error_count=7 levels=[object:n=28,sr=0.714286,spl=0.504498; room:n=43,sr=0.604651,spl=0.385028; region:n=57,sr=0.526316,spl=0.381986; instance:n=33,sr=0.212121,spl=0.094607] latest_scene=00802-wcojb4TFT35 latest_episode=12 latest_task=0 latest_level=instance by_level={"instance": {"avg_spl": 0.09460736037651167, "avg_sr": 0.21212121212121213, "count": 33}, "object": {"avg_spl": 0.5044980233254563, "avg_sr": 0.7142857142857143, "count": 28}, "region": {"avg_spl": 0.38198620843064995, "avg_sr": 0.5263157894736842, "count": 57}, "room": {"avg_spl": 0.3850280575780403, "avg_sr": 0.6046511627906976, "count": 43}}
Elapsed 1 day, 12:55:47 

Begin to process [00802-wcojb4TFT35_sequence_12_1] type: [object], Question: [stove]

Elapsed 1 day, 12:55:47 Current start position is [   -0.88981     0.04492      -2.089]
Elapsed 1 day, 12:58:39 ===Episode_id 12 task_id 1 task_level=object===
SR: True, SPL: 0.8044923416362, Object category: stove, goal type: sequence===

Elapsed 1 day, 12:58:39 [baseline] task_level=object scene=00802-wcojb4TFT35 episode=12 task=1 sec=171.310
Elapsed 1 day, 12:58:39 [BASELINE_LIVE_METRICS] rows=162 avg_sr=0.518519 avg_spl=0.348036 follower_error_count=7 levels=[object:n=29,sr=0.724138,spl=0.514843; room:n=43,sr=0.604651,spl=0.385028; region:n=57,sr=0.526316,spl=0.381986; instance:n=33,sr=0.212121,spl=0.094607] latest_scene=00802-wcojb4TFT35 latest_episode=12 latest_task=1 latest_level=object by_level={"instance": {"avg_spl": 0.09460736037651167, "avg_sr": 0.21212121212121213, "count": 33}, "object": {"avg_spl": 0.5148426549913441, "avg_sr": 0.7241379310344828, "count": 29}, "region": {"avg_spl": 0.38198620843064995, "avg_sr": 0.5263157894736842, "count": 57}, "room": {"avg_spl": 0.3850280575780403, "avg_sr": 0.6046511627906976, "count": 43}}
Elapsed 1 day, 12:58:39 

Begin to process [00802-wcojb4TFT35_sequence_12_2] type: [room], Question: [book in the living room]

Elapsed 1 day, 12:58:39 Current start position is [     1.0881    0.028201     -9.5907]
Elapsed 1 day, 13:02:15 ===Episode_id 12 task_id 2 task_level=room===
SR: True, SPL: 0.7680139508181802, Object category: book, goal type: sequence===

Elapsed 1 day, 13:02:15 [baseline] task_level=room scene=00802-wcojb4TFT35 episode=12 task=2 sec=216.861
Elapsed 1 day, 13:02:15 [BASELINE_LIVE_METRICS] rows=163 avg_sr=0.521472 avg_spl=0.350613 follower_error_count=7 levels=[object:n=29,sr=0.724138,spl=0.514843; room:n=44,sr=0.613636,spl=0.393732; region:n=57,sr=0.526316,spl=0.381986; instance:n=33,sr=0.212121,spl=0.094607] latest_scene=00802-wcojb4TFT35 latest_episode=12 latest_task=2 latest_level=room by_level={"instance": {"avg_spl": 0.09460736037651167, "avg_sr": 0.21212121212121213, "count": 33}, "object": {"avg_spl": 0.5148426549913441, "avg_sr": 0.7241379310344828, "count": 29}, "region": {"avg_spl": 0.38198620843064995, "avg_sr": 0.5263157894736842, "count": 57}, "room": {"avg_spl": 0.39373228242440717, "avg_sr": 0.6136363636363636, "count": 44}}
Elapsed 1 day, 13:02:15 

Begin to process [00802-wcojb4TFT35_sequence_12_3] type: [object], Question: [bathroom cabinet]

Elapsed 1 day, 13:02:15 Current start position is [    -1.4852     0.04492     -3.8275]
Elapsed 1 day, 13:43:47 ===Episode_id 12 task_id 3 task_level=object===
SR: False, SPL: 0.0, Object category: bathroom cabinet, goal type: sequence===

Elapsed 1 day, 13:43:47 [baseline] task_level=object scene=00802-wcojb4TFT35 episode=12 task=3 sec=2491.352
Elapsed 1 day, 13:43:47 [BASELINE_LIVE_METRICS] rows=164 avg_sr=0.518293 avg_spl=0.348475 follower_error_count=7 levels=[object:n=30,sr=0.700000,spl=0.497681; room:n=44,sr=0.613636,spl=0.393732; region:n=57,sr=0.526316,spl=0.381986; instance:n=33,sr=0.212121,spl=0.094607] latest_scene=00802-wcojb4TFT35 latest_episode=12 latest_task=3 latest_level=object by_level={"instance": {"avg_spl": 0.09460736037651167, "avg_sr": 0.21212121212121213, "count": 33}, "object": {"avg_spl": 0.49768123315829926, "avg_sr": 0.7, "count": 30}, "region": {"avg_spl": 0.38198620843064995, "avg_sr": 0.5263157894736842, "count": 57}, "room": {"avg_spl": 0.39373228242440717, "avg_sr": 0.6136363636363636, "count": 44}}
Elapsed 1 day, 13:43:47 

Begin to process [00802-wcojb4TFT35_sequence_12_4] type: [object], Question: [printer]

Elapsed 1 day, 13:43:47 Current start position is [   -0.84372    -0.00508     -8.8082]
Elapsed 1 day, 13:49:24 ===Episode_id 12 task_id 4 task_level=object===
SR: True, SPL: 0.827713339410409, Object category: printer, goal type: sequence===

Elapsed 1 day, 13:49:24 [baseline] task_level=object scene=00802-wcojb4TFT35 episode=12 task=4 sec=336.860
Elapsed 1 day, 13:49:24 [BASELINE_LIVE_METRICS] rows=165 avg_sr=0.521212 avg_spl=0.351380 follower_error_count=7 levels=[object:n=31,sr=0.709677,spl=0.508327; room:n=44,sr=0.613636,spl=0.393732; region:n=57,sr=0.526316,spl=0.381986; instance:n=33,sr=0.212121,spl=0.094607] latest_scene=00802-wcojb4TFT35 latest_episode=12 latest_task=4 latest_level=object by_level={"instance": {"avg_spl": 0.09460736037651167, "avg_sr": 0.21212121212121213, "count": 33}, "object": {"avg_spl": 0.5083274301341738, "avg_sr": 0.7096774193548387, "count": 31}, "region": {"avg_spl": 0.38198620843064995, "avg_sr": 0.5263157894736842, "count": 57}, "room": {"avg_spl": 0.39373228242440717, "avg_sr": 0.6136363636363636, "count": 44}}
Elapsed 1 day, 13:49:24 [Metrics] sequence count: 165, invalid_count: 0, follower_error_count: 7, avg_sr: 0.521212, avg_spl: 0.351380

=== Episode ===: 13it [12:55:11, 4187.58s/it][AElapsed 1 day, 13:49:32 

Begin to process [00802-wcojb4TFT35_sequence_13_0] type: [instance], Question: [light brown oval dining table with flowers in dining room]

Elapsed 1 day, 13:49:32 Current start position is [     1.4036     0.04492     0.53939]
Elapsed 1 day, 14:17:19 ===Episode_id 13 task_id 0 task_level=instance===
SR: True, SPL: 0.4945826395515969, Object category: table, goal type: sequence===

Elapsed 1 day, 14:17:19 [baseline] task_level=instance scene=00802-wcojb4TFT35 episode=13 task=0 sec=1666.760
Elapsed 1 day, 14:17:19 [BASELINE_LIVE_METRICS] rows=166 avg_sr=0.524096 avg_spl=0.352242 follower_error_count=7 levels=[object:n=31,sr=0.709677,spl=0.508327; room:n=44,sr=0.613636,spl=0.393732; region:n=57,sr=0.526316,spl=0.381986; instance:n=34,sr=0.235294,spl=0.106371] latest_scene=00802-wcojb4TFT35 latest_episode=13 latest_task=0 latest_level=instance by_level={"instance": {"avg_spl": 0.10637133917577889, "avg_sr": 0.23529411764705882, "count": 34}, "object": {"avg_spl": 0.5083274301341738, "avg_sr": 0.7096774193548387, "count": 31}, "region": {"avg_spl": 0.38198620843064995, "avg_sr": 0.5263157894736842, "count": 57}, "room": {"avg_spl": 0.39373228242440717, "avg_sr": 0.6136363636363636, "count": 44}}
Elapsed 1 day, 14:17:19 

Begin to process [00802-wcojb4TFT35_sequence_13_1] type: [region], Question: [picture in the bathroom that has dark bath vanity with white vessel sink, black-framed mirror, gray hanging towel, toilet with tray against blue walls, floral framed wall art]

Elapsed 1 day, 14:17:19 Current start position is [     1.4182    -0.00508     -6.9211]
Elapsed 1 day, 14:45:18 ===Episode_id 13 task_id 1 task_level=region===
SR: False, SPL: 0.0, Object category: picture, goal type: sequence===

Elapsed 1 day, 14:45:18 [baseline] task_level=region scene=00802-wcojb4TFT35 episode=13 task=1 sec=1678.534
Elapsed 1 day, 14:45:18 [BASELINE_LIVE_METRICS] rows=167 avg_sr=0.520958 avg_spl=0.350133 follower_error_count=7 levels=[object:n=31,sr=0.709677,spl=0.508327; room:n=44,sr=0.613636,spl=0.393732; region:n=58,sr=0.517241,spl=0.375400; instance:n=34,sr=0.235294,spl=0.106371] latest_scene=00802-wcojb4TFT35 latest_episode=13 latest_task=1 latest_level=region by_level={"instance": {"avg_spl": 0.10637133917577889, "avg_sr": 0.23529411764705882, "count": 34}, "object": {"avg_spl": 0.5083274301341738, "avg_sr": 0.7096774193548387, "count": 31}, "region": {"avg_spl": 0.3754002393197767, "avg_sr": 0.5172413793103449, "count": 58}, "room": {"avg_spl": 0.39373228242440717, "avg_sr": 0.6136363636363636, "count": 44}}
Elapsed 1 day, 14:45:18 

Begin to process [00802-wcojb4TFT35_sequence_13_2] type: [room], Question: [art frame in the living room]

Elapsed 1 day, 14:45:18 Current start position is [    -1.3438     0.04492     -3.7722]
Elapsed 1 day, 14:49:37 ===Episode_id 13 task_id 2 task_level=room===
SR: False, SPL: 0.0, Object category: art frame, goal type: sequence===

Elapsed 1 day, 14:49:37 [baseline] task_level=room scene=00802-wcojb4TFT35 episode=13 task=2 sec=258.846
Elapsed 1 day, 14:49:37 [BASELINE_LIVE_METRICS] rows=168 avg_sr=0.517857 avg_spl=0.348049 follower_error_count=7 levels=[object:n=31,sr=0.709677,spl=0.508327; room:n=45,sr=0.600000,spl=0.384983; region:n=58,sr=0.517241,spl=0.375400; instance:n=34,sr=0.235294,spl=0.106371] latest_scene=00802-wcojb4TFT35 latest_episode=13 latest_task=2 latest_level=room by_level={"instance": {"avg_spl": 0.10637133917577889, "avg_sr": 0.23529411764705882, "count": 34}, "object": {"avg_spl": 0.5083274301341738, "avg_sr": 0.7096774193548387, "count": 31}, "region": {"avg_spl": 0.3754002393197767, "avg_sr": 0.5172413793103449, "count": 58}, "room": {"avg_spl": 0.3849826761483092, "avg_sr": 0.6, "count": 45}}
Elapsed 1 day, 14:49:37 

Begin to process [00802-wcojb4TFT35_sequence_13_3] type: [room], Question: [sink in the kitchen]

Elapsed 1 day, 14:49:37 Current start position is [    -2.2011     0.04492     -3.4428]
Elapsed 1 day, 14:54:56 ===Episode_id 13 task_id 3 task_level=room===
SR: True, SPL: 0.8190631956406147, Object category: sink, goal type: sequence===

Elapsed 1 day, 14:54:56 [baseline] task_level=room scene=00802-wcojb4TFT35 episode=13 task=3 sec=319.494
Elapsed 1 day, 14:54:56 [BASELINE_LIVE_METRICS] rows=169 avg_sr=0.520710 avg_spl=0.350836 follower_error_count=7 levels=[object:n=31,sr=0.709677,spl=0.508327; room:n=46,sr=0.608696,spl=0.394419; region:n=58,sr=0.517241,spl=0.375400; instance:n=34,sr=0.235294,spl=0.106371] latest_scene=00802-wcojb4TFT35 latest_episode=13 latest_task=3 latest_level=room by_level={"instance": {"avg_spl": 0.10637133917577889, "avg_sr": 0.23529411764705882, "count": 34}, "object": {"avg_spl": 0.5083274301341738, "avg_sr": 0.7096774193548387, "count": 31}, "region": {"avg_spl": 0.3754002393197767, "avg_sr": 0.5172413793103449, "count": 58}, "room": {"avg_spl": 0.3944192091807506, "avg_sr": 0.6086956521739131, "count": 46}}
Elapsed 1 day, 14:54:56 

Begin to process [00802-wcojb4TFT35_sequence_13_4] type: [region], Question: [figure in the living room that has tan three-seater couch by window, fabric armchair with ottoman, tall brown bookshelf with board games, table with black printer, potted plant in corner, and TV mounted above fireplace]

Elapsed 1 day, 14:54:56 Current start position is [     2.1587     0.04492      -9.795]
Elapsed 1 day, 15:00:03 ===Episode_id 13 task_id 4 task_level=region===
SR: False, SPL: 0.0, Object category: figure, goal type: sequence===

Elapsed 1 day, 15:00:03 [baseline] task_level=region scene=00802-wcojb4TFT35 episode=13 task=4 sec=306.838
Elapsed 1 day, 15:00:03 [BASELINE_LIVE_METRICS] rows=170 avg_sr=0.517647 avg_spl=0.348772 follower_error_count=7 levels=[object:n=31,sr=0.709677,spl=0.508327; room:n=46,sr=0.608696,spl=0.394419; region:n=59,sr=0.508475,spl=0.369038; instance:n=34,sr=0.235294,spl=0.106371] latest_scene=00802-wcojb4TFT35 latest_episode=13 latest_task=4 latest_level=region by_level={"instance": {"avg_spl": 0.10637133917577889, "avg_sr": 0.23529411764705882, "count": 34}, "object": {"avg_spl": 0.5083274301341738, "avg_sr": 0.7096774193548387, "count": 31}, "region": {"avg_spl": 0.3690375233991025, "avg_sr": 0.5084745762711864, "count": 59}, "room": {"avg_spl": 0.3944192091807506, "avg_sr": 0.6086956521739131, "count": 46}}
Elapsed 1 day, 15:00:03 [Metrics] sequence count: 170, invalid_count: 0, follower_error_count: 7, avg_sr: 0.517647, avg_spl: 0.348772

=== Episode ===: 14it [14:05:50, 4203.22s/it][AElapsed 1 day, 15:00:12 

Begin to process [00802-wcojb4TFT35_sequence_14_0] type: [instance], Question: [tall dried twig beside wooden upright piano beneath cityscape prints in living room with black-and-beige leaf-patterned armchairs by window]

Elapsed 1 day, 15:00:12 Current start position is [     1.4122     0.04492     0.46227]
Elapsed 1 day, 15:27:45 ===Episode_id 14 task_id 0 task_level=instance===
SR: False, SPL: 0.0, Object category: decorative plant, goal type: sequence===

Elapsed 1 day, 15:27:45 [baseline] task_level=instance scene=00802-wcojb4TFT35 episode=14 task=0 sec=1653.135
Elapsed 1 day, 15:27:45 [BASELINE_LIVE_METRICS] rows=171 avg_sr=0.514620 avg_spl=0.346733 follower_error_count=7 levels=[object:n=31,sr=0.709677,spl=0.508327; room:n=46,sr=0.608696,spl=0.394419; region:n=59,sr=0.508475,spl=0.369038; instance:n=35,sr=0.228571,spl=0.103332] latest_scene=00802-wcojb4TFT35 latest_episode=14 latest_task=0 latest_level=instance by_level={"instance": {"avg_spl": 0.10333215805647092, "avg_sr": 0.22857142857142856, "count": 35}, "object": {"avg_spl": 0.5083274301341738, "avg_sr": 0.7096774193548387, "count": 31}, "region": {"avg_spl": 0.3690375233991025, "avg_sr": 0.5084745762711864, "count": 59}, "room": {"avg_spl": 0.3944192091807506, "avg_sr": 0.6086956521739131, "count": 46}}
Elapsed 1 day, 15:27:45 

Begin to process [00802-wcojb4TFT35_sequence_14_1] type: [room], Question: [kitchen counter in the kitchen]

Elapsed 1 day, 15:27:45 Current start position is [   0.043098     0.04492     0.58091]
Elapsed 1 day, 15:29:47 ===Episode_id 14 task_id 1 task_level=room===
SR: True, SPL: 0.7499749810512607, Object category: kitchen counter, goal type: sequence===

Elapsed 1 day, 15:29:47 [baseline] task_level=room scene=00802-wcojb4TFT35 episode=14 task=1 sec=121.675
Elapsed 1 day, 15:29:47 [BASELINE_LIVE_METRICS] rows=172 avg_sr=0.517442 avg_spl=0.349077 follower_error_count=7 levels=[object:n=31,sr=0.709677,spl=0.508327; room:n=47,sr=0.617021,spl=0.401984; region:n=59,sr=0.508475,spl=0.369038; instance:n=35,sr=0.228571,spl=0.103332] latest_scene=00802-wcojb4TFT35 latest_episode=14 latest_task=1 latest_level=room by_level={"instance": {"avg_spl": 0.10333215805647092, "avg_sr": 0.22857142857142856, "count": 35}, "object": {"avg_spl": 0.5083274301341738, "avg_sr": 0.7096774193548387, "count": 31}, "region": {"avg_spl": 0.3690375233991025, "avg_sr": 0.5084745762711864, "count": 59}, "room": {"avg_spl": 0.40198422560352737, "avg_sr": 0.6170212765957447, "count": 47}}
Elapsed 1 day, 15:29:47 

Begin to process [00802-wcojb4TFT35_sequence_14_2] type: [room], Question: [tv in the living room]

Elapsed 1 day, 15:29:47 Current start position is [      2.113     0.04492     -10.077]
Elapsed 1 day, 15:32:03 ===Episode_id 14 task_id 2 task_level=room===
SR: True, SPL: 0.8798046095872333, Object category: tv, goal type: sequence===

Elapsed 1 day, 15:32:03 [baseline] task_level=room scene=00802-wcojb4TFT35 episode=14 task=2 sec=136.239
Elapsed 1 day, 15:32:03 [BASELINE_LIVE_METRICS] rows=173 avg_sr=0.520231 avg_spl=0.352145 follower_error_count=7 levels=[object:n=31,sr=0.709677,spl=0.508327; room:n=48,sr=0.625000,spl=0.411939; region:n=59,sr=0.508475,spl=0.369038; instance:n=35,sr=0.228571,spl=0.103332] latest_scene=00802-wcojb4TFT35 latest_episode=14 latest_task=2 latest_level=room by_level={"instance": {"avg_spl": 0.10333215805647092, "avg_sr": 0.22857142857142856, "count": 35}, "object": {"avg_spl": 0.5083274301341738, "avg_sr": 0.7096774193548387, "count": 31}, "region": {"avg_spl": 0.3690375233991025, "avg_sr": 0.5084745762711864, "count": 59}, "room": {"avg_spl": 0.41193881693652123, "avg_sr": 0.625, "count": 48}}
Elapsed 1 day, 15:32:03 

Begin to process [00802-wcojb4TFT35_sequence_14_3] type: [room], Question: [table in the living room]

Elapsed 1 day, 15:32:03 Current start position is [   -0.20751     0.04492     0.50541]
Elapsed 1 day, 15:34:29 ===Episode_id 14 task_id 3 task_level=room===
SR: False, SPL: 0.0, Object category: table, goal type: sequence===

Elapsed 1 day, 15:34:29 [baseline] task_level=room scene=00802-wcojb4TFT35 episode=14 task=3 sec=146.356
Elapsed 1 day, 15:34:29 [BASELINE_LIVE_METRICS] rows=174 avg_sr=0.517241 avg_spl=0.350121 follower_error_count=7 levels=[object:n=31,sr=0.709677,spl=0.508327; room:n=49,sr=0.612245,spl=0.403532; region:n=59,sr=0.508475,spl=0.369038; instance:n=35,sr=0.228571,spl=0.103332] latest_scene=00802-wcojb4TFT35 latest_episode=14 latest_task=3 latest_level=room by_level={"instance": {"avg_spl": 0.10333215805647092, "avg_sr": 0.22857142857142856, "count": 35}, "object": {"avg_spl": 0.5083274301341738, "avg_sr": 0.7096774193548387, "count": 31}, "region": {"avg_spl": 0.3690375233991025, "avg_sr": 0.5084745762711864, "count": 59}, "room": {"avg_spl": 0.40353190230516367, "avg_sr": 0.6122448979591837, "count": 49}}
Elapsed 1 day, 15:34:29 

Begin to process [00802-wcojb4TFT35_sequence_14_4] type: [region], Question: [printer in the living room that has tan three-seater couch by window, fabric armchair with ottoman, tall brown bookshelf with board games, table with black printer, potted plant in corner, and TV mounted above fireplace]

Elapsed 1 day, 15:34:29 Current start position is [    0.67951    -0.00508     -5.1937]
Elapsed 1 day, 15:36:52 ===Episode_id 14 task_id 4 task_level=region===
SR: False, SPL: 0.0, Object category: printer, goal type: sequence===

Elapsed 1 day, 15:36:52 [baseline] task_level=region scene=00802-wcojb4TFT35 episode=14 task=4 sec=142.159
Elapsed 1 day, 15:36:52 [BASELINE_LIVE_METRICS] rows=175 avg_sr=0.514286 avg_spl=0.348120 follower_error_count=7 levels=[object:n=31,sr=0.709677,spl=0.508327; room:n=49,sr=0.612245,spl=0.403532; region:n=60,sr=0.500000,spl=0.362887; instance:n=35,sr=0.228571,spl=0.103332] latest_scene=00802-wcojb4TFT35 latest_episode=14 latest_task=4 latest_level=region by_level={"instance": {"avg_spl": 0.10333215805647092, "avg_sr": 0.22857142857142856, "count": 35}, "object": {"avg_spl": 0.5083274301341738, "avg_sr": 0.7096774193548387, "count": 31}, "region": {"avg_spl": 0.36288689800911744, "avg_sr": 0.5, "count": 60}, "room": {"avg_spl": 0.40353190230516367, "avg_sr": 0.6122448979591837, "count": 49}}
Elapsed 1 day, 15:36:52 [Metrics] sequence count: 175, invalid_count: 0, follower_error_count: 7, avg_sr: 0.514286, avg_spl: 0.348120

=== Episode ===: 15it [14:42:39, 3602.00s/it][AElapsed 1 day, 15:37:02 

Begin to process [00802-wcojb4TFT35_sequence_15_0] type: [instance], Question: [brown wooden upright piano beneath cityscape prints in living room with black-and-beige leaf-patterned armchairs by window]

Elapsed 1 day, 15:37:02 Current start position is [    0.62729      0.0447     -10.527]
Elapsed 1 day, 16:08:16 ===Episode_id 15 task_id 0 task_level=instance===
SR: False, SPL: 0.0, Object category: piano, goal type: sequence===

Elapsed 1 day, 16:08:16 [baseline] task_level=instance scene=00802-wcojb4TFT35 episode=15 task=0 sec=1874.427
Elapsed 1 day, 16:08:16 [BASELINE_LIVE_METRICS] rows=176 avg_sr=0.511364 avg_spl=0.346142 follower_error_count=7 levels=[object:n=31,sr=0.709677,spl=0.508327; room:n=49,sr=0.612245,spl=0.403532; region:n=60,sr=0.500000,spl=0.362887; instance:n=36,sr=0.222222,spl=0.100462] latest_scene=00802-wcojb4TFT35 latest_episode=15 latest_task=0 latest_level=instance by_level={"instance": {"avg_spl": 0.10046182033268006, "avg_sr": 0.2222222222222222, "count": 36}, "object": {"avg_spl": 0.5083274301341738, "avg_sr": 0.7096774193548387, "count": 31}, "region": {"avg_spl": 0.36288689800911744, "avg_sr": 0.5, "count": 60}, "room": {"avg_spl": 0.40353190230516367, "avg_sr": 0.6122448979591837, "count": 49}}
Elapsed 1 day, 16:08:16 

Begin to process [00802-wcojb4TFT35_sequence_15_1] type: [object], Question: [coffee machine]

Elapsed 1 day, 16:08:16 Current start position is [    -2.6208  -0.0040768      -9.477]
Elapsed 1 day, 16:11:31 ===Episode_id 15 task_id 1 task_level=object===
SR: True, SPL: 0.8701737900837522, Object category: coffee machine, goal type: sequence===

Elapsed 1 day, 16:11:31 [baseline] task_level=object scene=00802-wcojb4TFT35 episode=15 task=1 sec=194.848
Elapsed 1 day, 16:11:31 [BASELINE_LIVE_METRICS] rows=177 avg_sr=0.514124 avg_spl=0.349103 follower_error_count=7 levels=[object:n=32,sr=0.718750,spl=0.519635; room:n=49,sr=0.612245,spl=0.403532; region:n=60,sr=0.500000,spl=0.362887; instance:n=36,sr=0.222222,spl=0.100462] latest_scene=00802-wcojb4TFT35 latest_episode=15 latest_task=1 latest_level=object by_level={"instance": {"avg_spl": 0.10046182033268006, "avg_sr": 0.2222222222222222, "count": 36}, "object": {"avg_spl": 0.5196351288825981, "avg_sr": 0.71875, "count": 32}, "region": {"avg_spl": 0.36288689800911744, "avg_sr": 0.5, "count": 60}, "room": {"avg_spl": 0.40353190230516367, "avg_sr": 0.6122448979591837, "count": 49}}
Elapsed 1 day, 16:11:31 

Begin to process [00802-wcojb4TFT35_sequence_15_2] type: [room], Question: [decorative plant in the living room]

Elapsed 1 day, 16:11:31 Current start position is [     2.1852     0.04492       -8.99]
Elapsed 1 day, 16:14:11 ===Episode_id 15 task_id 2 task_level=room===
SR: True, SPL: 0.8013715807937463, Object category: decorative plant, goal type: sequence===

Elapsed 1 day, 16:14:11 [baseline] task_level=room scene=00802-wcojb4TFT35 episode=15 task=2 sec=159.522
Elapsed 1 day, 16:14:11 [BASELINE_LIVE_METRICS] rows=178 avg_sr=0.516854 avg_spl=0.351644 follower_error_count=7 levels=[object:n=32,sr=0.718750,spl=0.519635; room:n=50,sr=0.620000,spl=0.411489; region:n=60,sr=0.500000,spl=0.362887; instance:n=36,sr=0.222222,spl=0.100462] latest_scene=00802-wcojb4TFT35 latest_episode=15 latest_task=2 latest_level=room by_level={"instance": {"avg_spl": 0.10046182033268006, "avg_sr": 0.2222222222222222, "count": 36}, "object": {"avg_spl": 0.5196351288825981, "avg_sr": 0.71875, "count": 32}, "region": {"avg_spl": 0.36288689800911744, "avg_sr": 0.5, "count": 60}, "room": {"avg_spl": 0.4114886958749353, "avg_sr": 0.62, "count": 50}}
Elapsed 1 day, 16:14:11 

Begin to process [00802-wcojb4TFT35_sequence_15_3] type: [room], Question: [tv in the living room]

Elapsed 1 day, 16:14:11 Current start position is [    -3.0737    -0.00508     -5.4903]
Elapsed 1 day, 16:17:14 ===Episode_id 15 task_id 3 task_level=room===
SR: True, SPL: 0.8677521865776596, Object category: tv, goal type: sequence===

Elapsed 1 day, 16:17:14 [baseline] task_level=room scene=00802-wcojb4TFT35 episode=15 task=3 sec=182.812
Elapsed 1 day, 16:17:14 [BASELINE_LIVE_METRICS] rows=179 avg_sr=0.519553 avg_spl=0.354527 follower_error_count=7 levels=[object:n=32,sr=0.718750,spl=0.519635; room:n=51,sr=0.627451,spl=0.420435; region:n=60,sr=0.500000,spl=0.362887; instance:n=36,sr=0.222222,spl=0.100462] latest_scene=00802-wcojb4TFT35 latest_episode=15 latest_task=3 latest_level=room by_level={"instance": {"avg_spl": 0.10046182033268006, "avg_sr": 0.2222222222222222, "count": 36}, "object": {"avg_spl": 0.5196351288825981, "avg_sr": 0.71875, "count": 32}, "region": {"avg_spl": 0.36288689800911744, "avg_sr": 0.5, "count": 60}, "room": {"avg_spl": 0.4204350388298907, "avg_sr": 0.6274509803921569, "count": 51}}
Elapsed 1 day, 16:17:14 

Begin to process [00802-wcojb4TFT35_sequence_15_4] type: [region], Question: [printer in the living room that has tan three-seater couch by window, fabric armchair with ottoman, tall brown bookshelf with board games, table with black printer, potted plant in corner, and TV mounted above fireplace]

Elapsed 1 day, 16:17:14 Current start position is [   -0.22341     0.04492     0.60767]
Elapsed 1 day, 16:21:04 ===Episode_id 15 task_id 4 task_level=region===
SR: False, SPL: 0.0, Object category: printer, goal type: sequence===

Elapsed 1 day, 16:21:04 [baseline] task_level=region scene=00802-wcojb4TFT35 episode=15 task=4 sec=230.249
Elapsed 1 day, 16:21:04 [BASELINE_LIVE_METRICS] rows=180 avg_sr=0.516667 avg_spl=0.352558 follower_error_count=7 levels=[object:n=32,sr=0.718750,spl=0.519635; room:n=51,sr=0.627451,spl=0.420435; region:n=61,sr=0.491803,spl=0.356938; instance:n=36,sr=0.222222,spl=0.100462] latest_scene=00802-wcojb4TFT35 latest_episode=15 latest_task=4 latest_level=region by_level={"instance": {"avg_spl": 0.10046182033268006, "avg_sr": 0.2222222222222222, "count": 36}, "object": {"avg_spl": 0.5196351288825981, "avg_sr": 0.71875, "count": 32}, "region": {"avg_spl": 0.3569379324679844, "avg_sr": 0.4918032786885246, "count": 61}, "room": {"avg_spl": 0.4204350388298907, "avg_sr": 0.6274509803921569, "count": 51}}
Elapsed 1 day, 16:21:04 [Metrics] sequence count: 180, invalid_count: 0, follower_error_count: 7, avg_sr: 0.516667, avg_spl: 0.352558

=== Episode ===: 16it [15:26:51, 3316.12s/it][AElapsed 1 day, 16:21:13 

Begin to process [00802-wcojb4TFT35_sequence_16_0] type: [instance], Question: [left beige-and-black fabric armchair with leaf pattern in living room with wooden upright piano beneath cityscape prints]

Elapsed 1 day, 16:21:13 Current start position is [     0.6602     0.04492     0.19554]
Elapsed 1 day, 16:49:35 ===Episode_id 16 task_id 0 task_level=instance===
SR: False, SPL: 0.0, Object category: armchair, goal type: sequence===

Elapsed 1 day, 16:49:35 [baseline] task_level=instance scene=00802-wcojb4TFT35 episode=16 task=0 sec=1701.754
Elapsed 1 day, 16:49:35 [BASELINE_LIVE_METRICS] rows=181 avg_sr=0.513812 avg_spl=0.350610 follower_error_count=7 levels=[object:n=32,sr=0.718750,spl=0.519635; room:n=51,sr=0.627451,spl=0.420435; region:n=61,sr=0.491803,spl=0.356938; instance:n=37,sr=0.216216,spl=0.097747] latest_scene=00802-wcojb4TFT35 latest_episode=16 latest_task=0 latest_level=instance by_level={"instance": {"avg_spl": 0.09774663599936438, "avg_sr": 0.21621621621621623, "count": 37}, "object": {"avg_spl": 0.5196351288825981, "avg_sr": 0.71875, "count": 32}, "region": {"avg_spl": 0.3569379324679844, "avg_sr": 0.4918032786885246, "count": 61}, "room": {"avg_spl": 0.4204350388298907, "avg_sr": 0.6274509803921569, "count": 51}}
Elapsed 1 day, 16:49:35 

Begin to process [00802-wcojb4TFT35_sequence_16_1] type: [object], Question: [shelf]

Elapsed 1 day, 16:49:35 Current start position is [   -0.91632     0.04492     -2.0463]
Elapsed 1 day, 16:52:40 Goal is not navigable: 00802-wcojb4TFT35_sequence_16_1
Elapsed 1 day, 16:52:40 ===Episode_id 16 task_id 1 task_level=object===
SR: 0, SPL: 0, Object category: shelf, goal type: sequence===

Elapsed 1 day, 16:52:40 [baseline] task_level=object scene=00802-wcojb4TFT35 episode=16 task=1 sec=185.274
Elapsed 1 day, 16:52:40 [BASELINE_LIVE_METRICS] rows=182 avg_sr=0.510989 avg_spl=0.348683 follower_error_count=7 levels=[object:n=33,sr=0.696970,spl=0.503889; room:n=51,sr=0.627451,spl=0.420435; region:n=61,sr=0.491803,spl=0.356938; instance:n=37,sr=0.216216,spl=0.097747] latest_scene=00802-wcojb4TFT35 latest_episode=16 latest_task=1 latest_level=object by_level={"instance": {"avg_spl": 0.09774663599936438, "avg_sr": 0.21621621621621623, "count": 37}, "object": {"avg_spl": 0.5038886098255497, "avg_sr": 0.696969696969697, "count": 33}, "region": {"avg_spl": 0.3569379324679844, "avg_sr": 0.4918032786885246, "count": 61}, "room": {"avg_spl": 0.4204350388298907, "avg_sr": 0.6274509803921569, "count": 51}}
Elapsed 1 day, 16:52:40 

Begin to process [00802-wcojb4TFT35_sequence_16_2] type: [object], Question: [bookshelf]

Elapsed 1 day, 16:52:41 Current start position is [    -1.0627     0.04492     -3.7315]
Elapsed 1 day, 16:55:10 ===Episode_id 16 task_id 2 task_level=object===
SR: True, SPL: 0.9983133947832908, Object category: bookshelf, goal type: sequence===

Elapsed 1 day, 16:55:10 [baseline] task_level=object scene=00802-wcojb4TFT35 episode=16 task=2 sec=149.979
Elapsed 1 day, 16:55:10 [BASELINE_LIVE_METRICS] rows=183 avg_sr=0.513661 avg_spl=0.352233 follower_error_count=7 levels=[object:n=34,sr=0.705882,spl=0.518431; room:n=51,sr=0.627451,spl=0.420435; region:n=61,sr=0.491803,spl=0.356938; instance:n=37,sr=0.216216,spl=0.097747] latest_scene=00802-wcojb4TFT35 latest_episode=16 latest_task=2 latest_level=object by_level={"instance": {"avg_spl": 0.09774663599936438, "avg_sr": 0.21621621621621623, "count": 37}, "object": {"avg_spl": 0.5184305152654832, "avg_sr": 0.7058823529411765, "count": 34}, "region": {"avg_spl": 0.3569379324679844, "avg_sr": 0.4918032786885246, "count": 61}, "room": {"avg_spl": 0.4204350388298907, "avg_sr": 0.6274509803921569, "count": 51}}
Elapsed 1 day, 16:55:10 

Begin to process [00802-wcojb4TFT35_sequence_16_3] type: [region], Question: [coffee machine in the kitchen that has white kitchen cabinets with stainless sink below window, microwave above stove and oven, built-in dishwasher, coffee machine in corner, and stainless steel refrigerator]

Elapsed 1 day, 16:55:10 Current start position is [    -1.1848     0.04492     -3.8423]
Elapsed 1 day, 17:35:51 ===Episode_id 16 task_id 3 task_level=region===
SR: False, SPL: 0.0, Object category: coffee machine, goal type: sequence===

Elapsed 1 day, 17:35:51 [baseline] task_level=region scene=00802-wcojb4TFT35 episode=16 task=3 sec=2440.460
Elapsed 1 day, 17:35:51 [BASELINE_LIVE_METRICS] rows=184 avg_sr=0.510870 avg_spl=0.350319 follower_error_count=7 levels=[object:n=34,sr=0.705882,spl=0.518431; room:n=51,sr=0.627451,spl=0.420435; region:n=62,sr=0.483871,spl=0.351181; instance:n=37,sr=0.216216,spl=0.097747] latest_scene=00802-wcojb4TFT35 latest_episode=16 latest_task=3 latest_level=region by_level={"instance": {"avg_spl": 0.09774663599936438, "avg_sr": 0.21621621621621623, "count": 37}, "object": {"avg_spl": 0.5184305152654832, "avg_sr": 0.7058823529411765, "count": 34}, "region": {"avg_spl": 0.3511808690410814, "avg_sr": 0.4838709677419355, "count": 62}, "room": {"avg_spl": 0.4204350388298907, "avg_sr": 0.6274509803921569, "count": 51}}
Elapsed 1 day, 17:35:51 

Begin to process [00802-wcojb4TFT35_sequence_16_4] type: [object], Question: [piano bench]

Elapsed 1 day, 17:35:51 Current start position is [     1.1141    0.032262     -9.6866]
Elapsed 1 day, 17:41:01 ===Episode_id 16 task_id 4 task_level=object===
SR: False, SPL: 0.0, Object category: piano bench, goal type: sequence===

Elapsed 1 day, 17:41:01 [baseline] task_level=object scene=00802-wcojb4TFT35 episode=16 task=4 sec=309.772
Elapsed 1 day, 17:41:01 [BASELINE_LIVE_METRICS] rows=185 avg_sr=0.508108 avg_spl=0.348425 follower_error_count=7 levels=[object:n=35,sr=0.685714,spl=0.503618; room:n=51,sr=0.627451,spl=0.420435; region:n=62,sr=0.483871,spl=0.351181; instance:n=37,sr=0.216216,spl=0.097747] latest_scene=00802-wcojb4TFT35 latest_episode=16 latest_task=4 latest_level=object by_level={"instance": {"avg_spl": 0.09774663599936438, "avg_sr": 0.21621621621621623, "count": 37}, "object": {"avg_spl": 0.5036182148293266, "avg_sr": 0.6857142857142857, "count": 35}, "region": {"avg_spl": 0.3511808690410814, "avg_sr": 0.4838709677419355, "count": 62}, "room": {"avg_spl": 0.4204350388298907, "avg_sr": 0.6274509803921569, "count": 51}}
Elapsed 1 day, 17:41:01 [Metrics] sequence count: 185, invalid_count: 0, follower_error_count: 7, avg_sr: 0.508108, avg_spl: 0.348425

=== Episode ===: 17it [16:46:48, 3761.36s/it][AElapsed 1 day, 17:41:10 

Begin to process [00802-wcojb4TFT35_sequence_17_0] type: [instance], Question: [black side table with lamp between black-and-beige leaf-patterned armchairs in living room with wooden piano beneath cityscape prints]

Elapsed 1 day, 17:41:11 Current start position is [    0.42604     0.04492     0.46181]
Elapsed 1 day, 18:15:35 ===Episode_id 17 task_id 0 task_level=instance===
SR: False, SPL: 0.0, Object category: table, goal type: sequence===

Elapsed 1 day, 18:15:35 [baseline] task_level=instance scene=00802-wcojb4TFT35 episode=17 task=0 sec=2064.316
Elapsed 1 day, 18:15:35 [BASELINE_LIVE_METRICS] rows=186 avg_sr=0.505376 avg_spl=0.346552 follower_error_count=7 levels=[object:n=35,sr=0.685714,spl=0.503618; room:n=51,sr=0.627451,spl=0.420435; region:n=62,sr=0.483871,spl=0.351181; instance:n=38,sr=0.210526,spl=0.095174] latest_scene=00802-wcojb4TFT35 latest_episode=17 latest_task=0 latest_level=instance by_level={"instance": {"avg_spl": 0.09517435610464427, "avg_sr": 0.21052631578947367, "count": 38}, "object": {"avg_spl": 0.5036182148293266, "avg_sr": 0.6857142857142857, "count": 35}, "region": {"avg_spl": 0.3511808690410814, "avg_sr": 0.4838709677419355, "count": 62}, "room": {"avg_spl": 0.4204350388298907, "avg_sr": 0.6274509803921569, "count": 51}}
Elapsed 1 day, 18:15:35 

Begin to process [00802-wcojb4TFT35_sequence_17_1] type: [object], Question: [cabinet]

Elapsed 1 day, 18:15:35 Current start position is [    -1.2095     0.04492    -0.46709]
Elapsed 1 day, 18:19:04 ===Episode_id 17 task_id 1 task_level=object===
SR: False, SPL: 0.0, Object category: cabinet, goal type: sequence===

Elapsed 1 day, 18:19:04 [baseline] task_level=object scene=00802-wcojb4TFT35 episode=17 task=1 sec=209.462
Elapsed 1 day, 18:19:04 [BASELINE_LIVE_METRICS] rows=187 avg_sr=0.502674 avg_spl=0.344699 follower_error_count=7 levels=[object:n=36,sr=0.666667,spl=0.489629; room:n=51,sr=0.627451,spl=0.420435; region:n=62,sr=0.483871,spl=0.351181; instance:n=38,sr=0.210526,spl=0.095174] latest_scene=00802-wcojb4TFT35 latest_episode=17 latest_task=1 latest_level=object by_level={"instance": {"avg_spl": 0.09517435610464427, "avg_sr": 0.21052631578947367, "count": 38}, "object": {"avg_spl": 0.48962881997295643, "avg_sr": 0.6666666666666666, "count": 36}, "region": {"avg_spl": 0.3511808690410814, "avg_sr": 0.4838709677419355, "count": 62}, "room": {"avg_spl": 0.4204350388298907, "avg_sr": 0.6274509803921569, "count": 51}}
Elapsed 1 day, 18:19:04 

Begin to process [00802-wcojb4TFT35_sequence_17_2] type: [region], Question: [decorative plant in the living room that has wooden upright piano below three framed cityscape prints, four-seasons tree prints above console cabinet, vase of bare branches in corner, and black-and-beige leaf-patterned armchairs by window]

Elapsed 1 day, 18:19:04 Current start position is [    -2.0854     0.04492     -3.7782]
Elapsed 1 day, 18:23:18 ===Episode_id 17 task_id 2 task_level=region===
SR: True, SPL: 0.8175877259409718, Object category: decorative plant, goal type: sequence===

Elapsed 1 day, 18:23:18 [baseline] task_level=region scene=00802-wcojb4TFT35 episode=17 task=2 sec=253.661
Elapsed 1 day, 18:23:18 [BASELINE_LIVE_METRICS] rows=188 avg_sr=0.505319 avg_spl=0.347214 follower_error_count=7 levels=[object:n=36,sr=0.666667,spl=0.489629; room:n=51,sr=0.627451,spl=0.420435; region:n=63,sr=0.492063,spl=0.358584; instance:n=38,sr=0.210526,spl=0.095174] latest_scene=00802-wcojb4TFT35 latest_episode=17 latest_task=2 latest_level=region by_level={"instance": {"avg_spl": 0.09517435610464427, "avg_sr": 0.21052631578947367, "count": 38}, "object": {"avg_spl": 0.48962881997295643, "avg_sr": 0.6666666666666666, "count": 36}, "region": {"avg_spl": 0.35858415248393677, "avg_sr": 0.49206349206349204, "count": 63}, "room": {"avg_spl": 0.4204350388298907, "avg_sr": 0.6274509803921569, "count": 51}}
Elapsed 1 day, 18:23:18 

Begin to process [00802-wcojb4TFT35_sequence_17_3] type: [region], Question: [dishwasher in the kitchen that has white kitchen cabinets with stainless sink below window, microwave above stove and oven, built-in dishwasher, coffee machine in corner, and stainless steel refrigerator]

Elapsed 1 day, 18:23:18 Current start position is [    -2.5666    -0.00508     -5.1981]
Elapsed 1 day, 18:46:39 ===Episode_id 17 task_id 3 task_level=region===
SR: False, SPL: 0.0, Object category: dishwasher, goal type: sequence===

Elapsed 1 day, 18:46:39 [baseline] task_level=region scene=00802-wcojb4TFT35 episode=17 task=3 sec=1400.737
Elapsed 1 day, 18:46:39 [BASELINE_LIVE_METRICS] rows=189 avg_sr=0.502646 avg_spl=0.345377 follower_error_count=7 levels=[object:n=36,sr=0.666667,spl=0.489629; room:n=51,sr=0.627451,spl=0.420435; region:n=64,sr=0.484375,spl=0.352981; instance:n=38,sr=0.210526,spl=0.095174] latest_scene=00802-wcojb4TFT35 latest_episode=17 latest_task=3 latest_level=region by_level={"instance": {"avg_spl": 0.09517435610464427, "avg_sr": 0.21052631578947367, "count": 38}, "object": {"avg_spl": 0.48962881997295643, "avg_sr": 0.6666666666666666, "count": 36}, "region": {"avg_spl": 0.3529812751013753, "avg_sr": 0.484375, "count": 64}, "room": {"avg_spl": 0.4204350388298907, "avg_sr": 0.6274509803921569, "count": 51}}
Elapsed 1 day, 18:46:39 

Begin to process [00802-wcojb4TFT35_sequence_17_4] type: [room], Question: [piano in the living room]

Elapsed 1 day, 18:46:39 Current start position is [     1.1246    0.028893      -9.575]
Elapsed 1 day, 18:48:57 ===Episode_id 17 task_id 4 task_level=room===
SR: False, SPL: 0.0, Object category: piano, goal type: sequence===

Elapsed 1 day, 18:48:57 [baseline] task_level=room scene=00802-wcojb4TFT35 episode=17 task=4 sec=138.398
Elapsed 1 day, 18:48:57 [BASELINE_LIVE_METRICS] rows=190 avg_sr=0.500000 avg_spl=0.343559 follower_error_count=7 levels=[object:n=36,sr=0.666667,spl=0.489629; room:n=52,sr=0.615385,spl=0.412350; region:n=64,sr=0.484375,spl=0.352981; instance:n=38,sr=0.210526,spl=0.095174] latest_scene=00802-wcojb4TFT35 latest_episode=17 latest_task=4 latest_level=room by_level={"instance": {"avg_spl": 0.09517435610464427, "avg_sr": 0.21052631578947367, "count": 38}, "object": {"avg_spl": 0.48962881997295643, "avg_sr": 0.6666666666666666, "count": 36}, "region": {"avg_spl": 0.3529812751013753, "avg_sr": 0.484375, "count": 64}, "room": {"avg_spl": 0.4123497496216236, "avg_sr": 0.6153846153846154, "count": 52}}
Elapsed 1 day, 18:48:57 [Metrics] sequence count: 190, invalid_count: 0, follower_error_count: 7, avg_sr: 0.500000, avg_spl: 0.343559

=== Episode ===: 18it [17:54:44, 3856.03s/it][AElapsed 1 day, 18:49:08 

Begin to process [00802-wcojb4TFT35_sequence_18_0] type: [instance], Question: [yellow banana under white cabinets in kitchen with stainless refrigerator and built-in dishwasher]

Elapsed 1 day, 18:49:08 Current start position is [    0.78546     0.04492     0.23157]
Elapsed 1 day, 20:09:56 ===Episode_id 18 task_id 0 task_level=instance===
SR: False, SPL: 0.0, Object category: fruit, goal type: sequence===

Elapsed 1 day, 20:09:56 [baseline] task_level=instance scene=00802-wcojb4TFT35 episode=18 task=0 sec=4848.800
Elapsed 1 day, 20:09:56 [BASELINE_LIVE_METRICS] rows=191 avg_sr=0.497382 avg_spl=0.341760 follower_error_count=7 levels=[object:n=36,sr=0.666667,spl=0.489629; room:n=52,sr=0.615385,spl=0.412350; region:n=64,sr=0.484375,spl=0.352981; instance:n=39,sr=0.205128,spl=0.092734] latest_scene=00802-wcojb4TFT35 latest_episode=18 latest_task=0 latest_level=instance by_level={"instance": {"avg_spl": 0.09273398799939697, "avg_sr": 0.20512820512820512, "count": 39}, "object": {"avg_spl": 0.48962881997295643, "avg_sr": 0.6666666666666666, "count": 36}, "region": {"avg_spl": 0.3529812751013753, "avg_sr": 0.484375, "count": 64}, "room": {"avg_spl": 0.4123497496216236, "avg_sr": 0.6153846153846154, "count": 52}}
Elapsed 1 day, 20:09:56 

Begin to process [00802-wcojb4TFT35_sequence_18_1] type: [object], Question: [printer]

Elapsed 1 day, 20:09:56 Current start position is [     2.1333     0.04492     -10.642]
Elapsed 1 day, 20:13:06 ===Episode_id 18 task_id 1 task_level=object===
SR: True, SPL: 0.8995533176983274, Object category: printer, goal type: sequence===

Elapsed 1 day, 20:13:06 [baseline] task_level=object scene=00802-wcojb4TFT35 episode=18 task=1 sec=189.717
Elapsed 1 day, 20:13:06 [BASELINE_LIVE_METRICS] rows=192 avg_sr=0.500000 avg_spl=0.344666 follower_error_count=7 levels=[object:n=37,sr=0.675676,spl=0.500708; room:n=52,sr=0.615385,spl=0.412350; region:n=64,sr=0.484375,spl=0.352981; instance:n=39,sr=0.205128,spl=0.092734] latest_scene=00802-wcojb4TFT35 latest_episode=18 latest_task=1 latest_level=object by_level={"instance": {"avg_spl": 0.09273398799939697, "avg_sr": 0.20512820512820512, "count": 39}, "object": {"avg_spl": 0.5007078604520205, "avg_sr": 0.6756756756756757, "count": 37}, "region": {"avg_spl": 0.3529812751013753, "avg_sr": 0.484375, "count": 64}, "room": {"avg_spl": 0.4123497496216236, "avg_sr": 0.6153846153846154, "count": 52}}
Elapsed 1 day, 20:13:06 

Begin to process [00802-wcojb4TFT35_sequence_18_2] type: [region], Question: [worktop in the kitchen that has white kitchen cabinets with stainless sink below window, microwave above stove and oven, built-in dishwasher, coffee machine in corner, and stainless steel refrigerator]

Elapsed 1 day, 20:13:06 Current start position is [     1.8735     0.04492      -4.582]
Elapsed 1 day, 20:22:39 ===Episode_id 18 task_id 2 task_level=region===
SR: True, SPL: 0.3949540516595379, Object category: worktop, goal type: sequence===

Elapsed 1 day, 20:22:39 [baseline] task_level=region scene=00802-wcojb4TFT35 episode=18 task=2 sec=572.428
Elapsed 1 day, 20:22:39 [BASELINE_LIVE_METRICS] rows=193 avg_sr=0.502591 avg_spl=0.344926 follower_error_count=7 levels=[object:n=37,sr=0.675676,spl=0.500708; room:n=52,sr=0.615385,spl=0.412350; region:n=65,sr=0.492308,spl=0.353627; instance:n=39,sr=0.205128,spl=0.092734] latest_scene=00802-wcojb4TFT35 latest_episode=18 latest_task=2 latest_level=region by_level={"instance": {"avg_spl": 0.09273398799939697, "avg_sr": 0.20512820512820512, "count": 39}, "object": {"avg_spl": 0.5007078604520205, "avg_sr": 0.6756756756756757, "count": 37}, "region": {"avg_spl": 0.35362701012534703, "avg_sr": 0.49230769230769234, "count": 65}, "room": {"avg_spl": 0.4123497496216236, "avg_sr": 0.6153846153846154, "count": 52}}
Elapsed 1 day, 20:22:39 

Begin to process [00802-wcojb4TFT35_sequence_18_3] type: [room], Question: [art frame in the living room]

Elapsed 1 day, 20:22:39 Current start position is [     2.1881     0.04492     -10.221]
Elapsed 1 day, 20:27:40 ===Episode_id 18 task_id 3 task_level=room===
SR: False, SPL: 0.0, Object category: art frame, goal type: sequence===

Elapsed 1 day, 20:27:40 [baseline] task_level=room scene=00802-wcojb4TFT35 episode=18 task=3 sec=300.904
Elapsed 1 day, 20:27:40 [BASELINE_LIVE_METRICS] rows=194 avg_sr=0.500000 avg_spl=0.343148 follower_error_count=7 levels=[object:n=37,sr=0.675676,spl=0.500708; room:n=53,sr=0.603774,spl=0.404570; region:n=65,sr=0.492308,spl=0.353627; instance:n=39,sr=0.205128,spl=0.092734] latest_scene=00802-wcojb4TFT35 latest_episode=18 latest_task=3 latest_level=room by_level={"instance": {"avg_spl": 0.09273398799939697, "avg_sr": 0.20512820512820512, "count": 39}, "object": {"avg_spl": 0.5007078604520205, "avg_sr": 0.6756756756756757, "count": 37}, "region": {"avg_spl": 0.35362701012534703, "avg_sr": 0.49230769230769234, "count": 65}, "room": {"avg_spl": 0.4045695656664986, "avg_sr": 0.6037735849056604, "count": 53}}
Elapsed 1 day, 20:27:40 

Begin to process [00802-wcojb4TFT35_sequence_18_4] type: [region], Question: [bath sink in the bathroom that has dark bath vanity with white vessel sink, black-framed mirror, gray hanging towel, toilet with tray against blue walls, floral framed wall art]

Elapsed 1 day, 20:27:40 Current start position is [   -0.38528     0.04492     0.50161]
Elapsed 1 day, 20:51:32 ===Episode_id 18 task_id 4 task_level=region===
SR: False, SPL: 0.0, Object category: bath sink, goal type: sequence===

Elapsed 1 day, 20:51:32 [baseline] task_level=region scene=00802-wcojb4TFT35 episode=18 task=4 sec=1432.182
Elapsed 1 day, 20:51:32 [BASELINE_LIVE_METRICS] rows=195 avg_sr=0.497436 avg_spl=0.341389 follower_error_count=7 levels=[object:n=37,sr=0.675676,spl=0.500708; room:n=53,sr=0.603774,spl=0.404570; region:n=66,sr=0.484848,spl=0.348269; instance:n=39,sr=0.205128,spl=0.092734] latest_scene=00802-wcojb4TFT35 latest_episode=18 latest_task=4 latest_level=region by_level={"instance": {"avg_spl": 0.09273398799939697, "avg_sr": 0.20512820512820512, "count": 39}, "object": {"avg_spl": 0.5007078604520205, "avg_sr": 0.6756756756756757, "count": 37}, "region": {"avg_spl": 0.3482690251234478, "avg_sr": 0.48484848484848486, "count": 66}, "room": {"avg_spl": 0.4045695656664986, "avg_sr": 0.6037735849056604, "count": 53}}
Elapsed 1 day, 20:51:32 [Metrics] sequence count: 195, invalid_count: 0, follower_error_count: 7, avg_sr: 0.497436, avg_spl: 0.341389

=== Episode ===: 19it [19:57:19, 4906.79s/it][AElapsed 1 day, 20:51:41 

Begin to process [00802-wcojb4TFT35_sequence_19_0] type: [instance], Question: [white kitchen counter with a bunch of bananas against tiled backsplash near microwave above stove and oven and stainless sink]

Elapsed 1 day, 20:51:41 Current start position is [    -2.0145     0.04492     -3.4751]
Elapsed 1 day, 21:23:02 ===Episode_id 19 task_id 0 task_level=instance===
SR: True, SPL: 0.8811405644430671, Object category: worktop, goal type: sequence===

Elapsed 1 day, 21:23:02 [baseline] task_level=instance scene=00802-wcojb4TFT35 episode=19 task=0 sec=1880.599
Elapsed 1 day, 21:23:02 [BASELINE_LIVE_METRICS] rows=196 avg_sr=0.500000 avg_spl=0.344142 follower_error_count=7 levels=[object:n=37,sr=0.675676,spl=0.500708; room:n=53,sr=0.603774,spl=0.404570; region:n=66,sr=0.484848,spl=0.348269; instance:n=40,sr=0.225000,spl=0.112444] latest_scene=00802-wcojb4TFT35 latest_episode=19 latest_task=0 latest_level=instance by_level={"instance": {"avg_spl": 0.11244415241048873, "avg_sr": 0.225, "count": 40}, "object": {"avg_spl": 0.5007078604520205, "avg_sr": 0.6756756756756757, "count": 37}, "region": {"avg_spl": 0.3482690251234478, "avg_sr": 0.48484848484848486, "count": 66}, "room": {"avg_spl": 0.4045695656664986, "avg_sr": 0.6037735849056604, "count": 53}}
Elapsed 1 day, 21:23:02 

Begin to process [00802-wcojb4TFT35_sequence_19_1] type: [room], Question: [table in the living room]

Elapsed 1 day, 21:23:02 Current start position is [     2.0816     0.04492     -10.211]
Elapsed 1 day, 21:24:37 ===Episode_id 19 task_id 1 task_level=room===
SR: False, SPL: 0.0, Object category: table, goal type: sequence===

Elapsed 1 day, 21:24:37 [baseline] task_level=room scene=00802-wcojb4TFT35 episode=19 task=1 sec=95.011
Elapsed 1 day, 21:24:37 [BASELINE_LIVE_METRICS] rows=197 avg_sr=0.497462 avg_spl=0.342395 follower_error_count=7 levels=[object:n=37,sr=0.675676,spl=0.500708; room:n=54,sr=0.592593,spl=0.397078; region:n=66,sr=0.484848,spl=0.348269; instance:n=40,sr=0.225000,spl=0.112444] latest_scene=00802-wcojb4TFT35 latest_episode=19 latest_task=1 latest_level=room by_level={"instance": {"avg_spl": 0.11244415241048873, "avg_sr": 0.225, "count": 40}, "object": {"avg_spl": 0.5007078604520205, "avg_sr": 0.6756756756756757, "count": 37}, "region": {"avg_spl": 0.3482690251234478, "avg_sr": 0.48484848484848486, "count": 66}, "room": {"avg_spl": 0.39707753667267454, "avg_sr": 0.5925925925925926, "count": 54}}
Elapsed 1 day, 21:24:37 

Begin to process [00802-wcojb4TFT35_sequence_19_2] type: [region], Question: [coffee machine in the kitchen that has white kitchen cabinets with stainless sink below window, microwave above stove and oven, built-in dishwasher, coffee machine in corner, and stainless steel refrigerator]

Elapsed 1 day, 21:24:37 Current start position is [    0.59291    -0.00508     -5.3856]
Elapsed 1 day, 21:26:17 ===Episode_id 19 task_id 2 task_level=region===
SR: False, SPL: 0.0, Object category: coffee machine, goal type: sequence===

Elapsed 1 day, 21:26:17 [baseline] task_level=region scene=00802-wcojb4TFT35 episode=19 task=2 sec=100.323
Elapsed 1 day, 21:26:17 [BASELINE_LIVE_METRICS] rows=198 avg_sr=0.494949 avg_spl=0.340666 follower_error_count=7 levels=[object:n=37,sr=0.675676,spl=0.500708; room:n=54,sr=0.592593,spl=0.397078; region:n=67,sr=0.477612,spl=0.343071; instance:n=40,sr=0.225000,spl=0.112444] latest_scene=00802-wcojb4TFT35 latest_episode=19 latest_task=2 latest_level=region by_level={"instance": {"avg_spl": 0.11244415241048873, "avg_sr": 0.225, "count": 40}, "object": {"avg_spl": 0.5007078604520205, "avg_sr": 0.6756756756756757, "count": 37}, "region": {"avg_spl": 0.3430709799723516, "avg_sr": 0.47761194029850745, "count": 67}, "room": {"avg_spl": 0.39707753667267454, "avg_sr": 0.5925925925925926, "count": 54}}
Elapsed 1 day, 21:26:17 

Begin to process [00802-wcojb4TFT35_sequence_19_3] type: [room], Question: [piano in the living room]

Elapsed 1 day, 21:26:17 Current start position is [     1.1264    0.032663     -9.6863]
Elapsed 1 day, 21:28:18 ===Episode_id 19 task_id 3 task_level=room===
SR: False, SPL: 0.0, Object category: piano, goal type: sequence===

Elapsed 1 day, 21:28:18 [baseline] task_level=room scene=00802-wcojb4TFT35 episode=19 task=3 sec=120.601
Elapsed 1 day, 21:28:18 [BASELINE_LIVE_METRICS] rows=199 avg_sr=0.492462 avg_spl=0.338954 follower_error_count=7 levels=[object:n=37,sr=0.675676,spl=0.500708; room:n=55,sr=0.581818,spl=0.389858; region:n=67,sr=0.477612,spl=0.343071; instance:n=40,sr=0.225000,spl=0.112444] latest_scene=00802-wcojb4TFT35 latest_episode=19 latest_task=3 latest_level=room by_level={"instance": {"avg_spl": 0.11244415241048873, "avg_sr": 0.225, "count": 40}, "object": {"avg_spl": 0.5007078604520205, "avg_sr": 0.6756756756756757, "count": 37}, "region": {"avg_spl": 0.3430709799723516, "avg_sr": 0.47761194029850745, "count": 67}, "room": {"avg_spl": 0.3898579450968077, "avg_sr": 0.5818181818181818, "count": 55}}
Elapsed 1 day, 21:28:18 

Begin to process [00802-wcojb4TFT35_sequence_19_4] type: [room], Question: [sink in the kitchen]

Elapsed 1 day, 21:28:18 Current start position is [   -0.39673     0.04492     0.52854]
Elapsed 1 day, 21:30:56 ===Episode_id 19 task_id 4 task_level=room===
SR: True, SPL: 0.802711775961428, Object category: sink, goal type: sequence===

Elapsed 1 day, 21:30:56 [baseline] task_level=room scene=00802-wcojb4TFT35 episode=19 task=4 sec=157.766
Elapsed 1 day, 21:30:56 [BASELINE_LIVE_METRICS] rows=200 avg_sr=0.495000 avg_spl=0.341273 follower_error_count=7 levels=[object:n=37,sr=0.675676,spl=0.500708; room:n=56,sr=0.589286,spl=0.397230; region:n=67,sr=0.477612,spl=0.343071; instance:n=40,sr=0.225000,spl=0.112444] latest_scene=00802-wcojb4TFT35 latest_episode=19 latest_task=4 latest_level=room by_level={"instance": {"avg_spl": 0.11244415241048873, "avg_sr": 0.225, "count": 40}, "object": {"avg_spl": 0.5007078604520205, "avg_sr": 0.6756756756756757, "count": 37}, "region": {"avg_spl": 0.3430709799723516, "avg_sr": 0.47761194029850745, "count": 67}, "room": {"avg_spl": 0.39723033493367593, "avg_sr": 0.5892857142857143, "count": 56}}
Elapsed 1 day, 21:30:56 [Metrics] sequence count: 200, invalid_count: 0, follower_error_count: 7, avg_sr: 0.495000, avg_spl: 0.341273

=== Episode ===: 20it [20:36:43, 4143.33s/it][A=== Episode ===: 20it [20:36:43, 3710.17s/it]
Elapsed 1 day, 21:30:56 [Metrics] sequence count: 200, invalid_count: 0, follower_error_count: 7, avg_sr: 0.495000, avg_spl: 0.341273
*** Scene ***:  29%|##8       | 2/7 [45:30:12<111:52:14, 80546.95s/it]Elapsed 1 day, 21:30:56 




*************************** Processing 00803-k1cupFYWXJ6.json.gz, Total Episode 20 ***************************

=== Episode ===: 0it [00:00, ?it/s][AElapsed 1 day, 21:31:05 

Begin to process [00803-k1cupFYWXJ6_sequence_0_0] type: [instance], Question: [teal carpet with white swirls covering floor]

Elapsed 1 day, 21:31:05 Current start position is [     5.4972     -14.923     0.43487]
Elapsed 1 day, 22:36:03 ===Episode_id 0 task_id 0 task_level=instance===
SR: True, SPL: 0.23313412225425242, Object category: carpet, goal type: sequence===

Elapsed 1 day, 22:36:03 [baseline] task_level=instance scene=00803-k1cupFYWXJ6 episode=0 task=0 sec=3897.864
Elapsed 1 day, 22:36:03 [BASELINE_LIVE_METRICS] rows=201 avg_sr=0.497512 avg_spl=0.340735 follower_error_count=7 levels=[object:n=37,sr=0.675676,spl=0.500708; room:n=56,sr=0.589286,spl=0.397230; region:n=67,sr=0.477612,spl=0.343071; instance:n=41,sr=0.243902,spl=0.115388] latest_scene=00803-k1cupFYWXJ6 latest_episode=0 latest_task=0 latest_level=instance by_level={"instance": {"avg_spl": 0.11538781021155614, "avg_sr": 0.24390243902439024, "count": 41}, "object": {"avg_spl": 0.5007078604520205, "avg_sr": 0.6756756756756757, "count": 37}, "region": {"avg_spl": 0.3430709799723516, "avg_sr": 0.47761194029850745, "count": 67}, "room": {"avg_spl": 0.39723033493367593, "avg_sr": 0.5892857142857143, "count": 56}}
Elapsed 1 day, 22:36:03 

Begin to process [00803-k1cupFYWXJ6_sequence_0_1] type: [region], Question: [picture in the hall that has purple patterned armchairs and ornate plant in sculpted pot beside carved arch and stairs]

Elapsed 1 day, 22:36:03 Current start position is [   -0.94491     -14.873     -8.1728]
Elapsed 1 day, 22:37:42 Target is not navigable
Elapsed 1 day, 22:37:42 cannt find path
Elapsed 1 day, 22:37:42 [baseline][follow-error] scene=00803-k1cupFYWXJ6 episode_id=0 task_id=1 task_level=region final=True error=GreedyFollowerError path_found=False
Elapsed 1 day, 22:37:42 ===Episode_id 0 task_id 1 task_level=region===
SR: 0, SPL: 0, Object category: picture, goal type: sequence===

Elapsed 1 day, 22:37:42 [baseline] task_level=region scene=00803-k1cupFYWXJ6 episode=0 task=1 sec=99.161
Elapsed 1 day, 22:37:42 [BASELINE_LIVE_METRICS] rows=202 avg_sr=0.495050 avg_spl=0.339048 follower_error_count=8 levels=[object:n=37,sr=0.675676,spl=0.500708; room:n=56,sr=0.589286,spl=0.397230; region:n=68,sr=0.470588,spl=0.338026; instance:n=41,sr=0.243902,spl=0.115388] latest_scene=00803-k1cupFYWXJ6 latest_episode=0 latest_task=1 latest_level=region by_level={"instance": {"avg_spl": 0.11538781021155614, "avg_sr": 0.24390243902439024, "count": 41}, "object": {"avg_spl": 0.5007078604520205, "avg_sr": 0.6756756756756757, "count": 37}, "region": {"avg_spl": 0.33802581850216995, "avg_sr": 0.47058823529411764, "count": 68}, "room": {"avg_spl": 0.39723033493367593, "avg_sr": 0.5892857142857143, "count": 56}}
Elapsed 1 day, 22:37:42 

Begin to process [00803-k1cupFYWXJ6_sequence_0_2] type: [object], Question: [radiator]

Elapsed 1 day, 22:37:42 Current start position is [   -0.94491     -14.873     -8.1728]
Elapsed 1 day, 22:38:49 ===Episode_id 0 task_id 2 task_level=object===
SR: False, SPL: 0.0, Object category: radiator, goal type: sequence===

Elapsed 1 day, 22:38:49 [baseline] task_level=object scene=00803-k1cupFYWXJ6 episode=0 task=2 sec=67.062
Elapsed 1 day, 22:38:49 [BASELINE_LIVE_METRICS] rows=203 avg_sr=0.492611 avg_spl=0.337378 follower_error_count=8 levels=[object:n=38,sr=0.657895,spl=0.487531; room:n=56,sr=0.589286,spl=0.397230; region:n=68,sr=0.470588,spl=0.338026; instance:n=41,sr=0.243902,spl=0.115388] latest_scene=00803-k1cupFYWXJ6 latest_episode=0 latest_task=2 latest_level=object by_level={"instance": {"avg_spl": 0.11538781021155614, "avg_sr": 0.24390243902439024, "count": 41}, "object": {"avg_spl": 0.4875313378085463, "avg_sr": 0.6578947368421053, "count": 38}, "region": {"avg_spl": 0.33802581850216995, "avg_sr": 0.47058823529411764, "count": 68}, "room": {"avg_spl": 0.39723033493367593, "avg_sr": 0.5892857142857143, "count": 56}}
Elapsed 1 day, 22:38:49 

Begin to process [00803-k1cupFYWXJ6_sequence_0_3] type: [object], Question: [table]

Elapsed 1 day, 22:38:49 Current start position is [     5.6958     -14.923     0.79434]
Elapsed 1 day, 22:41:07 ===Episode_id 0 task_id 3 task_level=object===
SR: True, SPL: 0.23515167312182225, Object category: table, goal type: sequence===

Elapsed 1 day, 22:41:07 [baseline] task_level=object scene=00803-k1cupFYWXJ6 episode=0 task=3 sec=137.580
Elapsed 1 day, 22:41:07 [BASELINE_LIVE_METRICS] rows=204 avg_sr=0.495098 avg_spl=0.336877 follower_error_count=8 levels=[object:n=39,sr=0.666667,spl=0.481060; room:n=56,sr=0.589286,spl=0.397230; region:n=68,sr=0.470588,spl=0.338026; instance:n=41,sr=0.243902,spl=0.115388] latest_scene=00803-k1cupFYWXJ6 latest_episode=0 latest_task=3 latest_level=object by_level={"instance": {"avg_spl": 0.11538781021155614, "avg_sr": 0.24390243902439024, "count": 41}, "object": {"avg_spl": 0.48106006435504056, "avg_sr": 0.6666666666666666, "count": 39}, "region": {"avg_spl": 0.33802581850216995, "avg_sr": 0.47058823529411764, "count": 68}, "room": {"avg_spl": 0.39723033493367593, "avg_sr": 0.5892857142857143, "count": 56}}
Elapsed 1 day, 22:41:07 

Begin to process [00803-k1cupFYWXJ6_sequence_0_4] type: [region], Question: [table in the hall that has purple patterned armchairs and ornate plant in sculpted pot beside carved arch and stairs]

Elapsed 1 day, 22:41:07 Current start position is [     4.7905     -14.923     0.36952]
Elapsed 1 day, 22:44:27 ===Episode_id 0 task_id 4 task_level=region===
SR: False, SPL: 0.0, Object category: table, goal type: sequence===

Elapsed 1 day, 22:44:27 [baseline] task_level=region scene=00803-k1cupFYWXJ6 episode=0 task=4 sec=199.731
Elapsed 1 day, 22:44:27 [BASELINE_LIVE_METRICS] rows=205 avg_sr=0.492683 avg_spl=0.335234 follower_error_count=8 levels=[object:n=39,sr=0.666667,spl=0.481060; room:n=56,sr=0.589286,spl=0.397230; region:n=69,sr=0.463768,spl=0.333127; instance:n=41,sr=0.243902,spl=0.115388] latest_scene=00803-k1cupFYWXJ6 latest_episode=0 latest_task=4 latest_level=region by_level={"instance": {"avg_spl": 0.11538781021155614, "avg_sr": 0.24390243902439024, "count": 41}, "object": {"avg_spl": 0.48106006435504056, "avg_sr": 0.6666666666666666, "count": 39}, "region": {"avg_spl": 0.3331268935963414, "avg_sr": 0.463768115942029, "count": 69}, "room": {"avg_spl": 0.39723033493367593, "avg_sr": 0.5892857142857143, "count": 56}}
Elapsed 1 day, 22:44:27 [Metrics] sequence count: 205, invalid_count: 0, follower_error_count: 8, avg_sr: 0.492683, avg_spl: 0.335234

=== Episode ===: 1it [1:13:31, 4411.08s/it][AElapsed 1 day, 22:44:37 

Begin to process [00803-k1cupFYWXJ6_sequence_1_0] type: [instance], Question: [the right purple damask armchair against mirrored wall beside ornate plant in sculpted pot near carved arch and stairs]

Elapsed 1 day, 22:44:37 Current start position is [     5.1139     -14.923     0.81751]
Elapsed 1 day, 23:40:00 ===Episode_id 1 task_id 0 task_level=instance===
SR: True, SPL: 0.24583953767814987, Object category: armchair, goal type: sequence===

Elapsed 1 day, 23:40:00 [baseline] task_level=instance scene=00803-k1cupFYWXJ6 episode=1 task=0 sec=3322.739
Elapsed 1 day, 23:40:00 [BASELINE_LIVE_METRICS] rows=206 avg_sr=0.495146 avg_spl=0.334800 follower_error_count=8 levels=[object:n=39,sr=0.666667,spl=0.481060; room:n=56,sr=0.589286,spl=0.397230; region:n=69,sr=0.463768,spl=0.333127; instance:n=42,sr=0.261905,spl=0.118494] latest_scene=00803-k1cupFYWXJ6 latest_episode=1 latest_task=0 latest_level=instance by_level={"instance": {"avg_spl": 0.11849380372266552, "avg_sr": 0.2619047619047619, "count": 42}, "object": {"avg_spl": 0.48106006435504056, "avg_sr": 0.6666666666666666, "count": 39}, "region": {"avg_spl": 0.3331268935963414, "avg_sr": 0.463768115942029, "count": 69}, "room": {"avg_spl": 0.39723033493367593, "avg_sr": 0.5892857142857143, "count": 56}}
Elapsed 1 day, 23:40:00 

Begin to process [00803-k1cupFYWXJ6_sequence_1_1] type: [region], Question: [decorative plant in the hall that has beige patterned armchairs and round wooden table below colorful patterned ceiling]

Elapsed 1 day, 23:40:00 Current start position is [    -1.4264     -14.923     -2.7101]
Elapsed 1 day, 23:43:07 ===Episode_id 1 task_id 1 task_level=region===
SR: False, SPL: 0.0, Object category: decorative plant, goal type: sequence===

Elapsed 1 day, 23:43:07 [baseline] task_level=region scene=00803-k1cupFYWXJ6 episode=1 task=1 sec=187.271
Elapsed 1 day, 23:43:07 [BASELINE_LIVE_METRICS] rows=207 avg_sr=0.492754 avg_spl=0.333182 follower_error_count=8 levels=[object:n=39,sr=0.666667,spl=0.481060; room:n=56,sr=0.589286,spl=0.397230; region:n=70,sr=0.457143,spl=0.328368; instance:n=42,sr=0.261905,spl=0.118494] latest_scene=00803-k1cupFYWXJ6 latest_episode=1 latest_task=1 latest_level=region by_level={"instance": {"avg_spl": 0.11849380372266552, "avg_sr": 0.2619047619047619, "count": 42}, "object": {"avg_spl": 0.48106006435504056, "avg_sr": 0.6666666666666666, "count": 39}, "region": {"avg_spl": 0.32836793797353653, "avg_sr": 0.45714285714285713, "count": 70}, "room": {"avg_spl": 0.39723033493367593, "avg_sr": 0.5892857142857143, "count": 56}}
Elapsed 1 day, 23:43:07 

Begin to process [00803-k1cupFYWXJ6_sequence_1_2] type: [object], Question: [decorative plant]

Elapsed 1 day, 23:43:07 Current start position is [    -1.7743     -14.923     -3.0451]
Elapsed 1 day, 23:45:58 ===Episode_id 1 task_id 2 task_level=object===
SR: True, SPL: 1.0, Object category: decorative plant, goal type: sequence===

Elapsed 1 day, 23:45:58 [baseline] task_level=object scene=00803-k1cupFYWXJ6 episode=1 task=2 sec=170.707
Elapsed 1 day, 23:45:58 [BASELINE_LIVE_METRICS] rows=208 avg_sr=0.495192 avg_spl=0.336388 follower_error_count=8 levels=[object:n=40,sr=0.675000,spl=0.494034; room:n=56,sr=0.589286,spl=0.397230; region:n=70,sr=0.457143,spl=0.328368; instance:n=42,sr=0.261905,spl=0.118494] latest_scene=00803-k1cupFYWXJ6 latest_episode=1 latest_task=2 latest_level=object by_level={"instance": {"avg_spl": 0.11849380372266552, "avg_sr": 0.2619047619047619, "count": 42}, "object": {"avg_spl": 0.49403356274616456, "avg_sr": 0.675, "count": 40}, "region": {"avg_spl": 0.32836793797353653, "avg_sr": 0.45714285714285713, "count": 70}, "room": {"avg_spl": 0.39723033493367593, "avg_sr": 0.5892857142857143, "count": 56}}
Elapsed 1 day, 23:45:58 

Begin to process [00803-k1cupFYWXJ6_sequence_1_3] type: [room], Question: [armchair in the hall]

Elapsed 1 day, 23:45:58 Current start position is [    -1.7743     -14.923     -3.0451]
Elapsed 1 day, 23:48:50 ===Episode_id 1 task_id 3 task_level=room===
SR: True, SPL: 0.11627231105364166, Object category: armchair, goal type: sequence===

Elapsed 1 day, 23:48:50 [baseline] task_level=room scene=00803-k1cupFYWXJ6 episode=1 task=3 sec=172.446
Elapsed 1 day, 23:48:50 [BASELINE_LIVE_METRICS] rows=209 avg_sr=0.497608 avg_spl=0.335335 follower_error_count=8 levels=[object:n=40,sr=0.675000,spl=0.494034; room:n=57,sr=0.596491,spl=0.392301; region:n=70,sr=0.457143,spl=0.328368; instance:n=42,sr=0.261905,spl=0.118494] latest_scene=00803-k1cupFYWXJ6 latest_episode=1 latest_task=3 latest_level=room by_level={"instance": {"avg_spl": 0.11849380372266552, "avg_sr": 0.2619047619047619, "count": 42}, "object": {"avg_spl": 0.49403356274616456, "avg_sr": 0.675, "count": 40}, "region": {"avg_spl": 0.32836793797353653, "avg_sr": 0.45714285714285713, "count": 70}, "room": {"avg_spl": 0.3923012467954297, "avg_sr": 0.5964912280701754, "count": 57}}
Elapsed 1 day, 23:48:50 

Begin to process [00803-k1cupFYWXJ6_sequence_1_4] type: [region], Question: [bin in the hall that has purple patterned armchairs and ornate plant in sculpted pot beside carved arch and stairs]

Elapsed 1 day, 23:48:50 Current start position is [    -1.4264     -14.923     -2.7101]
Elapsed 1 day, 23:52:12 ===Episode_id 1 task_id 4 task_level=region===
SR: False, SPL: 0.0, Object category: bin, goal type: sequence===

Elapsed 1 day, 23:52:12 [baseline] task_level=region scene=00803-k1cupFYWXJ6 episode=1 task=4 sec=201.760
Elapsed 1 day, 23:52:12 [BASELINE_LIVE_METRICS] rows=210 avg_sr=0.495238 avg_spl=0.333738 follower_error_count=8 levels=[object:n=40,sr=0.675000,spl=0.494034; room:n=57,sr=0.596491,spl=0.392301; region:n=71,sr=0.450704,spl=0.323743; instance:n=42,sr=0.261905,spl=0.118494] latest_scene=00803-k1cupFYWXJ6 latest_episode=1 latest_task=4 latest_level=region by_level={"instance": {"avg_spl": 0.11849380372266552, "avg_sr": 0.2619047619047619, "count": 42}, "object": {"avg_spl": 0.49403356274616456, "avg_sr": 0.675, "count": 40}, "region": {"avg_spl": 0.323743037438698, "avg_sr": 0.4507042253521127, "count": 71}, "room": {"avg_spl": 0.3923012467954297, "avg_sr": 0.5964912280701754, "count": 57}}
Elapsed 1 day, 23:52:12 [Metrics] sequence count: 210, invalid_count: 0, follower_error_count: 8, avg_sr: 0.495238, avg_spl: 0.333738

=== Episode ===: 2it [2:21:16, 4207.59s/it][AElapsed 1 day, 23:52:22 

Begin to process [00803-k1cupFYWXJ6_sequence_2_0] type: [instance], Question: [the left purple damask armchair against mirrored wall beside ornate plant in sculpted pot near carved arch and stairs]

Elapsed 1 day, 23:52:22 Current start position is [     5.3151     -14.923     0.34909]
Elapsed 2 days, 0:47:08 ===Episode_id 2 task_id 0 task_level=instance===
SR: False, SPL: 0.0, Object category: armchair, goal type: sequence===

Elapsed 2 days, 0:47:08 [baseline] task_level=instance scene=00803-k1cupFYWXJ6 episode=2 task=0 sec=3286.330
Elapsed 2 days, 0:47:08 [BASELINE_LIVE_METRICS] rows=211 avg_sr=0.492891 avg_spl=0.332156 follower_error_count=8 levels=[object:n=40,sr=0.675000,spl=0.494034; room:n=57,sr=0.596491,spl=0.392301; region:n=71,sr=0.450704,spl=0.323743; instance:n=43,sr=0.255814,spl=0.115738] latest_scene=00803-k1cupFYWXJ6 latest_episode=2 latest_task=0 latest_level=instance by_level={"instance": {"avg_spl": 0.11573813386865005, "avg_sr": 0.2558139534883721, "count": 43}, "object": {"avg_spl": 0.49403356274616456, "avg_sr": 0.675, "count": 40}, "region": {"avg_spl": 0.323743037438698, "avg_sr": 0.4507042253521127, "count": 71}, "room": {"avg_spl": 0.3923012467954297, "avg_sr": 0.5964912280701754, "count": 57}}
Elapsed 2 days, 0:47:08 

Begin to process [00803-k1cupFYWXJ6_sequence_2_1] type: [region], Question: [decorative plant in the hall that has beige patterned armchairs and round wooden table below colorful patterned ceiling]

Elapsed 2 days, 0:47:08 Current start position is [     2.7389     -14.923      2.1162]
Elapsed 2 days, 0:48:55 ===Episode_id 2 task_id 1 task_level=region===
SR: False, SPL: 0.0, Object category: decorative plant, goal type: sequence===

Elapsed 2 days, 0:48:55 [baseline] task_level=region scene=00803-k1cupFYWXJ6 episode=2 task=1 sec=106.561
Elapsed 2 days, 0:48:55 [BASELINE_LIVE_METRICS] rows=212 avg_sr=0.490566 avg_spl=0.330590 follower_error_count=8 levels=[object:n=40,sr=0.675000,spl=0.494034; room:n=57,sr=0.596491,spl=0.392301; region:n=72,sr=0.444444,spl=0.319247; instance:n=43,sr=0.255814,spl=0.115738] latest_scene=00803-k1cupFYWXJ6 latest_episode=2 latest_task=1 latest_level=region by_level={"instance": {"avg_spl": 0.11573813386865005, "avg_sr": 0.2558139534883721, "count": 43}, "object": {"avg_spl": 0.49403356274616456, "avg_sr": 0.675, "count": 40}, "region": {"avg_spl": 0.3192466063631605, "avg_sr": 0.4444444444444444, "count": 72}, "room": {"avg_spl": 0.3923012467954297, "avg_sr": 0.5964912280701754, "count": 57}}
Elapsed 2 days, 0:48:55 

Begin to process [00803-k1cupFYWXJ6_sequence_2_2] type: [room], Question: [armchair in the hall]

Elapsed 2 days, 0:48:55 Current start position is [    -1.9009     -14.923     -3.0016]
Elapsed 2 days, 0:50:10 ===Episode_id 2 task_id 2 task_level=room===
SR: True, SPL: 0.016578064744531287, Object category: armchair, goal type: sequence===

Elapsed 2 days, 0:50:10 [baseline] task_level=room scene=00803-k1cupFYWXJ6 episode=2 task=2 sec=74.679
Elapsed 2 days, 0:50:10 [BASELINE_LIVE_METRICS] rows=213 avg_sr=0.492958 avg_spl=0.329115 follower_error_count=8 levels=[object:n=40,sr=0.675000,spl=0.494034; room:n=58,sr=0.603448,spl=0.385823; region:n=72,sr=0.444444,spl=0.319247; instance:n=43,sr=0.255814,spl=0.115738] latest_scene=00803-k1cupFYWXJ6 latest_episode=2 latest_task=2 latest_level=room by_level={"instance": {"avg_spl": 0.11573813386865005, "avg_sr": 0.2558139534883721, "count": 43}, "object": {"avg_spl": 0.49403356274616456, "avg_sr": 0.675, "count": 40}, "region": {"avg_spl": 0.3192466063631605, "avg_sr": 0.4444444444444444, "count": 72}, "room": {"avg_spl": 0.38582326089800045, "avg_sr": 0.603448275862069, "count": 58}}
Elapsed 2 days, 0:50:10 

Begin to process [00803-k1cupFYWXJ6_sequence_2_3] type: [region], Question: [bust in the hall that has beige patterned armchairs and round wooden table below colorful patterned ceiling]

Elapsed 2 days, 0:50:10 Current start position is [    -2.6741     -14.923     -10.689]
Elapsed 2 days, 0:51:23 ===Episode_id 2 task_id 3 task_level=region===
SR: False, SPL: 0.0, Object category: bust, goal type: sequence===

Elapsed 2 days, 0:51:23 [baseline] task_level=region scene=00803-k1cupFYWXJ6 episode=2 task=3 sec=73.817
Elapsed 2 days, 0:51:23 [BASELINE_LIVE_METRICS] rows=214 avg_sr=0.490654 avg_spl=0.327578 follower_error_count=8 levels=[object:n=40,sr=0.675000,spl=0.494034; room:n=58,sr=0.603448,spl=0.385823; region:n=73,sr=0.438356,spl=0.314873; instance:n=43,sr=0.255814,spl=0.115738] latest_scene=00803-k1cupFYWXJ6 latest_episode=2 latest_task=3 latest_level=region by_level={"instance": {"avg_spl": 0.11573813386865005, "avg_sr": 0.2558139534883721, "count": 43}, "object": {"avg_spl": 0.49403356274616456, "avg_sr": 0.675, "count": 40}, "region": {"avg_spl": 0.3148733651801035, "avg_sr": 0.4383561643835616, "count": 73}, "room": {"avg_spl": 0.38582326089800045, "avg_sr": 0.603448275862069, "count": 58}}
Elapsed 2 days, 0:51:23 

Begin to process [00803-k1cupFYWXJ6_sequence_2_4] type: [room], Question: [bin in the hall]

Elapsed 2 days, 0:51:23 Current start position is [    -3.1336     -14.923     -10.838]
Elapsed 2 days, 0:52:16 ===Episode_id 2 task_id 4 task_level=room===
SR: False, SPL: 0.0, Object category: bin, goal type: sequence===

Elapsed 2 days, 0:52:16 [baseline] task_level=room scene=00803-k1cupFYWXJ6 episode=2 task=4 sec=52.890
Elapsed 2 days, 0:52:16 [BASELINE_LIVE_METRICS] rows=215 avg_sr=0.488372 avg_spl=0.326054 follower_error_count=8 levels=[object:n=40,sr=0.675000,spl=0.494034; room:n=59,sr=0.593220,spl=0.379284; region:n=73,sr=0.438356,spl=0.314873; instance:n=43,sr=0.255814,spl=0.115738] latest_scene=00803-k1cupFYWXJ6 latest_episode=2 latest_task=4 latest_level=room by_level={"instance": {"avg_spl": 0.11573813386865005, "avg_sr": 0.2558139534883721, "count": 43}, "object": {"avg_spl": 0.49403356274616456, "avg_sr": 0.675, "count": 40}, "region": {"avg_spl": 0.3148733651801035, "avg_sr": 0.4383561643835616, "count": 73}, "room": {"avg_spl": 0.37928388359464454, "avg_sr": 0.5932203389830508, "count": 59}}
Elapsed 2 days, 0:52:16 [Metrics] sequence count: 215, invalid_count: 0, follower_error_count: 8, avg_sr: 0.488372, avg_spl: 0.326054

=== Episode ===: 3it [3:21:20, 3932.17s/it][AElapsed 2 days, 0:52:26 

Begin to process [00803-k1cupFYWXJ6_sequence_3_0] type: [instance], Question: [silver cylindrical bin below fire alarm in hall with purple patterned armchair and decorative plant beside carved arch above stairs]

Elapsed 2 days, 0:52:26 Current start position is [     4.8151     -14.923    -0.07909]
Elapsed 2 days, 1:43:21 ===Episode_id 3 task_id 0 task_level=instance===
SR: False, SPL: 0.0, Object category: bin, goal type: sequence===

Elapsed 2 days, 1:43:21 [baseline] task_level=instance scene=00803-k1cupFYWXJ6 episode=3 task=0 sec=3054.322
Elapsed 2 days, 1:43:21 [BASELINE_LIVE_METRICS] rows=216 avg_sr=0.486111 avg_spl=0.324544 follower_error_count=8 levels=[object:n=40,sr=0.675000,spl=0.494034; room:n=59,sr=0.593220,spl=0.379284; region:n=73,sr=0.438356,spl=0.314873; instance:n=44,sr=0.250000,spl=0.113108] latest_scene=00803-k1cupFYWXJ6 latest_episode=3 latest_task=0 latest_level=instance by_level={"instance": {"avg_spl": 0.11310772173527163, "avg_sr": 0.25, "count": 44}, "object": {"avg_spl": 0.49403356274616456, "avg_sr": 0.675, "count": 40}, "region": {"avg_spl": 0.3148733651801035, "avg_sr": 0.4383561643835616, "count": 73}, "room": {"avg_spl": 0.37928388359464454, "avg_sr": 0.5932203389830508, "count": 59}}
Elapsed 2 days, 1:43:21 

Begin to process [00803-k1cupFYWXJ6_sequence_3_1] type: [object], Question: [armchair]

Elapsed 2 days, 1:43:21 Current start position is [    -2.9309     -14.923      -9.322]
Elapsed 2 days, 1:44:03 ===Episode_id 3 task_id 1 task_level=object===
SR: True, SPL: 0.061319518056761835, Object category: armchair, goal type: sequence===

Elapsed 2 days, 1:44:03 [baseline] task_level=object scene=00803-k1cupFYWXJ6 episode=3 task=1 sec=42.363
Elapsed 2 days, 1:44:03 [BASELINE_LIVE_METRICS] rows=217 avg_sr=0.488479 avg_spl=0.323331 follower_error_count=8 levels=[object:n=41,sr=0.682927,spl=0.483480; room:n=59,sr=0.593220,spl=0.379284; region:n=73,sr=0.438356,spl=0.314873; instance:n=44,sr=0.250000,spl=0.113108] latest_scene=00803-k1cupFYWXJ6 latest_episode=3 latest_task=1 latest_level=object by_level={"instance": {"avg_spl": 0.11310772173527163, "avg_sr": 0.25, "count": 44}, "object": {"avg_spl": 0.4834795616561791, "avg_sr": 0.6829268292682927, "count": 41}, "region": {"avg_spl": 0.3148733651801035, "avg_sr": 0.4383561643835616, "count": 73}, "room": {"avg_spl": 0.37928388359464454, "avg_sr": 0.5932203389830508, "count": 59}}
Elapsed 2 days, 1:44:03 

Begin to process [00803-k1cupFYWXJ6_sequence_3_2] type: [room], Question: [armchair in the hall]

Elapsed 2 days, 1:44:03 Current start position is [     1.5597     -14.923     -1.5193]
Elapsed 2 days, 1:45:15 ===Episode_id 3 task_id 2 task_level=room===
SR: True, SPL: 0.011896632255932304, Object category: armchair, goal type: sequence===

Elapsed 2 days, 1:45:15 [baseline] task_level=room scene=00803-k1cupFYWXJ6 episode=3 task=2 sec=71.621
Elapsed 2 days, 1:45:15 [BASELINE_LIVE_METRICS] rows=218 avg_sr=0.490826 avg_spl=0.321903 follower_error_count=8 levels=[object:n=41,sr=0.682927,spl=0.483480; room:n=60,sr=0.600000,spl=0.373161; region:n=73,sr=0.438356,spl=0.314873; instance:n=44,sr=0.250000,spl=0.113108] latest_scene=00803-k1cupFYWXJ6 latest_episode=3 latest_task=2 latest_level=room by_level={"instance": {"avg_spl": 0.11310772173527163, "avg_sr": 0.25, "count": 44}, "object": {"avg_spl": 0.4834795616561791, "avg_sr": 0.6829268292682927, "count": 41}, "region": {"avg_spl": 0.3148733651801035, "avg_sr": 0.4383561643835616, "count": 73}, "room": {"avg_spl": 0.37316076273899934, "avg_sr": 0.6, "count": 60}}
Elapsed 2 days, 1:45:15 

Begin to process [00803-k1cupFYWXJ6_sequence_3_3] type: [room], Question: [table in the hall]

Elapsed 2 days, 1:45:15 Current start position is [    -1.3868     -14.923     -2.5972]
Elapsed 2 days, 1:46:35 ===Episode_id 3 task_id 3 task_level=room===
SR: True, SPL: 0.016251897861764883, Object category: table, goal type: sequence===

Elapsed 2 days, 1:46:35 [baseline] task_level=room scene=00803-k1cupFYWXJ6 episode=3 task=3 sec=79.892
Elapsed 2 days, 1:46:35 [BASELINE_LIVE_METRICS] rows=219 avg_sr=0.493151 avg_spl=0.320507 follower_error_count=8 levels=[object:n=41,sr=0.682927,spl=0.483480; room:n=61,sr=0.606557,spl=0.367310; region:n=73,sr=0.438356,spl=0.314873; instance:n=44,sr=0.250000,spl=0.113108] latest_scene=00803-k1cupFYWXJ6 latest_episode=3 latest_task=3 latest_level=room by_level={"instance": {"avg_spl": 0.11310772173527163, "avg_sr": 0.25, "count": 44}, "object": {"avg_spl": 0.4834795616561791, "avg_sr": 0.6829268292682927, "count": 41}, "region": {"avg_spl": 0.3148733651801035, "avg_sr": 0.4383561643835616, "count": 73}, "room": {"avg_spl": 0.36730979774101186, "avg_sr": 0.6065573770491803, "count": 61}}
Elapsed 2 days, 1:46:35 

Begin to process [00803-k1cupFYWXJ6_sequence_3_4] type: [region], Question: [table in the hall that has purple patterned armchairs and ornate plant in sculpted pot beside carved arch and stairs]

Elapsed 2 days, 1:46:35 Current start position is [     3.0562     -14.923    -0.88256]
Elapsed 2 days, 1:48:15 ===Episode_id 3 task_id 4 task_level=region===
SR: False, SPL: 0.0, Object category: table, goal type: sequence===

Elapsed 2 days, 1:48:15 [baseline] task_level=region scene=00803-k1cupFYWXJ6 episode=3 task=4 sec=100.453
Elapsed 2 days, 1:48:15 [BASELINE_LIVE_METRICS] rows=220 avg_sr=0.490909 avg_spl=0.319050 follower_error_count=8 levels=[object:n=41,sr=0.682927,spl=0.483480; room:n=61,sr=0.606557,spl=0.367310; region:n=74,sr=0.432432,spl=0.310618; instance:n=44,sr=0.250000,spl=0.113108] latest_scene=00803-k1cupFYWXJ6 latest_episode=3 latest_task=4 latest_level=region by_level={"instance": {"avg_spl": 0.11310772173527163, "avg_sr": 0.25, "count": 44}, "object": {"avg_spl": 0.4834795616561791, "avg_sr": 0.6829268292682927, "count": 41}, "region": {"avg_spl": 0.3106183197046967, "avg_sr": 0.43243243243243246, "count": 74}, "room": {"avg_spl": 0.36730979774101186, "avg_sr": 0.6065573770491803, "count": 61}}
Elapsed 2 days, 1:48:15 [Metrics] sequence count: 220, invalid_count: 0, follower_error_count: 8, avg_sr: 0.490909, avg_spl: 0.319050

=== Episode ===: 4it [4:17:19, 3705.82s/it][AElapsed 2 days, 1:48:25 

Begin to process [00803-k1cupFYWXJ6_sequence_4_0] type: [instance], Question: [decorative plant in flowerpot on round wooden table in hall beside beige patterned armchairs under colorful patterned ceiling]

Elapsed 2 days, 1:48:25 Current start position is [    -1.1337     -14.873     -7.1597]
Elapsed 2 days, 2:38:47 ===Episode_id 4 task_id 0 task_level=instance===
SR: False, SPL: 0.0, Object category: decorative plant, goal type: sequence===

Elapsed 2 days, 2:38:47 [baseline] task_level=instance scene=00803-k1cupFYWXJ6 episode=4 task=0 sec=3021.886
Elapsed 2 days, 2:38:47 [BASELINE_LIVE_METRICS] rows=221 avg_sr=0.488688 avg_spl=0.317607 follower_error_count=8 levels=[object:n=41,sr=0.682927,spl=0.483480; room:n=61,sr=0.606557,spl=0.367310; region:n=74,sr=0.432432,spl=0.310618; instance:n=45,sr=0.244444,spl=0.110594] latest_scene=00803-k1cupFYWXJ6 latest_episode=4 latest_task=0 latest_level=instance by_level={"instance": {"avg_spl": 0.11059421680782115, "avg_sr": 0.24444444444444444, "count": 45}, "object": {"avg_spl": 0.4834795616561791, "avg_sr": 0.6829268292682927, "count": 41}, "region": {"avg_spl": 0.3106183197046967, "avg_sr": 0.43243243243243246, "count": 74}, "room": {"avg_spl": 0.36730979774101186, "avg_sr": 0.6065573770491803, "count": 61}}
Elapsed 2 days, 2:38:47 

Begin to process [00803-k1cupFYWXJ6_sequence_4_1] type: [region], Question: [armchair in the hall that has purple patterned armchairs and ornate plant in sculpted pot beside carved arch and stairs]

Elapsed 2 days, 2:38:47 Current start position is [   -0.35245     -14.939      3.2599]
Elapsed 2 days, 2:44:42 ===Episode_id 4 task_id 1 task_level=region===
SR: False, SPL: 0.0, Object category: armchair, goal type: sequence===

Elapsed 2 days, 2:44:42 [baseline] task_level=region scene=00803-k1cupFYWXJ6 episode=4 task=1 sec=355.209
Elapsed 2 days, 2:44:42 [BASELINE_LIVE_METRICS] rows=222 avg_sr=0.486486 avg_spl=0.316176 follower_error_count=8 levels=[object:n=41,sr=0.682927,spl=0.483480; room:n=61,sr=0.606557,spl=0.367310; region:n=75,sr=0.426667,spl=0.306477; instance:n=45,sr=0.244444,spl=0.110594] latest_scene=00803-k1cupFYWXJ6 latest_episode=4 latest_task=1 latest_level=region by_level={"instance": {"avg_spl": 0.11059421680782115, "avg_sr": 0.24444444444444444, "count": 45}, "object": {"avg_spl": 0.4834795616561791, "avg_sr": 0.6829268292682927, "count": 41}, "region": {"avg_spl": 0.30647674210863407, "avg_sr": 0.4266666666666667, "count": 75}, "room": {"avg_spl": 0.36730979774101186, "avg_sr": 0.6065573770491803, "count": 61}}
Elapsed 2 days, 2:44:42 

Begin to process [00803-k1cupFYWXJ6_sequence_4_2] type: [region], Question: [radiator in the hall that has beige patterned armchairs and round wooden table below colorful patterned ceiling]

Elapsed 2 days, 2:44:42 Current start position is [     -4.193     -14.923     -8.3556]
Elapsed 2 days, 2:45:44 ===Episode_id 4 task_id 2 task_level=region===
SR: False, SPL: 0.0, Object category: radiator, goal type: sequence===

Elapsed 2 days, 2:45:44 [baseline] task_level=region scene=00803-k1cupFYWXJ6 episode=4 task=2 sec=61.874
Elapsed 2 days, 2:45:44 [BASELINE_LIVE_METRICS] rows=223 avg_sr=0.484305 avg_spl=0.314758 follower_error_count=8 levels=[object:n=41,sr=0.682927,spl=0.483480; room:n=61,sr=0.606557,spl=0.367310; region:n=76,sr=0.421053,spl=0.302444; instance:n=45,sr=0.244444,spl=0.110594] latest_scene=00803-k1cupFYWXJ6 latest_episode=4 latest_task=2 latest_level=region by_level={"instance": {"avg_spl": 0.11059421680782115, "avg_sr": 0.24444444444444444, "count": 45}, "object": {"avg_spl": 0.4834795616561791, "avg_sr": 0.6829268292682927, "count": 41}, "region": {"avg_spl": 0.3024441533966784, "avg_sr": 0.42105263157894735, "count": 76}, "room": {"avg_spl": 0.36730979774101186, "avg_sr": 0.6065573770491803, "count": 61}}
Elapsed 2 days, 2:45:44 

Begin to process [00803-k1cupFYWXJ6_sequence_4_3] type: [region], Question: [table in the hall that has beige patterned armchairs and round wooden table below colorful patterned ceiling]

Elapsed 2 days, 2:45:44 Current start position is [    -1.1806     -14.923       2.367]
Elapsed 2 days, 2:46:47 ===Episode_id 4 task_id 3 task_level=region===
SR: True, SPL: 0.7466713452806988, Object category: table, goal type: sequence===

Elapsed 2 days, 2:46:47 [baseline] task_level=region scene=00803-k1cupFYWXJ6 episode=4 task=3 sec=63.654
Elapsed 2 days, 2:46:47 [BASELINE_LIVE_METRICS] rows=224 avg_sr=0.486607 avg_spl=0.316686 follower_error_count=8 levels=[object:n=41,sr=0.682927,spl=0.483480; room:n=61,sr=0.606557,spl=0.367310; region:n=77,sr=0.428571,spl=0.308213; instance:n=45,sr=0.244444,spl=0.110594] latest_scene=00803-k1cupFYWXJ6 latest_episode=4 latest_task=3 latest_level=region by_level={"instance": {"avg_spl": 0.11059421680782115, "avg_sr": 0.24444444444444444, "count": 45}, "object": {"avg_spl": 0.4834795616561791, "avg_sr": 0.6829268292682927, "count": 41}, "region": {"avg_spl": 0.3082133377068605, "avg_sr": 0.42857142857142855, "count": 77}, "room": {"avg_spl": 0.36730979774101186, "avg_sr": 0.6065573770491803, "count": 61}}
Elapsed 2 days, 2:46:47 

Begin to process [00803-k1cupFYWXJ6_sequence_4_4] type: [room], Question: [bust in the hall]

Elapsed 2 days, 2:46:47 Current start position is [     2.6376     -14.923     0.84652]
Elapsed 2 days, 2:48:18 ===Episode_id 4 task_id 4 task_level=room===
SR: False, SPL: 0.0, Object category: bust, goal type: sequence===

Elapsed 2 days, 2:48:18 [baseline] task_level=room scene=00803-k1cupFYWXJ6 episode=4 task=4 sec=90.332
Elapsed 2 days, 2:48:18 [BASELINE_LIVE_METRICS] rows=225 avg_sr=0.484444 avg_spl=0.315279 follower_error_count=8 levels=[object:n=41,sr=0.682927,spl=0.483480; room:n=62,sr=0.596774,spl=0.361385; region:n=77,sr=0.428571,spl=0.308213; instance:n=45,sr=0.244444,spl=0.110594] latest_scene=00803-k1cupFYWXJ6 latest_episode=4 latest_task=4 latest_level=room by_level={"instance": {"avg_spl": 0.11059421680782115, "avg_sr": 0.24444444444444444, "count": 45}, "object": {"avg_spl": 0.4834795616561791, "avg_sr": 0.6829268292682927, "count": 41}, "region": {"avg_spl": 0.3082133377068605, "avg_sr": 0.42857142857142855, "count": 77}, "room": {"avg_spl": 0.36138544616454393, "avg_sr": 0.5967741935483871, "count": 62}}
Elapsed 2 days, 2:48:18 [Metrics] sequence count: 225, invalid_count: 0, follower_error_count: 8, avg_sr: 0.484444, avg_spl: 0.315279

=== Episode ===: 5it [5:17:21, 3668.56s/it][AElapsed 2 days, 2:48:28 

Begin to process [00803-k1cupFYWXJ6_sequence_5_0] type: [instance], Question: [white square side table with black base between purple chairs under yellow-framed wall maps near exhibition table with ship model]

Elapsed 2 days, 2:48:28 Current start position is [     3.9937      6.4774    -0.00427]
Elapsed 2 days, 3:21:28 ===Episode_id 5 task_id 0 task_level=instance===
SR: False, SPL: 0.0, Object category: coffee table, goal type: sequence===

Elapsed 2 days, 3:21:28 [baseline] task_level=instance scene=00803-k1cupFYWXJ6 episode=5 task=0 sec=1979.665
Elapsed 2 days, 3:21:28 [BASELINE_LIVE_METRICS] rows=226 avg_sr=0.482301 avg_spl=0.313884 follower_error_count=8 levels=[object:n=41,sr=0.682927,spl=0.483480; room:n=62,sr=0.596774,spl=0.361385; region:n=77,sr=0.428571,spl=0.308213; instance:n=46,sr=0.239130,spl=0.108190] latest_scene=00803-k1cupFYWXJ6 latest_episode=5 latest_task=0 latest_level=instance by_level={"instance": {"avg_spl": 0.1081899947033033, "avg_sr": 0.2391304347826087, "count": 46}, "object": {"avg_spl": 0.4834795616561791, "avg_sr": 0.6829268292682927, "count": 41}, "region": {"avg_spl": 0.3082133377068605, "avg_sr": 0.42857142857142855, "count": 77}, "room": {"avg_spl": 0.36138544616454393, "avg_sr": 0.5967741935483871, "count": 62}}
Elapsed 2 days, 3:21:28 

Begin to process [00803-k1cupFYWXJ6_sequence_5_1] type: [room], Question: [map in the hall]

Elapsed 2 days, 3:21:28 Current start position is [     1.9135      6.4775      2.2252]
Elapsed 2 days, 3:22:36 ===Episode_id 5 task_id 1 task_level=room===
SR: False, SPL: 0.0, Object category: map, goal type: sequence===

Elapsed 2 days, 3:22:36 [baseline] task_level=room scene=00803-k1cupFYWXJ6 episode=5 task=1 sec=67.686
Elapsed 2 days, 3:22:36 [BASELINE_LIVE_METRICS] rows=227 avg_sr=0.480176 avg_spl=0.312501 follower_error_count=8 levels=[object:n=41,sr=0.682927,spl=0.483480; room:n=63,sr=0.587302,spl=0.355649; region:n=77,sr=0.428571,spl=0.308213; instance:n=46,sr=0.239130,spl=0.108190] latest_scene=00803-k1cupFYWXJ6 latest_episode=5 latest_task=1 latest_level=room by_level={"instance": {"avg_spl": 0.1081899947033033, "avg_sr": 0.2391304347826087, "count": 46}, "object": {"avg_spl": 0.4834795616561791, "avg_sr": 0.6829268292682927, "count": 41}, "region": {"avg_spl": 0.3082133377068605, "avg_sr": 0.42857142857142855, "count": 77}, "room": {"avg_spl": 0.3556491692412972, "avg_sr": 0.5873015873015873, "count": 63}}
Elapsed 2 days, 3:22:36 

Begin to process [00803-k1cupFYWXJ6_sequence_5_2] type: [object], Question: [exhibition picture]

Elapsed 2 days, 3:22:36 Current start position is [     3.5861      6.4775      0.1125]
Elapsed 2 days, 3:24:09 ===Episode_id 5 task_id 2 task_level=object===
SR: False, SPL: 0.0, Object category: exhibition picture, goal type: sequence===

Elapsed 2 days, 3:24:09 [baseline] task_level=object scene=00803-k1cupFYWXJ6 episode=5 task=2 sec=92.934
Elapsed 2 days, 3:24:09 [BASELINE_LIVE_METRICS] rows=228 avg_sr=0.478070 avg_spl=0.311130 follower_error_count=8 levels=[object:n=42,sr=0.666667,spl=0.471968; room:n=63,sr=0.587302,spl=0.355649; region:n=77,sr=0.428571,spl=0.308213; instance:n=46,sr=0.239130,spl=0.108190] latest_scene=00803-k1cupFYWXJ6 latest_episode=5 latest_task=2 latest_level=object by_level={"instance": {"avg_spl": 0.1081899947033033, "avg_sr": 0.2391304347826087, "count": 46}, "object": {"avg_spl": 0.47196814352150823, "avg_sr": 0.6666666666666666, "count": 42}, "region": {"avg_spl": 0.3082133377068605, "avg_sr": 0.42857142857142855, "count": 77}, "room": {"avg_spl": 0.3556491692412972, "avg_sr": 0.5873015873015873, "count": 63}}
Elapsed 2 days, 3:24:09 

Begin to process [00803-k1cupFYWXJ6_sequence_5_3] type: [region], Question: [armchair in the hall that has purple armchairs beneath wall maps, exhibition table with ship model, white countertop coffee table, and sewing machine]

Elapsed 2 days, 3:24:09 Current start position is [      4.974      6.4775     -2.4161]
Elapsed 2 days, 3:25:36 ===Episode_id 5 task_id 3 task_level=region===
SR: True, SPL: 0.44150729301406916, Object category: armchair, goal type: sequence===

Elapsed 2 days, 3:25:36 [baseline] task_level=region scene=00803-k1cupFYWXJ6 episode=5 task=3 sec=86.894
Elapsed 2 days, 3:25:36 [BASELINE_LIVE_METRICS] rows=229 avg_sr=0.480349 avg_spl=0.311700 follower_error_count=8 levels=[object:n=42,sr=0.666667,spl=0.471968; room:n=63,sr=0.587302,spl=0.355649; region:n=78,sr=0.435897,spl=0.309922; instance:n=46,sr=0.239130,spl=0.108190] latest_scene=00803-k1cupFYWXJ6 latest_episode=5 latest_task=3 latest_level=region by_level={"instance": {"avg_spl": 0.1081899947033033, "avg_sr": 0.2391304347826087, "count": 46}, "object": {"avg_spl": 0.47196814352150823, "avg_sr": 0.6666666666666666, "count": 42}, "region": {"avg_spl": 0.3099222345697734, "avg_sr": 0.4358974358974359, "count": 78}, "room": {"avg_spl": 0.3556491692412972, "avg_sr": 0.5873015873015873, "count": 63}}
Elapsed 2 days, 3:25:36 

Begin to process [00803-k1cupFYWXJ6_sequence_5_4] type: [room], Question: [exhibition table in the hall]

Elapsed 2 days, 3:25:36 Current start position is [     6.4306      6.4775     -2.0957]
Elapsed 2 days, 3:26:42 ===Episode_id 5 task_id 4 task_level=room===
SR: False, SPL: 0.0, Object category: exhibition table, goal type: sequence===

Elapsed 2 days, 3:26:42 [baseline] task_level=room scene=00803-k1cupFYWXJ6 episode=5 task=4 sec=66.897
Elapsed 2 days, 3:26:42 [BASELINE_LIVE_METRICS] rows=230 avg_sr=0.478261 avg_spl=0.310344 follower_error_count=8 levels=[object:n=42,sr=0.666667,spl=0.471968; room:n=64,sr=0.578125,spl=0.350092; region:n=78,sr=0.435897,spl=0.309922; instance:n=46,sr=0.239130,spl=0.108190] latest_scene=00803-k1cupFYWXJ6 latest_episode=5 latest_task=4 latest_level=room by_level={"instance": {"avg_spl": 0.1081899947033033, "avg_sr": 0.2391304347826087, "count": 46}, "object": {"avg_spl": 0.47196814352150823, "avg_sr": 0.6666666666666666, "count": 42}, "region": {"avg_spl": 0.3099222345697734, "avg_sr": 0.4358974358974359, "count": 78}, "room": {"avg_spl": 0.35009215097190194, "avg_sr": 0.578125, "count": 64}}
Elapsed 2 days, 3:26:43 [Metrics] sequence count: 230, invalid_count: 0, follower_error_count: 8, avg_sr: 0.478261, avg_spl: 0.310344

=== Episode ===: 6it [5:55:46, 3204.88s/it][AElapsed 2 days, 3:26:52 

Begin to process [00803-k1cupFYWXJ6_sequence_6_0] type: [instance], Question: [white exhibition table with ship model in hall with purple armchairs and wall maps]

Elapsed 2 days, 3:26:52 Current start position is [     2.7337      6.4774    -0.83161]
Elapsed 2 days, 3:54:01 ===Episode_id 6 task_id 0 task_level=instance===
SR: True, SPL: 0.474593219604356, Object category: exhibition table, goal type: sequence===

Elapsed 2 days, 3:54:01 [baseline] task_level=instance scene=00803-k1cupFYWXJ6 episode=6 task=0 sec=1629.176
Elapsed 2 days, 3:54:01 [BASELINE_LIVE_METRICS] rows=231 avg_sr=0.480519 avg_spl=0.311056 follower_error_count=8 levels=[object:n=42,sr=0.666667,spl=0.471968; room:n=64,sr=0.578125,spl=0.350092; region:n=78,sr=0.435897,spl=0.309922; instance:n=47,sr=0.255319,spl=0.115986] latest_scene=00803-k1cupFYWXJ6 latest_episode=6 latest_task=0 latest_level=instance by_level={"instance": {"avg_spl": 0.11598580799907038, "avg_sr": 0.2553191489361702, "count": 47}, "object": {"avg_spl": 0.47196814352150823, "avg_sr": 0.6666666666666666, "count": 42}, "region": {"avg_spl": 0.3099222345697734, "avg_sr": 0.4358974358974359, "count": 78}, "room": {"avg_spl": 0.35009215097190194, "avg_sr": 0.578125, "count": 64}}
Elapsed 2 days, 3:54:01 

Begin to process [00803-k1cupFYWXJ6_sequence_6_1] type: [region], Question: [armchair in the hall that has purple armchairs beneath wall maps, exhibition table with ship model, white countertop coffee table, and sewing machine]

Elapsed 2 days, 3:54:01 Current start position is [     6.4012      6.4775      2.2213]
Elapsed 2 days, 3:55:19 ===Episode_id 6 task_id 1 task_level=region===
SR: True, SPL: 0.6827170209236856, Object category: armchair, goal type: sequence===

Elapsed 2 days, 3:55:19 [baseline] task_level=region scene=00803-k1cupFYWXJ6 episode=6 task=1 sec=78.624
Elapsed 2 days, 3:55:19 [BASELINE_LIVE_METRICS] rows=232 avg_sr=0.482759 avg_spl=0.312658 follower_error_count=8 levels=[object:n=42,sr=0.666667,spl=0.471968; room:n=64,sr=0.578125,spl=0.350092; region:n=79,sr=0.443038,spl=0.314641; instance:n=47,sr=0.255319,spl=0.115986] latest_scene=00803-k1cupFYWXJ6 latest_episode=6 latest_task=1 latest_level=region by_level={"instance": {"avg_spl": 0.11598580799907038, "avg_sr": 0.2553191489361702, "count": 47}, "object": {"avg_spl": 0.47196814352150823, "avg_sr": 0.6666666666666666, "count": 42}, "region": {"avg_spl": 0.3146411559160255, "avg_sr": 0.4430379746835443, "count": 79}, "room": {"avg_spl": 0.35009215097190194, "avg_sr": 0.578125, "count": 64}}
Elapsed 2 days, 3:55:19 

Begin to process [00803-k1cupFYWXJ6_sequence_6_2] type: [object], Question: [ship model]

Elapsed 2 days, 3:55:19 Current start position is [     6.1986      6.4775     -2.6318]
Elapsed 2 days, 3:56:29 ===Episode_id 6 task_id 2 task_level=object===
SR: False, SPL: 0.0, Object category: ship model, goal type: sequence===

Elapsed 2 days, 3:56:29 [baseline] task_level=object scene=00803-k1cupFYWXJ6 episode=6 task=2 sec=69.071
Elapsed 2 days, 3:56:29 [BASELINE_LIVE_METRICS] rows=233 avg_sr=0.480687 avg_spl=0.311316 follower_error_count=8 levels=[object:n=43,sr=0.651163,spl=0.460992; room:n=64,sr=0.578125,spl=0.350092; region:n=79,sr=0.443038,spl=0.314641; instance:n=47,sr=0.255319,spl=0.115986] latest_scene=00803-k1cupFYWXJ6 latest_episode=6 latest_task=2 latest_level=object by_level={"instance": {"avg_spl": 0.11598580799907038, "avg_sr": 0.2553191489361702, "count": 47}, "object": {"avg_spl": 0.4609921401837987, "avg_sr": 0.6511627906976745, "count": 43}, "region": {"avg_spl": 0.3146411559160255, "avg_sr": 0.4430379746835443, "count": 79}, "room": {"avg_spl": 0.35009215097190194, "avg_sr": 0.578125, "count": 64}}
Elapsed 2 days, 3:56:29 

Begin to process [00803-k1cupFYWXJ6_sequence_6_3] type: [object], Question: [map]

Elapsed 2 days, 3:56:29 Current start position is [     6.7422      6.4775     -1.8229]
Elapsed 2 days, 3:57:56 ===Episode_id 6 task_id 3 task_level=object===
SR: False, SPL: 0.0, Object category: map, goal type: sequence===

Elapsed 2 days, 3:57:56 [baseline] task_level=object scene=00803-k1cupFYWXJ6 episode=6 task=3 sec=87.169
Elapsed 2 days, 3:57:56 [BASELINE_LIVE_METRICS] rows=234 avg_sr=0.478632 avg_spl=0.309985 follower_error_count=8 levels=[object:n=44,sr=0.636364,spl=0.450515; room:n=64,sr=0.578125,spl=0.350092; region:n=79,sr=0.443038,spl=0.314641; instance:n=47,sr=0.255319,spl=0.115986] latest_scene=00803-k1cupFYWXJ6 latest_episode=6 latest_task=3 latest_level=object by_level={"instance": {"avg_spl": 0.11598580799907038, "avg_sr": 0.2553191489361702, "count": 47}, "object": {"avg_spl": 0.4505150460887124, "avg_sr": 0.6363636363636364, "count": 44}, "region": {"avg_spl": 0.3146411559160255, "avg_sr": 0.4430379746835443, "count": 79}, "room": {"avg_spl": 0.35009215097190194, "avg_sr": 0.578125, "count": 64}}
Elapsed 2 days, 3:57:56 

Begin to process [00803-k1cupFYWXJ6_sequence_6_4] type: [region], Question: [radiator in the hall that has purple armchairs beneath wall maps, exhibition table with ship model, white countertop coffee table, and sewing machine]

Elapsed 2 days, 3:57:56 Current start position is [     6.7422      6.4775     -1.8229]
Elapsed 2 days, 4:06:52 ===Episode_id 6 task_id 4 task_level=region===
SR: True, SPL: 0.6515083463770991, Object category: radiator, goal type: sequence===

Elapsed 2 days, 4:06:52 [baseline] task_level=region scene=00803-k1cupFYWXJ6 episode=6 task=4 sec=535.785
Elapsed 2 days, 4:06:52 [BASELINE_LIVE_METRICS] rows=235 avg_sr=0.480851 avg_spl=0.311439 follower_error_count=8 levels=[object:n=44,sr=0.636364,spl=0.450515; room:n=64,sr=0.578125,spl=0.350092; region:n=80,sr=0.450000,spl=0.318852; instance:n=47,sr=0.255319,spl=0.115986] latest_scene=00803-k1cupFYWXJ6 latest_episode=6 latest_task=4 latest_level=region by_level={"instance": {"avg_spl": 0.11598580799907038, "avg_sr": 0.2553191489361702, "count": 47}, "object": {"avg_spl": 0.4505150460887124, "avg_sr": 0.6363636363636364, "count": 44}, "region": {"avg_spl": 0.3188519957967889, "avg_sr": 0.45, "count": 80}, "room": {"avg_spl": 0.35009215097190194, "avg_sr": 0.578125, "count": 64}}
Elapsed 2 days, 4:06:52 [Metrics] sequence count: 235, invalid_count: 0, follower_error_count: 8, avg_sr: 0.480851, avg_spl: 0.311439

=== Episode ===: 7it [6:35:55, 2944.71s/it][AElapsed 2 days, 4:07:01 

Begin to process [00803-k1cupFYWXJ6_sequence_7_0] type: [instance], Question: [white square side table with black base under a white frameless map between purple armchairs in a hall with a ship model]

Elapsed 2 days, 4:07:01 Current start position is [     4.7282      6.4774      1.5096]
Elapsed 2 days, 4:37:36 ===Episode_id 7 task_id 0 task_level=instance===
SR: False, SPL: 0.0, Object category: table, goal type: sequence===

Elapsed 2 days, 4:37:36 [baseline] task_level=instance scene=00803-k1cupFYWXJ6 episode=7 task=0 sec=1835.359
Elapsed 2 days, 4:37:36 [BASELINE_LIVE_METRICS] rows=236 avg_sr=0.478814 avg_spl=0.310119 follower_error_count=8 levels=[object:n=44,sr=0.636364,spl=0.450515; room:n=64,sr=0.578125,spl=0.350092; region:n=80,sr=0.450000,spl=0.318852; instance:n=48,sr=0.250000,spl=0.113569] latest_scene=00803-k1cupFYWXJ6 latest_episode=7 latest_task=0 latest_level=instance by_level={"instance": {"avg_spl": 0.11356943699908974, "avg_sr": 0.25, "count": 48}, "object": {"avg_spl": 0.4505150460887124, "avg_sr": 0.6363636363636364, "count": 44}, "region": {"avg_spl": 0.3188519957967889, "avg_sr": 0.45, "count": 80}, "room": {"avg_spl": 0.35009215097190194, "avg_sr": 0.578125, "count": 64}}
Elapsed 2 days, 4:37:36 

Begin to process [00803-k1cupFYWXJ6_sequence_7_1] type: [room], Question: [table in the hall]

Elapsed 2 days, 4:37:36 Current start position is [     3.5795      6.4775       1.728]
Elapsed 2 days, 4:38:55 ===Episode_id 7 task_id 1 task_level=room===
SR: True, SPL: 0.021624262084679133, Object category: table, goal type: sequence===

Elapsed 2 days, 4:38:55 [baseline] task_level=room scene=00803-k1cupFYWXJ6 episode=7 task=1 sec=78.777
Elapsed 2 days, 4:38:55 [BASELINE_LIVE_METRICS] rows=237 avg_sr=0.481013 avg_spl=0.308902 follower_error_count=8 levels=[object:n=44,sr=0.636364,spl=0.450515; room:n=65,sr=0.584615,spl=0.345039; region:n=80,sr=0.450000,spl=0.318852; instance:n=48,sr=0.250000,spl=0.113569] latest_scene=00803-k1cupFYWXJ6 latest_episode=7 latest_task=1 latest_level=room by_level={"instance": {"avg_spl": 0.11356943699908974, "avg_sr": 0.25, "count": 48}, "object": {"avg_spl": 0.4505150460887124, "avg_sr": 0.6363636363636364, "count": 44}, "region": {"avg_spl": 0.3188519957967889, "avg_sr": 0.45, "count": 80}, "room": {"avg_spl": 0.3450387988351754, "avg_sr": 0.5846153846153846, "count": 65}}
Elapsed 2 days, 4:38:55 

Begin to process [00803-k1cupFYWXJ6_sequence_7_2] type: [room], Question: [map in the hall]

Elapsed 2 days, 4:38:55 Current start position is [     6.4141      6.4775      2.1915]
Elapsed 2 days, 4:40:07 ===Episode_id 7 task_id 2 task_level=room===
SR: False, SPL: 0.0, Object category: map, goal type: sequence===

Elapsed 2 days, 4:40:07 [baseline] task_level=room scene=00803-k1cupFYWXJ6 episode=7 task=2 sec=72.174
Elapsed 2 days, 4:40:07 [BASELINE_LIVE_METRICS] rows=238 avg_sr=0.478992 avg_spl=0.307604 follower_error_count=8 levels=[object:n=44,sr=0.636364,spl=0.450515; room:n=66,sr=0.575758,spl=0.339811; region:n=80,sr=0.450000,spl=0.318852; instance:n=48,sr=0.250000,spl=0.113569] latest_scene=00803-k1cupFYWXJ6 latest_episode=7 latest_task=2 latest_level=room by_level={"instance": {"avg_spl": 0.11356943699908974, "avg_sr": 0.25, "count": 48}, "object": {"avg_spl": 0.4505150460887124, "avg_sr": 0.6363636363636364, "count": 44}, "region": {"avg_spl": 0.3188519957967889, "avg_sr": 0.45, "count": 80}, "room": {"avg_spl": 0.33981093824676367, "avg_sr": 0.5757575757575758, "count": 66}}
Elapsed 2 days, 4:40:07 

Begin to process [00803-k1cupFYWXJ6_sequence_7_3] type: [room], Question: [radiator in the hall]

Elapsed 2 days, 4:40:07 Current start position is [     4.2066      6.4775     0.23157]
Elapsed 2 days, 4:41:19 ===Episode_id 7 task_id 3 task_level=room===
SR: False, SPL: 0.0, Object category: radiator, goal type: sequence===

Elapsed 2 days, 4:41:19 [baseline] task_level=room scene=00803-k1cupFYWXJ6 episode=7 task=3 sec=72.198
Elapsed 2 days, 4:41:19 [BASELINE_LIVE_METRICS] rows=239 avg_sr=0.476987 avg_spl=0.306317 follower_error_count=8 levels=[object:n=44,sr=0.636364,spl=0.450515; room:n=67,sr=0.567164,spl=0.334739; region:n=80,sr=0.450000,spl=0.318852; instance:n=48,sr=0.250000,spl=0.113569] latest_scene=00803-k1cupFYWXJ6 latest_episode=7 latest_task=3 latest_level=room by_level={"instance": {"avg_spl": 0.11356943699908974, "avg_sr": 0.25, "count": 48}, "object": {"avg_spl": 0.4505150460887124, "avg_sr": 0.6363636363636364, "count": 44}, "region": {"avg_spl": 0.3188519957967889, "avg_sr": 0.45, "count": 80}, "room": {"avg_spl": 0.3347391331983045, "avg_sr": 0.5671641791044776, "count": 67}}
Elapsed 2 days, 4:41:19 

Begin to process [00803-k1cupFYWXJ6_sequence_7_4] type: [object], Question: [sewing machine]

Elapsed 2 days, 4:41:19 Current start position is [     1.2376      6.4775     0.26078]
Elapsed 2 days, 4:42:15 ===Episode_id 7 task_id 4 task_level=object===
SR: True, SPL: 0.7352145596643301, Object category: sewing machine, goal type: sequence===

Elapsed 2 days, 4:42:15 [baseline] task_level=object scene=00803-k1cupFYWXJ6 episode=7 task=4 sec=55.494
Elapsed 2 days, 4:42:15 [BASELINE_LIVE_METRICS] rows=240 avg_sr=0.479167 avg_spl=0.308104 follower_error_count=8 levels=[object:n=45,sr=0.644444,spl=0.456842; room:n=67,sr=0.567164,spl=0.334739; region:n=80,sr=0.450000,spl=0.318852; instance:n=48,sr=0.250000,spl=0.113569] latest_scene=00803-k1cupFYWXJ6 latest_episode=7 latest_task=4 latest_level=object by_level={"instance": {"avg_spl": 0.11356943699908974, "avg_sr": 0.25, "count": 48}, "object": {"avg_spl": 0.45684170194594836, "avg_sr": 0.6444444444444445, "count": 45}, "region": {"avg_spl": 0.3188519957967889, "avg_sr": 0.45, "count": 80}, "room": {"avg_spl": 0.3347391331983045, "avg_sr": 0.5671641791044776, "count": 67}}
Elapsed 2 days, 4:42:15 [Metrics] sequence count: 240, invalid_count: 0, follower_error_count: 8, avg_sr: 0.479167, avg_spl: 0.308104

=== Episode ===: 8it [7:11:19, 2683.21s/it][AElapsed 2 days, 4:42:24 

Begin to process [00803-k1cupFYWXJ6_sequence_8_0] type: [instance], Question: [tall white cloth-draped table in a hall with purple armchairs, under wall maps and a ship model]

Elapsed 2 days, 4:42:24 Current start position is [     5.1035      6.4774      -1.023]
Elapsed 2 days, 5:17:00 ===Episode_id 8 task_id 0 task_level=instance===
SR: False, SPL: 0.0, Object category: table, goal type: sequence===

Elapsed 2 days, 5:17:00 [baseline] task_level=instance scene=00803-k1cupFYWXJ6 episode=8 task=0 sec=2075.987
Elapsed 2 days, 5:17:00 [BASELINE_LIVE_METRICS] rows=241 avg_sr=0.477178 avg_spl=0.306825 follower_error_count=8 levels=[object:n=45,sr=0.644444,spl=0.456842; room:n=67,sr=0.567164,spl=0.334739; region:n=80,sr=0.450000,spl=0.318852; instance:n=49,sr=0.244898,spl=0.111252] latest_scene=00803-k1cupFYWXJ6 latest_episode=8 latest_task=0 latest_level=instance by_level={"instance": {"avg_spl": 0.11125169338686342, "avg_sr": 0.24489795918367346, "count": 49}, "object": {"avg_spl": 0.45684170194594836, "avg_sr": 0.6444444444444445, "count": 45}, "region": {"avg_spl": 0.3188519957967889, "avg_sr": 0.45, "count": 80}, "room": {"avg_spl": 0.3347391331983045, "avg_sr": 0.5671641791044776, "count": 67}}
Elapsed 2 days, 5:17:00 

Begin to process [00803-k1cupFYWXJ6_sequence_8_1] type: [region], Question: [map in the hall that has purple armchairs beneath wall maps, exhibition table with ship model, white countertop coffee table, and sewing machine]

Elapsed 2 days, 5:17:00 Current start position is [     7.1615      6.5076      1.0223]
Elapsed 2 days, 5:18:26 ===Episode_id 8 task_id 1 task_level=region===
SR: False, SPL: 0.0, Object category: map, goal type: sequence===

Elapsed 2 days, 5:18:26 [baseline] task_level=region scene=00803-k1cupFYWXJ6 episode=8 task=1 sec=86.262
Elapsed 2 days, 5:18:26 [BASELINE_LIVE_METRICS] rows=242 avg_sr=0.475207 avg_spl=0.305557 follower_error_count=8 levels=[object:n=45,sr=0.644444,spl=0.456842; room:n=67,sr=0.567164,spl=0.334739; region:n=81,sr=0.444444,spl=0.314916; instance:n=49,sr=0.244898,spl=0.111252] latest_scene=00803-k1cupFYWXJ6 latest_episode=8 latest_task=1 latest_level=region by_level={"instance": {"avg_spl": 0.11125169338686342, "avg_sr": 0.24489795918367346, "count": 49}, "object": {"avg_spl": 0.45684170194594836, "avg_sr": 0.6444444444444445, "count": 45}, "region": {"avg_spl": 0.31491555140423594, "avg_sr": 0.4444444444444444, "count": 81}, "room": {"avg_spl": 0.3347391331983045, "avg_sr": 0.5671641791044776, "count": 67}}
Elapsed 2 days, 5:18:26 

Begin to process [00803-k1cupFYWXJ6_sequence_8_2] type: [room], Question: [exhibition table in the hall]

Elapsed 2 days, 5:18:26 Current start position is [     6.3888      6.4775      1.9477]
Elapsed 2 days, 5:19:27 ===Episode_id 8 task_id 2 task_level=room===
SR: False, SPL: 0.0, Object category: exhibition table, goal type: sequence===

Elapsed 2 days, 5:19:27 [baseline] task_level=room scene=00803-k1cupFYWXJ6 episode=8 task=2 sec=60.411
Elapsed 2 days, 5:19:27 [BASELINE_LIVE_METRICS] rows=243 avg_sr=0.473251 avg_spl=0.304300 follower_error_count=8 levels=[object:n=45,sr=0.644444,spl=0.456842; room:n=68,sr=0.558824,spl=0.329816; region:n=81,sr=0.444444,spl=0.314916; instance:n=49,sr=0.244898,spl=0.111252] latest_scene=00803-k1cupFYWXJ6 latest_episode=8 latest_task=2 latest_level=room by_level={"instance": {"avg_spl": 0.11125169338686342, "avg_sr": 0.24489795918367346, "count": 49}, "object": {"avg_spl": 0.45684170194594836, "avg_sr": 0.6444444444444445, "count": 45}, "region": {"avg_spl": 0.31491555140423594, "avg_sr": 0.4444444444444444, "count": 81}, "room": {"avg_spl": 0.3298164988865647, "avg_sr": 0.5588235294117647, "count": 68}}
Elapsed 2 days, 5:19:27 

Begin to process [00803-k1cupFYWXJ6_sequence_8_3] type: [object], Question: [exhibition picture]

Elapsed 2 days, 5:19:27 Current start position is [     1.8566      6.4775      2.3239]
Elapsed 2 days, 5:20:24 ===Episode_id 8 task_id 3 task_level=object===
SR: False, SPL: 0.0, Object category: exhibition picture, goal type: sequence===

Elapsed 2 days, 5:20:24 [baseline] task_level=object scene=00803-k1cupFYWXJ6 episode=8 task=3 sec=57.419
Elapsed 2 days, 5:20:24 [BASELINE_LIVE_METRICS] rows=244 avg_sr=0.471311 avg_spl=0.303053 follower_error_count=8 levels=[object:n=46,sr=0.630435,spl=0.446910; room:n=68,sr=0.558824,spl=0.329816; region:n=81,sr=0.444444,spl=0.314916; instance:n=49,sr=0.244898,spl=0.111252] latest_scene=00803-k1cupFYWXJ6 latest_episode=8 latest_task=3 latest_level=object by_level={"instance": {"avg_spl": 0.11125169338686342, "avg_sr": 0.24489795918367346, "count": 49}, "object": {"avg_spl": 0.44691036059929734, "avg_sr": 0.6304347826086957, "count": 46}, "region": {"avg_spl": 0.31491555140423594, "avg_sr": 0.4444444444444444, "count": 81}, "room": {"avg_spl": 0.3298164988865647, "avg_sr": 0.5588235294117647, "count": 68}}
Elapsed 2 days, 5:20:24 

Begin to process [00803-k1cupFYWXJ6_sequence_8_4] type: [room], Question: [sewing machine in the hall]

Elapsed 2 days, 5:20:24 Current start position is [     3.3155      6.4775     -2.4659]
Elapsed 2 days, 5:21:26 ===Episode_id 8 task_id 4 task_level=room===
SR: False, SPL: 0.0, Object category: sewing machine, goal type: sequence===

Elapsed 2 days, 5:21:26 [baseline] task_level=room scene=00803-k1cupFYWXJ6 episode=8 task=4 sec=61.537
Elapsed 2 days, 5:21:26 [BASELINE_LIVE_METRICS] rows=245 avg_sr=0.469388 avg_spl=0.301816 follower_error_count=8 levels=[object:n=46,sr=0.630435,spl=0.446910; room:n=69,sr=0.550725,spl=0.325037; region:n=81,sr=0.444444,spl=0.314916; instance:n=49,sr=0.244898,spl=0.111252] latest_scene=00803-k1cupFYWXJ6 latest_episode=8 latest_task=4 latest_level=room by_level={"instance": {"avg_spl": 0.11125169338686342, "avg_sr": 0.24489795918367346, "count": 49}, "object": {"avg_spl": 0.44691036059929734, "avg_sr": 0.6304347826086957, "count": 46}, "region": {"avg_spl": 0.31491555140423594, "avg_sr": 0.4444444444444444, "count": 81}, "room": {"avg_spl": 0.3250365496273392, "avg_sr": 0.5507246376811594, "count": 69}}
Elapsed 2 days, 5:21:26 [Metrics] sequence count: 245, invalid_count: 0, follower_error_count: 8, avg_sr: 0.469388, avg_spl: 0.301816

=== Episode ===: 9it [7:50:29, 2579.27s/it][AElapsed 2 days, 5:21:35 

Begin to process [00803-k1cupFYWXJ6_sequence_9_0] type: [instance], Question: [silver cylindrical bin below fire alarm in hall with purple patterned armchair and decorative plant beside carved arch above stairs]

Elapsed 2 days, 5:21:35 Current start position is [     4.8151     -14.923    -0.07909]
Elapsed 2 days, 6:04:12 ===Episode_id 9 task_id 0 task_level=instance===
SR: False, SPL: 0.0, Object category: bin, goal type: sequence===

Elapsed 2 days, 6:04:12 [baseline] task_level=instance scene=00803-k1cupFYWXJ6 episode=9 task=0 sec=2556.601
Elapsed 2 days, 6:04:12 [BASELINE_LIVE_METRICS] rows=246 avg_sr=0.467480 avg_spl=0.300589 follower_error_count=8 levels=[object:n=46,sr=0.630435,spl=0.446910; room:n=69,sr=0.550725,spl=0.325037; region:n=81,sr=0.444444,spl=0.314916; instance:n=50,sr=0.240000,spl=0.109027] latest_scene=00803-k1cupFYWXJ6 latest_episode=9 latest_task=0 latest_level=instance by_level={"instance": {"avg_spl": 0.10902665951912616, "avg_sr": 0.24, "count": 50}, "object": {"avg_spl": 0.44691036059929734, "avg_sr": 0.6304347826086957, "count": 46}, "region": {"avg_spl": 0.31491555140423594, "avg_sr": 0.4444444444444444, "count": 81}, "room": {"avg_spl": 0.3250365496273392, "avg_sr": 0.5507246376811594, "count": 69}}
Elapsed 2 days, 6:04:12 

Begin to process [00803-k1cupFYWXJ6_sequence_9_1] type: [object], Question: [picture]

Elapsed 2 days, 6:04:12 Current start position is [     2.7361     -14.923      2.1242]
Elapsed 2 days, 6:05:15 ===Episode_id 9 task_id 1 task_level=object===
SR: True, SPL: 0.6788603854408308, Object category: picture, goal type: sequence===

Elapsed 2 days, 6:05:15 [baseline] task_level=object scene=00803-k1cupFYWXJ6 episode=9 task=1 sec=62.948
Elapsed 2 days, 6:05:15 [BASELINE_LIVE_METRICS] rows=247 avg_sr=0.469636 avg_spl=0.302120 follower_error_count=8 levels=[object:n=47,sr=0.638298,spl=0.451845; room:n=69,sr=0.550725,spl=0.325037; region:n=81,sr=0.444444,spl=0.314916; instance:n=50,sr=0.240000,spl=0.109027] latest_scene=00803-k1cupFYWXJ6 latest_episode=9 latest_task=1 latest_level=object by_level={"instance": {"avg_spl": 0.10902665951912616, "avg_sr": 0.24, "count": 50}, "object": {"avg_spl": 0.45184546751081933, "avg_sr": 0.6382978723404256, "count": 47}, "region": {"avg_spl": 0.31491555140423594, "avg_sr": 0.4444444444444444, "count": 81}, "room": {"avg_spl": 0.3250365496273392, "avg_sr": 0.5507246376811594, "count": 69}}
Elapsed 2 days, 6:05:15 

Begin to process [00803-k1cupFYWXJ6_sequence_9_2] type: [room], Question: [bust in the hall]

Elapsed 2 days, 6:05:15 Current start position is [   0.078602     -14.923     -3.6304]
Elapsed 2 days, 6:06:03 ===Episode_id 9 task_id 2 task_level=room===
SR: False, SPL: 0.0, Object category: bust, goal type: sequence===

Elapsed 2 days, 6:06:03 [baseline] task_level=room scene=00803-k1cupFYWXJ6 episode=9 task=2 sec=48.387
Elapsed 2 days, 6:06:03 [BASELINE_LIVE_METRICS] rows=248 avg_sr=0.467742 avg_spl=0.300902 follower_error_count=8 levels=[object:n=47,sr=0.638298,spl=0.451845; room:n=70,sr=0.542857,spl=0.320393; region:n=81,sr=0.444444,spl=0.314916; instance:n=50,sr=0.240000,spl=0.109027] latest_scene=00803-k1cupFYWXJ6 latest_episode=9 latest_task=2 latest_level=room by_level={"instance": {"avg_spl": 0.10902665951912616, "avg_sr": 0.24, "count": 50}, "object": {"avg_spl": 0.45184546751081933, "avg_sr": 0.6382978723404256, "count": 47}, "region": {"avg_spl": 0.31491555140423594, "avg_sr": 0.4444444444444444, "count": 81}, "room": {"avg_spl": 0.3203931703469486, "avg_sr": 0.5428571428571428, "count": 70}}
Elapsed 2 days, 6:06:03 

Begin to process [00803-k1cupFYWXJ6_sequence_9_3] type: [region], Question: [armchair in the hall that has purple patterned armchairs and ornate plant in sculpted pot beside carved arch and stairs]

Elapsed 2 days, 6:06:03 Current start position is [    -1.7386     -14.923      2.4708]
Elapsed 2 days, 6:07:05 ===Episode_id 9 task_id 3 task_level=region===
SR: True, SPL: 0.6017909320432779, Object category: armchair, goal type: sequence===

Elapsed 2 days, 6:07:05 [baseline] task_level=region scene=00803-k1cupFYWXJ6 episode=9 task=3 sec=61.963
Elapsed 2 days, 6:07:05 [BASELINE_LIVE_METRICS] rows=249 avg_sr=0.469880 avg_spl=0.302111 follower_error_count=8 levels=[object:n=47,sr=0.638298,spl=0.451845; room:n=70,sr=0.542857,spl=0.320393; region:n=82,sr=0.451220,spl=0.318414; instance:n=50,sr=0.240000,spl=0.109027] latest_scene=00803-k1cupFYWXJ6 latest_episode=9 latest_task=3 latest_level=region by_level={"instance": {"avg_spl": 0.10902665951912616, "avg_sr": 0.24, "count": 50}, "object": {"avg_spl": 0.45184546751081933, "avg_sr": 0.6382978723404256, "count": 47}, "region": {"avg_spl": 0.3184140316559316, "avg_sr": 0.45121951219512196, "count": 82}, "room": {"avg_spl": 0.3203931703469486, "avg_sr": 0.5428571428571428, "count": 70}}
Elapsed 2 days, 6:07:05 

Begin to process [00803-k1cupFYWXJ6_sequence_9_4] type: [instance], Question: [beige couch with red pillows]

Elapsed 2 days, 6:07:05 Current start position is [    -1.3556     -14.923     -2.6391]
Elapsed 2 days, 6:10:16 ===Episode_id 9 task_id 4 task_level=instance===
SR: True, SPL: 0.9052555710014785, Object category: couch, goal type: sequence===

Elapsed 2 days, 6:10:16 [baseline] task_level=instance scene=00803-k1cupFYWXJ6 episode=9 task=4 sec=191.140
Elapsed 2 days, 6:10:16 [BASELINE_LIVE_METRICS] rows=250 avg_sr=0.472000 avg_spl=0.304523 follower_error_count=8 levels=[object:n=47,sr=0.638298,spl=0.451845; room:n=70,sr=0.542857,spl=0.320393; region:n=82,sr=0.451220,spl=0.318414; instance:n=51,sr=0.254902,spl=0.124639] latest_scene=00803-k1cupFYWXJ6 latest_episode=9 latest_task=4 latest_level=instance by_level={"instance": {"avg_spl": 0.12463899111681934, "avg_sr": 0.2549019607843137, "count": 51}, "object": {"avg_spl": 0.45184546751081933, "avg_sr": 0.6382978723404256, "count": 47}, "region": {"avg_spl": 0.3184140316559316, "avg_sr": 0.45121951219512196, "count": 82}, "room": {"avg_spl": 0.3203931703469486, "avg_sr": 0.5428571428571428, "count": 70}}
Elapsed 2 days, 6:10:16 [Metrics] sequence count: 250, invalid_count: 0, follower_error_count: 8, avg_sr: 0.472000, avg_spl: 0.304523

=== Episode ===: 10it [8:39:20, 2687.72s/it][AElapsed 2 days, 6:10:25 

Begin to process [00803-k1cupFYWXJ6_sequence_10_0] type: [instance], Question: [silver cylindrical bin below fire alarm in hall with purple patterned armchair and decorative plant beside carved arch above stairs]

Elapsed 2 days, 6:10:25 Current start position is [     4.8151     -14.923    -0.07909]
Elapsed 2 days, 6:52:48 ===Episode_id 10 task_id 0 task_level=instance===
SR: False, SPL: 0.0, Object category: bin, goal type: sequence===

Elapsed 2 days, 6:52:48 [baseline] task_level=instance scene=00803-k1cupFYWXJ6 episode=10 task=0 sec=2543.217
Elapsed 2 days, 6:52:48 [BASELINE_LIVE_METRICS] rows=251 avg_sr=0.470120 avg_spl=0.303310 follower_error_count=8 levels=[object:n=47,sr=0.638298,spl=0.451845; room:n=70,sr=0.542857,spl=0.320393; region:n=82,sr=0.451220,spl=0.318414; instance:n=52,sr=0.250000,spl=0.122242] latest_scene=00803-k1cupFYWXJ6 latest_episode=10 latest_task=0 latest_level=instance by_level={"instance": {"avg_spl": 0.12224208744149588, "avg_sr": 0.25, "count": 52}, "object": {"avg_spl": 0.45184546751081933, "avg_sr": 0.6382978723404256, "count": 47}, "region": {"avg_spl": 0.3184140316559316, "avg_sr": 0.45121951219512196, "count": 82}, "room": {"avg_spl": 0.3203931703469486, "avg_sr": 0.5428571428571428, "count": 70}}
Elapsed 2 days, 6:52:48 

Begin to process [00803-k1cupFYWXJ6_sequence_10_1] type: [object], Question: [picture]

Elapsed 2 days, 6:52:48 Current start position is [    -2.6321     -14.923     -10.677]
Elapsed 2 days, 6:53:38 ===Episode_id 10 task_id 1 task_level=object===
SR: True, SPL: 0.8875780367935275, Object category: picture, goal type: sequence===

Elapsed 2 days, 6:53:38 [baseline] task_level=object scene=00803-k1cupFYWXJ6 episode=10 task=1 sec=49.971
Elapsed 2 days, 6:53:38 [BASELINE_LIVE_METRICS] rows=252 avg_sr=0.472222 avg_spl=0.305628 follower_error_count=8 levels=[object:n=48,sr=0.645833,spl=0.460923; room:n=70,sr=0.542857,spl=0.320393; region:n=82,sr=0.451220,spl=0.318414; instance:n=52,sr=0.250000,spl=0.122242] latest_scene=00803-k1cupFYWXJ6 latest_episode=10 latest_task=1 latest_level=object by_level={"instance": {"avg_spl": 0.12224208744149588, "avg_sr": 0.25, "count": 52}, "object": {"avg_spl": 0.46092322937087576, "avg_sr": 0.6458333333333334, "count": 48}, "region": {"avg_spl": 0.3184140316559316, "avg_sr": 0.45121951219512196, "count": 82}, "room": {"avg_spl": 0.3203931703469486, "avg_sr": 0.5428571428571428, "count": 70}}
Elapsed 2 days, 6:53:38 

Begin to process [00803-k1cupFYWXJ6_sequence_10_2] type: [room], Question: [bust in the hall]

Elapsed 2 days, 6:53:38 Current start position is [   0.076328     -14.923     -3.6312]
Elapsed 2 days, 6:54:30 ===Episode_id 10 task_id 2 task_level=room===
SR: False, SPL: 0.0, Object category: bust, goal type: sequence===

Elapsed 2 days, 6:54:30 [baseline] task_level=room scene=00803-k1cupFYWXJ6 episode=10 task=2 sec=51.966
Elapsed 2 days, 6:54:30 [BASELINE_LIVE_METRICS] rows=253 avg_sr=0.470356 avg_spl=0.304420 follower_error_count=8 levels=[object:n=48,sr=0.645833,spl=0.460923; room:n=71,sr=0.535211,spl=0.315881; region:n=82,sr=0.451220,spl=0.318414; instance:n=52,sr=0.250000,spl=0.122242] latest_scene=00803-k1cupFYWXJ6 latest_episode=10 latest_task=2 latest_level=room by_level={"instance": {"avg_spl": 0.12224208744149588, "avg_sr": 0.25, "count": 52}, "object": {"avg_spl": 0.46092322937087576, "avg_sr": 0.6458333333333334, "count": 48}, "region": {"avg_spl": 0.3184140316559316, "avg_sr": 0.45121951219512196, "count": 82}, "room": {"avg_spl": 0.31588059048290706, "avg_sr": 0.5352112676056338, "count": 71}}
Elapsed 2 days, 6:54:30 

Begin to process [00803-k1cupFYWXJ6_sequence_10_3] type: [region], Question: [armchair in the hall that has purple patterned armchairs and ornate plant in sculpted pot beside carved arch and stairs]

Elapsed 2 days, 6:54:30 Current start position is [    -2.6321     -14.923     -10.677]
Elapsed 2 days, 6:55:28 ===Episode_id 10 task_id 3 task_level=region===
SR: False, SPL: 0.0, Object category: armchair, goal type: sequence===

Elapsed 2 days, 6:55:28 [baseline] task_level=region scene=00803-k1cupFYWXJ6 episode=10 task=3 sec=57.951
Elapsed 2 days, 6:55:28 [BASELINE_LIVE_METRICS] rows=254 avg_sr=0.468504 avg_spl=0.303222 follower_error_count=8 levels=[object:n=48,sr=0.645833,spl=0.460923; room:n=71,sr=0.535211,spl=0.315881; region:n=83,sr=0.445783,spl=0.314578; instance:n=52,sr=0.250000,spl=0.122242] latest_scene=00803-k1cupFYWXJ6 latest_episode=10 latest_task=3 latest_level=region by_level={"instance": {"avg_spl": 0.12224208744149588, "avg_sr": 0.25, "count": 52}, "object": {"avg_spl": 0.46092322937087576, "avg_sr": 0.6458333333333334, "count": 48}, "region": {"avg_spl": 0.3145777180215228, "avg_sr": 0.4457831325301205, "count": 83}, "room": {"avg_spl": 0.31588059048290706, "avg_sr": 0.5352112676056338, "count": 71}}
Elapsed 2 days, 6:55:28 

Begin to process [00803-k1cupFYWXJ6_sequence_10_4] type: [instance], Question: [beige couch with red pillows]

Elapsed 2 days, 6:55:28 Current start position is [    -3.0471     -14.923     -10.801]
Elapsed 2 days, 6:58:27 ===Episode_id 10 task_id 4 task_level=instance===
SR: True, SPL: 0.8638186082027879, Object category: couch, goal type: sequence===

Elapsed 2 days, 6:58:27 [baseline] task_level=instance scene=00803-k1cupFYWXJ6 episode=10 task=4 sec=178.801
Elapsed 2 days, 6:58:27 [BASELINE_LIVE_METRICS] rows=255 avg_sr=0.470588 avg_spl=0.305420 follower_error_count=8 levels=[object:n=48,sr=0.645833,spl=0.460923; room:n=71,sr=0.535211,spl=0.315881; region:n=83,sr=0.445783,spl=0.314578; instance:n=53,sr=0.264151,spl=0.136234] latest_scene=00803-k1cupFYWXJ6 latest_episode=10 latest_task=4 latest_level=instance by_level={"instance": {"avg_spl": 0.13623409726718064, "avg_sr": 0.2641509433962264, "count": 53}, "object": {"avg_spl": 0.46092322937087576, "avg_sr": 0.6458333333333334, "count": 48}, "region": {"avg_spl": 0.3145777180215228, "avg_sr": 0.4457831325301205, "count": 83}, "room": {"avg_spl": 0.31588059048290706, "avg_sr": 0.5352112676056338, "count": 71}}
Elapsed 2 days, 6:58:27 [Metrics] sequence count: 255, invalid_count: 0, follower_error_count: 8, avg_sr: 0.470588, avg_spl: 0.305420

=== Episode ===: 11it [9:27:31, 2749.88s/it][AElapsed 2 days, 6:58:36 

Begin to process [00803-k1cupFYWXJ6_sequence_11_0] type: [instance], Question: [silver cylindrical bin below fire alarm in hall with purple patterned armchair and decorative plant beside carved arch above stairs]

Elapsed 2 days, 6:58:36 Current start position is [     4.8151     -14.923    -0.07909]
Elapsed 2 days, 7:40:44 ===Episode_id 11 task_id 0 task_level=instance===
SR: False, SPL: 0.0, Object category: bin, goal type: sequence===

Elapsed 2 days, 7:40:44 [baseline] task_level=instance scene=00803-k1cupFYWXJ6 episode=11 task=0 sec=2528.422
Elapsed 2 days, 7:40:44 [BASELINE_LIVE_METRICS] rows=256 avg_sr=0.468750 avg_spl=0.304227 follower_error_count=8 levels=[object:n=48,sr=0.645833,spl=0.460923; room:n=71,sr=0.535211,spl=0.315881; region:n=83,sr=0.445783,spl=0.314578; instance:n=54,sr=0.259259,spl=0.133711] latest_scene=00803-k1cupFYWXJ6 latest_episode=11 latest_task=0 latest_level=instance by_level={"instance": {"avg_spl": 0.1337112436140847, "avg_sr": 0.25925925925925924, "count": 54}, "object": {"avg_spl": 0.46092322937087576, "avg_sr": 0.6458333333333334, "count": 48}, "region": {"avg_spl": 0.3145777180215228, "avg_sr": 0.4457831325301205, "count": 83}, "room": {"avg_spl": 0.31588059048290706, "avg_sr": 0.5352112676056338, "count": 71}}
Elapsed 2 days, 7:40:44 

Begin to process [00803-k1cupFYWXJ6_sequence_11_1] type: [object], Question: [bust]

Elapsed 2 days, 7:40:44 Current start position is [    -2.3836     -14.923      2.0946]
Elapsed 2 days, 7:41:40 ===Episode_id 11 task_id 1 task_level=object===
SR: False, SPL: 0.0, Object category: bust, goal type: sequence===

Elapsed 2 days, 7:41:40 [baseline] task_level=object scene=00803-k1cupFYWXJ6 episode=11 task=1 sec=56.019
Elapsed 2 days, 7:41:40 [BASELINE_LIVE_METRICS] rows=257 avg_sr=0.466926 avg_spl=0.303044 follower_error_count=8 levels=[object:n=49,sr=0.632653,spl=0.451517; room:n=71,sr=0.535211,spl=0.315881; region:n=83,sr=0.445783,spl=0.314578; instance:n=54,sr=0.259259,spl=0.133711] latest_scene=00803-k1cupFYWXJ6 latest_episode=11 latest_task=1 latest_level=object by_level={"instance": {"avg_spl": 0.1337112436140847, "avg_sr": 0.25925925925925924, "count": 54}, "object": {"avg_spl": 0.4515166328531028, "avg_sr": 0.6326530612244898, "count": 49}, "region": {"avg_spl": 0.3145777180215228, "avg_sr": 0.4457831325301205, "count": 83}, "room": {"avg_spl": 0.31588059048290706, "avg_sr": 0.5352112676056338, "count": 71}}
Elapsed 2 days, 7:41:40 

Begin to process [00803-k1cupFYWXJ6_sequence_11_2] type: [room], Question: [table in the hall]

Elapsed 2 days, 7:41:40 Current start position is [    -2.3836     -14.923      2.0946]
Elapsed 2 days, 7:42:33 ===Episode_id 11 task_id 2 task_level=room===
SR: True, SPL: 0.5654692275775549, Object category: table, goal type: sequence===

Elapsed 2 days, 7:42:33 [baseline] task_level=room scene=00803-k1cupFYWXJ6 episode=11 task=2 sec=52.570
Elapsed 2 days, 7:42:33 [BASELINE_LIVE_METRICS] rows=258 avg_sr=0.468992 avg_spl=0.304061 follower_error_count=8 levels=[object:n=49,sr=0.632653,spl=0.451517; room:n=72,sr=0.541667,spl=0.319347; region:n=83,sr=0.445783,spl=0.314578; instance:n=54,sr=0.259259,spl=0.133711] latest_scene=00803-k1cupFYWXJ6 latest_episode=11 latest_task=2 latest_level=room by_level={"instance": {"avg_spl": 0.1337112436140847, "avg_sr": 0.25925925925925924, "count": 54}, "object": {"avg_spl": 0.4515166328531028, "avg_sr": 0.6326530612244898, "count": 49}, "region": {"avg_spl": 0.3145777180215228, "avg_sr": 0.4457831325301205, "count": 83}, "room": {"avg_spl": 0.31934709933144384, "avg_sr": 0.5416666666666666, "count": 72}}
Elapsed 2 days, 7:42:33 

Begin to process [00803-k1cupFYWXJ6_sequence_11_3] type: [region], Question: [picture in the hall that has purple patterned armchairs and ornate plant in sculpted pot beside carved arch and stairs]

Elapsed 2 days, 7:42:33 Current start position is [     3.9096     -14.923    -0.85428]
Elapsed 2 days, 7:43:40 ===Episode_id 11 task_id 3 task_level=region===
SR: False, SPL: 0.0, Object category: picture, goal type: sequence===

Elapsed 2 days, 7:43:40 [baseline] task_level=region scene=00803-k1cupFYWXJ6 episode=11 task=3 sec=66.759
Elapsed 2 days, 7:43:40 [BASELINE_LIVE_METRICS] rows=259 avg_sr=0.467181 avg_spl=0.302887 follower_error_count=8 levels=[object:n=49,sr=0.632653,spl=0.451517; room:n=72,sr=0.541667,spl=0.319347; region:n=84,sr=0.440476,spl=0.310833; instance:n=54,sr=0.259259,spl=0.133711] latest_scene=00803-k1cupFYWXJ6 latest_episode=11 latest_task=3 latest_level=region by_level={"instance": {"avg_spl": 0.1337112436140847, "avg_sr": 0.25925925925925924, "count": 54}, "object": {"avg_spl": 0.4515166328531028, "avg_sr": 0.6326530612244898, "count": 49}, "region": {"avg_spl": 0.31083274518793325, "avg_sr": 0.44047619047619047, "count": 84}, "room": {"avg_spl": 0.31934709933144384, "avg_sr": 0.5416666666666666, "count": 72}}
Elapsed 2 days, 7:43:40 

Begin to process [00803-k1cupFYWXJ6_sequence_11_4] type: [instance], Question: [teal carpet with white swirls covering floor]

Elapsed 2 days, 7:43:40 Current start position is [    -3.3848     -14.918     -11.004]
Elapsed 2 days, 7:46:26 Target is not navigable
Elapsed 2 days, 7:46:26 cannt find path
Elapsed 2 days, 7:46:26 [baseline][follow-error] scene=00803-k1cupFYWXJ6 episode_id=11 task_id=4 task_level=instance final=True error=GreedyFollowerError path_found=False
Elapsed 2 days, 7:46:26 ===Episode_id 11 task_id 4 task_level=instance===
SR: 0, SPL: 0, Object category: carpet, goal type: sequence===

Elapsed 2 days, 7:46:26 [baseline] task_level=instance scene=00803-k1cupFYWXJ6 episode=11 task=4 sec=165.873
Elapsed 2 days, 7:46:26 [BASELINE_LIVE_METRICS] rows=260 avg_sr=0.465385 avg_spl=0.301722 follower_error_count=9 levels=[object:n=49,sr=0.632653,spl=0.451517; room:n=72,sr=0.541667,spl=0.319347; region:n=84,sr=0.440476,spl=0.310833; instance:n=55,sr=0.254545,spl=0.131280] latest_scene=00803-k1cupFYWXJ6 latest_episode=11 latest_task=4 latest_level=instance by_level={"instance": {"avg_spl": 0.1312801300938286, "avg_sr": 0.2545454545454545, "count": 55}, "object": {"avg_spl": 0.4515166328531028, "avg_sr": 0.6326530612244898, "count": 49}, "region": {"avg_spl": 0.31083274518793325, "avg_sr": 0.44047619047619047, "count": 84}, "room": {"avg_spl": 0.31934709933144384, "avg_sr": 0.5416666666666666, "count": 72}}
Elapsed 2 days, 7:46:26 [Metrics] sequence count: 260, invalid_count: 0, follower_error_count: 9, avg_sr: 0.465385, avg_spl: 0.301722

=== Episode ===: 12it [10:15:30, 2789.09s/it][AElapsed 2 days, 7:46:34 

Begin to process [00803-k1cupFYWXJ6_sequence_12_0] type: [instance], Question: [round white-top side table with black base between a purple armchair and exhibition table with ship model]

Elapsed 2 days, 7:46:34 Current start position is [     2.2721      6.4774      1.5886]
Elapsed 2 days, 8:10:26 ===Episode_id 12 task_id 0 task_level=instance===
SR: False, SPL: 0.0, Object category: coffee table, goal type: sequence===

Elapsed 2 days, 8:10:26 [baseline] task_level=instance scene=00803-k1cupFYWXJ6 episode=12 task=0 sec=1432.394
Elapsed 2 days, 8:10:26 [BASELINE_LIVE_METRICS] rows=261 avg_sr=0.463602 avg_spl=0.300566 follower_error_count=9 levels=[object:n=49,sr=0.632653,spl=0.451517; room:n=72,sr=0.541667,spl=0.319347; region:n=84,sr=0.440476,spl=0.310833; instance:n=56,sr=0.250000,spl=0.128936] latest_scene=00803-k1cupFYWXJ6 latest_episode=12 latest_task=0 latest_level=instance by_level={"instance": {"avg_spl": 0.12893584205643882, "avg_sr": 0.25, "count": 56}, "object": {"avg_spl": 0.4515166328531028, "avg_sr": 0.6326530612244898, "count": 49}, "region": {"avg_spl": 0.31083274518793325, "avg_sr": 0.44047619047619047, "count": 84}, "room": {"avg_spl": 0.31934709933144384, "avg_sr": 0.5416666666666666, "count": 72}}
Elapsed 2 days, 8:10:26 

Begin to process [00803-k1cupFYWXJ6_sequence_12_1] type: [object], Question: [exhibition picture]

Elapsed 2 days, 8:10:26 Current start position is [     1.9811      6.4775      2.3426]
Elapsed 2 days, 8:11:25 ===Episode_id 12 task_id 1 task_level=object===
SR: False, SPL: 0.0, Object category: exhibition picture, goal type: sequence===

Elapsed 2 days, 8:11:25 [baseline] task_level=object scene=00803-k1cupFYWXJ6 episode=12 task=1 sec=58.808
Elapsed 2 days, 8:11:25 [BASELINE_LIVE_METRICS] rows=262 avg_sr=0.461832 avg_spl=0.299419 follower_error_count=9 levels=[object:n=50,sr=0.620000,spl=0.442486; room:n=72,sr=0.541667,spl=0.319347; region:n=84,sr=0.440476,spl=0.310833; instance:n=56,sr=0.250000,spl=0.128936] latest_scene=00803-k1cupFYWXJ6 latest_episode=12 latest_task=1 latest_level=object by_level={"instance": {"avg_spl": 0.12893584205643882, "avg_sr": 0.25, "count": 56}, "object": {"avg_spl": 0.44248630019604074, "avg_sr": 0.62, "count": 50}, "region": {"avg_spl": 0.31083274518793325, "avg_sr": 0.44047619047619047, "count": 84}, "room": {"avg_spl": 0.31934709933144384, "avg_sr": 0.5416666666666666, "count": 72}}
Elapsed 2 days, 8:11:25 

Begin to process [00803-k1cupFYWXJ6_sequence_12_2] type: [room], Question: [ship model in the hall]

Elapsed 2 days, 8:11:25 Current start position is [      4.902      6.4775     -2.3925]
Elapsed 2 days, 8:12:20 ===Episode_id 12 task_id 2 task_level=room===
SR: False, SPL: 0.0, Object category: ship model, goal type: sequence===

Elapsed 2 days, 8:12:20 [baseline] task_level=room scene=00803-k1cupFYWXJ6 episode=12 task=2 sec=54.237
Elapsed 2 days, 8:12:20 [BASELINE_LIVE_METRICS] rows=263 avg_sr=0.460076 avg_spl=0.298280 follower_error_count=9 levels=[object:n=50,sr=0.620000,spl=0.442486; room:n=73,sr=0.534247,spl=0.314972; region:n=84,sr=0.440476,spl=0.310833; instance:n=56,sr=0.250000,spl=0.128936] latest_scene=00803-k1cupFYWXJ6 latest_episode=12 latest_task=2 latest_level=room by_level={"instance": {"avg_spl": 0.12893584205643882, "avg_sr": 0.25, "count": 56}, "object": {"avg_spl": 0.44248630019604074, "avg_sr": 0.62, "count": 50}, "region": {"avg_spl": 0.31083274518793325, "avg_sr": 0.44047619047619047, "count": 84}, "room": {"avg_spl": 0.314972481532383, "avg_sr": 0.5342465753424658, "count": 73}}
Elapsed 2 days, 8:12:20 

Begin to process [00803-k1cupFYWXJ6_sequence_12_3] type: [region], Question: [armchair in the hall that has purple armchairs beneath wall maps, exhibition table with ship model, white countertop coffee table, and sewing machine]

Elapsed 2 days, 8:12:20 Current start position is [     1.6872      6.4775     0.95751]
Elapsed 2 days, 8:14:59 ===Episode_id 12 task_id 3 task_level=region===
SR: True, SPL: 0.6465271561165779, Object category: armchair, goal type: sequence===

Elapsed 2 days, 8:14:59 [baseline] task_level=region scene=00803-k1cupFYWXJ6 episode=12 task=3 sec=159.601
Elapsed 2 days, 8:14:59 [BASELINE_LIVE_METRICS] rows=264 avg_sr=0.462121 avg_spl=0.299599 follower_error_count=9 levels=[object:n=50,sr=0.620000,spl=0.442486; room:n=73,sr=0.534247,spl=0.314972; region:n=85,sr=0.447059,spl=0.314782; instance:n=56,sr=0.250000,spl=0.128936] latest_scene=00803-k1cupFYWXJ6 latest_episode=12 latest_task=3 latest_level=region by_level={"instance": {"avg_spl": 0.12893584205643882, "avg_sr": 0.25, "count": 56}, "object": {"avg_spl": 0.44248630019604074, "avg_sr": 0.62, "count": 50}, "region": {"avg_spl": 0.3147820911988584, "avg_sr": 0.4470588235294118, "count": 85}, "room": {"avg_spl": 0.314972481532383, "avg_sr": 0.5342465753424658, "count": 73}}
Elapsed 2 days, 8:14:59 

Begin to process [00803-k1cupFYWXJ6_sequence_12_4] type: [instance], Question: [white exhibition table with ship model in hall with purple armchairs and wall maps]

Elapsed 2 days, 8:14:59 Current start position is [     6.5271      6.4775     -1.9174]
Elapsed 2 days, 8:18:21 ===Episode_id 12 task_id 4 task_level=instance===
SR: False, SPL: 0.0, Object category: exhibition table, goal type: sequence===

Elapsed 2 days, 8:18:21 [baseline] task_level=instance scene=00803-k1cupFYWXJ6 episode=12 task=4 sec=202.235
Elapsed 2 days, 8:18:21 [BASELINE_LIVE_METRICS] rows=265 avg_sr=0.460377 avg_spl=0.298469 follower_error_count=9 levels=[object:n=50,sr=0.620000,spl=0.442486; room:n=73,sr=0.534247,spl=0.314972; region:n=85,sr=0.447059,spl=0.314782; instance:n=57,sr=0.245614,spl=0.126674] latest_scene=00803-k1cupFYWXJ6 latest_episode=12 latest_task=4 latest_level=instance by_level={"instance": {"avg_spl": 0.1266738097396592, "avg_sr": 0.24561403508771928, "count": 57}, "object": {"avg_spl": 0.44248630019604074, "avg_sr": 0.62, "count": 50}, "region": {"avg_spl": 0.3147820911988584, "avg_sr": 0.4470588235294118, "count": 85}, "room": {"avg_spl": 0.314972481532383, "avg_sr": 0.5342465753424658, "count": 73}}
Elapsed 2 days, 8:18:21 [Metrics] sequence count: 265, invalid_count: 0, follower_error_count: 9, avg_sr: 0.460377, avg_spl: 0.298469

=== Episode ===: 13it [10:47:25, 2524.50s/it][AElapsed 2 days, 8:18:30 

Begin to process [00803-k1cupFYWXJ6_sequence_13_0] type: [instance], Question: [gray stone pedestal table with potted plant between purple patterned armchairs in hall with carved arch]

Elapsed 2 days, 8:18:30 Current start position is [     5.3248     -14.923     0.37318]
Elapsed 2 days, 9:09:53 ===Episode_id 13 task_id 0 task_level=instance===
SR: False, SPL: 0.0, Object category: table, goal type: sequence===

Elapsed 2 days, 9:09:53 [baseline] task_level=instance scene=00803-k1cupFYWXJ6 episode=13 task=0 sec=3082.667
Elapsed 2 days, 9:09:53 [BASELINE_LIVE_METRICS] rows=266 avg_sr=0.458647 avg_spl=0.297347 follower_error_count=9 levels=[object:n=50,sr=0.620000,spl=0.442486; room:n=73,sr=0.534247,spl=0.314972; region:n=85,sr=0.447059,spl=0.314782; instance:n=58,sr=0.241379,spl=0.124490] latest_scene=00803-k1cupFYWXJ6 latest_episode=13 latest_task=0 latest_level=instance by_level={"instance": {"avg_spl": 0.12448977853725128, "avg_sr": 0.2413793103448276, "count": 58}, "object": {"avg_spl": 0.44248630019604074, "avg_sr": 0.62, "count": 50}, "region": {"avg_spl": 0.3147820911988584, "avg_sr": 0.4470588235294118, "count": 85}, "room": {"avg_spl": 0.314972481532383, "avg_sr": 0.5342465753424658, "count": 73}}
Elapsed 2 days, 9:09:53 

Begin to process [00803-k1cupFYWXJ6_sequence_13_1] type: [object], Question: [bin]

Elapsed 2 days, 9:09:53 Current start position is [    -2.3921     -14.923     -9.6585]
Elapsed 2 days, 9:10:33 ===Episode_id 13 task_id 1 task_level=object===
SR: False, SPL: 0.0, Object category: bin, goal type: sequence===

Elapsed 2 days, 9:10:33 [baseline] task_level=object scene=00803-k1cupFYWXJ6 episode=13 task=1 sec=39.481
Elapsed 2 days, 9:10:33 [BASELINE_LIVE_METRICS] rows=267 avg_sr=0.456929 avg_spl=0.296233 follower_error_count=9 levels=[object:n=51,sr=0.607843,spl=0.433810; room:n=73,sr=0.534247,spl=0.314972; region:n=85,sr=0.447059,spl=0.314782; instance:n=58,sr=0.241379,spl=0.124490] latest_scene=00803-k1cupFYWXJ6 latest_episode=13 latest_task=1 latest_level=object by_level={"instance": {"avg_spl": 0.12448977853725128, "avg_sr": 0.2413793103448276, "count": 58}, "object": {"avg_spl": 0.4338100982314125, "avg_sr": 0.6078431372549019, "count": 51}, "region": {"avg_spl": 0.3147820911988584, "avg_sr": 0.4470588235294118, "count": 85}, "room": {"avg_spl": 0.314972481532383, "avg_sr": 0.5342465753424658, "count": 73}}
Elapsed 2 days, 9:10:33 

Begin to process [00803-k1cupFYWXJ6_sequence_13_2] type: [room], Question: [decorative plant in the hall]

Elapsed 2 days, 9:10:33 Current start position is [    -2.6219     -14.923     -10.606]
Elapsed 2 days, 9:11:20 ===Episode_id 13 task_id 2 task_level=room===
SR: True, SPL: 0.49125936068304293, Object category: decorative plant, goal type: sequence===

Elapsed 2 days, 9:11:20 [baseline] task_level=room scene=00803-k1cupFYWXJ6 episode=13 task=2 sec=47.634
Elapsed 2 days, 9:11:20 [BASELINE_LIVE_METRICS] rows=268 avg_sr=0.458955 avg_spl=0.296961 follower_error_count=9 levels=[object:n=51,sr=0.607843,spl=0.433810; room:n=74,sr=0.540541,spl=0.317355; region:n=85,sr=0.447059,spl=0.314782; instance:n=58,sr=0.241379,spl=0.124490] latest_scene=00803-k1cupFYWXJ6 latest_episode=13 latest_task=2 latest_level=room by_level={"instance": {"avg_spl": 0.12448977853725128, "avg_sr": 0.2413793103448276, "count": 58}, "object": {"avg_spl": 0.4338100982314125, "avg_sr": 0.6078431372549019, "count": 51}, "region": {"avg_spl": 0.3147820911988584, "avg_sr": 0.4470588235294118, "count": 85}, "room": {"avg_spl": 0.3173547366560405, "avg_sr": 0.5405405405405406, "count": 74}}
Elapsed 2 days, 9:11:20 

Begin to process [00803-k1cupFYWXJ6_sequence_13_3] type: [region], Question: [armchair in the hall that has purple patterned armchairs and ornate plant in sculpted pot beside carved arch and stairs]

Elapsed 2 days, 9:11:20 Current start position is [     3.9334     -14.923       1.326]
Elapsed 2 days, 9:12:57 ===Episode_id 13 task_id 3 task_level=region===
SR: False, SPL: 0.0, Object category: armchair, goal type: sequence===

Elapsed 2 days, 9:12:57 [baseline] task_level=region scene=00803-k1cupFYWXJ6 episode=13 task=3 sec=96.887
Elapsed 2 days, 9:12:57 [BASELINE_LIVE_METRICS] rows=269 avg_sr=0.457249 avg_spl=0.295857 follower_error_count=9 levels=[object:n=51,sr=0.607843,spl=0.433810; room:n=74,sr=0.540541,spl=0.317355; region:n=86,sr=0.441860,spl=0.311122; instance:n=58,sr=0.241379,spl=0.124490] latest_scene=00803-k1cupFYWXJ6 latest_episode=13 latest_task=3 latest_level=region by_level={"instance": {"avg_spl": 0.12448977853725128, "avg_sr": 0.2413793103448276, "count": 58}, "object": {"avg_spl": 0.4338100982314125, "avg_sr": 0.6078431372549019, "count": 51}, "region": {"avg_spl": 0.3111218343244531, "avg_sr": 0.4418604651162791, "count": 86}, "room": {"avg_spl": 0.3173547366560405, "avg_sr": 0.5405405405405406, "count": 74}}
Elapsed 2 days, 9:12:57 

Begin to process [00803-k1cupFYWXJ6_sequence_13_4] type: [instance], Question: [black radiator beside beige patterned armchairs near round wooden table below colorful patterned ceiling]

Elapsed 2 days, 9:12:57 Current start position is [    -2.6219     -14.923     -10.606]
Elapsed 2 days, 9:15:49 ===Episode_id 13 task_id 4 task_level=instance===
SR: False, SPL: 0.0, Object category: radiator, goal type: sequence===

Elapsed 2 days, 9:15:49 [baseline] task_level=instance scene=00803-k1cupFYWXJ6 episode=13 task=4 sec=172.124
Elapsed 2 days, 9:15:49 [BASELINE_LIVE_METRICS] rows=270 avg_sr=0.455556 avg_spl=0.294761 follower_error_count=9 levels=[object:n=51,sr=0.607843,spl=0.433810; room:n=74,sr=0.540541,spl=0.317355; region:n=86,sr=0.441860,spl=0.311122; instance:n=59,sr=0.237288,spl=0.122380] latest_scene=00803-k1cupFYWXJ6 latest_episode=13 latest_task=4 latest_level=instance by_level={"instance": {"avg_spl": 0.12237978229085719, "avg_sr": 0.23728813559322035, "count": 59}, "object": {"avg_spl": 0.4338100982314125, "avg_sr": 0.6078431372549019, "count": 51}, "region": {"avg_spl": 0.3111218343244531, "avg_sr": 0.4418604651162791, "count": 86}, "room": {"avg_spl": 0.3173547366560405, "avg_sr": 0.5405405405405406, "count": 74}}
Elapsed 2 days, 9:15:49 [Metrics] sequence count: 270, invalid_count: 0, follower_error_count: 9, avg_sr: 0.455556, avg_spl: 0.294761

=== Episode ===: 14it [11:44:53, 2803.42s/it][AElapsed 2 days, 9:15:59 

Begin to process [00803-k1cupFYWXJ6_sequence_14_0] type: [instance], Question: [decorative plant in flowerpot on round wooden table in hall beside beige patterned armchairs under colorful patterned ceiling]

Elapsed 2 days, 9:15:59 Current start position is [    -1.1337     -14.873     -7.1597]
Elapsed 2 days, 9:59:55 ===Episode_id 14 task_id 0 task_level=instance===
SR: False, SPL: 0.0, Object category: decorative plant, goal type: sequence===

Elapsed 2 days, 9:59:55 [baseline] task_level=instance scene=00803-k1cupFYWXJ6 episode=14 task=0 sec=2636.535
Elapsed 2 days, 9:59:55 [BASELINE_LIVE_METRICS] rows=271 avg_sr=0.453875 avg_spl=0.293673 follower_error_count=9 levels=[object:n=51,sr=0.607843,spl=0.433810; room:n=74,sr=0.540541,spl=0.317355; region:n=86,sr=0.441860,spl=0.311122; instance:n=60,sr=0.233333,spl=0.120340] latest_scene=00803-k1cupFYWXJ6 latest_episode=14 latest_task=0 latest_level=instance by_level={"instance": {"avg_spl": 0.12034011925267624, "avg_sr": 0.23333333333333334, "count": 60}, "object": {"avg_spl": 0.4338100982314125, "avg_sr": 0.6078431372549019, "count": 51}, "region": {"avg_spl": 0.3111218343244531, "avg_sr": 0.4418604651162791, "count": 86}, "room": {"avg_spl": 0.3173547366560405, "avg_sr": 0.5405405405405406, "count": 74}}
Elapsed 2 days, 9:59:55 

Begin to process [00803-k1cupFYWXJ6_sequence_14_1] type: [object], Question: [picture]

Elapsed 2 days, 9:59:55 Current start position is [   -0.35245     -14.939      3.2599]
Elapsed 2 days, 10:00:42 ===Episode_id 14 task_id 1 task_level=object===
SR: True, SPL: 0.7032471549956888, Object category: picture, goal type: sequence===

Elapsed 2 days, 10:00:42 [baseline] task_level=object scene=00803-k1cupFYWXJ6 episode=14 task=1 sec=46.695
Elapsed 2 days, 10:00:42 [BASELINE_LIVE_METRICS] rows=272 avg_sr=0.455882 avg_spl=0.295179 follower_error_count=9 levels=[object:n=52,sr=0.615385,spl=0.438992; room:n=74,sr=0.540541,spl=0.317355; region:n=86,sr=0.441860,spl=0.311122; instance:n=60,sr=0.233333,spl=0.120340] latest_scene=00803-k1cupFYWXJ6 latest_episode=14 latest_task=1 latest_level=object by_level={"instance": {"avg_spl": 0.12034011925267624, "avg_sr": 0.23333333333333334, "count": 60}, "object": {"avg_spl": 0.43899158009226397, "avg_sr": 0.6153846153846154, "count": 52}, "region": {"avg_spl": 0.3111218343244531, "avg_sr": 0.4418604651162791, "count": 86}, "room": {"avg_spl": 0.3173547366560405, "avg_sr": 0.5405405405405406, "count": 74}}
Elapsed 2 days, 10:00:42 

Begin to process [00803-k1cupFYWXJ6_sequence_14_2] type: [room], Question: [table in the hall]

Elapsed 2 days, 10:00:42 Current start position is [   0.047253     -14.923     -3.4948]
Elapsed 2 days, 10:01:42 ===Episode_id 14 task_id 2 task_level=room===
SR: True, SPL: 0.27537757940027746, Object category: table, goal type: sequence===

Elapsed 2 days, 10:01:42 [baseline] task_level=room scene=00803-k1cupFYWXJ6 episode=14 task=2 sec=59.810
Elapsed 2 days, 10:01:42 [BASELINE_LIVE_METRICS] rows=273 avg_sr=0.457875 avg_spl=0.295107 follower_error_count=9 levels=[object:n=52,sr=0.615385,spl=0.438992; room:n=75,sr=0.546667,spl=0.316795; region:n=86,sr=0.441860,spl=0.311122; instance:n=60,sr=0.233333,spl=0.120340] latest_scene=00803-k1cupFYWXJ6 latest_episode=14 latest_task=2 latest_level=room by_level={"instance": {"avg_spl": 0.12034011925267624, "avg_sr": 0.23333333333333334, "count": 60}, "object": {"avg_spl": 0.43899158009226397, "avg_sr": 0.6153846153846154, "count": 52}, "region": {"avg_spl": 0.3111218343244531, "avg_sr": 0.4418604651162791, "count": 86}, "room": {"avg_spl": 0.3167950412259637, "avg_sr": 0.5466666666666666, "count": 75}}
Elapsed 2 days, 10:01:42 

Begin to process [00803-k1cupFYWXJ6_sequence_14_3] type: [region], Question: [armchair in the hall that has purple patterned armchairs and ornate plant in sculpted pot beside carved arch and stairs]

Elapsed 2 days, 10:01:42 Current start position is [     2.6432     -14.923    -0.57227]
Elapsed 2 days, 10:07:25 ===Episode_id 14 task_id 3 task_level=region===
SR: True, SPL: 0.27479629309772496, Object category: armchair, goal type: sequence===

Elapsed 2 days, 10:07:25 [baseline] task_level=region scene=00803-k1cupFYWXJ6 episode=14 task=3 sec=343.376
Elapsed 2 days, 10:07:25 [BASELINE_LIVE_METRICS] rows=274 avg_sr=0.459854 avg_spl=0.295032 follower_error_count=9 levels=[object:n=52,sr=0.615385,spl=0.438992; room:n=75,sr=0.546667,spl=0.316795; region:n=87,sr=0.448276,spl=0.310704; instance:n=60,sr=0.233333,spl=0.120340] latest_scene=00803-k1cupFYWXJ6 latest_episode=14 latest_task=3 latest_level=region by_level={"instance": {"avg_spl": 0.12034011925267624, "avg_sr": 0.23333333333333334, "count": 60}, "object": {"avg_spl": 0.43899158009226397, "avg_sr": 0.6153846153846154, "count": 52}, "region": {"avg_spl": 0.31070429936782407, "avg_sr": 0.4482758620689655, "count": 87}, "room": {"avg_spl": 0.3167950412259637, "avg_sr": 0.5466666666666666, "count": 75}}
Elapsed 2 days, 10:07:25 

Begin to process [00803-k1cupFYWXJ6_sequence_14_4] type: [instance], Question: [teal carpet with white swirls covering floor]

Elapsed 2 days, 10:07:25 Current start position is [    -1.4512     -14.923     -2.6532]
Elapsed 2 days, 10:10:55 ===Episode_id 14 task_id 4 task_level=instance===
SR: True, SPL: 0.6742333679391129, Object category: carpet, goal type: sequence===

Elapsed 2 days, 10:10:55 [baseline] task_level=instance scene=00803-k1cupFYWXJ6 episode=14 task=4 sec=210.397
Elapsed 2 days, 10:10:55 [BASELINE_LIVE_METRICS] rows=275 avg_sr=0.461818 avg_spl=0.296411 follower_error_count=9 levels=[object:n=52,sr=0.615385,spl=0.438992; room:n=75,sr=0.546667,spl=0.316795; region:n=87,sr=0.448276,spl=0.310704; instance:n=61,sr=0.245902,spl=0.129420] latest_scene=00803-k1cupFYWXJ6 latest_episode=14 latest_task=4 latest_level=instance by_level={"instance": {"avg_spl": 0.12942033644425716, "avg_sr": 0.2459016393442623, "count": 61}, "object": {"avg_spl": 0.43899158009226397, "avg_sr": 0.6153846153846154, "count": 52}, "region": {"avg_spl": 0.31070429936782407, "avg_sr": 0.4482758620689655, "count": 87}, "room": {"avg_spl": 0.3167950412259637, "avg_sr": 0.5466666666666666, "count": 75}}
Elapsed 2 days, 10:10:56 [Metrics] sequence count: 275, invalid_count: 0, follower_error_count: 9, avg_sr: 0.461818, avg_spl: 0.296411

=== Episode ===: 15it [12:39:59, 2954.96s/it][AElapsed 2 days, 10:11:04 

Begin to process [00803-k1cupFYWXJ6_sequence_15_0] type: [instance], Question: [beige couch with red pillows]

Elapsed 2 days, 10:11:04 Current start position is [     4.6044     -14.923    -0.64599]
Elapsed 2 days, 11:01:49 ===Episode_id 15 task_id 0 task_level=instance===
SR: False, SPL: 0.0, Object category: couch, goal type: sequence===

Elapsed 2 days, 11:01:49 [baseline] task_level=instance scene=00803-k1cupFYWXJ6 episode=15 task=0 sec=3044.817
Elapsed 2 days, 11:01:49 [BASELINE_LIVE_METRICS] rows=276 avg_sr=0.460145 avg_spl=0.295337 follower_error_count=9 levels=[object:n=52,sr=0.615385,spl=0.438992; room:n=75,sr=0.546667,spl=0.316795; region:n=87,sr=0.448276,spl=0.310704; instance:n=62,sr=0.241935,spl=0.127333] latest_scene=00803-k1cupFYWXJ6 latest_episode=15 latest_task=0 latest_level=instance by_level={"instance": {"avg_spl": 0.12733291166289817, "avg_sr": 0.24193548387096775, "count": 62}, "object": {"avg_spl": 0.43899158009226397, "avg_sr": 0.6153846153846154, "count": 52}, "region": {"avg_spl": 0.31070429936782407, "avg_sr": 0.4482758620689655, "count": 87}, "room": {"avg_spl": 0.3167950412259637, "avg_sr": 0.5466666666666666, "count": 75}}
Elapsed 2 days, 11:01:49 

Begin to process [00803-k1cupFYWXJ6_sequence_15_1] type: [object], Question: [bin]

Elapsed 2 days, 11:01:49 Current start position is [     3.9497     -14.923      1.8918]
Elapsed 2 days, 11:03:09 ===Episode_id 15 task_id 1 task_level=object===
SR: False, SPL: 0.0, Object category: bin, goal type: sequence===

Elapsed 2 days, 11:03:09 [baseline] task_level=object scene=00803-k1cupFYWXJ6 episode=15 task=1 sec=80.053
Elapsed 2 days, 11:03:09 [BASELINE_LIVE_METRICS] rows=277 avg_sr=0.458484 avg_spl=0.294271 follower_error_count=9 levels=[object:n=53,sr=0.603774,spl=0.430709; room:n=75,sr=0.546667,spl=0.316795; region:n=87,sr=0.448276,spl=0.310704; instance:n=62,sr=0.241935,spl=0.127333] latest_scene=00803-k1cupFYWXJ6 latest_episode=15 latest_task=1 latest_level=object by_level={"instance": {"avg_spl": 0.12733291166289817, "avg_sr": 0.24193548387096775, "count": 62}, "object": {"avg_spl": 0.43070872009052313, "avg_sr": 0.6037735849056604, "count": 53}, "region": {"avg_spl": 0.31070429936782407, "avg_sr": 0.4482758620689655, "count": 87}, "room": {"avg_spl": 0.3167950412259637, "avg_sr": 0.5466666666666666, "count": 75}}
Elapsed 2 days, 11:03:09 

Begin to process [00803-k1cupFYWXJ6_sequence_15_2] type: [room], Question: [decorative plant in the hall]

Elapsed 2 days, 11:03:09 Current start position is [    -4.4568     -14.923     -9.2378]
Elapsed 2 days, 11:03:48 ===Episode_id 15 task_id 2 task_level=room===
SR: True, SPL: 0.8639235659435838, Object category: decorative plant, goal type: sequence===

Elapsed 2 days, 11:03:48 [baseline] task_level=room scene=00803-k1cupFYWXJ6 episode=15 task=2 sec=39.038
Elapsed 2 days, 11:03:48 [BASELINE_LIVE_METRICS] rows=278 avg_sr=0.460432 avg_spl=0.296320 follower_error_count=9 levels=[object:n=53,sr=0.603774,spl=0.430709; room:n=76,sr=0.552632,spl=0.323994; region:n=87,sr=0.448276,spl=0.310704; instance:n=62,sr=0.241935,spl=0.127333] latest_scene=00803-k1cupFYWXJ6 latest_episode=15 latest_task=2 latest_level=room by_level={"instance": {"avg_spl": 0.12733291166289817, "avg_sr": 0.24193548387096775, "count": 62}, "object": {"avg_spl": 0.43070872009052313, "avg_sr": 0.6037735849056604, "count": 53}, "region": {"avg_spl": 0.31070429936782407, "avg_sr": 0.4482758620689655, "count": 87}, "room": {"avg_spl": 0.32399410076172186, "avg_sr": 0.5526315789473685, "count": 76}}
Elapsed 2 days, 11:03:48 

Begin to process [00803-k1cupFYWXJ6_sequence_15_3] type: [region], Question: [armchair in the hall that has beige patterned armchairs and round wooden table below colorful patterned ceiling]

Elapsed 2 days, 11:03:48 Current start position is [    -1.8601     -14.923     -3.0356]
Elapsed 2 days, 11:04:58 ===Episode_id 15 task_id 3 task_level=region===
SR: False, SPL: 0.0, Object category: armchair, goal type: sequence===

Elapsed 2 days, 11:04:58 [baseline] task_level=region scene=00803-k1cupFYWXJ6 episode=15 task=3 sec=69.838
Elapsed 2 days, 11:04:58 [BASELINE_LIVE_METRICS] rows=279 avg_sr=0.458781 avg_spl=0.295258 follower_error_count=9 levels=[object:n=53,sr=0.603774,spl=0.430709; room:n=76,sr=0.552632,spl=0.323994; region:n=88,sr=0.443182,spl=0.307174; instance:n=62,sr=0.241935,spl=0.127333] latest_scene=00803-k1cupFYWXJ6 latest_episode=15 latest_task=3 latest_level=region by_level={"instance": {"avg_spl": 0.12733291166289817, "avg_sr": 0.24193548387096775, "count": 62}, "object": {"avg_spl": 0.43070872009052313, "avg_sr": 0.6037735849056604, "count": 53}, "region": {"avg_spl": 0.3071735686931897, "avg_sr": 0.4431818181818182, "count": 88}, "room": {"avg_spl": 0.32399410076172186, "avg_sr": 0.5526315789473685, "count": 76}}
Elapsed 2 days, 11:04:58 

Begin to process [00803-k1cupFYWXJ6_sequence_15_4] type: [instance], Question: [gray stone pedestal table with potted plant between purple patterned armchairs in hall with carved arch]

Elapsed 2 days, 11:04:58 Current start position is [     -1.514     -14.923      -1.625]
Elapsed 2 days, 11:08:19 ===Episode_id 15 task_id 4 task_level=instance===
SR: False, SPL: 0.0, Object category: table, goal type: sequence===

Elapsed 2 days, 11:08:19 [baseline] task_level=instance scene=00803-k1cupFYWXJ6 episode=15 task=4 sec=200.911
Elapsed 2 days, 11:08:19 [BASELINE_LIVE_METRICS] rows=280 avg_sr=0.457143 avg_spl=0.294204 follower_error_count=9 levels=[object:n=53,sr=0.603774,spl=0.430709; room:n=76,sr=0.552632,spl=0.323994; region:n=88,sr=0.443182,spl=0.307174; instance:n=63,sr=0.238095,spl=0.125312] latest_scene=00803-k1cupFYWXJ6 latest_episode=15 latest_task=4 latest_level=instance by_level={"instance": {"avg_spl": 0.12531175433491568, "avg_sr": 0.23809523809523808, "count": 63}, "object": {"avg_spl": 0.43070872009052313, "avg_sr": 0.6037735849056604, "count": 53}, "region": {"avg_spl": 0.3071735686931897, "avg_sr": 0.4431818181818182, "count": 88}, "room": {"avg_spl": 0.32399410076172186, "avg_sr": 0.5526315789473685, "count": 76}}
Elapsed 2 days, 11:08:19 [Metrics] sequence count: 280, invalid_count: 0, follower_error_count: 9, avg_sr: 0.457143, avg_spl: 0.294204

=== Episode ===: 16it [13:37:23, 3102.10s/it][AElapsed 2 days, 11:08:28 

Begin to process [00803-k1cupFYWXJ6_sequence_16_0] type: [instance], Question: [black radiator under yellow-framed map in hall with purple armchairs, white countertop coffee table, and ship model]

Elapsed 2 days, 11:08:28 Current start position is [     5.7925      6.4774      -1.565]
Elapsed 2 days, 11:32:02 ===Episode_id 16 task_id 0 task_level=instance===
SR: False, SPL: 0.0, Object category: radiator, goal type: sequence===

Elapsed 2 days, 11:32:02 [baseline] task_level=instance scene=00803-k1cupFYWXJ6 episode=16 task=0 sec=1414.137
Elapsed 2 days, 11:32:02 [BASELINE_LIVE_METRICS] rows=281 avg_sr=0.455516 avg_spl=0.293157 follower_error_count=9 levels=[object:n=53,sr=0.603774,spl=0.430709; room:n=76,sr=0.552632,spl=0.323994; region:n=88,sr=0.443182,spl=0.307174; instance:n=64,sr=0.234375,spl=0.123354] latest_scene=00803-k1cupFYWXJ6 latest_episode=16 latest_task=0 latest_level=instance by_level={"instance": {"avg_spl": 0.12335375817343261, "avg_sr": 0.234375, "count": 64}, "object": {"avg_spl": 0.43070872009052313, "avg_sr": 0.6037735849056604, "count": 53}, "region": {"avg_spl": 0.3071735686931897, "avg_sr": 0.4431818181818182, "count": 88}, "room": {"avg_spl": 0.32399410076172186, "avg_sr": 0.5526315789473685, "count": 76}}
Elapsed 2 days, 11:32:02 

Begin to process [00803-k1cupFYWXJ6_sequence_16_1] type: [object], Question: [exhibition picture]

Elapsed 2 days, 11:32:02 Current start position is [     1.5543      6.4775     -0.6658]
Elapsed 2 days, 11:32:57 ===Episode_id 16 task_id 1 task_level=object===
SR: False, SPL: 0.0, Object category: exhibition picture, goal type: sequence===

Elapsed 2 days, 11:32:57 [baseline] task_level=object scene=00803-k1cupFYWXJ6 episode=16 task=1 sec=54.495
Elapsed 2 days, 11:32:57 [BASELINE_LIVE_METRICS] rows=282 avg_sr=0.453901 avg_spl=0.292117 follower_error_count=9 levels=[object:n=54,sr=0.592593,spl=0.422733; room:n=76,sr=0.552632,spl=0.323994; region:n=88,sr=0.443182,spl=0.307174; instance:n=64,sr=0.234375,spl=0.123354] latest_scene=00803-k1cupFYWXJ6 latest_episode=16 latest_task=1 latest_level=object by_level={"instance": {"avg_spl": 0.12335375817343261, "avg_sr": 0.234375, "count": 64}, "object": {"avg_spl": 0.42273263268143935, "avg_sr": 0.5925925925925926, "count": 54}, "region": {"avg_spl": 0.3071735686931897, "avg_sr": 0.4431818181818182, "count": 88}, "room": {"avg_spl": 0.32399410076172186, "avg_sr": 0.5526315789473685, "count": 76}}
Elapsed 2 days, 11:32:57 

Begin to process [00803-k1cupFYWXJ6_sequence_16_2] type: [room], Question: [exhibition table in the hall]

Elapsed 2 days, 11:32:57 Current start position is [     3.4488      6.4775     -2.6161]
Elapsed 2 days, 11:33:46 ===Episode_id 16 task_id 2 task_level=room===
SR: False, SPL: 0.0, Object category: exhibition table, goal type: sequence===

Elapsed 2 days, 11:33:46 [baseline] task_level=room scene=00803-k1cupFYWXJ6 episode=16 task=2 sec=49.038
Elapsed 2 days, 11:33:46 [BASELINE_LIVE_METRICS] rows=283 avg_sr=0.452297 avg_spl=0.291085 follower_error_count=9 levels=[object:n=54,sr=0.592593,spl=0.422733; room:n=77,sr=0.545455,spl=0.319786; region:n=88,sr=0.443182,spl=0.307174; instance:n=64,sr=0.234375,spl=0.123354] latest_scene=00803-k1cupFYWXJ6 latest_episode=16 latest_task=2 latest_level=room by_level={"instance": {"avg_spl": 0.12335375817343261, "avg_sr": 0.234375, "count": 64}, "object": {"avg_spl": 0.42273263268143935, "avg_sr": 0.5925925925925926, "count": 54}, "region": {"avg_spl": 0.3071735686931897, "avg_sr": 0.4431818181818182, "count": 88}, "room": {"avg_spl": 0.31978638516741376, "avg_sr": 0.5454545454545454, "count": 77}}
Elapsed 2 days, 11:33:46 

Begin to process [00803-k1cupFYWXJ6_sequence_16_3] type: [region], Question: [map in the hall that has purple armchairs beneath wall maps, exhibition table with ship model, white countertop coffee table, and sewing machine]

Elapsed 2 days, 11:33:46 Current start position is [     1.9439      6.4775      2.3102]
Elapsed 2 days, 11:34:53 ===Episode_id 16 task_id 3 task_level=region===
SR: False, SPL: 0.0, Object category: map, goal type: sequence===

Elapsed 2 days, 11:34:53 [baseline] task_level=region scene=00803-k1cupFYWXJ6 episode=16 task=3 sec=67.144
Elapsed 2 days, 11:34:53 [BASELINE_LIVE_METRICS] rows=284 avg_sr=0.450704 avg_spl=0.290060 follower_error_count=9 levels=[object:n=54,sr=0.592593,spl=0.422733; room:n=77,sr=0.545455,spl=0.319786; region:n=89,sr=0.438202,spl=0.303722; instance:n=64,sr=0.234375,spl=0.123354] latest_scene=00803-k1cupFYWXJ6 latest_episode=16 latest_task=3 latest_level=region by_level={"instance": {"avg_spl": 0.12335375817343261, "avg_sr": 0.234375, "count": 64}, "object": {"avg_spl": 0.42273263268143935, "avg_sr": 0.5925925925925926, "count": 54}, "region": {"avg_spl": 0.30372218028090664, "avg_sr": 0.43820224719101125, "count": 89}, "room": {"avg_spl": 0.31978638516741376, "avg_sr": 0.5454545454545454, "count": 77}}
Elapsed 2 days, 11:34:53 

Begin to process [00803-k1cupFYWXJ6_sequence_16_4] type: [instance], Question: [beige ship model with red hull on exhibition table in hall with purple armchairs and wall maps]

Elapsed 2 days, 11:34:53 Current start position is [     7.0485      6.5172      1.0519]
Elapsed 2 days, 11:38:06 ===Episode_id 16 task_id 4 task_level=instance===
SR: True, SPL: 0.10052166296422493, Object category: ship model, goal type: sequence===

Elapsed 2 days, 11:38:06 [baseline] task_level=instance scene=00803-k1cupFYWXJ6 episode=16 task=4 sec=193.331
Elapsed 2 days, 11:38:06 [BASELINE_LIVE_METRICS] rows=285 avg_sr=0.452632 avg_spl=0.289395 follower_error_count=9 levels=[object:n=54,sr=0.592593,spl=0.422733; room:n=77,sr=0.545455,spl=0.319786; region:n=89,sr=0.438202,spl=0.303722; instance:n=65,sr=0.246154,spl=0.123002] latest_scene=00803-k1cupFYWXJ6 latest_episode=16 latest_task=4 latest_level=instance by_level={"instance": {"avg_spl": 0.12300249517021403, "avg_sr": 0.24615384615384617, "count": 65}, "object": {"avg_spl": 0.42273263268143935, "avg_sr": 0.5925925925925926, "count": 54}, "region": {"avg_spl": 0.30372218028090664, "avg_sr": 0.43820224719101125, "count": 89}, "room": {"avg_spl": 0.31978638516741376, "avg_sr": 0.5454545454545454, "count": 77}}
Elapsed 2 days, 11:38:07 [Metrics] sequence count: 285, invalid_count: 0, follower_error_count: 9, avg_sr: 0.452632, avg_spl: 0.289395

=== Episode ===: 17it [14:07:10, 2706.72s/it][AElapsed 2 days, 11:38:16 

Begin to process [00803-k1cupFYWXJ6_sequence_17_0] type: [instance], Question: [the left purple damask armchair against mirrored wall beside ornate plant in sculpted pot near carved arch and stairs]

Elapsed 2 days, 11:38:16 Current start position is [     5.3151     -14.923     0.34909]
Elapsed 2 days, 12:09:41 ===Episode_id 17 task_id 0 task_level=instance===
SR: False, SPL: 0.0, Object category: armchair, goal type: sequence===

Elapsed 2 days, 12:09:41 [baseline] task_level=instance scene=00803-k1cupFYWXJ6 episode=17 task=0 sec=1885.489
Elapsed 2 days, 12:09:41 [BASELINE_LIVE_METRICS] rows=286 avg_sr=0.451049 avg_spl=0.288383 follower_error_count=9 levels=[object:n=54,sr=0.592593,spl=0.422733; room:n=77,sr=0.545455,spl=0.319786; region:n=89,sr=0.438202,spl=0.303722; instance:n=66,sr=0.242424,spl=0.121139] latest_scene=00803-k1cupFYWXJ6 latest_episode=17 latest_task=0 latest_level=instance by_level={"instance": {"avg_spl": 0.12113882100096836, "avg_sr": 0.24242424242424243, "count": 66}, "object": {"avg_spl": 0.42273263268143935, "avg_sr": 0.5925925925925926, "count": 54}, "region": {"avg_spl": 0.30372218028090664, "avg_sr": 0.43820224719101125, "count": 89}, "room": {"avg_spl": 0.31978638516741376, "avg_sr": 0.5454545454545454, "count": 77}}
Elapsed 2 days, 12:09:41 

Begin to process [00803-k1cupFYWXJ6_sequence_17_1] type: [object], Question: [table]

Elapsed 2 days, 12:09:41 Current start position is [     4.2383     -14.923     -1.6599]
Elapsed 2 days, 12:10:28 ===Episode_id 17 task_id 1 task_level=object===
SR: True, SPL: 0.025313016168760867, Object category: table, goal type: sequence===

Elapsed 2 days, 12:10:28 [baseline] task_level=object scene=00803-k1cupFYWXJ6 episode=17 task=1 sec=46.456
Elapsed 2 days, 12:10:28 [BASELINE_LIVE_METRICS] rows=287 avg_sr=0.452962 avg_spl=0.287466 follower_error_count=9 levels=[object:n=55,sr=0.600000,spl=0.415507; room:n=77,sr=0.545455,spl=0.319786; region:n=89,sr=0.438202,spl=0.303722; instance:n=66,sr=0.242424,spl=0.121139] latest_scene=00803-k1cupFYWXJ6 latest_episode=17 latest_task=1 latest_level=object by_level={"instance": {"avg_spl": 0.12113882100096836, "avg_sr": 0.24242424242424243, "count": 66}, "object": {"avg_spl": 0.4155068214721179, "avg_sr": 0.6, "count": 55}, "region": {"avg_spl": 0.30372218028090664, "avg_sr": 0.43820224719101125, "count": 89}, "room": {"avg_spl": 0.31978638516741376, "avg_sr": 0.5454545454545454, "count": 77}}
Elapsed 2 days, 12:10:28 

Begin to process [00803-k1cupFYWXJ6_sequence_17_2] type: [room], Question: [radiator in the hall]

Elapsed 2 days, 12:10:28 Current start position is [     3.2985     -14.923    -0.89912]
Elapsed 2 days, 12:11:21 ===Episode_id 17 task_id 2 task_level=room===
SR: False, SPL: 0.0, Object category: radiator, goal type: sequence===

Elapsed 2 days, 12:11:21 [baseline] task_level=room scene=00803-k1cupFYWXJ6 episode=17 task=2 sec=53.210
Elapsed 2 days, 12:11:21 [BASELINE_LIVE_METRICS] rows=288 avg_sr=0.451389 avg_spl=0.286468 follower_error_count=9 levels=[object:n=55,sr=0.600000,spl=0.415507; room:n=78,sr=0.538462,spl=0.315687; region:n=89,sr=0.438202,spl=0.303722; instance:n=66,sr=0.242424,spl=0.121139] latest_scene=00803-k1cupFYWXJ6 latest_episode=17 latest_task=2 latest_level=room by_level={"instance": {"avg_spl": 0.12113882100096836, "avg_sr": 0.24242424242424243, "count": 66}, "object": {"avg_spl": 0.4155068214721179, "avg_sr": 0.6, "count": 55}, "region": {"avg_spl": 0.30372218028090664, "avg_sr": 0.43820224719101125, "count": 89}, "room": {"avg_spl": 0.3156865597165495, "avg_sr": 0.5384615384615384, "count": 78}}
Elapsed 2 days, 12:11:21 

Begin to process [00803-k1cupFYWXJ6_sequence_17_3] type: [region], Question: [decorative plant in the hall that has purple patterned armchairs and ornate plant in sculpted pot beside carved arch and stairs]

Elapsed 2 days, 12:11:21 Current start position is [     5.6099     -14.923     -1.8925]
Elapsed 2 days, 12:17:30 ===Episode_id 17 task_id 3 task_level=region===
SR: True, SPL: 0.2035975979791286, Object category: decorative plant, goal type: sequence===

Elapsed 2 days, 12:17:30 [baseline] task_level=region scene=00803-k1cupFYWXJ6 episode=17 task=3 sec=369.275
Elapsed 2 days, 12:17:30 [BASELINE_LIVE_METRICS] rows=289 avg_sr=0.453287 avg_spl=0.286182 follower_error_count=9 levels=[object:n=55,sr=0.600000,spl=0.415507; room:n=78,sr=0.538462,spl=0.315687; region:n=90,sr=0.444444,spl=0.302610; instance:n=66,sr=0.242424,spl=0.121139] latest_scene=00803-k1cupFYWXJ6 latest_episode=17 latest_task=3 latest_level=region by_level={"instance": {"avg_spl": 0.12113882100096836, "avg_sr": 0.24242424242424243, "count": 66}, "object": {"avg_spl": 0.4155068214721179, "avg_sr": 0.6, "count": 55}, "region": {"avg_spl": 0.302609684921998, "avg_sr": 0.4444444444444444, "count": 90}, "room": {"avg_spl": 0.3156865597165495, "avg_sr": 0.5384615384615384, "count": 78}}
Elapsed 2 days, 12:17:30 

Begin to process [00803-k1cupFYWXJ6_sequence_17_4] type: [instance], Question: [teal carpet with white swirls covering floor]

Elapsed 2 days, 12:17:30 Current start position is [    -1.9333     -14.923      -2.962]
Elapsed 2 days, 12:20:39 ===Episode_id 17 task_id 4 task_level=instance===
SR: True, SPL: 0.5404306729342835, Object category: carpet, goal type: sequence===

Elapsed 2 days, 12:20:39 [baseline] task_level=instance scene=00803-k1cupFYWXJ6 episode=17 task=4 sec=188.719
Elapsed 2 days, 12:20:39 [BASELINE_LIVE_METRICS] rows=290 avg_sr=0.455172 avg_spl=0.287058 follower_error_count=9 levels=[object:n=55,sr=0.600000,spl=0.415507; room:n=78,sr=0.538462,spl=0.315687; region:n=90,sr=0.444444,spl=0.302610; instance:n=67,sr=0.253731,spl=0.127397] latest_scene=00803-k1cupFYWXJ6 latest_episode=17 latest_task=4 latest_level=instance by_level={"instance": {"avg_spl": 0.12739690834325665, "avg_sr": 0.2537313432835821, "count": 67}, "object": {"avg_spl": 0.4155068214721179, "avg_sr": 0.6, "count": 55}, "region": {"avg_spl": 0.302609684921998, "avg_sr": 0.4444444444444444, "count": 90}, "room": {"avg_spl": 0.3156865597165495, "avg_sr": 0.5384615384615384, "count": 78}}
Elapsed 2 days, 12:20:39 [Metrics] sequence count: 290, invalid_count: 0, follower_error_count: 9, avg_sr: 0.455172, avg_spl: 0.287058

=== Episode ===: 18it [14:49:43, 2660.37s/it][AElapsed 2 days, 12:20:48 

Begin to process [00803-k1cupFYWXJ6_sequence_18_0] type: [instance], Question: [teal carpet with white swirls covering floor]

Elapsed 2 days, 12:20:48 Current start position is [     5.4972     -14.923     0.43487]
Elapsed 2 days, 13:11:03 ===Episode_id 18 task_id 0 task_level=instance===
SR: True, SPL: 0.22299389289192809, Object category: carpet, goal type: sequence===

Elapsed 2 days, 13:11:03 [baseline] task_level=instance scene=00803-k1cupFYWXJ6 episode=18 task=0 sec=3015.235
Elapsed 2 days, 13:11:03 [BASELINE_LIVE_METRICS] rows=291 avg_sr=0.457045 avg_spl=0.286838 follower_error_count=9 levels=[object:n=55,sr=0.600000,spl=0.415507; room:n=78,sr=0.538462,spl=0.315687; region:n=90,sr=0.444444,spl=0.302610; instance:n=68,sr=0.264706,spl=0.128803] latest_scene=00803-k1cupFYWXJ6 latest_episode=18 latest_task=0 latest_level=instance by_level={"instance": {"avg_spl": 0.12880274635132533, "avg_sr": 0.2647058823529412, "count": 68}, "object": {"avg_spl": 0.4155068214721179, "avg_sr": 0.6, "count": 55}, "region": {"avg_spl": 0.302609684921998, "avg_sr": 0.4444444444444444, "count": 90}, "room": {"avg_spl": 0.3156865597165495, "avg_sr": 0.5384615384615384, "count": 78}}
Elapsed 2 days, 13:11:03 

Begin to process [00803-k1cupFYWXJ6_sequence_18_1] type: [object], Question: [picture]

Elapsed 2 days, 13:11:03 Current start position is [    -2.0376     -14.873     -6.3752]
Elapsed 2 days, 13:11:43 ===Episode_id 18 task_id 1 task_level=object===
SR: True, SPL: 0.7893101855808287, Object category: picture, goal type: sequence===

Elapsed 2 days, 13:11:43 [baseline] task_level=object scene=00803-k1cupFYWXJ6 episode=18 task=1 sec=39.590
Elapsed 2 days, 13:11:43 [BASELINE_LIVE_METRICS] rows=292 avg_sr=0.458904 avg_spl=0.288559 follower_error_count=9 levels=[object:n=56,sr=0.607143,spl=0.422182; room:n=78,sr=0.538462,spl=0.315687; region:n=90,sr=0.444444,spl=0.302610; instance:n=68,sr=0.264706,spl=0.128803] latest_scene=00803-k1cupFYWXJ6 latest_episode=18 latest_task=1 latest_level=object by_level={"instance": {"avg_spl": 0.12880274635132533, "avg_sr": 0.2647058823529412, "count": 68}, "object": {"avg_spl": 0.42218188154548775, "avg_sr": 0.6071428571428571, "count": 56}, "region": {"avg_spl": 0.302609684921998, "avg_sr": 0.4444444444444444, "count": 90}, "room": {"avg_spl": 0.3156865597165495, "avg_sr": 0.5384615384615384, "count": 78}}
Elapsed 2 days, 13:11:43 

Begin to process [00803-k1cupFYWXJ6_sequence_18_2] type: [room], Question: [decorative plant in the hall]

Elapsed 2 days, 13:11:43 Current start position is [     0.0464     -14.923     -3.6023]
Elapsed 2 days, 13:13:21 ===Episode_id 18 task_id 2 task_level=room===
SR: True, SPL: 0.6442052865968336, Object category: decorative plant, goal type: sequence===

Elapsed 2 days, 13:13:21 [baseline] task_level=room scene=00803-k1cupFYWXJ6 episode=18 task=2 sec=98.014
Elapsed 2 days, 13:13:21 [BASELINE_LIVE_METRICS] rows=293 avg_sr=0.460751 avg_spl=0.289773 follower_error_count=9 levels=[object:n=56,sr=0.607143,spl=0.422182; room:n=79,sr=0.544304,spl=0.319845; region:n=90,sr=0.444444,spl=0.302610; instance:n=68,sr=0.264706,spl=0.128803] latest_scene=00803-k1cupFYWXJ6 latest_episode=18 latest_task=2 latest_level=room by_level={"instance": {"avg_spl": 0.12880274635132533, "avg_sr": 0.2647058823529412, "count": 68}, "object": {"avg_spl": 0.42218188154548775, "avg_sr": 0.6071428571428571, "count": 56}, "region": {"avg_spl": 0.302609684921998, "avg_sr": 0.4444444444444444, "count": 90}, "room": {"avg_spl": 0.3198450246137683, "avg_sr": 0.5443037974683544, "count": 79}}
Elapsed 2 days, 13:13:21 

Begin to process [00803-k1cupFYWXJ6_sequence_18_3] type: [region], Question: [armchair in the hall that has purple patterned armchairs and ornate plant in sculpted pot beside carved arch and stairs]

Elapsed 2 days, 13:13:21 Current start position is [    -1.8145     -14.923     -3.0677]
Elapsed 2 days, 13:15:12 ===Episode_id 18 task_id 3 task_level=region===
SR: True, SPL: 0.1908839082191045, Object category: armchair, goal type: sequence===

Elapsed 2 days, 13:15:12 [baseline] task_level=region scene=00803-k1cupFYWXJ6 episode=18 task=3 sec=111.603
Elapsed 2 days, 13:15:12 [BASELINE_LIVE_METRICS] rows=294 avg_sr=0.462585 avg_spl=0.289436 follower_error_count=9 levels=[object:n=56,sr=0.607143,spl=0.422182; room:n=79,sr=0.544304,spl=0.319845; region:n=91,sr=0.450549,spl=0.301382; instance:n=68,sr=0.264706,spl=0.128803] latest_scene=00803-k1cupFYWXJ6 latest_episode=18 latest_task=3 latest_level=region by_level={"instance": {"avg_spl": 0.12880274635132533, "avg_sr": 0.2647058823529412, "count": 68}, "object": {"avg_spl": 0.42218188154548775, "avg_sr": 0.6071428571428571, "count": 56}, "region": {"avg_spl": 0.30138192913405415, "avg_sr": 0.45054945054945056, "count": 91}, "room": {"avg_spl": 0.3198450246137683, "avg_sr": 0.5443037974683544, "count": 79}}
Elapsed 2 days, 13:15:12 

Begin to process [00803-k1cupFYWXJ6_sequence_18_4] type: [instance], Question: [beige couch with red pillows]

Elapsed 2 days, 13:15:12 Current start position is [    -1.4453     -14.923     -2.7563]
Elapsed 2 days, 13:18:20 ===Episode_id 18 task_id 4 task_level=instance===
SR: False, SPL: 0.0, Object category: couch, goal type: sequence===

Elapsed 2 days, 13:18:20 [baseline] task_level=instance scene=00803-k1cupFYWXJ6 episode=18 task=4 sec=187.256
Elapsed 2 days, 13:18:20 [BASELINE_LIVE_METRICS] rows=295 avg_sr=0.461017 avg_spl=0.288455 follower_error_count=9 levels=[object:n=56,sr=0.607143,spl=0.422182; room:n=79,sr=0.544304,spl=0.319845; region:n=91,sr=0.450549,spl=0.301382; instance:n=69,sr=0.260870,spl=0.126936] latest_scene=00803-k1cupFYWXJ6 latest_episode=18 latest_task=4 latest_level=instance by_level={"instance": {"avg_spl": 0.12693603988246555, "avg_sr": 0.2608695652173913, "count": 69}, "object": {"avg_spl": 0.42218188154548775, "avg_sr": 0.6071428571428571, "count": 56}, "region": {"avg_spl": 0.30138192913405415, "avg_sr": 0.45054945054945056, "count": 91}, "room": {"avg_spl": 0.3198450246137683, "avg_sr": 0.5443037974683544, "count": 79}}
Elapsed 2 days, 13:18:20 [Metrics] sequence count: 295, invalid_count: 0, follower_error_count: 9, avg_sr: 0.461017, avg_spl: 0.288455

=== Episode ===: 19it [15:47:23, 2900.73s/it][AElapsed 2 days, 13:18:28 

Begin to process [00803-k1cupFYWXJ6_sequence_19_0] type: [instance], Question: [gray stone pedestal table with potted plant between purple patterned armchairs in hall with carved arch]

Elapsed 2 days, 13:18:28 Current start position is [     5.3248     -14.923     0.37318]
Elapsed 2 days, 14:11:15 ===Episode_id 19 task_id 0 task_level=instance===
SR: True, SPL: 0.17861464678781155, Object category: table, goal type: sequence===

Elapsed 2 days, 14:11:15 [baseline] task_level=instance scene=00803-k1cupFYWXJ6 episode=19 task=0 sec=3166.808
Elapsed 2 days, 14:11:15 [BASELINE_LIVE_METRICS] rows=296 avg_sr=0.462838 avg_spl=0.288084 follower_error_count=9 levels=[object:n=56,sr=0.607143,spl=0.422182; room:n=79,sr=0.544304,spl=0.319845; region:n=91,sr=0.450549,spl=0.301382; instance:n=70,sr=0.271429,spl=0.127674] latest_scene=00803-k1cupFYWXJ6 latest_episode=19 latest_task=0 latest_level=instance by_level={"instance": {"avg_spl": 0.12767430569539906, "avg_sr": 0.2714285714285714, "count": 70}, "object": {"avg_spl": 0.42218188154548775, "avg_sr": 0.6071428571428571, "count": 56}, "region": {"avg_spl": 0.30138192913405415, "avg_sr": 0.45054945054945056, "count": 91}, "room": {"avg_spl": 0.3198450246137683, "avg_sr": 0.5443037974683544, "count": 79}}
Elapsed 2 days, 14:11:15 

Begin to process [00803-k1cupFYWXJ6_sequence_19_1] type: [object], Question: [bin]

Elapsed 2 days, 14:11:15 Current start position is [    -1.4072     -14.923     -2.6555]
Elapsed 2 days, 14:12:03 ===Episode_id 19 task_id 1 task_level=object===
SR: False, SPL: 0.0, Object category: bin, goal type: sequence===

Elapsed 2 days, 14:12:03 [baseline] task_level=object scene=00803-k1cupFYWXJ6 episode=19 task=1 sec=48.497
Elapsed 2 days, 14:12:03 [BASELINE_LIVE_METRICS] rows=297 avg_sr=0.461279 avg_spl=0.287114 follower_error_count=9 levels=[object:n=57,sr=0.596491,spl=0.414775; room:n=79,sr=0.544304,spl=0.319845; region:n=91,sr=0.450549,spl=0.301382; instance:n=70,sr=0.271429,spl=0.127674] latest_scene=00803-k1cupFYWXJ6 latest_episode=19 latest_task=1 latest_level=object by_level={"instance": {"avg_spl": 0.12767430569539906, "avg_sr": 0.2714285714285714, "count": 70}, "object": {"avg_spl": 0.4147751818692511, "avg_sr": 0.5964912280701754, "count": 57}, "region": {"avg_spl": 0.30138192913405415, "avg_sr": 0.45054945054945056, "count": 91}, "room": {"avg_spl": 0.3198450246137683, "avg_sr": 0.5443037974683544, "count": 79}}
Elapsed 2 days, 14:12:03 

Begin to process [00803-k1cupFYWXJ6_sequence_19_2] type: [room], Question: [armchair in the hall]

Elapsed 2 days, 14:12:03 Current start position is [     2.7029     -14.923      2.1189]
Elapsed 2 days, 14:13:09 ===Episode_id 19 task_id 2 task_level=room===
SR: True, SPL: 0.017125669847369455, Object category: armchair, goal type: sequence===

Elapsed 2 days, 14:13:09 [baseline] task_level=room scene=00803-k1cupFYWXJ6 episode=19 task=2 sec=65.032
Elapsed 2 days, 14:13:09 [BASELINE_LIVE_METRICS] rows=298 avg_sr=0.463087 avg_spl=0.286208 follower_error_count=9 levels=[object:n=57,sr=0.596491,spl=0.414775; room:n=80,sr=0.550000,spl=0.316061; region:n=91,sr=0.450549,spl=0.301382; instance:n=70,sr=0.271429,spl=0.127674] latest_scene=00803-k1cupFYWXJ6 latest_episode=19 latest_task=2 latest_level=room by_level={"instance": {"avg_spl": 0.12767430569539906, "avg_sr": 0.2714285714285714, "count": 70}, "object": {"avg_spl": 0.4147751818692511, "avg_sr": 0.5964912280701754, "count": 57}, "region": {"avg_spl": 0.30138192913405415, "avg_sr": 0.45054945054945056, "count": 91}, "room": {"avg_spl": 0.3160610326791883, "avg_sr": 0.55, "count": 80}}
Elapsed 2 days, 14:13:09 

Begin to process [00803-k1cupFYWXJ6_sequence_19_3] type: [region], Question: [bust in the hall that has beige patterned armchairs and round wooden table below colorful patterned ceiling]

Elapsed 2 days, 14:13:09 Current start position is [    -1.4072     -14.923     -2.6555]
Elapsed 2 days, 14:14:08 ===Episode_id 19 task_id 3 task_level=region===
SR: False, SPL: 0.0, Object category: bust, goal type: sequence===

Elapsed 2 days, 14:14:08 [baseline] task_level=region scene=00803-k1cupFYWXJ6 episode=19 task=3 sec=59.554
Elapsed 2 days, 14:14:08 [BASELINE_LIVE_METRICS] rows=299 avg_sr=0.461538 avg_spl=0.285251 follower_error_count=9 levels=[object:n=57,sr=0.596491,spl=0.414775; room:n=80,sr=0.550000,spl=0.316061; region:n=92,sr=0.445652,spl=0.298106; instance:n=70,sr=0.271429,spl=0.127674] latest_scene=00803-k1cupFYWXJ6 latest_episode=19 latest_task=3 latest_level=region by_level={"instance": {"avg_spl": 0.12767430569539906, "avg_sr": 0.2714285714285714, "count": 70}, "object": {"avg_spl": 0.4147751818692511, "avg_sr": 0.5964912280701754, "count": 57}, "region": {"avg_spl": 0.2981060385999883, "avg_sr": 0.44565217391304346, "count": 92}, "room": {"avg_spl": 0.3160610326791883, "avg_sr": 0.55, "count": 80}}
Elapsed 2 days, 14:14:08 

Begin to process [00803-k1cupFYWXJ6_sequence_19_4] type: [instance], Question: [decorative plant in stone flowerpot between purple patterned armchairs near carved arch]

Elapsed 2 days, 14:14:08 Current start position is [    -1.4072     -14.923     -2.6555]
Elapsed 2 days, 14:17:10 ===Episode_id 19 task_id 4 task_level=instance===
SR: False, SPL: 0.0, Object category: decorative plant, goal type: sequence===

Elapsed 2 days, 14:17:10 [baseline] task_level=instance scene=00803-k1cupFYWXJ6 episode=19 task=4 sec=182.092
Elapsed 2 days, 14:17:10 [BASELINE_LIVE_METRICS] rows=300 avg_sr=0.460000 avg_spl=0.284300 follower_error_count=9 levels=[object:n=57,sr=0.596491,spl=0.414775; room:n=80,sr=0.550000,spl=0.316061; region:n=92,sr=0.445652,spl=0.298106; instance:n=71,sr=0.267606,spl=0.125876] latest_scene=00803-k1cupFYWXJ6 latest_episode=19 latest_task=4 latest_level=instance by_level={"instance": {"avg_spl": 0.1258760760377174, "avg_sr": 0.2676056338028169, "count": 71}, "object": {"avg_spl": 0.4147751818692511, "avg_sr": 0.5964912280701754, "count": 57}, "region": {"avg_spl": 0.2981060385999883, "avg_sr": 0.44565217391304346, "count": 92}, "room": {"avg_spl": 0.3160610326791883, "avg_sr": 0.55, "count": 80}}
Elapsed 2 days, 14:17:10 [Metrics] sequence count: 300, invalid_count: 0, follower_error_count: 9, avg_sr: 0.460000, avg_spl: 0.284300

=== Episode ===: 20it [16:46:14, 3089.84s/it][A=== Episode ===: 20it [16:46:14, 3018.73s/it]
Elapsed 2 days, 14:17:10 [Metrics] sequence count: 300, invalid_count: 0, follower_error_count: 9, avg_sr: 0.460000, avg_spl: 0.284300
*** Scene ***:  43%|####2     | 3/7 [62:16:27<79:15:43, 71335.80s/it] Elapsed 2 days, 14:17:10 




*************************** Processing 00808-y9hTuugGdiq.json.gz, Total Episode 20 ***************************

=== Episode ===: 0it [00:00, ?it/s][AElapsed 2 days, 14:17:21 

Begin to process [00808-y9hTuugGdiq_sequence_0_0] type: [instance], Question: [grey L-shaped fabric couch against teal wall near dining room with wood dining table and dark chairs]

Elapsed 2 days, 14:17:21 Current start position is [    -9.5409     0.01139     -0.4328]
Elapsed 2 days, 14:46:58 ===Episode_id 0 task_id 0 task_level=instance===
SR: True, SPL: 0.8110126394686125, Object category: couch, goal type: sequence===

Elapsed 2 days, 14:46:58 [baseline] task_level=instance scene=00808-y9hTuugGdiq episode=0 task=0 sec=1777.986
Elapsed 2 days, 14:46:59 [BASELINE_LIVE_METRICS] rows=301 avg_sr=0.461794 avg_spl=0.286050 follower_error_count=9 levels=[object:n=57,sr=0.596491,spl=0.414775; room:n=80,sr=0.550000,spl=0.316061; region:n=92,sr=0.445652,spl=0.298106; instance:n=72,sr=0.277778,spl=0.135392] latest_scene=00808-y9hTuugGdiq latest_episode=0 latest_task=0 latest_level=instance by_level={"instance": {"avg_spl": 0.1353918616409243, "avg_sr": 0.2777777777777778, "count": 72}, "object": {"avg_spl": 0.4147751818692511, "avg_sr": 0.5964912280701754, "count": 57}, "region": {"avg_spl": 0.2981060385999883, "avg_sr": 0.44565217391304346, "count": 92}, "room": {"avg_spl": 0.3160610326791883, "avg_sr": 0.55, "count": 80}}
Elapsed 2 days, 14:46:59 

Begin to process [00808-y9hTuugGdiq_sequence_0_1] type: [object], Question: [kitchen cabinet]

Elapsed 2 days, 14:46:59 Current start position is [     4.7129    0.061391      1.0401]
Elapsed 2 days, 14:48:09 ===Episode_id 0 task_id 1 task_level=object===
SR: True, SPL: 0.376019074716217, Object category: kitchen cabinet, goal type: sequence===

Elapsed 2 days, 14:48:09 [baseline] task_level=object scene=00808-y9hTuugGdiq episode=0 task=1 sec=70.557
Elapsed 2 days, 14:48:09 [BASELINE_LIVE_METRICS] rows=302 avg_sr=0.463576 avg_spl=0.286348 follower_error_count=9 levels=[object:n=58,sr=0.603448,spl=0.414107; room:n=80,sr=0.550000,spl=0.316061; region:n=92,sr=0.445652,spl=0.298106; instance:n=72,sr=0.277778,spl=0.135392] latest_scene=00808-y9hTuugGdiq latest_episode=0 latest_task=1 latest_level=object by_level={"instance": {"avg_spl": 0.1353918616409243, "avg_sr": 0.2777777777777778, "count": 72}, "object": {"avg_spl": 0.4141069731252333, "avg_sr": 0.603448275862069, "count": 58}, "region": {"avg_spl": 0.2981060385999883, "avg_sr": 0.44565217391304346, "count": 92}, "room": {"avg_spl": 0.3160610326791883, "avg_sr": 0.55, "count": 80}}
Elapsed 2 days, 14:48:09 

Begin to process [00808-y9hTuugGdiq_sequence_0_2] type: [room], Question: [cabinet in the living room]

Elapsed 2 days, 14:48:09 Current start position is [    -1.2154    0.011391      4.9655]
Elapsed 2 days, 14:49:09 ===Episode_id 0 task_id 2 task_level=room===
SR: True, SPL: 0.7654725307728246, Object category: cabinet, goal type: sequence===

Elapsed 2 days, 14:49:09 [baseline] task_level=room scene=00808-y9hTuugGdiq episode=0 task=2 sec=59.648
Elapsed 2 days, 14:49:09 [BASELINE_LIVE_METRICS] rows=303 avg_sr=0.465347 avg_spl=0.287929 follower_error_count=9 levels=[object:n=58,sr=0.603448,spl=0.414107; room:n=81,sr=0.555556,spl=0.321609; region:n=92,sr=0.445652,spl=0.298106; instance:n=72,sr=0.277778,spl=0.135392] latest_scene=00808-y9hTuugGdiq latest_episode=0 latest_task=2 latest_level=room by_level={"instance": {"avg_spl": 0.1353918616409243, "avg_sr": 0.2777777777777778, "count": 72}, "object": {"avg_spl": 0.4141069731252333, "avg_sr": 0.603448275862069, "count": 58}, "region": {"avg_spl": 0.2981060385999883, "avg_sr": 0.44565217391304346, "count": 92}, "room": {"avg_spl": 0.32160932277910975, "avg_sr": 0.5555555555555556, "count": 81}}
Elapsed 2 days, 14:49:09 

Begin to process [00808-y9hTuugGdiq_sequence_0_3] type: [object], Question: [dresser]

Elapsed 2 days, 14:49:09 Current start position is [      1.957    0.053012      1.5261]
Elapsed 2 days, 14:50:16 ===Episode_id 0 task_id 3 task_level=object===
SR: False, SPL: 0.0, Object category: dresser, goal type: sequence===

Elapsed 2 days, 14:50:16 [baseline] task_level=object scene=00808-y9hTuugGdiq episode=0 task=3 sec=67.325
Elapsed 2 days, 14:50:16 [BASELINE_LIVE_METRICS] rows=304 avg_sr=0.463816 avg_spl=0.286982 follower_error_count=9 levels=[object:n=59,sr=0.593220,spl=0.407088; room:n=81,sr=0.555556,spl=0.321609; region:n=92,sr=0.445652,spl=0.298106; instance:n=72,sr=0.277778,spl=0.135392] latest_scene=00808-y9hTuugGdiq latest_episode=0 latest_task=3 latest_level=object by_level={"instance": {"avg_spl": 0.1353918616409243, "avg_sr": 0.2777777777777778, "count": 72}, "object": {"avg_spl": 0.4070882108688734, "avg_sr": 0.5932203389830508, "count": 59}, "region": {"avg_spl": 0.2981060385999883, "avg_sr": 0.44565217391304346, "count": 92}, "room": {"avg_spl": 0.32160932277910975, "avg_sr": 0.5555555555555556, "count": 81}}
Elapsed 2 days, 14:50:16 

Begin to process [00808-y9hTuugGdiq_sequence_0_4] type: [region], Question: [refrigerator cabinet in the kitchen that has dark wood kitchen cabinets with light marble countertop and black stove, two-slot toaster, microwave above hanging knives, coffee maker, stainless refrigerator, and built-in black oven by stainless trash can]

Elapsed 2 days, 14:50:16 Current start position is [   -0.59273    0.011391    -0.48556]
Elapsed 2 days, 14:51:28 ===Episode_id 0 task_id 4 task_level=region===
SR: False, SPL: 0.0, Object category: refrigerator cabinet, goal type: sequence===

Elapsed 2 days, 14:51:28 [baseline] task_level=region scene=00808-y9hTuugGdiq episode=0 task=4 sec=71.739
Elapsed 2 days, 14:51:28 [BASELINE_LIVE_METRICS] rows=305 avg_sr=0.462295 avg_spl=0.286041 follower_error_count=9 levels=[object:n=59,sr=0.593220,spl=0.407088; room:n=81,sr=0.555556,spl=0.321609; region:n=93,sr=0.440860,spl=0.294901; instance:n=72,sr=0.277778,spl=0.135392] latest_scene=00808-y9hTuugGdiq latest_episode=0 latest_task=4 latest_level=region by_level={"instance": {"avg_spl": 0.1353918616409243, "avg_sr": 0.2777777777777778, "count": 72}, "object": {"avg_spl": 0.4070882108688734, "avg_sr": 0.5932203389830508, "count": 59}, "region": {"avg_spl": 0.2949005973247196, "avg_sr": 0.44086021505376344, "count": 93}, "room": {"avg_spl": 0.32160932277910975, "avg_sr": 0.5555555555555556, "count": 81}}
Elapsed 2 days, 14:51:28 [Metrics] sequence count: 305, invalid_count: 0, follower_error_count: 9, avg_sr: 0.462295, avg_spl: 0.286041

=== Episode ===: 1it [34:17, 2057.60s/it][AElapsed 2 days, 14:51:39 

Begin to process [00808-y9hTuugGdiq_sequence_1_0] type: [instance], Question: [empty white marble coffee table on gray rug beside gray couch near teal wall]

Elapsed 2 days, 14:51:39 Current start position is [    -2.9642     0.01139    -0.41679]
Elapsed 2 days, 15:11:22 ===Episode_id 1 task_id 0 task_level=instance===
SR: True, SPL: 0.8575943733606008, Object category: coffee table, goal type: sequence===

Elapsed 2 days, 15:11:22 [baseline] task_level=instance scene=00808-y9hTuugGdiq episode=1 task=0 sec=1183.586
Elapsed 2 days, 15:11:22 [BASELINE_LIVE_METRICS] rows=306 avg_sr=0.464052 avg_spl=0.287909 follower_error_count=9 levels=[object:n=59,sr=0.593220,spl=0.407088; room:n=81,sr=0.555556,spl=0.321609; region:n=93,sr=0.440860,spl=0.294901; instance:n=73,sr=0.287671,spl=0.145285] latest_scene=00808-y9hTuugGdiq latest_episode=1 latest_task=0 latest_level=instance by_level={"instance": {"avg_spl": 0.14528504673297463, "avg_sr": 0.2876712328767123, "count": 73}, "object": {"avg_spl": 0.4070882108688734, "avg_sr": 0.5932203389830508, "count": 59}, "region": {"avg_spl": 0.2949005973247196, "avg_sr": 0.44086021505376344, "count": 93}, "room": {"avg_spl": 0.32160932277910975, "avg_sr": 0.5555555555555556, "count": 81}}
Elapsed 2 days, 15:11:22 

Begin to process [00808-y9hTuugGdiq_sequence_1_1] type: [object], Question: [bathtub platform]

Elapsed 2 days, 15:11:22 Current start position is [     5.3341    0.060119      1.1902]
Elapsed 2 days, 15:17:31 ===Episode_id 1 task_id 1 task_level=object===
SR: False, SPL: 0.0, Object category: bathtub platform, goal type: sequence===

Elapsed 2 days, 15:17:31 [baseline] task_level=object scene=00808-y9hTuugGdiq episode=1 task=1 sec=369.003
Elapsed 2 days, 15:17:31 [BASELINE_LIVE_METRICS] rows=307 avg_sr=0.462541 avg_spl=0.286971 follower_error_count=9 levels=[object:n=60,sr=0.583333,spl=0.400303; room:n=81,sr=0.555556,spl=0.321609; region:n=93,sr=0.440860,spl=0.294901; instance:n=73,sr=0.287671,spl=0.145285] latest_scene=00808-y9hTuugGdiq latest_episode=1 latest_task=1 latest_level=object by_level={"instance": {"avg_spl": 0.14528504673297463, "avg_sr": 0.2876712328767123, "count": 73}, "object": {"avg_spl": 0.4003034073543922, "avg_sr": 0.5833333333333334, "count": 60}, "region": {"avg_spl": 0.2949005973247196, "avg_sr": 0.44086021505376344, "count": 93}, "room": {"avg_spl": 0.32160932277910975, "avg_sr": 0.5555555555555556, "count": 81}}
Elapsed 2 days, 15:17:31 

Begin to process [00808-y9hTuugGdiq_sequence_1_2] type: [object], Question: [fan]

Elapsed 2 days, 15:17:31 Current start position is [    -5.5426    0.011391        4.71]
Elapsed 2 days, 15:18:41 ===Episode_id 1 task_id 2 task_level=object===
SR: False, SPL: 0.0, Object category: fan, goal type: sequence===

Elapsed 2 days, 15:18:41 [baseline] task_level=object scene=00808-y9hTuugGdiq episode=1 task=2 sec=69.932
Elapsed 2 days, 15:18:41 [BASELINE_LIVE_METRICS] rows=308 avg_sr=0.461039 avg_spl=0.286039 follower_error_count=9 levels=[object:n=61,sr=0.573770,spl=0.393741; room:n=81,sr=0.555556,spl=0.321609; region:n=93,sr=0.440860,spl=0.294901; instance:n=73,sr=0.287671,spl=0.145285] latest_scene=00808-y9hTuugGdiq latest_episode=1 latest_task=2 latest_level=object by_level={"instance": {"avg_spl": 0.14528504673297463, "avg_sr": 0.2876712328767123, "count": 73}, "object": {"avg_spl": 0.39374105641415624, "avg_sr": 0.5737704918032787, "count": 61}, "region": {"avg_spl": 0.2949005973247196, "avg_sr": 0.44086021505376344, "count": 93}, "room": {"avg_spl": 0.32160932277910975, "avg_sr": 0.5555555555555556, "count": 81}}
Elapsed 2 days, 15:18:41 

Begin to process [00808-y9hTuugGdiq_sequence_1_3] type: [object], Question: [side table]

Elapsed 2 days, 15:18:41 Current start position is [     2.1166    0.061391     0.54549]
Elapsed 2 days, 15:19:40 ===Episode_id 1 task_id 3 task_level=object===
SR: False, SPL: 0.0, Object category: side table, goal type: sequence===

Elapsed 2 days, 15:19:40 [baseline] task_level=object scene=00808-y9hTuugGdiq episode=1 task=3 sec=58.762
Elapsed 2 days, 15:19:40 [BASELINE_LIVE_METRICS] rows=309 avg_sr=0.459547 avg_spl=0.285114 follower_error_count=9 levels=[object:n=62,sr=0.564516,spl=0.387390; room:n=81,sr=0.555556,spl=0.321609; region:n=93,sr=0.440860,spl=0.294901; instance:n=73,sr=0.287671,spl=0.145285] latest_scene=00808-y9hTuugGdiq latest_episode=1 latest_task=3 latest_level=object by_level={"instance": {"avg_spl": 0.14528504673297463, "avg_sr": 0.2876712328767123, "count": 73}, "object": {"avg_spl": 0.3873903942139279, "avg_sr": 0.5645161290322581, "count": 62}, "region": {"avg_spl": 0.2949005973247196, "avg_sr": 0.44086021505376344, "count": 93}, "room": {"avg_spl": 0.32160932277910975, "avg_sr": 0.5555555555555556, "count": 81}}
Elapsed 2 days, 15:19:40 

Begin to process [00808-y9hTuugGdiq_sequence_1_4] type: [region], Question: [dishwasher in the kitchen that has dark wood kitchen cabinets with light marble countertop and black stove, two-slot toaster, microwave above hanging knives, coffee maker, stainless refrigerator, and built-in black oven by stainless trash can]

Elapsed 2 days, 15:19:40 Current start position is [    -7.4425    0.011391      1.6422]
Elapsed 2 days, 15:29:51 ===Episode_id 1 task_id 4 task_level=region===
SR: True, SPL: 0.3420971139866146, Object category: dishwasher, goal type: sequence===

Elapsed 2 days, 15:29:51 [baseline] task_level=region scene=00808-y9hTuugGdiq episode=1 task=4 sec=611.330
Elapsed 2 days, 15:29:51 [BASELINE_LIVE_METRICS] rows=310 avg_sr=0.461290 avg_spl=0.285297 follower_error_count=9 levels=[object:n=62,sr=0.564516,spl=0.387390; room:n=81,sr=0.555556,spl=0.321609; region:n=94,sr=0.446809,spl=0.295403; instance:n=73,sr=0.287671,spl=0.145285] latest_scene=00808-y9hTuugGdiq latest_episode=1 latest_task=4 latest_level=region by_level={"instance": {"avg_spl": 0.14528504673297463, "avg_sr": 0.2876712328767123, "count": 73}, "object": {"avg_spl": 0.3873903942139279, "avg_sr": 0.5645161290322581, "count": 62}, "region": {"avg_spl": 0.29540268792750574, "avg_sr": 0.44680851063829785, "count": 94}, "room": {"avg_spl": 0.32160932277910975, "avg_sr": 0.5555555555555556, "count": 81}}
Elapsed 2 days, 15:29:51 [Metrics] sequence count: 310, invalid_count: 0, follower_error_count: 9, avg_sr: 0.461290, avg_spl: 0.285297

=== Episode ===: 2it [1:12:40, 2202.16s/it][AElapsed 2 days, 15:30:01 

Begin to process [00808-y9hTuugGdiq_sequence_2_0] type: [instance], Question: [black amplifier under sculpture in Tie: Dining room & Living room that has gray couch and white rectangular coffee table near teal wall and decorative fireplace below wall-mounted TV]

Elapsed 2 days, 15:30:01 Current start position is [    -2.9893     0.06139      2.8618]
Elapsed 2 days, 15:52:38 ===Episode_id 2 task_id 0 task_level=instance===
SR: False, SPL: 0.0, Object category: amplifier, goal type: sequence===

Elapsed 2 days, 15:52:38 [baseline] task_level=instance scene=00808-y9hTuugGdiq episode=2 task=0 sec=1356.644
Elapsed 2 days, 15:52:38 [BASELINE_LIVE_METRICS] rows=311 avg_sr=0.459807 avg_spl=0.284380 follower_error_count=9 levels=[object:n=62,sr=0.564516,spl=0.387390; room:n=81,sr=0.555556,spl=0.321609; region:n=94,sr=0.446809,spl=0.295403; instance:n=74,sr=0.283784,spl=0.143322] latest_scene=00808-y9hTuugGdiq latest_episode=2 latest_task=0 latest_level=instance by_level={"instance": {"avg_spl": 0.14332173529063713, "avg_sr": 0.28378378378378377, "count": 74}, "object": {"avg_spl": 0.3873903942139279, "avg_sr": 0.5645161290322581, "count": 62}, "region": {"avg_spl": 0.29540268792750574, "avg_sr": 0.44680851063829785, "count": 94}, "room": {"avg_spl": 0.32160932277910975, "avg_sr": 0.5555555555555556, "count": 81}}
Elapsed 2 days, 15:52:38 

Begin to process [00808-y9hTuugGdiq_sequence_2_1] type: [region], Question: [bin in the laundry room that has washer-dryer with black bin under dark wood cabinets, vacuum cleaner and fire extinguisher beside dark cabinet]

Elapsed 2 days, 15:52:38 Current start position is [     5.6947    0.022766      4.7398]
Elapsed 2 days, 15:57:29 ===Episode_id 2 task_id 1 task_level=region===
SR: False, SPL: 0.0, Object category: bin, goal type: sequence===

Elapsed 2 days, 15:57:29 [baseline] task_level=region scene=00808-y9hTuugGdiq episode=2 task=1 sec=291.031
Elapsed 2 days, 15:57:29 [BASELINE_LIVE_METRICS] rows=312 avg_sr=0.458333 avg_spl=0.283469 follower_error_count=9 levels=[object:n=62,sr=0.564516,spl=0.387390; room:n=81,sr=0.555556,spl=0.321609; region:n=95,sr=0.442105,spl=0.292293; instance:n=74,sr=0.283784,spl=0.143322] latest_scene=00808-y9hTuugGdiq latest_episode=2 latest_task=1 latest_level=region by_level={"instance": {"avg_spl": 0.14332173529063713, "avg_sr": 0.28378378378378377, "count": 74}, "object": {"avg_spl": 0.3873903942139279, "avg_sr": 0.5645161290322581, "count": 62}, "region": {"avg_spl": 0.29229318594932147, "avg_sr": 0.4421052631578947, "count": 95}, "room": {"avg_spl": 0.32160932277910975, "avg_sr": 0.5555555555555556, "count": 81}}
Elapsed 2 days, 15:57:29 

Begin to process [00808-y9hTuugGdiq_sequence_2_2] type: [region], Question: [fire screen in the tie: dining room & living room that has gray couch and white rectangular coffee table near teal wall, decorative fireplace below wall-mounted TV, long wood dining table with dark chairs, wine glass rack with hanging glasses]

Elapsed 2 days, 15:57:29 Current start position is [     -2.555    0.011391      4.6883]
Elapsed 2 days, 15:59:05 ===Episode_id 2 task_id 2 task_level=region===
SR: True, SPL: 0.8637976071024746, Object category: fire screen, goal type: sequence===

Elapsed 2 days, 15:59:05 [baseline] task_level=region scene=00808-y9hTuugGdiq episode=2 task=2 sec=96.697
Elapsed 2 days, 15:59:05 [BASELINE_LIVE_METRICS] rows=313 avg_sr=0.460064 avg_spl=0.285323 follower_error_count=9 levels=[object:n=62,sr=0.564516,spl=0.387390; room:n=81,sr=0.555556,spl=0.321609; region:n=96,sr=0.447917,spl=0.298246; instance:n=74,sr=0.283784,spl=0.143322] latest_scene=00808-y9hTuugGdiq latest_episode=2 latest_task=2 latest_level=region by_level={"instance": {"avg_spl": 0.14332173529063713, "avg_sr": 0.28378378378378377, "count": 74}, "object": {"avg_spl": 0.3873903942139279, "avg_sr": 0.5645161290322581, "count": 62}, "region": {"avg_spl": 0.2982463570030001, "avg_sr": 0.4479166666666667, "count": 96}, "room": {"avg_spl": 0.32160932277910975, "avg_sr": 0.5555555555555556, "count": 81}}
Elapsed 2 days, 15:59:05 

Begin to process [00808-y9hTuugGdiq_sequence_2_3] type: [room], Question: [cabinet in the living room]

Elapsed 2 days, 15:59:05 Current start position is [     5.7387    0.026983      4.7658]
Elapsed 2 days, 16:00:03 ===Episode_id 2 task_id 3 task_level=room===
SR: True, SPL: 0.05341043235546701, Object category: cabinet, goal type: sequence===

Elapsed 2 days, 16:00:03 [baseline] task_level=room scene=00808-y9hTuugGdiq episode=2 task=3 sec=57.412
Elapsed 2 days, 16:00:03 [BASELINE_LIVE_METRICS] rows=314 avg_sr=0.461783 avg_spl=0.284584 follower_error_count=9 levels=[object:n=62,sr=0.564516,spl=0.387390; room:n=82,sr=0.560976,spl=0.318339; region:n=96,sr=0.447917,spl=0.298246; instance:n=74,sr=0.283784,spl=0.143322] latest_scene=00808-y9hTuugGdiq latest_episode=2 latest_task=3 latest_level=room by_level={"instance": {"avg_spl": 0.14332173529063713, "avg_sr": 0.28378378378378377, "count": 74}, "object": {"avg_spl": 0.3873903942139279, "avg_sr": 0.5645161290322581, "count": 62}, "region": {"avg_spl": 0.2982463570030001, "avg_sr": 0.4479166666666667, "count": 96}, "room": {"avg_spl": 0.3183386046032117, "avg_sr": 0.5609756097560976, "count": 82}}
Elapsed 2 days, 16:00:03 

Begin to process [00808-y9hTuugGdiq_sequence_2_4] type: [region], Question: [flowerpot in the bedroom that has bed with white bedding and red pillows, mirrored closet doors, abstract art above dark wood dresser, white curtain next to leafy plant]

Elapsed 2 days, 16:00:03 Current start position is [     1.8655    0.043874      1.6412]
Elapsed 2 days, 16:11:23 ===Episode_id 2 task_id 4 task_level=region===
SR: False, SPL: 0.0, Object category: flowerpot, goal type: sequence===

Elapsed 2 days, 16:11:23 [baseline] task_level=region scene=00808-y9hTuugGdiq episode=2 task=4 sec=680.451
Elapsed 2 days, 16:11:23 [BASELINE_LIVE_METRICS] rows=315 avg_sr=0.460317 avg_spl=0.283681 follower_error_count=9 levels=[object:n=62,sr=0.564516,spl=0.387390; room:n=82,sr=0.560976,spl=0.318339; region:n=97,sr=0.443299,spl=0.295172; instance:n=74,sr=0.283784,spl=0.143322] latest_scene=00808-y9hTuugGdiq latest_episode=2 latest_task=4 latest_level=region by_level={"instance": {"avg_spl": 0.14332173529063713, "avg_sr": 0.28378378378378377, "count": 74}, "object": {"avg_spl": 0.3873903942139279, "avg_sr": 0.5645161290322581, "count": 62}, "region": {"avg_spl": 0.295171652291629, "avg_sr": 0.44329896907216493, "count": 97}, "room": {"avg_spl": 0.3183386046032117, "avg_sr": 0.5609756097560976, "count": 82}}
Elapsed 2 days, 16:11:23 [Metrics] sequence count: 315, invalid_count: 0, follower_error_count: 9, avg_sr: 0.460317, avg_spl: 0.283681

=== Episode ===: 3it [1:54:13, 2334.54s/it][AElapsed 2 days, 16:11:34 

Begin to process [00808-y9hTuugGdiq_sequence_3_0] type: [instance], Question: [dark gray statue row on wood console in living room with gray couch and white rectangular coffee table near teal wall, and decorative fireplace below wall-mounted TV]

Elapsed 2 days, 16:11:34 Current start position is [    -11.865     0.01139    -0.32759]
Elapsed 2 days, 17:00:17 ===Episode_id 3 task_id 0 task_level=instance===
SR: False, SPL: 0.0, Object category: statue, goal type: sequence===

Elapsed 2 days, 17:00:17 [baseline] task_level=instance scene=00808-y9hTuugGdiq episode=3 task=0 sec=2923.429
Elapsed 2 days, 17:00:17 [BASELINE_LIVE_METRICS] rows=316 avg_sr=0.458861 avg_spl=0.282783 follower_error_count=9 levels=[object:n=62,sr=0.564516,spl=0.387390; room:n=82,sr=0.560976,spl=0.318339; region:n=97,sr=0.443299,spl=0.295172; instance:n=75,sr=0.280000,spl=0.141411] latest_scene=00808-y9hTuugGdiq latest_episode=3 latest_task=0 latest_level=instance by_level={"instance": {"avg_spl": 0.1414107788200953, "avg_sr": 0.28, "count": 75}, "object": {"avg_spl": 0.3873903942139279, "avg_sr": 0.5645161290322581, "count": 62}, "region": {"avg_spl": 0.295171652291629, "avg_sr": 0.44329896907216493, "count": 97}, "room": {"avg_spl": 0.3183386046032117, "avg_sr": 0.5609756097560976, "count": 82}}
Elapsed 2 days, 17:00:17 

Begin to process [00808-y9hTuugGdiq_sequence_3_1] type: [object], Question: [ice maker]

Elapsed 2 days, 17:00:17 Current start position is [       5.75    0.027542      4.7647]
Elapsed 2 days, 17:04:42 ===Episode_id 3 task_id 1 task_level=object===
SR: False, SPL: 0.0, Object category: ice maker, goal type: sequence===

Elapsed 2 days, 17:04:42 [baseline] task_level=object scene=00808-y9hTuugGdiq episode=3 task=1 sec=264.883
Elapsed 2 days, 17:04:42 [BASELINE_LIVE_METRICS] rows=317 avg_sr=0.457413 avg_spl=0.281891 follower_error_count=9 levels=[object:n=63,sr=0.555556,spl=0.381241; room:n=82,sr=0.560976,spl=0.318339; region:n=97,sr=0.443299,spl=0.295172; instance:n=75,sr=0.280000,spl=0.141411] latest_scene=00808-y9hTuugGdiq latest_episode=3 latest_task=1 latest_level=object by_level={"instance": {"avg_spl": 0.1414107788200953, "avg_sr": 0.28, "count": 75}, "object": {"avg_spl": 0.3812413403375164, "avg_sr": 0.5555555555555556, "count": 63}, "region": {"avg_spl": 0.295171652291629, "avg_sr": 0.44329896907216493, "count": 97}, "room": {"avg_spl": 0.3183386046032117, "avg_sr": 0.5609756097560976, "count": 82}}
Elapsed 2 days, 17:04:42 

Begin to process [00808-y9hTuugGdiq_sequence_3_2] type: [room], Question: [bathroom counter in the bathroom]

Elapsed 2 days, 17:04:42 Current start position is [    0.47176    0.011391      4.8069]
Elapsed 2 days, 17:08:36 ===Episode_id 3 task_id 2 task_level=room===
SR: False, SPL: 0.0, Object category: bathroom counter, goal type: sequence===

Elapsed 2 days, 17:08:36 [baseline] task_level=room scene=00808-y9hTuugGdiq episode=3 task=2 sec=234.231
Elapsed 2 days, 17:08:36 [BASELINE_LIVE_METRICS] rows=318 avg_sr=0.455975 avg_spl=0.281004 follower_error_count=9 levels=[object:n=63,sr=0.555556,spl=0.381241; room:n=83,sr=0.554217,spl=0.314503; region:n=97,sr=0.443299,spl=0.295172; instance:n=75,sr=0.280000,spl=0.141411] latest_scene=00808-y9hTuugGdiq latest_episode=3 latest_task=2 latest_level=room by_level={"instance": {"avg_spl": 0.1414107788200953, "avg_sr": 0.28, "count": 75}, "object": {"avg_spl": 0.3812413403375164, "avg_sr": 0.5555555555555556, "count": 63}, "region": {"avg_spl": 0.295171652291629, "avg_sr": 0.44329896907216493, "count": 97}, "room": {"avg_spl": 0.3145031997284742, "avg_sr": 0.5542168674698795, "count": 83}}
Elapsed 2 days, 17:08:36 

Begin to process [00808-y9hTuugGdiq_sequence_3_3] type: [region], Question: [coffee table in the tie: dining room & living room that has gray couch and white rectangular coffee table near teal wall, decorative fireplace below wall-mounted TV, long wood dining table with dark chairs, wine glass rack with hanging glasses]

Elapsed 2 days, 17:08:36 Current start position is [    -5.4999    0.011391      4.6688]
Elapsed 2 days, 17:12:56 ===Episode_id 3 task_id 3 task_level=region===
SR: False, SPL: 0.0, Object category: coffee table, goal type: sequence===

Elapsed 2 days, 17:12:56 [baseline] task_level=region scene=00808-y9hTuugGdiq episode=3 task=3 sec=259.242
Elapsed 2 days, 17:12:56 [BASELINE_LIVE_METRICS] rows=319 avg_sr=0.454545 avg_spl=0.280124 follower_error_count=9 levels=[object:n=63,sr=0.555556,spl=0.381241; room:n=83,sr=0.554217,spl=0.314503; region:n=98,sr=0.438776,spl=0.292160; instance:n=75,sr=0.280000,spl=0.141411] latest_scene=00808-y9hTuugGdiq latest_episode=3 latest_task=3 latest_level=region by_level={"instance": {"avg_spl": 0.1414107788200953, "avg_sr": 0.28, "count": 75}, "object": {"avg_spl": 0.3812413403375164, "avg_sr": 0.5555555555555556, "count": 63}, "region": {"avg_spl": 0.2921596966560001, "avg_sr": 0.4387755102040816, "count": 98}, "room": {"avg_spl": 0.3145031997284742, "avg_sr": 0.5542168674698795, "count": 83}}
Elapsed 2 days, 17:12:56 

Begin to process [00808-y9hTuugGdiq_sequence_3_4] type: [region], Question: [oven in the kitchen that has dark wood kitchen cabinets with light marble countertop and black stove, two-slot toaster, microwave above hanging knives, coffee maker, stainless refrigerator, and built-in black oven by stainless trash can]

Elapsed 2 days, 17:12:56 Current start position is [     6.3613    0.011443      2.5044]
Elapsed 2 days, 17:18:09 ===Episode_id 3 task_id 4 task_level=region===
SR: True, SPL: 0.8823073667607706, Object category: oven, goal type: sequence===

Elapsed 2 days, 17:18:09 [baseline] task_level=region scene=00808-y9hTuugGdiq episode=3 task=4 sec=312.899
Elapsed 2 days, 17:18:09 [BASELINE_LIVE_METRICS] rows=320 avg_sr=0.456250 avg_spl=0.282005 follower_error_count=9 levels=[object:n=63,sr=0.555556,spl=0.381241; room:n=83,sr=0.554217,spl=0.314503; region:n=99,sr=0.444444,spl=0.298121; instance:n=75,sr=0.280000,spl=0.141411] latest_scene=00808-y9hTuugGdiq latest_episode=3 latest_task=4 latest_level=region by_level={"instance": {"avg_spl": 0.1414107788200953, "avg_sr": 0.28, "count": 75}, "object": {"avg_spl": 0.3812413403375164, "avg_sr": 0.5555555555555556, "count": 63}, "region": {"avg_spl": 0.298120784232816, "avg_sr": 0.4444444444444444, "count": 99}, "room": {"avg_spl": 0.3145031997284742, "avg_sr": 0.5542168674698795, "count": 83}}
Elapsed 2 days, 17:18:09 [Metrics] sequence count: 320, invalid_count: 0, follower_error_count: 9, avg_sr: 0.456250, avg_spl: 0.282005

=== Episode ===: 4it [3:00:58, 2994.18s/it][AElapsed 2 days, 17:18:19 

Begin to process [00808-y9hTuugGdiq_sequence_4_0] type: [instance], Question: [black stereo components under sculpture in dining room and living room with dining table and gray couch and white rectangular coffee table near teal wall]

Elapsed 2 days, 17:18:19 Current start position is [    -5.0138     0.01139     0.67815]
Elapsed 2 days, 17:52:33 ===Episode_id 4 task_id 0 task_level=instance===
SR: False, SPL: 0.0, Object category: stereo, goal type: sequence===

Elapsed 2 days, 17:52:33 [baseline] task_level=instance scene=00808-y9hTuugGdiq episode=4 task=0 sec=2053.313
Elapsed 2 days, 17:52:33 [BASELINE_LIVE_METRICS] rows=321 avg_sr=0.454829 avg_spl=0.281127 follower_error_count=9 levels=[object:n=63,sr=0.555556,spl=0.381241; room:n=83,sr=0.554217,spl=0.314503; region:n=99,sr=0.444444,spl=0.298121; instance:n=76,sr=0.276316,spl=0.139550] latest_scene=00808-y9hTuugGdiq latest_episode=4 latest_task=0 latest_level=instance by_level={"instance": {"avg_spl": 0.13955011067772563, "avg_sr": 0.27631578947368424, "count": 76}, "object": {"avg_spl": 0.3812413403375164, "avg_sr": 0.5555555555555556, "count": 63}, "region": {"avg_spl": 0.298120784232816, "avg_sr": 0.4444444444444444, "count": 99}, "room": {"avg_spl": 0.3145031997284742, "avg_sr": 0.5542168674698795, "count": 83}}
Elapsed 2 days, 17:52:33 

Begin to process [00808-y9hTuugGdiq_sequence_4_1] type: [room], Question: [washer-dryer in the laundry room]

Elapsed 2 days, 17:52:33 Current start position is [     5.7436    0.032951      3.9274]
Elapsed 2 days, 17:55:26 ===Episode_id 4 task_id 1 task_level=room===
SR: True, SPL: 0.8848139431643913, Object category: washer-dryer, goal type: sequence===

Elapsed 2 days, 17:55:26 [baseline] task_level=room scene=00808-y9hTuugGdiq episode=4 task=1 sec=173.237
Elapsed 2 days, 17:55:26 [BASELINE_LIVE_METRICS] rows=322 avg_sr=0.456522 avg_spl=0.283002 follower_error_count=9 levels=[object:n=63,sr=0.555556,spl=0.381241; room:n=84,sr=0.559524,spl=0.321293; region:n=99,sr=0.444444,spl=0.298121; instance:n=76,sr=0.276316,spl=0.139550] latest_scene=00808-y9hTuugGdiq latest_episode=4 latest_task=1 latest_level=room by_level={"instance": {"avg_spl": 0.13955011067772563, "avg_sr": 0.27631578947368424, "count": 76}, "object": {"avg_spl": 0.3812413403375164, "avg_sr": 0.5555555555555556, "count": 63}, "region": {"avg_spl": 0.298120784232816, "avg_sr": 0.4444444444444444, "count": 99}, "room": {"avg_spl": 0.32129261334080655, "avg_sr": 0.5595238095238095, "count": 84}}
Elapsed 2 days, 17:55:26 

Begin to process [00808-y9hTuugGdiq_sequence_4_2] type: [room], Question: [picture in the living room]

Elapsed 2 days, 17:55:26 Current start position is [    -3.5913    0.011391      4.7508]
Elapsed 2 days, 17:57:54 ===Episode_id 4 task_id 2 task_level=room===
SR: False, SPL: 0.0, Object category: picture, goal type: sequence===

Elapsed 2 days, 17:57:54 [baseline] task_level=room scene=00808-y9hTuugGdiq episode=4 task=2 sec=148.704
Elapsed 2 days, 17:57:55 [BASELINE_LIVE_METRICS] rows=323 avg_sr=0.455108 avg_spl=0.282126 follower_error_count=9 levels=[object:n=63,sr=0.555556,spl=0.381241; room:n=85,sr=0.552941,spl=0.317513; region:n=99,sr=0.444444,spl=0.298121; instance:n=76,sr=0.276316,spl=0.139550] latest_scene=00808-y9hTuugGdiq latest_episode=4 latest_task=2 latest_level=room by_level={"instance": {"avg_spl": 0.13955011067772563, "avg_sr": 0.27631578947368424, "count": 76}, "object": {"avg_spl": 0.3812413403375164, "avg_sr": 0.5555555555555556, "count": 63}, "region": {"avg_spl": 0.298120784232816, "avg_sr": 0.4444444444444444, "count": 99}, "room": {"avg_spl": 0.3175127002426794, "avg_sr": 0.5529411764705883, "count": 85}}
Elapsed 2 days, 17:57:55 

Begin to process [00808-y9hTuugGdiq_sequence_4_3] type: [room], Question: [bath sink in the bathroom]

Elapsed 2 days, 17:57:55 Current start position is [    -1.4378    0.011391    -0.77749]
Elapsed 2 days, 18:17:25 geodesic_distance: 4.175652027130127
Elapsed 2 days, 18:17:25 [baseline][follow-error] scene=00808-y9hTuugGdiq episode_id=4 task_id=3 task_level=room final=True error=GreedyFollowerError path_found=True
Elapsed 2 days, 18:17:25 ===Episode_id 4 task_id 3 task_level=room===
SR: 0, SPL: 0, Object category: bath sink, goal type: sequence===

Elapsed 2 days, 18:17:25 [baseline] task_level=room scene=00808-y9hTuugGdiq episode=4 task=3 sec=1170.248
Elapsed 2 days, 18:17:25 [BASELINE_LIVE_METRICS] rows=324 avg_sr=0.453704 avg_spl=0.281255 follower_error_count=10 levels=[object:n=63,sr=0.555556,spl=0.381241; room:n=86,sr=0.546512,spl=0.313821; region:n=99,sr=0.444444,spl=0.298121; instance:n=76,sr=0.276316,spl=0.139550] latest_scene=00808-y9hTuugGdiq latest_episode=4 latest_task=3 latest_level=room by_level={"instance": {"avg_spl": 0.13955011067772563, "avg_sr": 0.27631578947368424, "count": 76}, "object": {"avg_spl": 0.3812413403375164, "avg_sr": 0.5555555555555556, "count": 63}, "region": {"avg_spl": 0.298120784232816, "avg_sr": 0.4444444444444444, "count": 99}, "room": {"avg_spl": 0.31382069210032265, "avg_sr": 0.5465116279069767, "count": 86}}
Elapsed 2 days, 18:17:25 

Begin to process [00808-y9hTuugGdiq_sequence_4_4] type: [room], Question: [coffee table in the dining room]

Elapsed 2 days, 18:17:25 Current start position is [     -6.032    0.011391      1.6396]
Elapsed 2 days, 18:21:16 ===Episode_id 4 task_id 4 task_level=room===
SR: False, SPL: 0.0, Object category: coffee table, goal type: sequence===

Elapsed 2 days, 18:21:16 [baseline] task_level=room scene=00808-y9hTuugGdiq episode=4 task=4 sec=231.281
Elapsed 2 days, 18:21:16 [BASELINE_LIVE_METRICS] rows=325 avg_sr=0.452308 avg_spl=0.280389 follower_error_count=10 levels=[object:n=63,sr=0.555556,spl=0.381241; room:n=87,sr=0.540230,spl=0.310214; region:n=99,sr=0.444444,spl=0.298121; instance:n=76,sr=0.276316,spl=0.139550] latest_scene=00808-y9hTuugGdiq latest_episode=4 latest_task=4 latest_level=room by_level={"instance": {"avg_spl": 0.13955011067772563, "avg_sr": 0.27631578947368424, "count": 76}, "object": {"avg_spl": 0.3812413403375164, "avg_sr": 0.5555555555555556, "count": 63}, "region": {"avg_spl": 0.298120784232816, "avg_sr": 0.4444444444444444, "count": 99}, "room": {"avg_spl": 0.31021355770836495, "avg_sr": 0.5402298850574713, "count": 87}}
Elapsed 2 days, 18:21:16 [Metrics] sequence count: 325, invalid_count: 0, follower_error_count: 10, avg_sr: 0.452308, avg_spl: 0.280389

=== Episode ===: 5it [4:04:05, 3280.22s/it][AElapsed 2 days, 18:21:27 

Begin to process [00808-y9hTuugGdiq_sequence_5_0] type: [instance], Question: [beige mantel fireplace under TV in Tie: dining room & living room, with gray couch near teal wall and rectangular wood dining table with dark chairs]

Elapsed 2 days, 18:21:27 Current start position is [    -9.9729     0.04366      3.0607]
Elapsed 2 days, 18:51:38 ===Episode_id 5 task_id 0 task_level=instance===
SR: True, SPL: 0.9214429214570502, Object category: fireplace, goal type: sequence===

Elapsed 2 days, 18:51:38 [baseline] task_level=instance scene=00808-y9hTuugGdiq episode=5 task=0 sec=1810.773
Elapsed 2 days, 18:51:38 [BASELINE_LIVE_METRICS] rows=326 avg_sr=0.453988 avg_spl=0.282356 follower_error_count=10 levels=[object:n=63,sr=0.555556,spl=0.381241; room:n=87,sr=0.540230,spl=0.310214; region:n=99,sr=0.444444,spl=0.298121; instance:n=77,sr=0.285714,spl=0.149705] latest_scene=00808-y9hTuugGdiq latest_episode=5 latest_task=0 latest_level=instance by_level={"instance": {"avg_spl": 0.1497045627657688, "avg_sr": 0.2857142857142857, "count": 77}, "object": {"avg_spl": 0.3812413403375164, "avg_sr": 0.5555555555555556, "count": 63}, "region": {"avg_spl": 0.298120784232816, "avg_sr": 0.4444444444444444, "count": 99}, "room": {"avg_spl": 0.31021355770836495, "avg_sr": 0.5402298850574713, "count": 87}}
Elapsed 2 days, 18:51:38 

Begin to process [00808-y9hTuugGdiq_sequence_5_1] type: [object], Question: [toilet]

Elapsed 2 days, 18:51:38 Current start position is [     5.6258    0.016274      4.6757]
Elapsed 2 days, 18:52:36 ===Episode_id 5 task_id 1 task_level=object===
SR: True, SPL: 0.982136649890045, Object category: toilet, goal type: sequence===

Elapsed 2 days, 18:52:36 [baseline] task_level=object scene=00808-y9hTuugGdiq episode=5 task=1 sec=58.656
Elapsed 2 days, 18:52:36 [BASELINE_LIVE_METRICS] rows=327 avg_sr=0.455657 avg_spl=0.284496 follower_error_count=10 levels=[object:n=64,sr=0.562500,spl=0.390630; room:n=87,sr=0.540230,spl=0.310214; region:n=99,sr=0.444444,spl=0.298121; instance:n=77,sr=0.285714,spl=0.149705] latest_scene=00808-y9hTuugGdiq latest_episode=5 latest_task=1 latest_level=object by_level={"instance": {"avg_spl": 0.1497045627657688, "avg_sr": 0.2857142857142857, "count": 77}, "object": {"avg_spl": 0.3906303295492746, "avg_sr": 0.5625, "count": 64}, "region": {"avg_spl": 0.298120784232816, "avg_sr": 0.4444444444444444, "count": 99}, "room": {"avg_spl": 0.31021355770836495, "avg_sr": 0.5402298850574713, "count": 87}}
Elapsed 2 days, 18:52:36 

Begin to process [00808-y9hTuugGdiq_sequence_5_2] type: [object], Question: [stereo]

Elapsed 2 days, 18:52:36 Current start position is [     -5.545    0.011391      4.2911]
Elapsed 2 days, 18:53:39 ===Episode_id 5 task_id 2 task_level=object===
SR: False, SPL: 0.0, Object category: stereo, goal type: sequence===

Elapsed 2 days, 18:53:39 [baseline] task_level=object scene=00808-y9hTuugGdiq episode=5 task=2 sec=62.474
Elapsed 2 days, 18:53:39 [BASELINE_LIVE_METRICS] rows=328 avg_sr=0.454268 avg_spl=0.283628 follower_error_count=10 levels=[object:n=65,sr=0.553846,spl=0.384621; room:n=87,sr=0.540230,spl=0.310214; region:n=99,sr=0.444444,spl=0.298121; instance:n=77,sr=0.285714,spl=0.149705] latest_scene=00808-y9hTuugGdiq latest_episode=5 latest_task=2 latest_level=object by_level={"instance": {"avg_spl": 0.1497045627657688, "avg_sr": 0.2857142857142857, "count": 77}, "object": {"avg_spl": 0.3846206321715935, "avg_sr": 0.5538461538461539, "count": 65}, "region": {"avg_spl": 0.298120784232816, "avg_sr": 0.4444444444444444, "count": 99}, "room": {"avg_spl": 0.31021355770836495, "avg_sr": 0.5402298850574713, "count": 87}}
Elapsed 2 days, 18:53:39 

Begin to process [00808-y9hTuugGdiq_sequence_5_3] type: [object], Question: [closet mirror wall]

Elapsed 2 days, 18:53:39 Current start position is [     4.8138    0.030197      4.7999]
Elapsed 2 days, 18:54:43 ===Episode_id 5 task_id 3 task_level=object===
SR: False, SPL: 0.0, Object category: closet mirror wall, goal type: sequence===

Elapsed 2 days, 18:54:43 [baseline] task_level=object scene=00808-y9hTuugGdiq episode=5 task=3 sec=63.970
Elapsed 2 days, 18:54:43 [BASELINE_LIVE_METRICS] rows=329 avg_sr=0.452888 avg_spl=0.282766 follower_error_count=10 levels=[object:n=66,sr=0.545455,spl=0.378793; room:n=87,sr=0.540230,spl=0.310214; region:n=99,sr=0.444444,spl=0.298121; instance:n=77,sr=0.285714,spl=0.149705] latest_scene=00808-y9hTuugGdiq latest_episode=5 latest_task=3 latest_level=object by_level={"instance": {"avg_spl": 0.1497045627657688, "avg_sr": 0.2857142857142857, "count": 77}, "object": {"avg_spl": 0.37879304683566023, "avg_sr": 0.5454545454545454, "count": 66}, "region": {"avg_spl": 0.298120784232816, "avg_sr": 0.4444444444444444, "count": 99}, "room": {"avg_spl": 0.31021355770836495, "avg_sr": 0.5402298850574713, "count": 87}}
Elapsed 2 days, 18:54:43 

Begin to process [00808-y9hTuugGdiq_sequence_5_4] type: [object], Question: [side table]

Elapsed 2 days, 18:54:43 Current start position is [    -3.2818    0.061391       3.117]
Elapsed 2 days, 18:55:50 ===Episode_id 5 task_id 4 task_level=object===
SR: False, SPL: 0.0, Object category: side table, goal type: sequence===

Elapsed 2 days, 18:55:50 [baseline] task_level=object scene=00808-y9hTuugGdiq episode=5 task=4 sec=66.816
Elapsed 2 days, 18:55:50 [BASELINE_LIVE_METRICS] rows=330 avg_sr=0.451515 avg_spl=0.281909 follower_error_count=10 levels=[object:n=67,sr=0.537313,spl=0.373139; room:n=87,sr=0.540230,spl=0.310214; region:n=99,sr=0.444444,spl=0.298121; instance:n=77,sr=0.285714,spl=0.149705] latest_scene=00808-y9hTuugGdiq latest_episode=5 latest_task=4 latest_level=object by_level={"instance": {"avg_spl": 0.1497045627657688, "avg_sr": 0.2857142857142857, "count": 77}, "object": {"avg_spl": 0.3731394192709489, "avg_sr": 0.5373134328358209, "count": 67}, "region": {"avg_spl": 0.298120784232816, "avg_sr": 0.4444444444444444, "count": 99}, "room": {"avg_spl": 0.31021355770836495, "avg_sr": 0.5402298850574713, "count": 87}}
Elapsed 2 days, 18:55:50 [Metrics] sequence count: 330, invalid_count: 0, follower_error_count: 10, avg_sr: 0.451515, avg_spl: 0.281909

=== Episode ===: 6it [4:38:39, 2869.95s/it][AElapsed 2 days, 18:56:00 

Begin to process [00808-y9hTuugGdiq_sequence_6_0] type: [instance], Question: [left stainless steel refrigerator door with dispenser in the kitchen that has dark wood cabinets with marble countertop, oven, stove, toaster, and coffee maker]

Elapsed 2 days, 18:56:00 Current start position is [    -9.6367     0.01139     0.55463]
Elapsed 2 days, 19:23:10 ===Episode_id 6 task_id 0 task_level=instance===
SR: False, SPL: 0.0, Object category: freezer, goal type: sequence===

Elapsed 2 days, 19:23:10 [baseline] task_level=instance scene=00808-y9hTuugGdiq episode=6 task=0 sec=1629.845
Elapsed 2 days, 19:23:10 [BASELINE_LIVE_METRICS] rows=331 avg_sr=0.450151 avg_spl=0.281058 follower_error_count=10 levels=[object:n=67,sr=0.537313,spl=0.373139; room:n=87,sr=0.540230,spl=0.310214; region:n=99,sr=0.444444,spl=0.298121; instance:n=78,sr=0.282051,spl=0.147785] latest_scene=00808-y9hTuugGdiq latest_episode=6 latest_task=0 latest_level=instance by_level={"instance": {"avg_spl": 0.14778527349954101, "avg_sr": 0.28205128205128205, "count": 78}, "object": {"avg_spl": 0.3731394192709489, "avg_sr": 0.5373134328358209, "count": 67}, "region": {"avg_spl": 0.298120784232816, "avg_sr": 0.4444444444444444, "count": 99}, "room": {"avg_spl": 0.31021355770836495, "avg_sr": 0.5402298850574713, "count": 87}}
Elapsed 2 days, 19:23:10 

Begin to process [00808-y9hTuugGdiq_sequence_6_1] type: [room], Question: [stereo in the dining room]

Elapsed 2 days, 19:23:10 Current start position is [      0.532    0.011391      4.7775]
Elapsed 2 days, 19:28:10 ===Episode_id 6 task_id 1 task_level=room===
SR: False, SPL: 0.0, Object category: stereo, goal type: sequence===

Elapsed 2 days, 19:28:10 [baseline] task_level=room scene=00808-y9hTuugGdiq episode=6 task=1 sec=299.836
Elapsed 2 days, 19:28:10 [BASELINE_LIVE_METRICS] rows=332 avg_sr=0.448795 avg_spl=0.280211 follower_error_count=10 levels=[object:n=67,sr=0.537313,spl=0.373139; room:n=88,sr=0.534091,spl=0.306688; region:n=99,sr=0.444444,spl=0.298121; instance:n=78,sr=0.282051,spl=0.147785] latest_scene=00808-y9hTuugGdiq latest_episode=6 latest_task=1 latest_level=room by_level={"instance": {"avg_spl": 0.14778527349954101, "avg_sr": 0.28205128205128205, "count": 78}, "object": {"avg_spl": 0.3731394192709489, "avg_sr": 0.5373134328358209, "count": 67}, "region": {"avg_spl": 0.298120784232816, "avg_sr": 0.4444444444444444, "count": 99}, "room": {"avg_spl": 0.30668840364349714, "avg_sr": 0.5340909090909091, "count": 88}}
Elapsed 2 days, 19:28:10 

Begin to process [00808-y9hTuugGdiq_sequence_6_2] type: [object], Question: [bed]

Elapsed 2 days, 19:28:10 Current start position is [     4.7822    0.033709      4.8175]
Elapsed 2 days, 19:29:49 ===Episode_id 6 task_id 2 task_level=object===
SR: True, SPL: 0.32007696299213917, Object category: bed, goal type: sequence===

Elapsed 2 days, 19:29:49 [baseline] task_level=object scene=00808-y9hTuugGdiq episode=6 task=2 sec=98.679
Elapsed 2 days, 19:29:49 [BASELINE_LIVE_METRICS] rows=333 avg_sr=0.450450 avg_spl=0.280331 follower_error_count=10 levels=[object:n=68,sr=0.544118,spl=0.372359; room:n=88,sr=0.534091,spl=0.306688; region:n=99,sr=0.444444,spl=0.298121; instance:n=78,sr=0.282051,spl=0.147785] latest_scene=00808-y9hTuugGdiq latest_episode=6 latest_task=2 latest_level=object by_level={"instance": {"avg_spl": 0.14778527349954101, "avg_sr": 0.28205128205128205, "count": 78}, "object": {"avg_spl": 0.3723590890315546, "avg_sr": 0.5441176470588235, "count": 68}, "region": {"avg_spl": 0.298120784232816, "avg_sr": 0.4444444444444444, "count": 99}, "room": {"avg_spl": 0.30668840364349714, "avg_sr": 0.5340909090909091, "count": 88}}
Elapsed 2 days, 19:29:49 

Begin to process [00808-y9hTuugGdiq_sequence_6_3] type: [room], Question: [cabinet in the dining room]

Elapsed 2 days, 19:29:49 Current start position is [    -11.359    0.011391    -0.30819]
Elapsed 2 days, 19:30:48 ===Episode_id 6 task_id 3 task_level=room===
SR: True, SPL: 0.907711367464612, Object category: cabinet, goal type: sequence===

Elapsed 2 days, 19:30:48 [baseline] task_level=room scene=00808-y9hTuugGdiq episode=6 task=3 sec=59.106
Elapsed 2 days, 19:30:48 [BASELINE_LIVE_METRICS] rows=334 avg_sr=0.452096 avg_spl=0.282209 follower_error_count=10 levels=[object:n=68,sr=0.544118,spl=0.372359; room:n=89,sr=0.539326,spl=0.313441; region:n=99,sr=0.444444,spl=0.298121; instance:n=78,sr=0.282051,spl=0.147785] latest_scene=00808-y9hTuugGdiq latest_episode=6 latest_task=3 latest_level=room by_level={"instance": {"avg_spl": 0.14778527349954101, "avg_sr": 0.28205128205128205, "count": 78}, "object": {"avg_spl": 0.3723590890315546, "avg_sr": 0.5441176470588235, "count": 68}, "region": {"avg_spl": 0.298120784232816, "avg_sr": 0.4444444444444444, "count": 99}, "room": {"avg_spl": 0.31344147065272315, "avg_sr": 0.5393258426966292, "count": 89}}
Elapsed 2 days, 19:30:48 

Begin to process [00808-y9hTuugGdiq_sequence_6_4] type: [room], Question: [refrigerator cabinet in the kitchen]

Elapsed 2 days, 19:30:48 Current start position is [     1.9073    0.051139      1.5174]
Elapsed 2 days, 19:32:17 ===Episode_id 6 task_id 4 task_level=room===
SR: False, SPL: 0.0, Object category: refrigerator cabinet, goal type: sequence===

Elapsed 2 days, 19:32:17 [baseline] task_level=room scene=00808-y9hTuugGdiq episode=6 task=4 sec=89.168
Elapsed 2 days, 19:32:17 [BASELINE_LIVE_METRICS] rows=335 avg_sr=0.450746 avg_spl=0.281367 follower_error_count=10 levels=[object:n=68,sr=0.544118,spl=0.372359; room:n=90,sr=0.533333,spl=0.309959; region:n=99,sr=0.444444,spl=0.298121; instance:n=78,sr=0.282051,spl=0.147785] latest_scene=00808-y9hTuugGdiq latest_episode=6 latest_task=4 latest_level=room by_level={"instance": {"avg_spl": 0.14778527349954101, "avg_sr": 0.28205128205128205, "count": 78}, "object": {"avg_spl": 0.3723590890315546, "avg_sr": 0.5441176470588235, "count": 68}, "region": {"avg_spl": 0.298120784232816, "avg_sr": 0.4444444444444444, "count": 99}, "room": {"avg_spl": 0.30995878764547063, "avg_sr": 0.5333333333333333, "count": 90}}
Elapsed 2 days, 19:32:17 [Metrics] sequence count: 335, invalid_count: 0, follower_error_count: 10, avg_sr: 0.450746, avg_spl: 0.281367

=== Episode ===: 7it [5:15:06, 2646.86s/it][AElapsed 2 days, 19:32:29 

Begin to process [00808-y9hTuugGdiq_sequence_7_0] type: [instance], Question: [stainless fridge ice maker on refrigerator door in kitchen with dark wood cabinets and marble countertop]

Elapsed 2 days, 19:32:29 Current start position is [    -9.3035     0.01139     0.04975]
Elapsed 2 days, 20:11:35 ===Episode_id 7 task_id 0 task_level=instance===
SR: False, SPL: 0.0, Object category: ice maker, goal type: sequence===

Elapsed 2 days, 20:11:35 [baseline] task_level=instance scene=00808-y9hTuugGdiq episode=7 task=0 sec=2345.984
Elapsed 2 days, 20:11:35 [BASELINE_LIVE_METRICS] rows=336 avg_sr=0.449405 avg_spl=0.280530 follower_error_count=10 levels=[object:n=68,sr=0.544118,spl=0.372359; room:n=90,sr=0.533333,spl=0.309959; region:n=99,sr=0.444444,spl=0.298121; instance:n=79,sr=0.278481,spl=0.145915] latest_scene=00808-y9hTuugGdiq latest_episode=7 latest_task=0 latest_level=instance by_level={"instance": {"avg_spl": 0.14591457383498985, "avg_sr": 0.27848101265822783, "count": 79}, "object": {"avg_spl": 0.3723590890315546, "avg_sr": 0.5441176470588235, "count": 68}, "region": {"avg_spl": 0.298120784232816, "avg_sr": 0.4444444444444444, "count": 99}, "room": {"avg_spl": 0.30995878764547063, "avg_sr": 0.5333333333333333, "count": 90}}
Elapsed 2 days, 20:11:35 

Begin to process [00808-y9hTuugGdiq_sequence_7_1] type: [room], Question: [dresser in the bedroom]

Elapsed 2 days, 20:11:35 Current start position is [    -0.2855    0.011391      4.9678]
Elapsed 2 days, 20:17:50 ===Episode_id 7 task_id 1 task_level=room===
SR: True, SPL: 0.7230334614845603, Object category: dresser, goal type: sequence===

Elapsed 2 days, 20:17:50 [baseline] task_level=room scene=00808-y9hTuugGdiq episode=7 task=1 sec=375.757
Elapsed 2 days, 20:17:50 [BASELINE_LIVE_METRICS] rows=337 avg_sr=0.451039 avg_spl=0.281843 follower_error_count=10 levels=[object:n=68,sr=0.544118,spl=0.372359; room:n=91,sr=0.538462,spl=0.314498; region:n=99,sr=0.444444,spl=0.298121; instance:n=79,sr=0.278481,spl=0.145915] latest_scene=00808-y9hTuugGdiq latest_episode=7 latest_task=1 latest_level=room by_level={"instance": {"avg_spl": 0.14591457383498985, "avg_sr": 0.27848101265822783, "count": 79}, "object": {"avg_spl": 0.3723590890315546, "avg_sr": 0.5441176470588235, "count": 68}, "region": {"avg_spl": 0.298120784232816, "avg_sr": 0.4444444444444444, "count": 99}, "room": {"avg_spl": 0.31449806977557054, "avg_sr": 0.5384615384615384, "count": 91}}
Elapsed 2 days, 20:17:50 

Begin to process [00808-y9hTuugGdiq_sequence_7_2] type: [object], Question: [bed]

Elapsed 2 days, 20:17:50 Current start position is [    -5.9908    0.011391      1.9276]
Elapsed 2 days, 20:18:51 ===Episode_id 7 task_id 2 task_level=object===
SR: True, SPL: 0.3113185860778214, Object category: bed, goal type: sequence===

Elapsed 2 days, 20:18:51 [baseline] task_level=object scene=00808-y9hTuugGdiq episode=7 task=2 sec=60.968
Elapsed 2 days, 20:18:51 [BASELINE_LIVE_METRICS] rows=338 avg_sr=0.452663 avg_spl=0.281930 follower_error_count=10 levels=[object:n=69,sr=0.550725,spl=0.371474; room:n=91,sr=0.538462,spl=0.314498; region:n=99,sr=0.444444,spl=0.298121; instance:n=79,sr=0.278481,spl=0.145915] latest_scene=00808-y9hTuugGdiq latest_episode=7 latest_task=2 latest_level=object by_level={"instance": {"avg_spl": 0.14591457383498985, "avg_sr": 0.27848101265822783, "count": 79}, "object": {"avg_spl": 0.37147444406121066, "avg_sr": 0.5507246376811594, "count": 69}, "region": {"avg_spl": 0.298120784232816, "avg_sr": 0.4444444444444444, "count": 99}, "room": {"avg_spl": 0.31449806977557054, "avg_sr": 0.5384615384615384, "count": 91}}
Elapsed 2 days, 20:18:51 

Begin to process [00808-y9hTuugGdiq_sequence_7_3] type: [region], Question: [cabinet in the tie: dining room & living room that has gray couch and white rectangular coffee table near teal wall, decorative fireplace below wall-mounted TV, long wood dining table with dark chairs, wine glass rack with hanging glasses]

Elapsed 2 days, 20:18:51 Current start position is [    -11.004    0.011391     -0.4067]
Elapsed 2 days, 20:25:06 ===Episode_id 7 task_id 3 task_level=region===
SR: False, SPL: 0.0, Object category: cabinet, goal type: sequence===

Elapsed 2 days, 20:25:06 [baseline] task_level=region scene=00808-y9hTuugGdiq episode=7 task=3 sec=374.972
Elapsed 2 days, 20:25:06 [BASELINE_LIVE_METRICS] rows=339 avg_sr=0.451327 avg_spl=0.281098 follower_error_count=10 levels=[object:n=69,sr=0.550725,spl=0.371474; room:n=91,sr=0.538462,spl=0.314498; region:n=100,sr=0.440000,spl=0.295140; instance:n=79,sr=0.278481,spl=0.145915] latest_scene=00808-y9hTuugGdiq latest_episode=7 latest_task=3 latest_level=region by_level={"instance": {"avg_spl": 0.14591457383498985, "avg_sr": 0.27848101265822783, "count": 79}, "object": {"avg_spl": 0.37147444406121066, "avg_sr": 0.5507246376811594, "count": 69}, "region": {"avg_spl": 0.2951395763904878, "avg_sr": 0.44, "count": 100}, "room": {"avg_spl": 0.31449806977557054, "avg_sr": 0.5384615384615384, "count": 91}}
Elapsed 2 days, 20:25:06 

Begin to process [00808-y9hTuugGdiq_sequence_7_4] type: [object], Question: [shower stall]

Elapsed 2 days, 20:25:06 Current start position is [    -3.5178    0.011391      4.7092]
Elapsed 2 days, 20:26:04 ===Episode_id 7 task_id 4 task_level=object===
SR: False, SPL: 0.0, Object category: shower stall, goal type: sequence===

Elapsed 2 days, 20:26:04 [baseline] task_level=object scene=00808-y9hTuugGdiq episode=7 task=4 sec=58.105
Elapsed 2 days, 20:26:04 [BASELINE_LIVE_METRICS] rows=340 avg_sr=0.450000 avg_spl=0.280271 follower_error_count=10 levels=[object:n=70,sr=0.542857,spl=0.366168; room:n=91,sr=0.538462,spl=0.314498; region:n=100,sr=0.440000,spl=0.295140; instance:n=79,sr=0.278481,spl=0.145915] latest_scene=00808-y9hTuugGdiq latest_episode=7 latest_task=4 latest_level=object by_level={"instance": {"avg_spl": 0.14591457383498985, "avg_sr": 0.27848101265822783, "count": 79}, "object": {"avg_spl": 0.3661676662889077, "avg_sr": 0.5428571428571428, "count": 70}, "region": {"avg_spl": 0.2951395763904878, "avg_sr": 0.44, "count": 100}, "room": {"avg_spl": 0.31449806977557054, "avg_sr": 0.5384615384615384, "count": 91}}
Elapsed 2 days, 20:26:05 [Metrics] sequence count: 340, invalid_count: 0, follower_error_count: 10, avg_sr: 0.450000, avg_spl: 0.280271

=== Episode ===: 8it [6:08:54, 2831.64s/it][AElapsed 2 days, 20:26:14 

Begin to process [00808-y9hTuugGdiq_sequence_8_0] type: [instance], Question: [right stainless steel refrigerator door in the kitchen that has dark wood cabinets with marble countertop, oven, stove, toaster, and coffee maker]

Elapsed 2 days, 20:26:14 Current start position is [    -9.4776     0.01139     0.38165]
Elapsed 2 days, 20:53:40 ===Episode_id 8 task_id 0 task_level=instance===
SR: False, SPL: 0.0, Object category: refrigerator, goal type: sequence===

Elapsed 2 days, 20:53:40 [baseline] task_level=instance scene=00808-y9hTuugGdiq episode=8 task=0 sec=1645.781
Elapsed 2 days, 20:53:40 [BASELINE_LIVE_METRICS] rows=341 avg_sr=0.448680 avg_spl=0.279449 follower_error_count=10 levels=[object:n=70,sr=0.542857,spl=0.366168; room:n=91,sr=0.538462,spl=0.314498; region:n=100,sr=0.440000,spl=0.295140; instance:n=80,sr=0.275000,spl=0.144091] latest_scene=00808-y9hTuugGdiq latest_episode=8 latest_task=0 latest_level=instance by_level={"instance": {"avg_spl": 0.1440906416620525, "avg_sr": 0.275, "count": 80}, "object": {"avg_spl": 0.3661676662889077, "avg_sr": 0.5428571428571428, "count": 70}, "region": {"avg_spl": 0.2951395763904878, "avg_sr": 0.44, "count": 100}, "room": {"avg_spl": 0.31449806977557054, "avg_sr": 0.5384615384615384, "count": 91}}
Elapsed 2 days, 20:53:40 

Begin to process [00808-y9hTuugGdiq_sequence_8_1] type: [object], Question: [dresser]

Elapsed 2 days, 20:53:40 Current start position is [    -1.1677    0.011391      3.7737]
Elapsed 2 days, 20:54:30 ===Episode_id 8 task_id 1 task_level=object===
SR: True, SPL: 0.7033176035172837, Object category: dresser, goal type: sequence===

Elapsed 2 days, 20:54:30 [baseline] task_level=object scene=00808-y9hTuugGdiq episode=8 task=1 sec=50.342
Elapsed 2 days, 20:54:30 [BASELINE_LIVE_METRICS] rows=342 avg_sr=0.450292 avg_spl=0.280689 follower_error_count=10 levels=[object:n=71,sr=0.549296,spl=0.370916; room:n=91,sr=0.538462,spl=0.314498; region:n=100,sr=0.440000,spl=0.295140; instance:n=80,sr=0.275000,spl=0.144091] latest_scene=00808-y9hTuugGdiq latest_episode=8 latest_task=1 latest_level=object by_level={"instance": {"avg_spl": 0.1440906416620525, "avg_sr": 0.275, "count": 80}, "object": {"avg_spl": 0.3709162569540961, "avg_sr": 0.5492957746478874, "count": 71}, "region": {"avg_spl": 0.2951395763904878, "avg_sr": 0.44, "count": 100}, "room": {"avg_spl": 0.31449806977557054, "avg_sr": 0.5384615384615384, "count": 91}}
Elapsed 2 days, 20:54:30 

Begin to process [00808-y9hTuugGdiq_sequence_8_2] type: [region], Question: [bin in the kitchen that has dark wood kitchen cabinets with light marble countertop and black stove, two-slot toaster, microwave above hanging knives, coffee maker, stainless refrigerator, and built-in black oven by stainless trash can]

Elapsed 2 days, 20:54:30 Current start position is [    -5.7738    0.011391      1.9029]
Elapsed 2 days, 20:57:37 ===Episode_id 8 task_id 2 task_level=region===
SR: True, SPL: 0.2961164939626823, Object category: bin, goal type: sequence===

Elapsed 2 days, 20:57:37 [baseline] task_level=region scene=00808-y9hTuugGdiq episode=8 task=2 sec=186.753
Elapsed 2 days, 20:57:37 [BASELINE_LIVE_METRICS] rows=343 avg_sr=0.451895 avg_spl=0.280734 follower_error_count=10 levels=[object:n=71,sr=0.549296,spl=0.370916; room:n=91,sr=0.538462,spl=0.314498; region:n=101,sr=0.445545,spl=0.295149; instance:n=80,sr=0.275000,spl=0.144091] latest_scene=00808-y9hTuugGdiq latest_episode=8 latest_task=2 latest_level=region by_level={"instance": {"avg_spl": 0.1440906416620525, "avg_sr": 0.275, "count": 80}, "object": {"avg_spl": 0.3709162569540961, "avg_sr": 0.5492957746478874, "count": 71}, "region": {"avg_spl": 0.2951492488416977, "avg_sr": 0.44554455445544555, "count": 101}, "room": {"avg_spl": 0.31449806977557054, "avg_sr": 0.5384615384615384, "count": 91}}
Elapsed 2 days, 20:57:37 

Begin to process [00808-y9hTuugGdiq_sequence_8_3] type: [room], Question: [cabinet in the dining room]

Elapsed 2 days, 20:57:37 Current start position is [    -1.0113    0.014337      2.8708]
Elapsed 2 days, 20:58:34 ===Episode_id 8 task_id 3 task_level=room===
SR: False, SPL: 0.0, Object category: cabinet, goal type: sequence===

Elapsed 2 days, 20:58:34 [baseline] task_level=room scene=00808-y9hTuugGdiq episode=8 task=3 sec=57.482
Elapsed 2 days, 20:58:34 [BASELINE_LIVE_METRICS] rows=344 avg_sr=0.450581 avg_spl=0.279918 follower_error_count=10 levels=[object:n=71,sr=0.549296,spl=0.370916; room:n=92,sr=0.532609,spl=0.311080; region:n=101,sr=0.445545,spl=0.295149; instance:n=80,sr=0.275000,spl=0.144091] latest_scene=00808-y9hTuugGdiq latest_episode=8 latest_task=3 latest_level=room by_level={"instance": {"avg_spl": 0.1440906416620525, "avg_sr": 0.275, "count": 80}, "object": {"avg_spl": 0.3709162569540961, "avg_sr": 0.5492957746478874, "count": 71}, "region": {"avg_spl": 0.2951492488416977, "avg_sr": 0.44554455445544555, "count": 101}, "room": {"avg_spl": 0.31107961249540134, "avg_sr": 0.532608695652174, "count": 92}}
Elapsed 2 days, 20:58:34 

Begin to process [00808-y9hTuugGdiq_sequence_8_4] type: [region], Question: [bathroom counter in the bathroom that has glass-enclosed white bathtub with beige tiled surround, cream bath vanity with beige countertop holding white towels, stainless trash can, toilet with white water tank]

Elapsed 2 days, 20:58:34 Current start position is [    -3.4792    0.011391      4.7145]
Elapsed 2 days, 21:03:28 ===Episode_id 8 task_id 4 task_level=region===
SR: False, SPL: 0.0, Object category: bathroom counter, goal type: sequence===

Elapsed 2 days, 21:03:28 [baseline] task_level=region scene=00808-y9hTuugGdiq episode=8 task=4 sec=294.005
Elapsed 2 days, 21:03:28 [BASELINE_LIVE_METRICS] rows=345 avg_sr=0.449275 avg_spl=0.279106 follower_error_count=10 levels=[object:n=71,sr=0.549296,spl=0.370916; room:n=92,sr=0.532609,spl=0.311080; region:n=102,sr=0.441176,spl=0.292256; instance:n=80,sr=0.275000,spl=0.144091] latest_scene=00808-y9hTuugGdiq latest_episode=8 latest_task=4 latest_level=region by_level={"instance": {"avg_spl": 0.1440906416620525, "avg_sr": 0.275, "count": 80}, "object": {"avg_spl": 0.3709162569540961, "avg_sr": 0.5492957746478874, "count": 71}, "region": {"avg_spl": 0.2922556287550144, "avg_sr": 0.4411764705882353, "count": 102}, "room": {"avg_spl": 0.31107961249540134, "avg_sr": 0.532608695652174, "count": 92}}
Elapsed 2 days, 21:03:28 [Metrics] sequence count: 345, invalid_count: 0, follower_error_count: 10, avg_sr: 0.449275, avg_spl: 0.279106

=== Episode ===: 9it [6:46:18, 2647.87s/it][AElapsed 2 days, 21:03:38 

Begin to process [00808-y9hTuugGdiq_sequence_9_0] type: [instance], Question: [stainless rectangular pedal bin under oven in dark kitchen cabinet in kitchen with refrigerator and microwave above hanging knives]

Elapsed 2 days, 21:03:38 Current start position is [     7.0594     0.01139    -0.68695]
Elapsed 2 days, 21:26:31 ===Episode_id 9 task_id 0 task_level=instance===
SR: True, SPL: 0.6500767024327808, Object category: bin, goal type: sequence===

Elapsed 2 days, 21:26:31 [baseline] task_level=instance scene=00808-y9hTuugGdiq episode=9 task=0 sec=1373.705
Elapsed 2 days, 21:26:31 [BASELINE_LIVE_METRICS] rows=346 avg_sr=0.450867 avg_spl=0.280179 follower_error_count=10 levels=[object:n=71,sr=0.549296,spl=0.370916; room:n=92,sr=0.532609,spl=0.311080; region:n=102,sr=0.441176,spl=0.292256; instance:n=81,sr=0.283951,spl=0.150337] latest_scene=00808-y9hTuugGdiq latest_episode=9 latest_task=0 latest_level=instance by_level={"instance": {"avg_spl": 0.15033738315304912, "avg_sr": 0.2839506172839506, "count": 81}, "object": {"avg_spl": 0.3709162569540961, "avg_sr": 0.5492957746478874, "count": 71}, "region": {"avg_spl": 0.2922556287550144, "avg_sr": 0.4411764705882353, "count": 102}, "room": {"avg_spl": 0.31107961249540134, "avg_sr": 0.532608695652174, "count": 92}}
Elapsed 2 days, 21:26:31 

Begin to process [00808-y9hTuugGdiq_sequence_9_1] type: [room], Question: [picture in the living room]

Elapsed 2 days, 21:26:31 Current start position is [     -1.011    0.011391      3.8316]
Elapsed 2 days, 21:27:50 ===Episode_id 9 task_id 1 task_level=room===
SR: True, SPL: 0.4766427203033869, Object category: picture, goal type: sequence===

Elapsed 2 days, 21:27:50 [baseline] task_level=room scene=00808-y9hTuugGdiq episode=9 task=1 sec=78.312
Elapsed 2 days, 21:27:50 [BASELINE_LIVE_METRICS] rows=347 avg_sr=0.452450 avg_spl=0.280745 follower_error_count=10 levels=[object:n=71,sr=0.549296,spl=0.370916; room:n=93,sr=0.537634,spl=0.312860; region:n=102,sr=0.441176,spl=0.292256; instance:n=81,sr=0.283951,spl=0.150337] latest_scene=00808-y9hTuugGdiq latest_episode=9 latest_task=1 latest_level=room by_level={"instance": {"avg_spl": 0.15033738315304912, "avg_sr": 0.2839506172839506, "count": 81}, "object": {"avg_spl": 0.3709162569540961, "avg_sr": 0.5492957746478874, "count": 71}, "region": {"avg_spl": 0.2922556287550144, "avg_sr": 0.4411764705882353, "count": 102}, "room": {"avg_spl": 0.31285986096645496, "avg_sr": 0.5376344086021505, "count": 93}}
Elapsed 2 days, 21:27:50 

Begin to process [00808-y9hTuugGdiq_sequence_9_2] type: [room], Question: [towel in the bathroom]

Elapsed 2 days, 21:27:50 Current start position is [     6.7069    0.011391     -1.0019]
Elapsed 2 days, 21:40:27 ===Episode_id 9 task_id 2 task_level=room===
SR: False, SPL: 0.0, Object category: towel, goal type: sequence===

Elapsed 2 days, 21:40:27 [baseline] task_level=room scene=00808-y9hTuugGdiq episode=9 task=2 sec=757.425
Elapsed 2 days, 21:40:27 [BASELINE_LIVE_METRICS] rows=348 avg_sr=0.451149 avg_spl=0.279938 follower_error_count=10 levels=[object:n=71,sr=0.549296,spl=0.370916; room:n=94,sr=0.531915,spl=0.309532; region:n=102,sr=0.441176,spl=0.292256; instance:n=81,sr=0.283951,spl=0.150337] latest_scene=00808-y9hTuugGdiq latest_episode=9 latest_task=2 latest_level=room by_level={"instance": {"avg_spl": 0.15033738315304912, "avg_sr": 0.2839506172839506, "count": 81}, "object": {"avg_spl": 0.3709162569540961, "avg_sr": 0.5492957746478874, "count": 71}, "region": {"avg_spl": 0.2922556287550144, "avg_sr": 0.4411764705882353, "count": 102}, "room": {"avg_spl": 0.3095315645731948, "avg_sr": 0.5319148936170213, "count": 94}}
Elapsed 2 days, 21:40:27 

Begin to process [00808-y9hTuugGdiq_sequence_9_3] type: [room], Question: [side table in the dining room]

Elapsed 2 days, 21:40:27 Current start position is [     -5.558    0.011391      4.7603]
Elapsed 2 days, 21:43:53 ===Episode_id 9 task_id 3 task_level=room===
SR: False, SPL: 0.0, Object category: side table, goal type: sequence===

Elapsed 2 days, 21:43:53 [baseline] task_level=room scene=00808-y9hTuugGdiq episode=9 task=3 sec=205.799
Elapsed 2 days, 21:43:53 [BASELINE_LIVE_METRICS] rows=349 avg_sr=0.449857 avg_spl=0.279136 follower_error_count=10 levels=[object:n=71,sr=0.549296,spl=0.370916; room:n=95,sr=0.526316,spl=0.306273; region:n=102,sr=0.441176,spl=0.292256; instance:n=81,sr=0.283951,spl=0.150337] latest_scene=00808-y9hTuugGdiq latest_episode=9 latest_task=3 latest_level=room by_level={"instance": {"avg_spl": 0.15033738315304912, "avg_sr": 0.2839506172839506, "count": 81}, "object": {"avg_spl": 0.3709162569540961, "avg_sr": 0.5492957746478874, "count": 71}, "region": {"avg_spl": 0.2922556287550144, "avg_sr": 0.4411764705882353, "count": 102}, "room": {"avg_spl": 0.3062733375776875, "avg_sr": 0.5263157894736842, "count": 95}}
Elapsed 2 days, 21:43:53 

Begin to process [00808-y9hTuugGdiq_sequence_9_4] type: [region], Question: [shower cabin in the bathroom that has cream bath vanity with dark granite countertop holding white towels, stainless trash can, walk-in shower, toilet with beige tank]

Elapsed 2 days, 21:43:53 Current start position is [    -11.821    0.013964      2.3228]
Elapsed 2 days, 21:46:59 ===Episode_id 9 task_id 4 task_level=region===
SR: False, SPL: 0.0, Object category: shower cabin, goal type: sequence===

Elapsed 2 days, 21:46:59 [baseline] task_level=region scene=00808-y9hTuugGdiq episode=9 task=4 sec=185.936
Elapsed 2 days, 21:46:59 [BASELINE_LIVE_METRICS] rows=350 avg_sr=0.448571 avg_spl=0.278338 follower_error_count=10 levels=[object:n=71,sr=0.549296,spl=0.370916; room:n=95,sr=0.526316,spl=0.306273; region:n=103,sr=0.436893,spl=0.289418; instance:n=81,sr=0.283951,spl=0.150337] latest_scene=00808-y9hTuugGdiq latest_episode=9 latest_task=4 latest_level=region by_level={"instance": {"avg_spl": 0.15033738315304912, "avg_sr": 0.2839506172839506, "count": 81}, "object": {"avg_spl": 0.3709162569540961, "avg_sr": 0.5492957746478874, "count": 71}, "region": {"avg_spl": 0.28941819546613073, "avg_sr": 0.4368932038834951, "count": 103}, "room": {"avg_spl": 0.3062733375776875, "avg_sr": 0.5263157894736842, "count": 95}}
Elapsed 2 days, 21:46:59 [Metrics] sequence count: 350, invalid_count: 0, follower_error_count: 10, avg_sr: 0.448571, avg_spl: 0.278338

=== Episode ===: 10it [7:29:48, 2636.34s/it][AElapsed 2 days, 21:47:09 

Begin to process [00808-y9hTuugGdiq_sequence_10_0] type: [instance], Question: [dark wood kitchen cabinet under stove and light marble countertop in kitchen with oven, toaster, coffee maker, stainless refrigerator]

Elapsed 2 days, 21:47:09 Current start position is [    -5.3546     0.01139     0.33473]
Elapsed 2 days, 22:14:24 ===Episode_id 10 task_id 0 task_level=instance===
SR: True, SPL: 0.5845051974373066, Object category: kitchen cabinet, goal type: sequence===

Elapsed 2 days, 22:14:24 [baseline] task_level=instance scene=00808-y9hTuugGdiq episode=10 task=0 sec=1634.275
Elapsed 2 days, 22:14:24 [BASELINE_LIVE_METRICS] rows=351 avg_sr=0.450142 avg_spl=0.279211 follower_error_count=10 levels=[object:n=71,sr=0.549296,spl=0.370916; room:n=95,sr=0.526316,spl=0.306273; region:n=103,sr=0.436893,spl=0.289418; instance:n=82,sr=0.292683,spl=0.155632] latest_scene=00808-y9hTuugGdiq latest_episode=10 latest_task=0 latest_level=instance by_level={"instance": {"avg_spl": 0.15563211259554005, "avg_sr": 0.2926829268292683, "count": 82}, "object": {"avg_spl": 0.3709162569540961, "avg_sr": 0.5492957746478874, "count": 71}, "region": {"avg_spl": 0.28941819546613073, "avg_sr": 0.4368932038834951, "count": 103}, "room": {"avg_spl": 0.3062733375776875, "avg_sr": 0.5263157894736842, "count": 95}}
Elapsed 2 days, 22:14:24 

Begin to process [00808-y9hTuugGdiq_sequence_10_1] type: [object], Question: [nightstand]

Elapsed 2 days, 22:14:24 Current start position is [     -0.356    0.011391      4.9071]
Elapsed 2 days, 22:16:08 ===Episode_id 10 task_id 1 task_level=object===
SR: True, SPL: 0.8874898374493358, Object category: nightstand, goal type: sequence===

Elapsed 2 days, 22:16:08 [baseline] task_level=object scene=00808-y9hTuugGdiq episode=10 task=1 sec=104.372
Elapsed 2 days, 22:16:08 [BASELINE_LIVE_METRICS] rows=352 avg_sr=0.451705 avg_spl=0.280939 follower_error_count=10 levels=[object:n=72,sr=0.555556,spl=0.378091; room:n=95,sr=0.526316,spl=0.306273; region:n=103,sr=0.436893,spl=0.289418; instance:n=82,sr=0.292683,spl=0.155632] latest_scene=00808-y9hTuugGdiq latest_episode=10 latest_task=1 latest_level=object by_level={"instance": {"avg_spl": 0.15563211259554005, "avg_sr": 0.2926829268292683, "count": 82}, "object": {"avg_spl": 0.37809089001652996, "avg_sr": 0.5555555555555556, "count": 72}, "region": {"avg_spl": 0.28941819546613073, "avg_sr": 0.4368932038834951, "count": 103}, "room": {"avg_spl": 0.3062733375776875, "avg_sr": 0.5263157894736842, "count": 95}}
Elapsed 2 days, 22:16:08 

Begin to process [00808-y9hTuugGdiq_sequence_10_2] type: [object], Question: [coffee table]

Elapsed 2 days, 22:16:08 Current start position is [     -7.299    0.011391      1.6518]
Elapsed 2 days, 22:17:34 ===Episode_id 10 task_id 2 task_level=object===
SR: True, SPL: 0.883860397969028, Object category: coffee table, goal type: sequence===

Elapsed 2 days, 22:17:34 [baseline] task_level=object scene=00808-y9hTuugGdiq episode=10 task=2 sec=86.280
Elapsed 2 days, 22:17:34 [BASELINE_LIVE_METRICS] rows=353 avg_sr=0.453258 avg_spl=0.282647 follower_error_count=10 levels=[object:n=73,sr=0.561644,spl=0.385019; room:n=95,sr=0.526316,spl=0.306273; region:n=103,sr=0.436893,spl=0.289418; instance:n=82,sr=0.292683,spl=0.155632] latest_scene=00808-y9hTuugGdiq latest_episode=10 latest_task=2 latest_level=object by_level={"instance": {"avg_spl": 0.15563211259554005, "avg_sr": 0.2926829268292683, "count": 82}, "object": {"avg_spl": 0.3850192394405368, "avg_sr": 0.5616438356164384, "count": 73}, "region": {"avg_spl": 0.28941819546613073, "avg_sr": 0.4368932038834951, "count": 103}, "room": {"avg_spl": 0.3062733375776875, "avg_sr": 0.5263157894736842, "count": 95}}
Elapsed 2 days, 22:17:34 

Begin to process [00808-y9hTuugGdiq_sequence_10_3] type: [object], Question: [picture]

Elapsed 2 days, 22:17:34 Current start position is [     5.1487    0.060176      1.1887]
Elapsed 2 days, 22:18:34 ===Episode_id 10 task_id 3 task_level=object===
SR: False, SPL: 0.0, Object category: picture, goal type: sequence===

Elapsed 2 days, 22:18:34 [baseline] task_level=object scene=00808-y9hTuugGdiq episode=10 task=3 sec=59.394
Elapsed 2 days, 22:18:34 [BASELINE_LIVE_METRICS] rows=354 avg_sr=0.451977 avg_spl=0.281848 follower_error_count=10 levels=[object:n=74,sr=0.554054,spl=0.379816; room:n=95,sr=0.526316,spl=0.306273; region:n=103,sr=0.436893,spl=0.289418; instance:n=82,sr=0.292683,spl=0.155632] latest_scene=00808-y9hTuugGdiq latest_episode=10 latest_task=3 latest_level=object by_level={"instance": {"avg_spl": 0.15563211259554005, "avg_sr": 0.2926829268292683, "count": 82}, "object": {"avg_spl": 0.37981627674539437, "avg_sr": 0.5540540540540541, "count": 74}, "region": {"avg_spl": 0.28941819546613073, "avg_sr": 0.4368932038834951, "count": 103}, "room": {"avg_spl": 0.3062733375776875, "avg_sr": 0.5263157894736842, "count": 95}}
Elapsed 2 days, 22:18:34 

Begin to process [00808-y9hTuugGdiq_sequence_10_4] type: [region], Question: [bath sink in the bathroom that has glass-enclosed white bathtub with beige tiled surround, cream bath vanity with beige countertop holding white towels, stainless trash can, toilet with white water tank]

Elapsed 2 days, 22:18:34 Current start position is [     1.4977    0.011391      2.6723]
Elapsed 2 days, 22:37:06 ===Episode_id 10 task_id 4 task_level=region===
SR: True, SPL: 0.9204010253615285, Object category: bath sink, goal type: sequence===

Elapsed 2 days, 22:37:06 [baseline] task_level=region scene=00808-y9hTuugGdiq episode=10 task=4 sec=1111.837
Elapsed 2 days, 22:37:06 [BASELINE_LIVE_METRICS] rows=355 avg_sr=0.453521 avg_spl=0.283647 follower_error_count=10 levels=[object:n=74,sr=0.554054,spl=0.379816; room:n=95,sr=0.526316,spl=0.306273; region:n=104,sr=0.442308,spl=0.295485; instance:n=82,sr=0.292683,spl=0.155632] latest_scene=00808-y9hTuugGdiq latest_episode=10 latest_task=4 latest_level=region by_level={"instance": {"avg_spl": 0.15563211259554005, "avg_sr": 0.2926829268292683, "count": 82}, "object": {"avg_spl": 0.37981627674539437, "avg_sr": 0.5540540540540541, "count": 74}, "region": {"avg_spl": 0.2954853380612788, "avg_sr": 0.4423076923076923, "count": 104}, "room": {"avg_spl": 0.3062733375776875, "avg_sr": 0.5263157894736842, "count": 95}}
Elapsed 2 days, 22:37:06 [Metrics] sequence count: 355, invalid_count: 0, follower_error_count: 10, avg_sr: 0.453521, avg_spl: 0.283647

=== Episode ===: 11it [8:19:55, 2749.71s/it][AElapsed 2 days, 22:37:16 

Begin to process [00808-y9hTuugGdiq_sequence_11_0] type: [instance], Question: [glass-front oven built into dark wooden cabinets in a kitchen with a refrigerator and a marble countertop]

Elapsed 2 days, 22:37:16 Current start position is [     -9.346     0.01139    -0.72075]
Elapsed 2 days, 23:00:47 ===Episode_id 11 task_id 0 task_level=instance===
SR: False, SPL: 0.0, Object category: oven, goal type: sequence===

Elapsed 2 days, 23:00:47 [baseline] task_level=instance scene=00808-y9hTuugGdiq episode=11 task=0 sec=1410.595
Elapsed 2 days, 23:00:47 [BASELINE_LIVE_METRICS] rows=356 avg_sr=0.452247 avg_spl=0.282850 follower_error_count=10 levels=[object:n=74,sr=0.554054,spl=0.379816; room:n=95,sr=0.526316,spl=0.306273; region:n=104,sr=0.442308,spl=0.295485; instance:n=83,sr=0.289157,spl=0.153757] latest_scene=00808-y9hTuugGdiq latest_episode=11 latest_task=0 latest_level=instance by_level={"instance": {"avg_spl": 0.15375702690161788, "avg_sr": 0.2891566265060241, "count": 83}, "object": {"avg_spl": 0.37981627674539437, "avg_sr": 0.5540540540540541, "count": 74}, "region": {"avg_spl": 0.2954853380612788, "avg_sr": 0.4423076923076923, "count": 104}, "room": {"avg_spl": 0.3062733375776875, "avg_sr": 0.5263157894736842, "count": 95}}
Elapsed 2 days, 23:00:47 

Begin to process [00808-y9hTuugGdiq_sequence_11_1] type: [room], Question: [fireplace in the dining room]

Elapsed 2 days, 23:00:47 Current start position is [      0.533    0.011391      4.9573]
Elapsed 2 days, 23:01:36 ===Episode_id 11 task_id 1 task_level=room===
SR: True, SPL: 0.8751251958308456, Object category: fireplace, goal type: sequence===

Elapsed 2 days, 23:01:36 [baseline] task_level=room scene=00808-y9hTuugGdiq episode=11 task=1 sec=48.850
Elapsed 2 days, 23:01:36 [BASELINE_LIVE_METRICS] rows=357 avg_sr=0.453782 avg_spl=0.284509 follower_error_count=10 levels=[object:n=74,sr=0.554054,spl=0.379816; room:n=96,sr=0.531250,spl=0.312199; region:n=104,sr=0.442308,spl=0.295485; instance:n=83,sr=0.289157,spl=0.153757] latest_scene=00808-y9hTuugGdiq latest_episode=11 latest_task=1 latest_level=room by_level={"instance": {"avg_spl": 0.15375702690161788, "avg_sr": 0.2891566265060241, "count": 83}, "object": {"avg_spl": 0.37981627674539437, "avg_sr": 0.5540540540540541, "count": 74}, "region": {"avg_spl": 0.2954853380612788, "avg_sr": 0.4423076923076923, "count": 104}, "room": {"avg_spl": 0.31219887776782457, "avg_sr": 0.53125, "count": 96}}
Elapsed 2 days, 23:01:36 

Begin to process [00808-y9hTuugGdiq_sequence_11_2] type: [room], Question: [bed in the bedroom]

Elapsed 2 days, 23:01:36 Current start position is [     4.4402    0.018337      4.7837]
Elapsed 2 days, 23:02:27 ===Episode_id 11 task_id 2 task_level=room===
SR: True, SPL: 0.358725503312846, Object category: bed, goal type: sequence===

Elapsed 2 days, 23:02:27 [baseline] task_level=room scene=00808-y9hTuugGdiq episode=11 task=2 sec=51.247
Elapsed 2 days, 23:02:27 [BASELINE_LIVE_METRICS] rows=358 avg_sr=0.455307 avg_spl=0.284717 follower_error_count=10 levels=[object:n=74,sr=0.554054,spl=0.379816; room:n=97,sr=0.536082,spl=0.312679; region:n=104,sr=0.442308,spl=0.295485; instance:n=83,sr=0.289157,spl=0.153757] latest_scene=00808-y9hTuugGdiq latest_episode=11 latest_task=2 latest_level=room by_level={"instance": {"avg_spl": 0.15375702690161788, "avg_sr": 0.2891566265060241, "count": 83}, "object": {"avg_spl": 0.37981627674539437, "avg_sr": 0.5540540540540541, "count": 74}, "region": {"avg_spl": 0.2954853380612788, "avg_sr": 0.4423076923076923, "count": 104}, "room": {"avg_spl": 0.3126785337012784, "avg_sr": 0.5360824742268041, "count": 97}}
Elapsed 2 days, 23:02:27 

Begin to process [00808-y9hTuugGdiq_sequence_11_3] type: [room], Question: [bathroom counter in the bathroom]

Elapsed 2 days, 23:02:27 Current start position is [     -11.31    0.012973       2.297]
Elapsed 2 days, 23:03:27 ===Episode_id 11 task_id 3 task_level=room===
SR: True, SPL: 0.37234326752215374, Object category: bathroom counter, goal type: sequence===

Elapsed 2 days, 23:03:27 [baseline] task_level=room scene=00808-y9hTuugGdiq episode=11 task=3 sec=59.962
Elapsed 2 days, 23:03:27 [BASELINE_LIVE_METRICS] rows=359 avg_sr=0.456825 avg_spl=0.284961 follower_error_count=10 levels=[object:n=74,sr=0.554054,spl=0.379816; room:n=98,sr=0.540816,spl=0.313287; region:n=104,sr=0.442308,spl=0.295485; instance:n=83,sr=0.289157,spl=0.153757] latest_scene=00808-y9hTuugGdiq latest_episode=11 latest_task=3 latest_level=room by_level={"instance": {"avg_spl": 0.15375702690161788, "avg_sr": 0.2891566265060241, "count": 83}, "object": {"avg_spl": 0.37981627674539437, "avg_sr": 0.5540540540540541, "count": 74}, "region": {"avg_spl": 0.2954853380612788, "avg_sr": 0.4423076923076923, "count": 104}, "room": {"avg_spl": 0.31328735751577713, "avg_sr": 0.5408163265306123, "count": 98}}
Elapsed 2 days, 23:03:27 

Begin to process [00808-y9hTuugGdiq_sequence_11_4] type: [object], Question: [laundry basket]

Elapsed 2 days, 23:03:27 Current start position is [    -11.766    0.052814       4.978]
Elapsed 2 days, 23:04:21 ===Episode_id 11 task_id 4 task_level=object===
SR: False, SPL: 0.0, Object category: laundry basket, goal type: sequence===

Elapsed 2 days, 23:04:21 [baseline] task_level=object scene=00808-y9hTuugGdiq episode=11 task=4 sec=54.052
Elapsed 2 days, 23:04:21 [BASELINE_LIVE_METRICS] rows=360 avg_sr=0.455556 avg_spl=0.284169 follower_error_count=10 levels=[object:n=75,sr=0.546667,spl=0.374752; room:n=98,sr=0.540816,spl=0.313287; region:n=104,sr=0.442308,spl=0.295485; instance:n=83,sr=0.289157,spl=0.153757] latest_scene=00808-y9hTuugGdiq latest_episode=11 latest_task=4 latest_level=object by_level={"instance": {"avg_spl": 0.15375702690161788, "avg_sr": 0.2891566265060241, "count": 83}, "object": {"avg_spl": 0.37475205972212244, "avg_sr": 0.5466666666666666, "count": 75}, "region": {"avg_spl": 0.2954853380612788, "avg_sr": 0.4423076923076923, "count": 104}, "room": {"avg_spl": 0.31328735751577713, "avg_sr": 0.5408163265306123, "count": 98}}
Elapsed 2 days, 23:04:21 [Metrics] sequence count: 360, invalid_count: 0, follower_error_count: 10, avg_sr: 0.455556, avg_spl: 0.284169

=== Episode ===: 12it [8:47:10, 2410.75s/it][AElapsed 2 days, 23:04:32 

Begin to process [00808-y9hTuugGdiq_sequence_12_0] type: [instance], Question: [red fire extinguisher with blue tag in laundry room with washer-dryer and vacuum cleaner]

Elapsed 2 days, 23:04:32 Current start position is [     7.0998     0.04768      4.4177]
Elapsed 2 days, 23:26:06 ===Episode_id 12 task_id 0 task_level=instance===
SR: False, SPL: 0.0, Object category: fire extinguisher, goal type: sequence===

Elapsed 2 days, 23:26:06 [baseline] task_level=instance scene=00808-y9hTuugGdiq episode=12 task=0 sec=1294.466
Elapsed 2 days, 23:26:06 [BASELINE_LIVE_METRICS] rows=361 avg_sr=0.454294 avg_spl=0.283382 follower_error_count=10 levels=[object:n=75,sr=0.546667,spl=0.374752; room:n=98,sr=0.540816,spl=0.313287; region:n=104,sr=0.442308,spl=0.295485; instance:n=84,sr=0.285714,spl=0.151927] latest_scene=00808-y9hTuugGdiq latest_episode=12 latest_task=0 latest_level=instance by_level={"instance": {"avg_spl": 0.15192658610517004, "avg_sr": 0.2857142857142857, "count": 84}, "object": {"avg_spl": 0.37475205972212244, "avg_sr": 0.5466666666666666, "count": 75}, "region": {"avg_spl": 0.2954853380612788, "avg_sr": 0.4423076923076923, "count": 104}, "room": {"avg_spl": 0.31328735751577713, "avg_sr": 0.5408163265306123, "count": 98}}
Elapsed 2 days, 23:26:06 

Begin to process [00808-y9hTuugGdiq_sequence_12_1] type: [object], Question: [dining table]

Elapsed 2 days, 23:26:06 Current start position is [     2.2263    0.061391     0.93613]
Elapsed 2 days, 23:26:56 ===Episode_id 12 task_id 1 task_level=object===
SR: True, SPL: 0.4543554021292064, Object category: dining table, goal type: sequence===

Elapsed 2 days, 23:26:56 [baseline] task_level=object scene=00808-y9hTuugGdiq episode=12 task=1 sec=49.990
Elapsed 2 days, 23:26:56 [BASELINE_LIVE_METRICS] rows=362 avg_sr=0.455801 avg_spl=0.283854 follower_error_count=10 levels=[object:n=76,sr=0.552632,spl=0.375799; room:n=98,sr=0.540816,spl=0.313287; region:n=104,sr=0.442308,spl=0.295485; instance:n=84,sr=0.285714,spl=0.151927] latest_scene=00808-y9hTuugGdiq latest_episode=12 latest_task=1 latest_level=object by_level={"instance": {"avg_spl": 0.15192658610517004, "avg_sr": 0.2857142857142857, "count": 84}, "object": {"avg_spl": 0.37579947212221565, "avg_sr": 0.5526315789473685, "count": 76}, "region": {"avg_spl": 0.2954853380612788, "avg_sr": 0.4423076923076923, "count": 104}, "room": {"avg_spl": 0.31328735751577713, "avg_sr": 0.5408163265306123, "count": 98}}
Elapsed 2 days, 23:26:56 

Begin to process [00808-y9hTuugGdiq_sequence_12_2] type: [region], Question: [bin in the laundry room that has washer-dryer with black bin under dark wood cabinets, vacuum cleaner and fire extinguisher beside dark cabinet]

Elapsed 2 days, 23:26:56 Current start position is [     2.8985    0.038136      2.7884]
Elapsed 2 days, 23:47:15 ===Episode_id 12 task_id 2 task_level=region===
SR: False, SPL: 0.0, Object category: bin, goal type: sequence===

Elapsed 2 days, 23:47:15 [baseline] task_level=region scene=00808-y9hTuugGdiq episode=12 task=2 sec=1218.091
Elapsed 2 days, 23:47:15 [BASELINE_LIVE_METRICS] rows=363 avg_sr=0.454545 avg_spl=0.283072 follower_error_count=10 levels=[object:n=76,sr=0.552632,spl=0.375799; room:n=98,sr=0.540816,spl=0.313287; region:n=105,sr=0.438095,spl=0.292671; instance:n=84,sr=0.285714,spl=0.151927] latest_scene=00808-y9hTuugGdiq latest_episode=12 latest_task=2 latest_level=region by_level={"instance": {"avg_spl": 0.15192658610517004, "avg_sr": 0.2857142857142857, "count": 84}, "object": {"avg_spl": 0.37579947212221565, "avg_sr": 0.5526315789473685, "count": 76}, "region": {"avg_spl": 0.2926711919845047, "avg_sr": 0.4380952380952381, "count": 105}, "room": {"avg_spl": 0.31328735751577713, "avg_sr": 0.5408163265306123, "count": 98}}
Elapsed 2 days, 23:47:15 

Begin to process [00808-y9hTuugGdiq_sequence_12_3] type: [object], Question: [fire screen]

Elapsed 2 days, 23:47:15 Current start position is [    -1.1629    0.019075      2.8685]
Elapsed 2 days, 23:48:27 ===Episode_id 12 task_id 3 task_level=object===
SR: True, SPL: 0.8656923877178878, Object category: fire screen, goal type: sequence===

Elapsed 2 days, 23:48:27 [baseline] task_level=object scene=00808-y9hTuugGdiq episode=12 task=3 sec=72.590
Elapsed 2 days, 23:48:27 [BASELINE_LIVE_METRICS] rows=364 avg_sr=0.456044 avg_spl=0.284673 follower_error_count=10 levels=[object:n=77,sr=0.558442,spl=0.382162; room:n=98,sr=0.540816,spl=0.313287; region:n=105,sr=0.438095,spl=0.292671; instance:n=84,sr=0.285714,spl=0.151927] latest_scene=00808-y9hTuugGdiq latest_episode=12 latest_task=3 latest_level=object by_level={"instance": {"avg_spl": 0.15192658610517004, "avg_sr": 0.2857142857142857, "count": 84}, "object": {"avg_spl": 0.38216171777930236, "avg_sr": 0.5584415584415584, "count": 77}, "region": {"avg_spl": 0.2926711919845047, "avg_sr": 0.4380952380952381, "count": 105}, "room": {"avg_spl": 0.31328735751577713, "avg_sr": 0.5408163265306123, "count": 98}}
Elapsed 2 days, 23:48:27 

Begin to process [00808-y9hTuugGdiq_sequence_12_4] type: [region], Question: [toilet in the bathroom that has cream bath vanity with dark granite countertop holding white towels, stainless trash can, walk-in shower, toilet with beige tank]

Elapsed 2 days, 23:48:27 Current start position is [     5.2444    0.011391      4.6357]
Elapsed 2 days, 23:54:13 ===Episode_id 12 task_id 4 task_level=region===
SR: False, SPL: 0.0, Object category: toilet, goal type: sequence===

Elapsed 2 days, 23:54:13 [baseline] task_level=region scene=00808-y9hTuugGdiq episode=12 task=4 sec=345.412
Elapsed 2 days, 23:54:13 [BASELINE_LIVE_METRICS] rows=365 avg_sr=0.454795 avg_spl=0.283893 follower_error_count=10 levels=[object:n=77,sr=0.558442,spl=0.382162; room:n=98,sr=0.540816,spl=0.313287; region:n=106,sr=0.433962,spl=0.289910; instance:n=84,sr=0.285714,spl=0.151927] latest_scene=00808-y9hTuugGdiq latest_episode=12 latest_task=4 latest_level=region by_level={"instance": {"avg_spl": 0.15192658610517004, "avg_sr": 0.2857142857142857, "count": 84}, "object": {"avg_spl": 0.38216171777930236, "avg_sr": 0.5584415584415584, "count": 77}, "region": {"avg_spl": 0.2899101430035188, "avg_sr": 0.4339622641509434, "count": 106}, "room": {"avg_spl": 0.31328735751577713, "avg_sr": 0.5408163265306123, "count": 98}}
Elapsed 2 days, 23:54:13 [Metrics] sequence count: 365, invalid_count: 0, follower_error_count: 10, avg_sr: 0.454795, avg_spl: 0.283893

=== Episode ===: 13it [9:37:02, 2586.69s/it][AElapsed 2 days, 23:54:23 

Begin to process [00808-y9hTuugGdiq_sequence_13_0] type: [instance], Question: [right-side washer-dryer in laundry room near vacuum cleaner]

Elapsed 2 days, 23:54:23 Current start position is [     8.0316     0.01139       3.726]
Elapsed 3 days, 0:47:18 ===Episode_id 13 task_id 0 task_level=instance===
SR: True, SPL: 0.41124180108971076, Object category: washer-dryer, goal type: sequence===

Elapsed 3 days, 0:47:18 [baseline] task_level=instance scene=00808-y9hTuugGdiq episode=13 task=0 sec=3175.811
Elapsed 3 days, 0:47:18 [BASELINE_LIVE_METRICS] rows=366 avg_sr=0.456284 avg_spl=0.284241 follower_error_count=10 levels=[object:n=77,sr=0.558442,spl=0.382162; room:n=98,sr=0.540816,spl=0.313287; region:n=106,sr=0.433962,spl=0.289910; instance:n=85,sr=0.294118,spl=0.154977] latest_scene=00808-y9hTuugGdiq latest_episode=13 latest_task=0 latest_level=instance by_level={"instance": {"avg_spl": 0.1549773533402823, "avg_sr": 0.29411764705882354, "count": 85}, "object": {"avg_spl": 0.38216171777930236, "avg_sr": 0.5584415584415584, "count": 77}, "region": {"avg_spl": 0.2899101430035188, "avg_sr": 0.4339622641509434, "count": 106}, "room": {"avg_spl": 0.31328735751577713, "avg_sr": 0.5408163265306123, "count": 98}}
Elapsed 3 days, 0:47:18 

Begin to process [00808-y9hTuugGdiq_sequence_13_1] type: [object], Question: [stereo]

Elapsed 3 days, 0:47:18 Current start position is [       -3.5    0.011391      4.6545]
Elapsed 3 days, 0:49:18 ===Episode_id 13 task_id 1 task_level=object===
SR: False, SPL: 0.0, Object category: stereo, goal type: sequence===

Elapsed 3 days, 0:49:18 [baseline] task_level=object scene=00808-y9hTuugGdiq episode=13 task=1 sec=119.763
Elapsed 3 days, 0:49:18 [BASELINE_LIVE_METRICS] rows=367 avg_sr=0.455041 avg_spl=0.283466 follower_error_count=10 levels=[object:n=78,sr=0.551282,spl=0.377262; room:n=98,sr=0.540816,spl=0.313287; region:n=106,sr=0.433962,spl=0.289910; instance:n=85,sr=0.294118,spl=0.154977] latest_scene=00808-y9hTuugGdiq latest_episode=13 latest_task=1 latest_level=object by_level={"instance": {"avg_spl": 0.1549773533402823, "avg_sr": 0.29411764705882354, "count": 85}, "object": {"avg_spl": 0.3772622085770036, "avg_sr": 0.5512820512820513, "count": 78}, "region": {"avg_spl": 0.2899101430035188, "avg_sr": 0.4339622641509434, "count": 106}, "room": {"avg_spl": 0.31328735751577713, "avg_sr": 0.5408163265306123, "count": 98}}
Elapsed 3 days, 0:49:18 

Begin to process [00808-y9hTuugGdiq_sequence_13_2] type: [region], Question: [picture in the bedroom that has bed with white bedding and red pillows, mirrored closet doors, abstract art above dark wood dresser, white curtain next to leafy plant]

Elapsed 3 days, 0:49:18 Current start position is [     4.8165    0.029899      4.7984]
Elapsed 3 days, 0:54:11 ===Episode_id 13 task_id 2 task_level=region===
SR: False, SPL: 0.0, Object category: picture, goal type: sequence===

Elapsed 3 days, 0:54:11 [baseline] task_level=region scene=00808-y9hTuugGdiq episode=13 task=2 sec=292.757
Elapsed 3 days, 0:54:11 [BASELINE_LIVE_METRICS] rows=368 avg_sr=0.453804 avg_spl=0.282696 follower_error_count=10 levels=[object:n=78,sr=0.551282,spl=0.377262; room:n=98,sr=0.540816,spl=0.313287; region:n=107,sr=0.429907,spl=0.287201; instance:n=85,sr=0.294118,spl=0.154977] latest_scene=00808-y9hTuugGdiq latest_episode=13 latest_task=2 latest_level=region by_level={"instance": {"avg_spl": 0.1549773533402823, "avg_sr": 0.29411764705882354, "count": 85}, "object": {"avg_spl": 0.3772622085770036, "avg_sr": 0.5512820512820513, "count": 78}, "region": {"avg_spl": 0.28720070241470086, "avg_sr": 0.42990654205607476, "count": 107}, "room": {"avg_spl": 0.31328735751577713, "avg_sr": 0.5408163265306123, "count": 98}}
Elapsed 3 days, 0:54:11 

Begin to process [00808-y9hTuugGdiq_sequence_13_3] type: [region], Question: [fan in the bedroom that has large bed with dark wood headboard and white quilt, sepia-toned portrait of woman, TV above dark wood dresser, brown curtain beside pedestal fan]

Elapsed 3 days, 0:54:11 Current start position is [    -3.0075    0.011391    -0.43704]
Elapsed 3 days, 0:56:41 ===Episode_id 13 task_id 3 task_level=region===
SR: False, SPL: 0.0, Object category: fan, goal type: sequence===

Elapsed 3 days, 0:56:41 [baseline] task_level=region scene=00808-y9hTuugGdiq episode=13 task=3 sec=149.553
Elapsed 3 days, 0:56:41 [BASELINE_LIVE_METRICS] rows=369 avg_sr=0.452575 avg_spl=0.281930 follower_error_count=10 levels=[object:n=78,sr=0.551282,spl=0.377262; room:n=98,sr=0.540816,spl=0.313287; region:n=108,sr=0.425926,spl=0.284541; instance:n=85,sr=0.294118,spl=0.154977] latest_scene=00808-y9hTuugGdiq latest_episode=13 latest_task=3 latest_level=region by_level={"instance": {"avg_spl": 0.1549773533402823, "avg_sr": 0.29411764705882354, "count": 85}, "object": {"avg_spl": 0.3772622085770036, "avg_sr": 0.5512820512820513, "count": 78}, "region": {"avg_spl": 0.2845414366516018, "avg_sr": 0.42592592592592593, "count": 108}, "room": {"avg_spl": 0.31328735751577713, "avg_sr": 0.5408163265306123, "count": 98}}
Elapsed 3 days, 0:56:41 

Begin to process [00808-y9hTuugGdiq_sequence_13_4] type: [region], Question: [flowerpot in the bedroom that has bed with white bedding and red pillows, mirrored closet doors, abstract art above dark wood dresser, white curtain next to leafy plant]

Elapsed 3 days, 0:56:41 Current start position is [    -6.9345    0.011391    -0.54443]
Elapsed 3 days, 1:06:23 ===Episode_id 13 task_id 4 task_level=region===
SR: True, SPL: 0.11409164701131477, Object category: flowerpot, goal type: sequence===

Elapsed 3 days, 1:06:23 [baseline] task_level=region scene=00808-y9hTuugGdiq episode=13 task=4 sec=582.530
Elapsed 3 days, 1:06:23 [BASELINE_LIVE_METRICS] rows=370 avg_sr=0.454054 avg_spl=0.281476 follower_error_count=10 levels=[object:n=78,sr=0.551282,spl=0.377262; room:n=98,sr=0.540816,spl=0.313287; region:n=109,sr=0.431193,spl=0.282978; instance:n=85,sr=0.294118,spl=0.154977] latest_scene=00808-y9hTuugGdiq latest_episode=13 latest_task=4 latest_level=region by_level={"instance": {"avg_spl": 0.1549773533402823, "avg_sr": 0.29411764705882354, "count": 85}, "object": {"avg_spl": 0.3772622085770036, "avg_sr": 0.5512820512820513, "count": 78}, "region": {"avg_spl": 0.2829776771136175, "avg_sr": 0.43119266055045874, "count": 109}, "room": {"avg_spl": 0.31328735751577713, "avg_sr": 0.5408163265306123, "count": 98}}
Elapsed 3 days, 1:06:23 [Metrics] sequence count: 370, invalid_count: 0, follower_error_count: 10, avg_sr: 0.454054, avg_spl: 0.281476

=== Episode ===: 14it [10:49:12, 3113.44s/it][AElapsed 3 days, 1:06:34 

Begin to process [00808-y9hTuugGdiq_sequence_14_0] type: [instance], Question: [beige tiled shower cabin with metal faucet knob in bathroom with cream bath vanity with dark granite countertop holding white towels and stainless trash can]

Elapsed 3 days, 1:06:34 Current start position is [     2.5924     0.03274      4.9772]
Elapsed 3 days, 1:39:53 ===Episode_id 14 task_id 0 task_level=instance===
SR: True, SPL: 0.5741006145855279, Object category: shower cabin, goal type: sequence===

Elapsed 3 days, 1:39:53 [baseline] task_level=instance scene=00808-y9hTuugGdiq episode=14 task=0 sec=1998.360
Elapsed 3 days, 1:39:53 [BASELINE_LIVE_METRICS] rows=371 avg_sr=0.455526 avg_spl=0.282265 follower_error_count=10 levels=[object:n=78,sr=0.551282,spl=0.377262; room:n=98,sr=0.540816,spl=0.313287; region:n=109,sr=0.431193,spl=0.282978; instance:n=86,sr=0.302326,spl=0.159851] latest_scene=00808-y9hTuugGdiq latest_episode=14 latest_task=0 latest_level=instance by_level={"instance": {"avg_spl": 0.15985087963383166, "avg_sr": 0.3023255813953488, "count": 86}, "object": {"avg_spl": 0.3772622085770036, "avg_sr": 0.5512820512820513, "count": 78}, "region": {"avg_spl": 0.2829776771136175, "avg_sr": 0.43119266055045874, "count": 109}, "room": {"avg_spl": 0.31328735751577713, "avg_sr": 0.5408163265306123, "count": 98}}
Elapsed 3 days, 1:39:53 

Begin to process [00808-y9hTuugGdiq_sequence_14_1] type: [object], Question: [refrigerator cabinet]

Elapsed 3 days, 1:39:53 Current start position is [     -5.479    0.011391      4.5931]
Elapsed 3 days, 1:40:51 ===Episode_id 14 task_id 1 task_level=object===
SR: True, SPL: 0.7807359773604619, Object category: refrigerator cabinet, goal type: sequence===

Elapsed 3 days, 1:40:51 [baseline] task_level=object scene=00808-y9hTuugGdiq episode=14 task=1 sec=58.044
Elapsed 3 days, 1:40:51 [BASELINE_LIVE_METRICS] rows=372 avg_sr=0.456989 avg_spl=0.283605 follower_error_count=10 levels=[object:n=79,sr=0.556962,spl=0.382369; room:n=98,sr=0.540816,spl=0.313287; region:n=109,sr=0.431193,spl=0.282978; instance:n=86,sr=0.302326,spl=0.159851] latest_scene=00808-y9hTuugGdiq latest_episode=14 latest_task=1 latest_level=object by_level={"instance": {"avg_spl": 0.15985087963383166, "avg_sr": 0.3023255813953488, "count": 86}, "object": {"avg_spl": 0.3823694714729967, "avg_sr": 0.5569620253164557, "count": 79}, "region": {"avg_spl": 0.2829776771136175, "avg_sr": 0.43119266055045874, "count": 109}, "room": {"avg_spl": 0.31328735751577713, "avg_sr": 0.5408163265306123, "count": 98}}
Elapsed 3 days, 1:40:51 

Begin to process [00808-y9hTuugGdiq_sequence_14_2] type: [room], Question: [bathtub platform in the bathroom]

Elapsed 3 days, 1:40:51 Current start position is [    0.48126    0.011391      2.7733]
Elapsed 3 days, 1:41:49 ===Episode_id 14 task_id 2 task_level=room===
SR: False, SPL: 0.0, Object category: bathtub platform, goal type: sequence===

Elapsed 3 days, 1:41:49 [baseline] task_level=room scene=00808-y9hTuugGdiq episode=14 task=2 sec=57.730
Elapsed 3 days, 1:41:49 [BASELINE_LIVE_METRICS] rows=373 avg_sr=0.455764 avg_spl=0.282845 follower_error_count=10 levels=[object:n=79,sr=0.556962,spl=0.382369; room:n=99,sr=0.535354,spl=0.310123; region:n=109,sr=0.431193,spl=0.282978; instance:n=86,sr=0.302326,spl=0.159851] latest_scene=00808-y9hTuugGdiq latest_episode=14 latest_task=2 latest_level=room by_level={"instance": {"avg_spl": 0.15985087963383166, "avg_sr": 0.3023255813953488, "count": 86}, "object": {"avg_spl": 0.3823694714729967, "avg_sr": 0.5569620253164557, "count": 79}, "region": {"avg_spl": 0.2829776771136175, "avg_sr": 0.43119266055045874, "count": 109}, "room": {"avg_spl": 0.3101228387529915, "avg_sr": 0.5353535353535354, "count": 99}}
Elapsed 3 days, 1:41:49 

Begin to process [00808-y9hTuugGdiq_sequence_14_3] type: [object], Question: [fire screen]

Elapsed 3 days, 1:41:49 Current start position is [     -5.479    0.011391      4.5931]
Elapsed 3 days, 1:42:46 ===Episode_id 14 task_id 3 task_level=object===
SR: True, SPL: 0.8740942096808866, Object category: fire screen, goal type: sequence===

Elapsed 3 days, 1:42:46 [baseline] task_level=object scene=00808-y9hTuugGdiq episode=14 task=3 sec=57.011
Elapsed 3 days, 1:42:46 [BASELINE_LIVE_METRICS] rows=374 avg_sr=0.457219 avg_spl=0.284426 follower_error_count=10 levels=[object:n=80,sr=0.562500,spl=0.388516; room:n=99,sr=0.535354,spl=0.310123; region:n=109,sr=0.431193,spl=0.282978; instance:n=86,sr=0.302326,spl=0.159851] latest_scene=00808-y9hTuugGdiq latest_episode=14 latest_task=3 latest_level=object by_level={"instance": {"avg_spl": 0.15985087963383166, "avg_sr": 0.3023255813953488, "count": 86}, "object": {"avg_spl": 0.38851603070059537, "avg_sr": 0.5625, "count": 80}, "region": {"avg_spl": 0.2829776771136175, "avg_sr": 0.43119266055045874, "count": 109}, "room": {"avg_spl": 0.3101228387529915, "avg_sr": 0.5353535353535354, "count": 99}}
Elapsed 3 days, 1:42:46 

Begin to process [00808-y9hTuugGdiq_sequence_14_4] type: [object], Question: [side table]

Elapsed 3 days, 1:42:46 Current start position is [     5.7955    0.027675      4.7287]
Elapsed 3 days, 1:43:49 ===Episode_id 14 task_id 4 task_level=object===
SR: False, SPL: 0.0, Object category: side table, goal type: sequence===

Elapsed 3 days, 1:43:49 [baseline] task_level=object scene=00808-y9hTuugGdiq episode=14 task=4 sec=63.291
Elapsed 3 days, 1:43:49 [BASELINE_LIVE_METRICS] rows=375 avg_sr=0.456000 avg_spl=0.283667 follower_error_count=10 levels=[object:n=81,sr=0.555556,spl=0.383720; room:n=99,sr=0.535354,spl=0.310123; region:n=109,sr=0.431193,spl=0.282978; instance:n=86,sr=0.302326,spl=0.159851] latest_scene=00808-y9hTuugGdiq latest_episode=14 latest_task=4 latest_level=object by_level={"instance": {"avg_spl": 0.15985087963383166, "avg_sr": 0.3023255813953488, "count": 86}, "object": {"avg_spl": 0.38371953649441515, "avg_sr": 0.5555555555555556, "count": 81}, "region": {"avg_spl": 0.2829776771136175, "avg_sr": 0.43119266055045874, "count": 109}, "room": {"avg_spl": 0.3101228387529915, "avg_sr": 0.5353535353535354, "count": 99}}
Elapsed 3 days, 1:43:49 [Metrics] sequence count: 375, invalid_count: 0, follower_error_count: 10, avg_sr: 0.456000, avg_spl: 0.283667

=== Episode ===: 15it [11:26:38, 2851.90s/it][AElapsed 3 days, 1:43:59 

Begin to process [00808-y9hTuugGdiq_sequence_15_0] type: [instance], Question: [dark granite bathroom counter with sink above cream cabinet in bathroom with stainless trash can, walk-in shower, and toilet]

Elapsed 3 days, 1:43:59 Current start position is [     6.3404     0.05389      4.4272]
Elapsed 3 days, 2:13:59 ===Episode_id 15 task_id 0 task_level=instance===
SR: False, SPL: 0.0, Object category: bathroom counter, goal type: sequence===

Elapsed 3 days, 2:13:59 [baseline] task_level=instance scene=00808-y9hTuugGdiq episode=15 task=0 sec=1800.081
Elapsed 3 days, 2:13:59 [BASELINE_LIVE_METRICS] rows=376 avg_sr=0.454787 avg_spl=0.282913 follower_error_count=10 levels=[object:n=81,sr=0.555556,spl=0.383720; room:n=99,sr=0.535354,spl=0.310123; region:n=109,sr=0.431193,spl=0.282978; instance:n=87,sr=0.298851,spl=0.158014] latest_scene=00808-y9hTuugGdiq latest_episode=15 latest_task=0 latest_level=instance by_level={"instance": {"avg_spl": 0.15801351320125887, "avg_sr": 0.2988505747126437, "count": 87}, "object": {"avg_spl": 0.38371953649441515, "avg_sr": 0.5555555555555556, "count": 81}, "region": {"avg_spl": 0.2829776771136175, "avg_sr": 0.43119266055045874, "count": 109}, "room": {"avg_spl": 0.3101228387529915, "avg_sr": 0.5353535353535354, "count": 99}}
Elapsed 3 days, 2:13:59 

Begin to process [00808-y9hTuugGdiq_sequence_15_1] type: [region], Question: [chest of drawers in the bedroom that has bed with multicolored striped quilt and white headboard, white-framed abstract art prints, sunset pier photo, red text-heart print, and mirrored closet doors beside white cabinet]

Elapsed 3 days, 2:13:59 Current start position is [     -5.567    0.011391      4.6203]
Elapsed 3 days, 2:24:30 ===Episode_id 15 task_id 1 task_level=region===
SR: False, SPL: 0.0, Object category: chest of drawers, goal type: sequence===

Elapsed 3 days, 2:24:30 [baseline] task_level=region scene=00808-y9hTuugGdiq episode=15 task=1 sec=630.795
Elapsed 3 days, 2:24:30 [BASELINE_LIVE_METRICS] rows=377 avg_sr=0.453581 avg_spl=0.282162 follower_error_count=10 levels=[object:n=81,sr=0.555556,spl=0.383720; room:n=99,sr=0.535354,spl=0.310123; region:n=110,sr=0.427273,spl=0.280405; instance:n=87,sr=0.298851,spl=0.158014] latest_scene=00808-y9hTuugGdiq latest_episode=15 latest_task=1 latest_level=region by_level={"instance": {"avg_spl": 0.15801351320125887, "avg_sr": 0.2988505747126437, "count": 87}, "object": {"avg_spl": 0.38371953649441515, "avg_sr": 0.5555555555555556, "count": 81}, "region": {"avg_spl": 0.28040515277622097, "avg_sr": 0.42727272727272725, "count": 110}, "room": {"avg_spl": 0.3101228387529915, "avg_sr": 0.5353535353535354, "count": 99}}
Elapsed 3 days, 2:24:30 

Begin to process [00808-y9hTuugGdiq_sequence_15_2] type: [object], Question: [toilet]

Elapsed 3 days, 2:24:30 Current start position is [    -5.8849    0.011391      1.9246]
Elapsed 3 days, 2:26:52 ===Episode_id 15 task_id 2 task_level=object===
SR: False, SPL: 0.0, Object category: toilet, goal type: sequence===

Elapsed 3 days, 2:26:52 [baseline] task_level=object scene=00808-y9hTuugGdiq episode=15 task=2 sec=142.252
Elapsed 3 days, 2:26:52 [BASELINE_LIVE_METRICS] rows=378 avg_sr=0.452381 avg_spl=0.281416 follower_error_count=10 levels=[object:n=82,sr=0.548780,spl=0.379040; room:n=99,sr=0.535354,spl=0.310123; region:n=110,sr=0.427273,spl=0.280405; instance:n=87,sr=0.298851,spl=0.158014] latest_scene=00808-y9hTuugGdiq latest_episode=15 latest_task=2 latest_level=object by_level={"instance": {"avg_spl": 0.15801351320125887, "avg_sr": 0.2988505747126437, "count": 87}, "object": {"avg_spl": 0.37904002995180036, "avg_sr": 0.5487804878048781, "count": 82}, "region": {"avg_spl": 0.28040515277622097, "avg_sr": 0.42727272727272725, "count": 110}, "room": {"avg_spl": 0.3101228387529915, "avg_sr": 0.5353535353535354, "count": 99}}
Elapsed 3 days, 2:26:52 

Begin to process [00808-y9hTuugGdiq_sequence_15_3] type: [object], Question: [refrigerator]

Elapsed 3 days, 2:26:52 Current start position is [    -3.5972    0.045183      4.2582]
Elapsed 3 days, 2:30:03 ===Episode_id 15 task_id 3 task_level=object===
SR: True, SPL: 0.710241826220223, Object category: refrigerator, goal type: sequence===

Elapsed 3 days, 2:30:03 [baseline] task_level=object scene=00808-y9hTuugGdiq episode=15 task=3 sec=191.051
Elapsed 3 days, 2:30:03 [BASELINE_LIVE_METRICS] rows=379 avg_sr=0.453826 avg_spl=0.282547 follower_error_count=10 levels=[object:n=83,sr=0.554217,spl=0.383030; room:n=99,sr=0.535354,spl=0.310123; region:n=110,sr=0.427273,spl=0.280405; instance:n=87,sr=0.298851,spl=0.158014] latest_scene=00808-y9hTuugGdiq latest_episode=15 latest_task=3 latest_level=object by_level={"instance": {"avg_spl": 0.15801351320125887, "avg_sr": 0.2988505747126437, "count": 87}, "object": {"avg_spl": 0.3830304130393717, "avg_sr": 0.5542168674698795, "count": 83}, "region": {"avg_spl": 0.28040515277622097, "avg_sr": 0.42727272727272725, "count": 110}, "room": {"avg_spl": 0.3101228387529915, "avg_sr": 0.5353535353535354, "count": 99}}
Elapsed 3 days, 2:30:03 

Begin to process [00808-y9hTuugGdiq_sequence_15_4] type: [room], Question: [side table in the living room]

Elapsed 3 days, 2:30:03 Current start position is [    0.46716    0.011391      2.7584]
Elapsed 3 days, 2:35:01 ===Episode_id 15 task_id 4 task_level=room===
SR: False, SPL: 0.0, Object category: side table, goal type: sequence===

Elapsed 3 days, 2:35:01 [baseline] task_level=room scene=00808-y9hTuugGdiq episode=15 task=4 sec=298.028
Elapsed 3 days, 2:35:01 [BASELINE_LIVE_METRICS] rows=380 avg_sr=0.452632 avg_spl=0.281804 follower_error_count=10 levels=[object:n=83,sr=0.554217,spl=0.383030; room:n=100,sr=0.530000,spl=0.307022; region:n=110,sr=0.427273,spl=0.280405; instance:n=87,sr=0.298851,spl=0.158014] latest_scene=00808-y9hTuugGdiq latest_episode=15 latest_task=4 latest_level=room by_level={"instance": {"avg_spl": 0.15801351320125887, "avg_sr": 0.2988505747126437, "count": 87}, "object": {"avg_spl": 0.3830304130393717, "avg_sr": 0.5542168674698795, "count": 83}, "region": {"avg_spl": 0.28040515277622097, "avg_sr": 0.42727272727272725, "count": 110}, "room": {"avg_spl": 0.3070216103654616, "avg_sr": 0.53, "count": 100}}
Elapsed 3 days, 2:35:01 [Metrics] sequence count: 380, invalid_count: 0, follower_error_count: 10, avg_sr: 0.452632, avg_spl: 0.281804

=== Episode ===: 16it [12:17:50, 2918.18s/it][AElapsed 3 days, 2:35:11 

Begin to process [00808-y9hTuugGdiq_sequence_16_0] type: [instance], Question: [cream bath cabinet with draped towel under sink and dark granite countertop in bathroom with stainless trash can, walk-in shower, and toilet]

Elapsed 3 days, 2:35:11 Current start position is [    -11.324     0.04793      4.9004]
Elapsed 3 days, 2:54:09 ===Episode_id 16 task_id 0 task_level=instance===
SR: False, SPL: 0.0, Object category: bathroom cabinet, goal type: sequence===

Elapsed 3 days, 2:54:09 [baseline] task_level=instance scene=00808-y9hTuugGdiq episode=16 task=0 sec=1137.346
Elapsed 3 days, 2:54:09 [BASELINE_LIVE_METRICS] rows=381 avg_sr=0.451444 avg_spl=0.281064 follower_error_count=10 levels=[object:n=83,sr=0.554217,spl=0.383030; room:n=100,sr=0.530000,spl=0.307022; region:n=110,sr=0.427273,spl=0.280405; instance:n=88,sr=0.295455,spl=0.156218] latest_scene=00808-y9hTuugGdiq latest_episode=16 latest_task=0 latest_level=instance by_level={"instance": {"avg_spl": 0.1562179050966991, "avg_sr": 0.29545454545454547, "count": 88}, "object": {"avg_spl": 0.3830304130393717, "avg_sr": 0.5542168674698795, "count": 83}, "region": {"avg_spl": 0.28040515277622097, "avg_sr": 0.42727272727272725, "count": 110}, "room": {"avg_spl": 0.3070216103654616, "avg_sr": 0.53, "count": 100}}
Elapsed 3 days, 2:54:09 

Begin to process [00808-y9hTuugGdiq_sequence_16_1] type: [region], Question: [refrigerator in the kitchen that has dark wood kitchen cabinets with light marble countertop and black stove, two-slot toaster, microwave above hanging knives, coffee maker, stainless refrigerator, and built-in black oven by stainless trash can]

Elapsed 3 days, 2:54:09 Current start position is [    -11.783    0.055693      4.3184]
Elapsed 3 days, 3:03:10 ===Episode_id 16 task_id 1 task_level=region===
SR: True, SPL: 0.3641283405516155, Object category: refrigerator, goal type: sequence===

Elapsed 3 days, 3:03:10 [baseline] task_level=region scene=00808-y9hTuugGdiq episode=16 task=1 sec=541.769
Elapsed 3 days, 3:03:10 [BASELINE_LIVE_METRICS] rows=382 avg_sr=0.452880 avg_spl=0.281282 follower_error_count=10 levels=[object:n=83,sr=0.554217,spl=0.383030; room:n=100,sr=0.530000,spl=0.307022; region:n=111,sr=0.432432,spl=0.281159; instance:n=88,sr=0.295455,spl=0.156218] latest_scene=00808-y9hTuugGdiq latest_episode=16 latest_task=1 latest_level=region by_level={"instance": {"avg_spl": 0.1562179050966991, "avg_sr": 0.29545454545454547, "count": 88}, "object": {"avg_spl": 0.3830304130393717, "avg_sr": 0.5542168674698795, "count": 83}, "region": {"avg_spl": 0.2811594157291525, "avg_sr": 0.43243243243243246, "count": 111}, "room": {"avg_spl": 0.3070216103654616, "avg_sr": 0.53, "count": 100}}
Elapsed 3 days, 3:03:10 

Begin to process [00808-y9hTuugGdiq_sequence_16_2] type: [object], Question: [stereo]

Elapsed 3 days, 3:03:10 Current start position is [    0.40002    0.011391       2.793]
Elapsed 3 days, 3:04:19 ===Episode_id 16 task_id 2 task_level=object===
SR: False, SPL: 0.0, Object category: stereo, goal type: sequence===

Elapsed 3 days, 3:04:19 [baseline] task_level=object scene=00808-y9hTuugGdiq episode=16 task=2 sec=68.668
Elapsed 3 days, 3:04:19 [BASELINE_LIVE_METRICS] rows=383 avg_sr=0.451697 avg_spl=0.280547 follower_error_count=10 levels=[object:n=84,sr=0.547619,spl=0.378471; room:n=100,sr=0.530000,spl=0.307022; region:n=111,sr=0.432432,spl=0.281159; instance:n=88,sr=0.295455,spl=0.156218] latest_scene=00808-y9hTuugGdiq latest_episode=16 latest_task=2 latest_level=object by_level={"instance": {"avg_spl": 0.1562179050966991, "avg_sr": 0.29545454545454547, "count": 88}, "object": {"avg_spl": 0.37847052716985535, "avg_sr": 0.5476190476190477, "count": 84}, "region": {"avg_spl": 0.2811594157291525, "avg_sr": 0.43243243243243246, "count": 111}, "room": {"avg_spl": 0.3070216103654616, "avg_sr": 0.53, "count": 100}}
Elapsed 3 days, 3:04:19 

Begin to process [00808-y9hTuugGdiq_sequence_16_3] type: [region], Question: [shower cabin in the bathroom that has cream bath vanity with dark granite countertop holding white towels, stainless trash can, walk-in shower, toilet with beige tank]

Elapsed 3 days, 3:04:19 Current start position is [     5.3736    0.011391      4.7022]
Elapsed 3 days, 3:05:40 ===Episode_id 16 task_id 3 task_level=region===
SR: True, SPL: 0.8628028184247933, Object category: shower cabin, goal type: sequence===

Elapsed 3 days, 3:05:40 [baseline] task_level=region scene=00808-y9hTuugGdiq episode=16 task=3 sec=80.904
Elapsed 3 days, 3:05:40 [BASELINE_LIVE_METRICS] rows=384 avg_sr=0.453125 avg_spl=0.282063 follower_error_count=10 levels=[object:n=84,sr=0.547619,spl=0.378471; room:n=100,sr=0.530000,spl=0.307022; region:n=112,sr=0.437500,spl=0.286353; instance:n=88,sr=0.295455,spl=0.156218] latest_scene=00808-y9hTuugGdiq latest_episode=16 latest_task=3 latest_level=region by_level={"instance": {"avg_spl": 0.1562179050966991, "avg_sr": 0.29545454545454547, "count": 88}, "object": {"avg_spl": 0.37847052716985535, "avg_sr": 0.5476190476190477, "count": 84}, "region": {"avg_spl": 0.2863526603960778, "avg_sr": 0.4375, "count": 112}, "room": {"avg_spl": 0.3070216103654616, "avg_sr": 0.53, "count": 100}}
Elapsed 3 days, 3:05:40 

Begin to process [00808-y9hTuugGdiq_sequence_16_4] type: [region], Question: [tv in the tie: dining room & living room that has gray couch and white rectangular coffee table near teal wall, decorative fireplace below wall-mounted TV, long wood dining table with dark chairs, wine glass rack with hanging glasses]

Elapsed 3 days, 3:05:40 Current start position is [    -5.2886    0.011391      5.0096]
Elapsed 3 days, 3:06:54 ===Episode_id 16 task_id 4 task_level=region===
SR: True, SPL: 0.884727277618599, Object category: tv, goal type: sequence===

Elapsed 3 days, 3:06:54 [baseline] task_level=region scene=00808-y9hTuugGdiq episode=16 task=4 sec=74.054
Elapsed 3 days, 3:06:54 [BASELINE_LIVE_METRICS] rows=385 avg_sr=0.454545 avg_spl=0.283629 follower_error_count=10 levels=[object:n=84,sr=0.547619,spl=0.378471; room:n=100,sr=0.530000,spl=0.307022; region:n=113,sr=0.442478,spl=0.291648; instance:n=88,sr=0.295455,spl=0.156218] latest_scene=00808-y9hTuugGdiq latest_episode=16 latest_task=4 latest_level=region by_level={"instance": {"avg_spl": 0.1562179050966991, "avg_sr": 0.29545454545454547, "count": 88}, "object": {"avg_spl": 0.37847052716985535, "avg_sr": 0.5476190476190477, "count": 84}, "region": {"avg_spl": 0.29164801099096743, "avg_sr": 0.4424778761061947, "count": 113}, "room": {"avg_spl": 0.3070216103654616, "avg_sr": 0.53, "count": 100}}
Elapsed 3 days, 3:06:54 [Metrics] sequence count: 385, invalid_count: 0, follower_error_count: 10, avg_sr: 0.454545, avg_spl: 0.283629

=== Episode ===: 17it [12:49:43, 2615.95s/it][AElapsed 3 days, 3:07:05 

Begin to process [00808-y9hTuugGdiq_sequence_17_0] type: [instance], Question: [silver pedal bin between glass-enclosed white bathtub with beige tiled surround and cream vanity with beige countertop in bathroom]

Elapsed 3 days, 3:07:05 Current start position is [    -5.3344     0.01139      1.1906]
Elapsed 3 days, 3:47:12 ===Episode_id 17 task_id 0 task_level=instance===
SR: False, SPL: 0.0, Object category: bin, goal type: sequence===

Elapsed 3 days, 3:47:12 [baseline] task_level=instance scene=00808-y9hTuugGdiq episode=17 task=0 sec=2407.014
Elapsed 3 days, 3:47:12 [BASELINE_LIVE_METRICS] rows=386 avg_sr=0.453368 avg_spl=0.282894 follower_error_count=10 levels=[object:n=84,sr=0.547619,spl=0.378471; room:n=100,sr=0.530000,spl=0.307022; region:n=113,sr=0.442478,spl=0.291648; instance:n=89,sr=0.292135,spl=0.154463] latest_scene=00808-y9hTuugGdiq latest_episode=17 latest_task=0 latest_level=instance by_level={"instance": {"avg_spl": 0.15446264773606205, "avg_sr": 0.29213483146067415, "count": 89}, "object": {"avg_spl": 0.37847052716985535, "avg_sr": 0.5476190476190477, "count": 84}, "region": {"avg_spl": 0.29164801099096743, "avg_sr": 0.4424778761061947, "count": 113}, "room": {"avg_spl": 0.3070216103654616, "avg_sr": 0.53, "count": 100}}
Elapsed 3 days, 3:47:12 

Begin to process [00808-y9hTuugGdiq_sequence_17_1] type: [region], Question: [stereo in the tie: dining room & living room that has gray couch and white rectangular coffee table near teal wall, decorative fireplace below wall-mounted TV, long wood dining table with dark chairs, wine glass rack with hanging glasses]

Elapsed 3 days, 3:47:12 Current start position is [    -11.364    0.054653      3.6156]
Elapsed 3 days, 3:53:35 ===Episode_id 17 task_id 1 task_level=region===
SR: False, SPL: 0.0, Object category: stereo, goal type: sequence===

Elapsed 3 days, 3:53:35 [baseline] task_level=region scene=00808-y9hTuugGdiq episode=17 task=1 sec=382.584
Elapsed 3 days, 3:53:35 [BASELINE_LIVE_METRICS] rows=387 avg_sr=0.452196 avg_spl=0.282163 follower_error_count=10 levels=[object:n=84,sr=0.547619,spl=0.378471; room:n=100,sr=0.530000,spl=0.307022; region:n=114,sr=0.438596,spl=0.289090; instance:n=89,sr=0.292135,spl=0.154463] latest_scene=00808-y9hTuugGdiq latest_episode=17 latest_task=1 latest_level=region by_level={"instance": {"avg_spl": 0.15446264773606205, "avg_sr": 0.29213483146067415, "count": 89}, "object": {"avg_spl": 0.37847052716985535, "avg_sr": 0.5476190476190477, "count": 84}, "region": {"avg_spl": 0.28908969510508176, "avg_sr": 0.43859649122807015, "count": 114}, "room": {"avg_spl": 0.3070216103654616, "avg_sr": 0.53, "count": 100}}
Elapsed 3 days, 3:53:35 

Begin to process [00808-y9hTuugGdiq_sequence_17_2] type: [object], Question: [dishwasher]

Elapsed 3 days, 3:53:35 Current start position is [     5.7571    0.023185      4.6797]
Elapsed 3 days, 3:54:48 ===Episode_id 17 task_id 2 task_level=object===
SR: False, SPL: 0.0, Object category: dishwasher, goal type: sequence===

Elapsed 3 days, 3:54:48 [baseline] task_level=object scene=00808-y9hTuugGdiq episode=17 task=2 sec=73.093
Elapsed 3 days, 3:54:48 [BASELINE_LIVE_METRICS] rows=388 avg_sr=0.451031 avg_spl=0.281436 follower_error_count=10 levels=[object:n=85,sr=0.541176,spl=0.374018; room:n=100,sr=0.530000,spl=0.307022; region:n=114,sr=0.438596,spl=0.289090; instance:n=89,sr=0.292135,spl=0.154463] latest_scene=00808-y9hTuugGdiq latest_episode=17 latest_task=2 latest_level=object by_level={"instance": {"avg_spl": 0.15446264773606205, "avg_sr": 0.29213483146067415, "count": 89}, "object": {"avg_spl": 0.37401793273256295, "avg_sr": 0.5411764705882353, "count": 85}, "region": {"avg_spl": 0.28908969510508176, "avg_sr": 0.43859649122807015, "count": 114}, "room": {"avg_spl": 0.3070216103654616, "avg_sr": 0.53, "count": 100}}
Elapsed 3 days, 3:54:48 

Begin to process [00808-y9hTuugGdiq_sequence_17_3] type: [object], Question: [plant]

Elapsed 3 days, 3:54:48 Current start position is [    -2.5591    0.011391      4.7096]
Elapsed 3 days, 3:55:52 ===Episode_id 17 task_id 3 task_level=object===
SR: True, SPL: 0.6677629870749006, Object category: plant, goal type: sequence===

Elapsed 3 days, 3:55:52 [baseline] task_level=object scene=00808-y9hTuugGdiq episode=17 task=3 sec=63.911
Elapsed 3 days, 3:55:52 [BASELINE_LIVE_METRICS] rows=389 avg_sr=0.452442 avg_spl=0.282429 follower_error_count=10 levels=[object:n=86,sr=0.546512,spl=0.377434; room:n=100,sr=0.530000,spl=0.307022; region:n=114,sr=0.438596,spl=0.289090; instance:n=89,sr=0.292135,spl=0.154463] latest_scene=00808-y9hTuugGdiq latest_episode=17 latest_task=3 latest_level=object by_level={"instance": {"avg_spl": 0.15446264773606205, "avg_sr": 0.29213483146067415, "count": 89}, "object": {"avg_spl": 0.3774335728993343, "avg_sr": 0.5465116279069767, "count": 86}, "region": {"avg_spl": 0.28908969510508176, "avg_sr": 0.43859649122807015, "count": 114}, "room": {"avg_spl": 0.3070216103654616, "avg_sr": 0.53, "count": 100}}
Elapsed 3 days, 3:55:52 

Begin to process [00808-y9hTuugGdiq_sequence_17_4] type: [region], Question: [coffee table in the tie: dining room & living room that has gray couch and white rectangular coffee table near teal wall, decorative fireplace below wall-mounted TV, long wood dining table with dark chairs, wine glass rack with hanging glasses]

Elapsed 3 days, 3:55:52 Current start position is [    -4.6832    0.011391    -0.52276]
Elapsed 3 days, 3:57:13 ===Episode_id 17 task_id 4 task_level=region===
SR: True, SPL: 0.7883928021457987, Object category: coffee table, goal type: sequence===

Elapsed 3 days, 3:57:13 [baseline] task_level=region scene=00808-y9hTuugGdiq episode=17 task=4 sec=80.997
Elapsed 3 days, 3:57:13 [BASELINE_LIVE_METRICS] rows=390 avg_sr=0.453846 avg_spl=0.283726 follower_error_count=10 levels=[object:n=86,sr=0.546512,spl=0.377434; room:n=100,sr=0.530000,spl=0.307022; region:n=115,sr=0.443478,spl=0.293431; instance:n=89,sr=0.292135,spl=0.154463] latest_scene=00808-y9hTuugGdiq latest_episode=17 latest_task=4 latest_level=region by_level={"instance": {"avg_spl": 0.15446264773606205, "avg_sr": 0.29213483146067415, "count": 89}, "object": {"avg_spl": 0.3774335728993343, "avg_sr": 0.5465116279069767, "count": 86}, "region": {"avg_spl": 0.2934314612532619, "avg_sr": 0.4434782608695652, "count": 115}, "room": {"avg_spl": 0.3070216103654616, "avg_sr": 0.53, "count": 100}}
Elapsed 3 days, 3:57:13 [Metrics] sequence count: 390, invalid_count: 0, follower_error_count: 10, avg_sr: 0.453846, avg_spl: 0.283726

=== Episode ===: 18it [13:40:02, 2736.96s/it][AElapsed 3 days, 3:57:24 

Begin to process [00808-y9hTuugGdiq_sequence_18_0] type: [instance], Question: [beige bath mat beside cream vanity with beige countertop in bathroom with white bathtub and beige tiled surround]

Elapsed 3 days, 3:57:24 Current start position is [    -4.6097     0.01139      1.1439]
Elapsed 3 days, 4:37:21 ===Episode_id 18 task_id 0 task_level=instance===
SR: False, SPL: 0.0, Object category: rug, goal type: sequence===

Elapsed 3 days, 4:37:21 [baseline] task_level=instance scene=00808-y9hTuugGdiq episode=18 task=0 sec=2396.650
Elapsed 3 days, 4:37:21 [BASELINE_LIVE_METRICS] rows=391 avg_sr=0.452685 avg_spl=0.283001 follower_error_count=10 levels=[object:n=86,sr=0.546512,spl=0.377434; room:n=100,sr=0.530000,spl=0.307022; region:n=115,sr=0.443478,spl=0.293431; instance:n=90,sr=0.288889,spl=0.152746] latest_scene=00808-y9hTuugGdiq latest_episode=18 latest_task=0 latest_level=instance by_level={"instance": {"avg_spl": 0.15274639609455024, "avg_sr": 0.28888888888888886, "count": 90}, "object": {"avg_spl": 0.3774335728993343, "avg_sr": 0.5465116279069767, "count": 86}, "region": {"avg_spl": 0.2934314612532619, "avg_sr": 0.4434782608695652, "count": 115}, "room": {"avg_spl": 0.3070216103654616, "avg_sr": 0.53, "count": 100}}
Elapsed 3 days, 4:37:21 

Begin to process [00808-y9hTuugGdiq_sequence_18_1] type: [room], Question: [stereo in the dining room]

Elapsed 3 days, 4:37:21 Current start position is [    -9.4947    0.011391      1.0856]
Elapsed 3 days, 4:41:22 ===Episode_id 18 task_id 1 task_level=room===
SR: False, SPL: 0.0, Object category: stereo, goal type: sequence===

Elapsed 3 days, 4:41:22 [baseline] task_level=room scene=00808-y9hTuugGdiq episode=18 task=1 sec=241.852
Elapsed 3 days, 4:41:23 [BASELINE_LIVE_METRICS] rows=392 avg_sr=0.451531 avg_spl=0.282279 follower_error_count=10 levels=[object:n=86,sr=0.546512,spl=0.377434; room:n=101,sr=0.524752,spl=0.303982; region:n=115,sr=0.443478,spl=0.293431; instance:n=90,sr=0.288889,spl=0.152746] latest_scene=00808-y9hTuugGdiq latest_episode=18 latest_task=1 latest_level=room by_level={"instance": {"avg_spl": 0.15274639609455024, "avg_sr": 0.28888888888888886, "count": 90}, "object": {"avg_spl": 0.3774335728993343, "avg_sr": 0.5465116279069767, "count": 86}, "region": {"avg_spl": 0.2934314612532619, "avg_sr": 0.4434782608695652, "count": 115}, "room": {"avg_spl": 0.30398179244105106, "avg_sr": 0.5247524752475248, "count": 101}}
Elapsed 3 days, 4:41:23 

Begin to process [00808-y9hTuugGdiq_sequence_18_2] type: [region], Question: [bin in the laundry room that has washer-dryer with black bin under dark wood cabinets, vacuum cleaner and fire extinguisher beside dark cabinet]

Elapsed 3 days, 4:41:23 Current start position is [     5.4286    0.011391      4.5898]
Elapsed 3 days, 4:42:45 ===Episode_id 18 task_id 2 task_level=region===
SR: False, SPL: 0.0, Object category: bin, goal type: sequence===

Elapsed 3 days, 4:42:45 [baseline] task_level=region scene=00808-y9hTuugGdiq episode=18 task=2 sec=82.356
Elapsed 3 days, 4:42:45 [BASELINE_LIVE_METRICS] rows=393 avg_sr=0.450382 avg_spl=0.281560 follower_error_count=10 levels=[object:n=86,sr=0.546512,spl=0.377434; room:n=101,sr=0.524752,spl=0.303982; region:n=116,sr=0.439655,spl=0.290902; instance:n=90,sr=0.288889,spl=0.152746] latest_scene=00808-y9hTuugGdiq latest_episode=18 latest_task=2 latest_level=region by_level={"instance": {"avg_spl": 0.15274639609455024, "avg_sr": 0.28888888888888886, "count": 90}, "object": {"avg_spl": 0.3774335728993343, "avg_sr": 0.5465116279069767, "count": 86}, "region": {"avg_spl": 0.2909018796907338, "avg_sr": 0.4396551724137931, "count": 116}, "room": {"avg_spl": 0.30398179244105106, "avg_sr": 0.5247524752475248, "count": 101}}
Elapsed 3 days, 4:42:45 

Begin to process [00808-y9hTuugGdiq_sequence_18_3] type: [room], Question: [couch in the living room]

Elapsed 3 days, 4:42:45 Current start position is [    -3.5954    0.011391      4.7415]
Elapsed 3 days, 4:43:47 ===Episode_id 18 task_id 3 task_level=room===
SR: True, SPL: 0.7339337495382323, Object category: couch, goal type: sequence===

Elapsed 3 days, 4:43:47 [baseline] task_level=room scene=00808-y9hTuugGdiq episode=18 task=3 sec=62.396
Elapsed 3 days, 4:43:47 [BASELINE_LIVE_METRICS] rows=394 avg_sr=0.451777 avg_spl=0.282709 follower_error_count=10 levels=[object:n=86,sr=0.546512,spl=0.377434; room:n=102,sr=0.529412,spl=0.308197; region:n=116,sr=0.439655,spl=0.290902; instance:n=90,sr=0.288889,spl=0.152746] latest_scene=00808-y9hTuugGdiq latest_episode=18 latest_task=3 latest_level=room by_level={"instance": {"avg_spl": 0.15274639609455024, "avg_sr": 0.28888888888888886, "count": 90}, "object": {"avg_spl": 0.3774335728993343, "avg_sr": 0.5465116279069767, "count": 86}, "region": {"avg_spl": 0.2909018796907338, "avg_sr": 0.4396551724137931, "count": 116}, "room": {"avg_spl": 0.3081970077067097, "avg_sr": 0.5294117647058824, "count": 102}}
Elapsed 3 days, 4:43:47 

Begin to process [00808-y9hTuugGdiq_sequence_18_4] type: [region], Question: [bathtub in the bathroom that has glass-enclosed white bathtub with beige tiled surround, cream bath vanity with beige countertop holding white towels, stainless trash can, toilet with white water tank]

Elapsed 3 days, 4:43:47 Current start position is [     4.6812    0.061391       1.088]
Elapsed 3 days, 4:45:19 ===Episode_id 18 task_id 4 task_level=region===
SR: True, SPL: 0.9230161817246125, Object category: bathtub, goal type: sequence===

Elapsed 3 days, 4:45:19 [baseline] task_level=region scene=00808-y9hTuugGdiq episode=18 task=4 sec=91.702
Elapsed 3 days, 4:45:19 [BASELINE_LIVE_METRICS] rows=395 avg_sr=0.453165 avg_spl=0.284330 follower_error_count=10 levels=[object:n=86,sr=0.546512,spl=0.377434; room:n=102,sr=0.529412,spl=0.308197; region:n=117,sr=0.444444,spl=0.296305; instance:n=90,sr=0.288889,spl=0.152746] latest_scene=00808-y9hTuugGdiq latest_episode=18 latest_task=4 latest_level=region by_level={"instance": {"avg_spl": 0.15274639609455024, "avg_sr": 0.28888888888888886, "count": 90}, "object": {"avg_spl": 0.3774335728993343, "avg_sr": 0.5465116279069767, "count": 86}, "region": {"avg_spl": 0.29630456603290367, "avg_sr": 0.4444444444444444, "count": 117}, "room": {"avg_spl": 0.3081970077067097, "avg_sr": 0.5294117647058824, "count": 102}}
Elapsed 3 days, 4:45:19 [Metrics] sequence count: 395, invalid_count: 0, follower_error_count: 10, avg_sr: 0.453165, avg_spl: 0.284330

=== Episode ===: 19it [14:28:08, 2781.79s/it][AElapsed 3 days, 4:45:29 

Begin to process [00808-y9hTuugGdiq_sequence_19_0] type: [instance], Question: [white bath cabinet under sink in bathroom with white bathtub with beige tiled surround, stainless trash can, and toilet]

Elapsed 3 days, 4:45:29 Current start position is [   -0.69223     0.01139      4.7533]
Elapsed 3 days, 5:17:18 ===Episode_id 19 task_id 0 task_level=instance===
SR: True, SPL: 0.7728955023330052, Object category: bathroom cabinet, goal type: sequence===

Elapsed 3 days, 5:17:18 [baseline] task_level=instance scene=00808-y9hTuugGdiq episode=19 task=0 sec=1908.836
Elapsed 3 days, 5:17:18 [BASELINE_LIVE_METRICS] rows=396 avg_sr=0.454545 avg_spl=0.285563 follower_error_count=10 levels=[object:n=86,sr=0.546512,spl=0.377434; room:n=102,sr=0.529412,spl=0.308197; region:n=117,sr=0.444444,spl=0.296305; instance:n=91,sr=0.296703,spl=0.159561] latest_scene=00808-y9hTuugGdiq latest_episode=19 latest_task=0 latest_level=instance by_level={"instance": {"avg_spl": 0.15956122143782997, "avg_sr": 0.2967032967032967, "count": 91}, "object": {"avg_spl": 0.3774335728993343, "avg_sr": 0.5465116279069767, "count": 86}, "region": {"avg_spl": 0.29630456603290367, "avg_sr": 0.4444444444444444, "count": 117}, "room": {"avg_spl": 0.3081970077067097, "avg_sr": 0.5294117647058824, "count": 102}}
Elapsed 3 days, 5:17:18 

Begin to process [00808-y9hTuugGdiq_sequence_19_1] type: [region], Question: [couch in the tie: dining room & living room that has gray couch and white rectangular coffee table near teal wall, decorative fireplace below wall-mounted TV, long wood dining table with dark chairs, wine glass rack with hanging glasses]

Elapsed 3 days, 5:17:18 Current start position is [    -11.757      0.0514      4.5616]
Elapsed 3 days, 5:20:11 ===Episode_id 19 task_id 1 task_level=region===
SR: True, SPL: 0.740956690644993, Object category: couch, goal type: sequence===

Elapsed 3 days, 5:20:11 [baseline] task_level=region scene=00808-y9hTuugGdiq episode=19 task=1 sec=172.231
Elapsed 3 days, 5:20:11 [BASELINE_LIVE_METRICS] rows=397 avg_sr=0.455919 avg_spl=0.286710 follower_error_count=10 levels=[object:n=86,sr=0.546512,spl=0.377434; room:n=102,sr=0.529412,spl=0.308197; region:n=118,sr=0.449153,spl=0.300073; instance:n=91,sr=0.296703,spl=0.159561] latest_scene=00808-y9hTuugGdiq latest_episode=19 latest_task=1 latest_level=region by_level={"instance": {"avg_spl": 0.15956122143782997, "avg_sr": 0.2967032967032967, "count": 91}, "object": {"avg_spl": 0.3774335728993343, "avg_sr": 0.5465116279069767, "count": 86}, "region": {"avg_spl": 0.30007280437707395, "avg_sr": 0.4491525423728814, "count": 118}, "room": {"avg_spl": 0.3081970077067097, "avg_sr": 0.5294117647058824, "count": 102}}
Elapsed 3 days, 5:20:11 

Begin to process [00808-y9hTuugGdiq_sequence_19_2] type: [region], Question: [chest of drawers in the bedroom that has bed with white bedding and red pillows, mirrored closet doors, abstract art above dark wood dresser, white curtain next to leafy plant]

Elapsed 3 days, 5:20:11 Current start position is [      6.242    0.061391     0.25096]
Elapsed 3 days, 5:21:26 ===Episode_id 19 task_id 2 task_level=region===
SR: False, SPL: 0.0, Object category: chest of drawers, goal type: sequence===

Elapsed 3 days, 5:21:26 [baseline] task_level=region scene=00808-y9hTuugGdiq episode=19 task=2 sec=75.566
Elapsed 3 days, 5:21:26 [BASELINE_LIVE_METRICS] rows=398 avg_sr=0.454774 avg_spl=0.285990 follower_error_count=10 levels=[object:n=86,sr=0.546512,spl=0.377434; room:n=102,sr=0.529412,spl=0.308197; region:n=119,sr=0.445378,spl=0.297551; instance:n=91,sr=0.296703,spl=0.159561] latest_scene=00808-y9hTuugGdiq latest_episode=19 latest_task=2 latest_level=region by_level={"instance": {"avg_spl": 0.15956122143782997, "avg_sr": 0.2967032967032967, "count": 91}, "object": {"avg_spl": 0.3774335728993343, "avg_sr": 0.5465116279069767, "count": 86}, "region": {"avg_spl": 0.2975511841722246, "avg_sr": 0.44537815126050423, "count": 119}, "room": {"avg_spl": 0.3081970077067097, "avg_sr": 0.5294117647058824, "count": 102}}
Elapsed 3 days, 5:21:26 

Begin to process [00808-y9hTuugGdiq_sequence_19_3] type: [region], Question: [toilet in the bathroom that has glass-enclosed white bathtub with beige tiled surround, cream bath vanity with beige countertop holding white towels, stainless trash can, toilet with white water tank]

Elapsed 3 days, 5:21:26 Current start position is [    -9.2838    0.011391      1.0974]
Elapsed 3 days, 5:22:35 ===Episode_id 19 task_id 3 task_level=region===
SR: True, SPL: 0.8551564208906158, Object category: toilet, goal type: sequence===

Elapsed 3 days, 5:22:35 [baseline] task_level=region scene=00808-y9hTuugGdiq episode=19 task=3 sec=68.664
Elapsed 3 days, 5:22:35 [BASELINE_LIVE_METRICS] rows=399 avg_sr=0.456140 avg_spl=0.287417 follower_error_count=10 levels=[object:n=86,sr=0.546512,spl=0.377434; room:n=102,sr=0.529412,spl=0.308197; region:n=120,sr=0.450000,spl=0.302198; instance:n=91,sr=0.296703,spl=0.159561] latest_scene=00808-y9hTuugGdiq latest_episode=19 latest_task=3 latest_level=region by_level={"instance": {"avg_spl": 0.15956122143782997, "avg_sr": 0.2967032967032967, "count": 91}, "object": {"avg_spl": 0.3774335728993343, "avg_sr": 0.5465116279069767, "count": 86}, "region": {"avg_spl": 0.30219789447821116, "avg_sr": 0.45, "count": 120}, "room": {"avg_spl": 0.3081970077067097, "avg_sr": 0.5294117647058824, "count": 102}}
Elapsed 3 days, 5:22:35 

Begin to process [00808-y9hTuugGdiq_sequence_19_4] type: [object], Question: [fire screen]

Elapsed 3 days, 5:22:35 Current start position is [    -11.149    0.061391      4.8238]
Elapsed 3 days, 5:23:33 ===Episode_id 19 task_id 4 task_level=object===
SR: True, SPL: 0.898856908295156, Object category: fire screen, goal type: sequence===

Elapsed 3 days, 5:23:33 [baseline] task_level=object scene=00808-y9hTuugGdiq episode=19 task=4 sec=58.305
Elapsed 3 days, 5:23:33 [BASELINE_LIVE_METRICS] rows=400 avg_sr=0.457500 avg_spl=0.288945 follower_error_count=10 levels=[object:n=87,sr=0.551724,spl=0.383427; room:n=102,sr=0.529412,spl=0.308197; region:n=120,sr=0.450000,spl=0.302198; instance:n=91,sr=0.296703,spl=0.159561] latest_scene=00808-y9hTuugGdiq latest_episode=19 latest_task=4 latest_level=object by_level={"instance": {"avg_spl": 0.15956122143782997, "avg_sr": 0.2967032967032967, "count": 91}, "object": {"avg_spl": 0.3834269445705507, "avg_sr": 0.5517241379310345, "count": 87}, "region": {"avg_spl": 0.30219789447821116, "avg_sr": 0.45, "count": 120}, "room": {"avg_spl": 0.3081970077067097, "avg_sr": 0.5294117647058824, "count": 102}}
Elapsed 3 days, 5:23:33 [Metrics] sequence count: 400, invalid_count: 0, follower_error_count: 10, avg_sr: 0.457500, avg_spl: 0.288945

=== Episode ===: 20it [15:06:22, 2635.38s/it][A=== Episode ===: 20it [15:06:22, 2719.15s/it]
Elapsed 3 days, 5:23:33 [Metrics] sequence count: 400, invalid_count: 0, follower_error_count: 10, avg_sr: 0.457500, avg_spl: 0.288945
*** Scene ***:  57%|#####7    | 4/7 [77:22:50<53:52:09, 64643.02s/it]Elapsed 3 days, 5:23:33 




*************************** Processing 00810-CrMo8WxCyVb.json.gz, Total Episode 20 ***************************

=== Episode ===: 0it [00:00, ?it/s][AElapsed 3 days, 5:23:40 

Begin to process [00810-CrMo8WxCyVb_sequence_0_0] type: [instance], Question: [white double-sink bath vanity in bathroom with bathtub below black-and-white forest picture and toilet below grayscale floral picture]

Elapsed 3 days, 5:23:40 Current start position is [     1.7332     0.05006      9.1576]
Elapsed 3 days, 6:23:03 ===Episode_id 0 task_id 0 task_level=instance===
SR: False, SPL: 0.0, Object category: bathroom cabinet, goal type: sequence===

Elapsed 3 days, 6:23:03 [baseline] task_level=instance scene=00810-CrMo8WxCyVb episode=0 task=0 sec=3563.491
Elapsed 3 days, 6:23:03 [BASELINE_LIVE_METRICS] rows=401 avg_sr=0.456359 avg_spl=0.288225 follower_error_count=10 levels=[object:n=87,sr=0.551724,spl=0.383427; room:n=102,sr=0.529412,spl=0.308197; region:n=120,sr=0.450000,spl=0.302198; instance:n=92,sr=0.293478,spl=0.157827] latest_scene=00810-CrMo8WxCyVb latest_episode=0 latest_task=0 latest_level=instance by_level={"instance": {"avg_spl": 0.15782686033524487, "avg_sr": 0.29347826086956524, "count": 92}, "object": {"avg_spl": 0.3834269445705507, "avg_sr": 0.5517241379310345, "count": 87}, "region": {"avg_spl": 0.30219789447821116, "avg_sr": 0.45, "count": 120}, "room": {"avg_spl": 0.3081970077067097, "avg_sr": 0.5294117647058824, "count": 102}}
Elapsed 3 days, 6:23:03 

Begin to process [00810-CrMo8WxCyVb_sequence_0_1] type: [object], Question: [sculpture]

Elapsed 3 days, 6:23:03 Current start position is [    -3.5577    0.012508     0.61199]
Elapsed 3 days, 6:24:00 ===Episode_id 0 task_id 1 task_level=object===
SR: True, SPL: 0.8902085125716805, Object category: sculpture, goal type: sequence===

Elapsed 3 days, 6:24:00 [baseline] task_level=object scene=00810-CrMo8WxCyVb episode=0 task=1 sec=57.215
Elapsed 3 days, 6:24:00 [BASELINE_LIVE_METRICS] rows=402 avg_sr=0.457711 avg_spl=0.289722 follower_error_count=10 levels=[object:n=88,sr=0.556818,spl=0.389186; room:n=102,sr=0.529412,spl=0.308197; region:n=120,sr=0.450000,spl=0.302198; instance:n=92,sr=0.293478,spl=0.157827] latest_scene=00810-CrMo8WxCyVb latest_episode=0 latest_task=1 latest_level=object by_level={"instance": {"avg_spl": 0.15782686033524487, "avg_sr": 0.29347826086956524, "count": 92}, "object": {"avg_spl": 0.38918582602510904, "avg_sr": 0.5568181818181818, "count": 88}, "region": {"avg_spl": 0.30219789447821116, "avg_sr": 0.45, "count": 120}, "room": {"avg_spl": 0.3081970077067097, "avg_sr": 0.5294117647058824, "count": 102}}
Elapsed 3 days, 6:24:00 

Begin to process [00810-CrMo8WxCyVb_sequence_0_2] type: [region], Question: [picture in the bathroom that has bathtub with black-and-white forest picture above, toilet below grayscale floral picture, walk-in shower, white double-sink bath vanity with mirror]

Elapsed 3 days, 6:24:00 Current start position is [   -0.65866    0.049207      7.6025]
Elapsed 3 days, 6:32:20 ===Episode_id 0 task_id 2 task_level=region===
SR: False, SPL: 0.0, Object category: picture, goal type: sequence===

Elapsed 3 days, 6:32:20 [baseline] task_level=region scene=00810-CrMo8WxCyVb episode=0 task=2 sec=499.968
Elapsed 3 days, 6:32:20 [BASELINE_LIVE_METRICS] rows=403 avg_sr=0.456576 avg_spl=0.289003 follower_error_count=10 levels=[object:n=88,sr=0.556818,spl=0.389186; room:n=102,sr=0.529412,spl=0.308197; region:n=121,sr=0.446281,spl=0.299700; instance:n=92,sr=0.293478,spl=0.157827] latest_scene=00810-CrMo8WxCyVb latest_episode=0 latest_task=2 latest_level=region by_level={"instance": {"avg_spl": 0.15782686033524487, "avg_sr": 0.29347826086956524, "count": 92}, "object": {"avg_spl": 0.38918582602510904, "avg_sr": 0.5568181818181818, "count": 88}, "region": {"avg_spl": 0.29970039121806064, "avg_sr": 0.4462809917355372, "count": 121}, "room": {"avg_spl": 0.3081970077067097, "avg_sr": 0.5294117647058824, "count": 102}}
Elapsed 3 days, 6:32:20 

Begin to process [00810-CrMo8WxCyVb_sequence_0_3] type: [region], Question: [bed in the bedroom that has white quilted bed with gray headboard below paintings of women in urban scenes, two stacked botanical leaf illustrations, mirror above white dresser, and white nightstand with photo]

Elapsed 3 days, 6:32:20 Current start position is [    -1.8989    0.042823     0.45759]
Elapsed 3 days, 6:33:36 ===Episode_id 0 task_id 3 task_level=region===
SR: True, SPL: 0.7126700355597836, Object category: bed, goal type: sequence===

Elapsed 3 days, 6:33:36 [baseline] task_level=region scene=00810-CrMo8WxCyVb episode=0 task=3 sec=75.570
Elapsed 3 days, 6:33:36 [BASELINE_LIVE_METRICS] rows=404 avg_sr=0.457921 avg_spl=0.290052 follower_error_count=10 levels=[object:n=88,sr=0.556818,spl=0.389186; room:n=102,sr=0.529412,spl=0.308197; region:n=122,sr=0.450820,spl=0.303085; instance:n=92,sr=0.293478,spl=0.157827] latest_scene=00810-CrMo8WxCyVb latest_episode=0 latest_task=3 latest_level=region by_level={"instance": {"avg_spl": 0.15782686033524487, "avg_sr": 0.29347826086956524, "count": 92}, "object": {"avg_spl": 0.38918582602510904, "avg_sr": 0.5568181818181818, "count": 88}, "region": {"avg_spl": 0.3030853883028289, "avg_sr": 0.45081967213114754, "count": 122}, "room": {"avg_spl": 0.3081970077067097, "avg_sr": 0.5294117647058824, "count": 102}}
Elapsed 3 days, 6:33:36 

Begin to process [00810-CrMo8WxCyVb_sequence_0_4] type: [room], Question: [towel in the bathroom]

Elapsed 3 days, 6:33:36 Current start position is [    0.93662    0.050065      9.4289]
Elapsed 3 days, 6:34:54 ===Episode_id 0 task_id 4 task_level=room===
SR: True, SPL: 0.8607847608095347, Object category: towel, goal type: sequence===

Elapsed 3 days, 6:34:54 [baseline] task_level=room scene=00810-CrMo8WxCyVb episode=0 task=4 sec=78.333
Elapsed 3 days, 6:34:54 [BASELINE_LIVE_METRICS] rows=405 avg_sr=0.459259 avg_spl=0.291461 follower_error_count=10 levels=[object:n=88,sr=0.556818,spl=0.389186; room:n=103,sr=0.533981,spl=0.313562; region:n=122,sr=0.450820,spl=0.303085; instance:n=92,sr=0.293478,spl=0.157827] latest_scene=00810-CrMo8WxCyVb latest_episode=0 latest_task=4 latest_level=room by_level={"instance": {"avg_spl": 0.15782686033524487, "avg_sr": 0.29347826086956524, "count": 92}, "object": {"avg_spl": 0.38918582602510904, "avg_sr": 0.5568181818181818, "count": 88}, "region": {"avg_spl": 0.3030853883028289, "avg_sr": 0.45081967213114754, "count": 122}, "room": {"avg_spl": 0.3135619373484847, "avg_sr": 0.5339805825242718, "count": 103}}
Elapsed 3 days, 6:34:54 [Metrics] sequence count: 405, invalid_count: 0, follower_error_count: 10, avg_sr: 0.459259, avg_spl: 0.291461

=== Episode ===: 1it [1:11:21, 4281.02s/it][AElapsed 3 days, 6:35:00 

Begin to process [00810-CrMo8WxCyVb_sequence_1_0] type: [instance], Question: [white ceramic toilet with floral artwork above in bathroom with bathtub below black-and-white forest picture and double-sink vanity]

Elapsed 3 days, 6:35:00 Current start position is [    -5.5078     0.05006      9.9492]
Elapsed 3 days, 7:19:58 ===Episode_id 1 task_id 0 task_level=instance===
SR: False, SPL: 0.0, Object category: toilet, goal type: sequence===

Elapsed 3 days, 7:19:58 [baseline] task_level=instance scene=00810-CrMo8WxCyVb episode=1 task=0 sec=2698.226
Elapsed 3 days, 7:19:58 [BASELINE_LIVE_METRICS] rows=406 avg_sr=0.458128 avg_spl=0.290743 follower_error_count=10 levels=[object:n=88,sr=0.556818,spl=0.389186; room:n=103,sr=0.533981,spl=0.313562; region:n=122,sr=0.450820,spl=0.303085; instance:n=93,sr=0.290323,spl=0.156130] latest_scene=00810-CrMo8WxCyVb latest_episode=1 latest_task=0 latest_level=instance by_level={"instance": {"avg_spl": 0.1561297973208874, "avg_sr": 0.2903225806451613, "count": 93}, "object": {"avg_spl": 0.38918582602510904, "avg_sr": 0.5568181818181818, "count": 88}, "region": {"avg_spl": 0.3030853883028289, "avg_sr": 0.45081967213114754, "count": 122}, "room": {"avg_spl": 0.3135619373484847, "avg_sr": 0.5339805825242718, "count": 103}}
Elapsed 3 days, 7:19:58 

Begin to process [00810-CrMo8WxCyVb_sequence_1_1] type: [region], Question: [washing machine in the laundry room that has top-loading washing machine under white cabinets, utility sink beside wicker basket, flower prints]

Elapsed 3 days, 7:19:58 Current start position is [    -5.6252    0.050065      8.2927]
Elapsed 3 days, 7:21:09 ===Episode_id 1 task_id 1 task_level=region===
SR: True, SPL: 0.9255844466232082, Object category: washing machine, goal type: sequence===

Elapsed 3 days, 7:21:09 [baseline] task_level=region scene=00810-CrMo8WxCyVb episode=1 task=1 sec=70.675
Elapsed 3 days, 7:21:09 [BASELINE_LIVE_METRICS] rows=407 avg_sr=0.459459 avg_spl=0.292303 follower_error_count=10 levels=[object:n=88,sr=0.556818,spl=0.389186; room:n=103,sr=0.533981,spl=0.313562; region:n=123,sr=0.455285,spl=0.308146; instance:n=93,sr=0.290323,spl=0.156130] latest_scene=00810-CrMo8WxCyVb latest_episode=1 latest_task=1 latest_level=region by_level={"instance": {"avg_spl": 0.1561297973208874, "avg_sr": 0.2903225806451613, "count": 93}, "object": {"avg_spl": 0.38918582602510904, "avg_sr": 0.5568181818181818, "count": 88}, "region": {"avg_spl": 0.30814635625665304, "avg_sr": 0.45528455284552843, "count": 123}, "room": {"avg_spl": 0.3135619373484847, "avg_sr": 0.5339805825242718, "count": 103}}
Elapsed 3 days, 7:21:09 

Begin to process [00810-CrMo8WxCyVb_sequence_1_2] type: [object], Question: [vase]

Elapsed 3 days, 7:21:09 Current start position is [    0.17284  6.4373e-05      6.4023]
Elapsed 3 days, 7:22:01 ===Episode_id 1 task_id 2 task_level=object===
SR: False, SPL: 0.0, Object category: vase, goal type: sequence===

Elapsed 3 days, 7:22:01 [baseline] task_level=object scene=00810-CrMo8WxCyVb episode=1 task=2 sec=52.310
Elapsed 3 days, 7:22:01 [BASELINE_LIVE_METRICS] rows=408 avg_sr=0.458333 avg_spl=0.291587 follower_error_count=10 levels=[object:n=89,sr=0.550562,spl=0.384813; room:n=103,sr=0.533981,spl=0.313562; region:n=123,sr=0.455285,spl=0.308146; instance:n=93,sr=0.290323,spl=0.156130] latest_scene=00810-CrMo8WxCyVb latest_episode=1 latest_task=2 latest_level=object by_level={"instance": {"avg_spl": 0.1561297973208874, "avg_sr": 0.2903225806451613, "count": 93}, "object": {"avg_spl": 0.3848129515753887, "avg_sr": 0.550561797752809, "count": 89}, "region": {"avg_spl": 0.30814635625665304, "avg_sr": 0.45528455284552843, "count": 123}, "room": {"avg_spl": 0.3135619373484847, "avg_sr": 0.5339805825242718, "count": 103}}
Elapsed 3 days, 7:22:01 

Begin to process [00810-CrMo8WxCyVb_sequence_1_3] type: [object], Question: [dresser]

Elapsed 3 days, 7:22:01 Current start position is [   -0.63894    0.050065      7.6621]
Elapsed 3 days, 7:22:59 ===Episode_id 1 task_id 3 task_level=object===
SR: True, SPL: 0.0045027633083166, Object category: dresser, goal type: sequence===

Elapsed 3 days, 7:22:59 [baseline] task_level=object scene=00810-CrMo8WxCyVb episode=1 task=3 sec=57.772
Elapsed 3 days, 7:22:59 [BASELINE_LIVE_METRICS] rows=409 avg_sr=0.459658 avg_spl=0.290885 follower_error_count=10 levels=[object:n=90,sr=0.555556,spl=0.380587; room:n=103,sr=0.533981,spl=0.313562; region:n=123,sr=0.455285,spl=0.308146; instance:n=93,sr=0.290323,spl=0.156130] latest_scene=00810-CrMo8WxCyVb latest_episode=1 latest_task=3 latest_level=object by_level={"instance": {"avg_spl": 0.1561297973208874, "avg_sr": 0.2903225806451613, "count": 93}, "object": {"avg_spl": 0.38058728281686566, "avg_sr": 0.5555555555555556, "count": 90}, "region": {"avg_spl": 0.30814635625665304, "avg_sr": 0.45528455284552843, "count": 123}, "room": {"avg_spl": 0.3135619373484847, "avg_sr": 0.5339805825242718, "count": 103}}
Elapsed 3 days, 7:22:59 

Begin to process [00810-CrMo8WxCyVb_sequence_1_4] type: [region], Question: [towel in the bathroom that has bathtub with black-and-white forest picture above, toilet below grayscale floral picture, walk-in shower, white double-sink bath vanity with mirror]

Elapsed 3 days, 7:22:59 Current start position is [    -2.9228    0.037217       2.261]
Elapsed 3 days, 7:24:07 ===Episode_id 1 task_id 4 task_level=region===
SR: False, SPL: 0.0, Object category: towel, goal type: sequence===

Elapsed 3 days, 7:24:07 [baseline] task_level=region scene=00810-CrMo8WxCyVb episode=1 task=4 sec=68.412
Elapsed 3 days, 7:24:07 [BASELINE_LIVE_METRICS] rows=410 avg_sr=0.458537 avg_spl=0.290175 follower_error_count=10 levels=[object:n=90,sr=0.555556,spl=0.380587; room:n=103,sr=0.533981,spl=0.313562; region:n=124,sr=0.451613,spl=0.305661; instance:n=93,sr=0.290323,spl=0.156130] latest_scene=00810-CrMo8WxCyVb latest_episode=1 latest_task=4 latest_level=region by_level={"instance": {"avg_spl": 0.1561297973208874, "avg_sr": 0.2903225806451613, "count": 93}, "object": {"avg_spl": 0.38058728281686566, "avg_sr": 0.5555555555555556, "count": 90}, "region": {"avg_spl": 0.3056613049965188, "avg_sr": 0.45161290322580644, "count": 124}, "room": {"avg_spl": 0.3135619373484847, "avg_sr": 0.5339805825242718, "count": 103}}
Elapsed 3 days, 7:24:07 [Metrics] sequence count: 410, invalid_count: 0, follower_error_count: 10, avg_sr: 0.458537, avg_spl: 0.290175

=== Episode ===: 2it [2:00:34, 3499.91s/it][AElapsed 3 days, 7:24:14 

Begin to process [00810-CrMo8WxCyVb_sequence_2_0] type: [instance], Question: [right wood nightstand with lamp beside white quilted bed with three gray pillows and beige headboard near flower picture above gray cushioned bench]

Elapsed 3 days, 7:24:14 Current start position is [    -4.5336     0.05006      6.5406]
Elapsed 3 days, 7:47:17 ===Episode_id 2 task_id 0 task_level=instance===
SR: False, SPL: 0.0, Object category: cabinet, goal type: sequence===

Elapsed 3 days, 7:47:17 [baseline] task_level=instance scene=00810-CrMo8WxCyVb episode=2 task=0 sec=1382.350
Elapsed 3 days, 7:47:17 [BASELINE_LIVE_METRICS] rows=411 avg_sr=0.457421 avg_spl=0.289469 follower_error_count=10 levels=[object:n=90,sr=0.555556,spl=0.380587; room:n=103,sr=0.533981,spl=0.313562; region:n=124,sr=0.451613,spl=0.305661; instance:n=94,sr=0.287234,spl=0.154469] latest_scene=00810-CrMo8WxCyVb latest_episode=2 latest_task=0 latest_level=instance by_level={"instance": {"avg_spl": 0.15446884203023967, "avg_sr": 0.2872340425531915, "count": 94}, "object": {"avg_spl": 0.38058728281686566, "avg_sr": 0.5555555555555556, "count": 90}, "region": {"avg_spl": 0.3056613049965188, "avg_sr": 0.45161290322580644, "count": 124}, "room": {"avg_spl": 0.3135619373484847, "avg_sr": 0.5339805825242718, "count": 103}}
Elapsed 3 days, 7:47:17 

Begin to process [00810-CrMo8WxCyVb_sequence_2_1] type: [object], Question: [dresser]

Elapsed 3 days, 7:47:17 Current start position is [    0.97263    0.050065      9.4414]
Elapsed 3 days, 7:47:57 ===Episode_id 2 task_id 1 task_level=object===
SR: True, SPL: 0.06018409538417054, Object category: dresser, goal type: sequence===

Elapsed 3 days, 7:47:57 [baseline] task_level=object scene=00810-CrMo8WxCyVb episode=2 task=1 sec=40.150
Elapsed 3 days, 7:47:57 [BASELINE_LIVE_METRICS] rows=412 avg_sr=0.458738 avg_spl=0.288913 follower_error_count=10 levels=[object:n=91,sr=0.560440,spl=0.377066; room:n=103,sr=0.533981,spl=0.313562; region:n=124,sr=0.451613,spl=0.305661; instance:n=94,sr=0.287234,spl=0.154469] latest_scene=00810-CrMo8WxCyVb latest_episode=2 latest_task=1 latest_level=object by_level={"instance": {"avg_spl": 0.15446884203023967, "avg_sr": 0.2872340425531915, "count": 94}, "object": {"avg_spl": 0.37706636866925364, "avg_sr": 0.5604395604395604, "count": 91}, "region": {"avg_spl": 0.3056613049965188, "avg_sr": 0.45161290322580644, "count": 124}, "room": {"avg_spl": 0.3135619373484847, "avg_sr": 0.5339805825242718, "count": 103}}
Elapsed 3 days, 7:47:57 

Begin to process [00810-CrMo8WxCyVb_sequence_2_2] type: [object], Question: [vase]

Elapsed 3 days, 7:47:57 Current start position is [   -0.73276    0.033641      3.2991]
Elapsed 3 days, 7:48:41 ===Episode_id 2 task_id 2 task_level=object===
SR: False, SPL: 0.0, Object category: vase, goal type: sequence===

Elapsed 3 days, 7:48:41 [baseline] task_level=object scene=00810-CrMo8WxCyVb episode=2 task=2 sec=43.921
Elapsed 3 days, 7:48:41 [BASELINE_LIVE_METRICS] rows=413 avg_sr=0.457627 avg_spl=0.288213 follower_error_count=10 levels=[object:n=92,sr=0.554348,spl=0.372968; room:n=103,sr=0.533981,spl=0.313562; region:n=124,sr=0.451613,spl=0.305661; instance:n=94,sr=0.287234,spl=0.154469] latest_scene=00810-CrMo8WxCyVb latest_episode=2 latest_task=2 latest_level=object by_level={"instance": {"avg_spl": 0.15446884203023967, "avg_sr": 0.2872340425531915, "count": 94}, "object": {"avg_spl": 0.3729678211837183, "avg_sr": 0.5543478260869565, "count": 92}, "region": {"avg_spl": 0.3056613049965188, "avg_sr": 0.45161290322580644, "count": 124}, "room": {"avg_spl": 0.3135619373484847, "avg_sr": 0.5339805825242718, "count": 103}}
Elapsed 3 days, 7:48:41 

Begin to process [00810-CrMo8WxCyVb_sequence_2_3] type: [object], Question: [desk]

Elapsed 3 days, 7:48:41 Current start position is [   -0.72509    0.046319      7.6541]
Elapsed 3 days, 7:49:21 ===Episode_id 2 task_id 3 task_level=object===
SR: False, SPL: 0.0, Object category: desk, goal type: sequence===

Elapsed 3 days, 7:49:21 [baseline] task_level=object scene=00810-CrMo8WxCyVb episode=2 task=3 sec=40.519
Elapsed 3 days, 7:49:21 [BASELINE_LIVE_METRICS] rows=414 avg_sr=0.456522 avg_spl=0.287517 follower_error_count=10 levels=[object:n=93,sr=0.548387,spl=0.368957; room:n=103,sr=0.533981,spl=0.313562; region:n=124,sr=0.451613,spl=0.305661; instance:n=94,sr=0.287234,spl=0.154469] latest_scene=00810-CrMo8WxCyVb latest_episode=2 latest_task=3 latest_level=object by_level={"instance": {"avg_spl": 0.15446884203023967, "avg_sr": 0.2872340425531915, "count": 94}, "object": {"avg_spl": 0.36895741450432346, "avg_sr": 0.5483870967741935, "count": 93}, "region": {"avg_spl": 0.3056613049965188, "avg_sr": 0.45161290322580644, "count": 124}, "room": {"avg_spl": 0.3135619373484847, "avg_sr": 0.5339805825242718, "count": 103}}
Elapsed 3 days, 7:49:21 

Begin to process [00810-CrMo8WxCyVb_sequence_2_4] type: [region], Question: [bathroom cabinet in the bathroom that has bathtub with black-and-white forest picture above, toilet below grayscale floral picture, walk-in shower, white double-sink bath vanity with mirror]

Elapsed 3 days, 7:49:21 Current start position is [    0.30238    0.021452      8.0999]
Elapsed 3 days, 7:50:27 ===Episode_id 2 task_id 4 task_level=region===
SR: False, SPL: 0.0, Object category: bathroom cabinet, goal type: sequence===

Elapsed 3 days, 7:50:27 [baseline] task_level=region scene=00810-CrMo8WxCyVb episode=2 task=4 sec=65.774
Elapsed 3 days, 7:50:27 [BASELINE_LIVE_METRICS] rows=415 avg_sr=0.455422 avg_spl=0.286824 follower_error_count=10 levels=[object:n=93,sr=0.548387,spl=0.368957; room:n=103,sr=0.533981,spl=0.313562; region:n=125,sr=0.448000,spl=0.303216; instance:n=94,sr=0.287234,spl=0.154469] latest_scene=00810-CrMo8WxCyVb latest_episode=2 latest_task=4 latest_level=region by_level={"instance": {"avg_spl": 0.15446884203023967, "avg_sr": 0.2872340425531915, "count": 94}, "object": {"avg_spl": 0.36895741450432346, "avg_sr": 0.5483870967741935, "count": 93}, "region": {"avg_spl": 0.3032160145565466, "avg_sr": 0.448, "count": 125}, "room": {"avg_spl": 0.3135619373484847, "avg_sr": 0.5339805825242718, "count": 103}}
Elapsed 3 days, 7:50:27 [Metrics] sequence count: 415, invalid_count: 0, follower_error_count: 10, avg_sr: 0.455422, avg_spl: 0.286824

=== Episode ===: 3it [2:26:53, 2623.08s/it][AElapsed 3 days, 7:50:33 

Begin to process [00810-CrMo8WxCyVb_sequence_3_0] type: [instance], Question: [beige dresser with sculpture below black-framed mirror in bedroom with bed with gray pillows and flower picture above bench]

Elapsed 3 days, 7:50:33 Current start position is [     1.4797     0.05006      8.3842]
Elapsed 3 days, 8:09:17 ===Episode_id 3 task_id 0 task_level=instance===
SR: False, SPL: 0.0, Object category: cabinet, goal type: sequence===

Elapsed 3 days, 8:09:17 [baseline] task_level=instance scene=00810-CrMo8WxCyVb episode=3 task=0 sec=1123.712
Elapsed 3 days, 8:09:17 [BASELINE_LIVE_METRICS] rows=416 avg_sr=0.454327 avg_spl=0.286135 follower_error_count=10 levels=[object:n=93,sr=0.548387,spl=0.368957; room:n=103,sr=0.533981,spl=0.313562; region:n=125,sr=0.448000,spl=0.303216; instance:n=95,sr=0.284211,spl=0.152843] latest_scene=00810-CrMo8WxCyVb latest_episode=3 latest_task=0 latest_level=instance by_level={"instance": {"avg_spl": 0.15284285421939503, "avg_sr": 0.28421052631578947, "count": 95}, "object": {"avg_spl": 0.36895741450432346, "avg_sr": 0.5483870967741935, "count": 93}, "region": {"avg_spl": 0.3032160145565466, "avg_sr": 0.448, "count": 125}, "room": {"avg_spl": 0.3135619373484847, "avg_sr": 0.5339805825242718, "count": 103}}
Elapsed 3 days, 8:09:17 

Begin to process [00810-CrMo8WxCyVb_sequence_3_1] type: [region], Question: [dresser in the bedroom that has white quilted bed with gray headboard below paintings of women in urban scenes, two stacked botanical leaf illustrations, mirror above white dresser, and white nightstand with photo]

Elapsed 3 days, 8:09:17 Current start position is [    0.93469    0.050065      9.5722]
Elapsed 3 days, 8:11:30 ===Episode_id 3 task_id 1 task_level=region===
SR: False, SPL: 0.0, Object category: dresser, goal type: sequence===

Elapsed 3 days, 8:11:30 [baseline] task_level=region scene=00810-CrMo8WxCyVb episode=3 task=1 sec=132.893
Elapsed 3 days, 8:11:30 [BASELINE_LIVE_METRICS] rows=417 avg_sr=0.453237 avg_spl=0.285448 follower_error_count=10 levels=[object:n=93,sr=0.548387,spl=0.368957; room:n=103,sr=0.533981,spl=0.313562; region:n=126,sr=0.444444,spl=0.300810; instance:n=95,sr=0.284211,spl=0.152843] latest_scene=00810-CrMo8WxCyVb latest_episode=3 latest_task=1 latest_level=region by_level={"instance": {"avg_spl": 0.15284285421939503, "avg_sr": 0.28421052631578947, "count": 95}, "object": {"avg_spl": 0.36895741450432346, "avg_sr": 0.5483870967741935, "count": 93}, "region": {"avg_spl": 0.3008095382505423, "avg_sr": 0.4444444444444444, "count": 126}, "room": {"avg_spl": 0.3135619373484847, "avg_sr": 0.5339805825242718, "count": 103}}
Elapsed 3 days, 8:11:30 

Begin to process [00810-CrMo8WxCyVb_sequence_3_2] type: [region], Question: [vase in the bedroom that has white quilted bed with three gray pillows and beige headboard, flower picture above gray cushioned bench, rectangular mirror above beige dresser with statue, and wood nightstands by white curtains]

Elapsed 3 days, 8:11:30 Current start position is [     1.0396    0.050065      9.8893]
Elapsed 3 days, 8:18:08 ===Episode_id 3 task_id 2 task_level=region===
SR: False, SPL: 0.0, Object category: vase, goal type: sequence===

Elapsed 3 days, 8:18:08 [baseline] task_level=region scene=00810-CrMo8WxCyVb episode=3 task=2 sec=397.439
Elapsed 3 days, 8:18:08 [BASELINE_LIVE_METRICS] rows=418 avg_sr=0.452153 avg_spl=0.284766 follower_error_count=10 levels=[object:n=93,sr=0.548387,spl=0.368957; room:n=103,sr=0.533981,spl=0.313562; region:n=127,sr=0.440945,spl=0.298441; instance:n=95,sr=0.284211,spl=0.152843] latest_scene=00810-CrMo8WxCyVb latest_episode=3 latest_task=2 latest_level=region by_level={"instance": {"avg_spl": 0.15284285421939503, "avg_sr": 0.28421052631578947, "count": 95}, "object": {"avg_spl": 0.36895741450432346, "avg_sr": 0.5483870967741935, "count": 93}, "region": {"avg_spl": 0.29844095920919944, "avg_sr": 0.4409448818897638, "count": 127}, "room": {"avg_spl": 0.3135619373484847, "avg_sr": 0.5339805825242718, "count": 103}}
Elapsed 3 days, 8:18:08 

Begin to process [00810-CrMo8WxCyVb_sequence_3_3] type: [room], Question: [sculpture in the bedroom]

Elapsed 3 days, 8:18:08 Current start position is [     1.5683    0.050065      7.7128]
Elapsed 3 days, 8:19:57 geodesic_distance: 9.717069625854492
Elapsed 3 days, 8:19:57 [baseline][follow-error] scene=00810-CrMo8WxCyVb episode_id=3 task_id=3 task_level=room final=False error=GreedyFollowerError path_found=True
Elapsed 3 days, 8:19:57 ===Episode_id 3 task_id 3 task_level=room===
SR: 0, SPL: 0, Object category: sculpture, goal type: sequence===

Elapsed 3 days, 8:19:57 [baseline] task_level=room scene=00810-CrMo8WxCyVb episode=3 task=3 sec=109.367
Elapsed 3 days, 8:19:57 [BASELINE_LIVE_METRICS] rows=419 avg_sr=0.451074 avg_spl=0.284086 follower_error_count=11 levels=[object:n=93,sr=0.548387,spl=0.368957; room:n=104,sr=0.528846,spl=0.310547; region:n=127,sr=0.440945,spl=0.298441; instance:n=95,sr=0.284211,spl=0.152843] latest_scene=00810-CrMo8WxCyVb latest_episode=3 latest_task=3 latest_level=room by_level={"instance": {"avg_spl": 0.15284285421939503, "avg_sr": 0.28421052631578947, "count": 95}, "object": {"avg_spl": 0.36895741450432346, "avg_sr": 0.5483870967741935, "count": 93}, "region": {"avg_spl": 0.29844095920919944, "avg_sr": 0.4409448818897638, "count": 127}, "room": {"avg_spl": 0.3105469187201339, "avg_sr": 0.5288461538461539, "count": 104}}
Elapsed 3 days, 8:19:57 

Begin to process [00810-CrMo8WxCyVb_sequence_3_4] type: [region], Question: [toilet in the bathroom that has bathtub with black-and-white forest picture above, toilet below grayscale floral picture, walk-in shower, white double-sink bath vanity with mirror]

Elapsed 3 days, 8:19:57 Current start position is [    -5.5138    0.050065      4.0024]
Elapsed 3 days, 8:21:00 geodesic_distance: 8.242712020874023
Elapsed 3 days, 8:21:00 [baseline][follow-error] scene=00810-CrMo8WxCyVb episode_id=3 task_id=4 task_level=region final=False error=GreedyFollowerError path_found=True
Elapsed 3 days, 8:21:00 ===Episode_id 3 task_id 4 task_level=region===
SR: 0, SPL: 0, Object category: toilet, goal type: sequence===

Elapsed 3 days, 8:21:00 [baseline] task_level=region scene=00810-CrMo8WxCyVb episode=3 task=4 sec=63.272
Elapsed 3 days, 8:21:00 [BASELINE_LIVE_METRICS] rows=420 avg_sr=0.450000 avg_spl=0.283410 follower_error_count=12 levels=[object:n=93,sr=0.548387,spl=0.368957; room:n=104,sr=0.528846,spl=0.310547; region:n=128,sr=0.437500,spl=0.296109; instance:n=95,sr=0.284211,spl=0.152843] latest_scene=00810-CrMo8WxCyVb latest_episode=3 latest_task=4 latest_level=region by_level={"instance": {"avg_spl": 0.15284285421939503, "avg_sr": 0.28421052631578947, "count": 95}, "object": {"avg_spl": 0.36895741450432346, "avg_sr": 0.5483870967741935, "count": 93}, "region": {"avg_spl": 0.29610938921537755, "avg_sr": 0.4375, "count": 128}, "room": {"avg_spl": 0.3105469187201339, "avg_sr": 0.5288461538461539, "count": 104}}
Elapsed 3 days, 8:21:00 [Metrics] sequence count: 420, invalid_count: 0, follower_error_count: 12, avg_sr: 0.450000, avg_spl: 0.283410

=== Episode ===: 4it [2:57:26, 2311.24s/it][AElapsed 3 days, 8:21:07 

Begin to process [00810-CrMo8WxCyVb_sequence_4_0] type: [instance], Question: [white upper laundry cabinet above washing machine beside utility sink and wicker basket]

Elapsed 3 days, 8:21:07 Current start position is [    -2.7381     0.01133       2.807]
Elapsed 3 days, 9:18:23 ===Episode_id 4 task_id 0 task_level=instance===
SR: False, SPL: 0.0, Object category: cabinet, goal type: sequence===

Elapsed 3 days, 9:18:23 [baseline] task_level=instance scene=00810-CrMo8WxCyVb episode=4 task=0 sec=3435.684
Elapsed 3 days, 9:18:23 [BASELINE_LIVE_METRICS] rows=421 avg_sr=0.448931 avg_spl=0.282736 follower_error_count=12 levels=[object:n=93,sr=0.548387,spl=0.368957; room:n=104,sr=0.528846,spl=0.310547; region:n=128,sr=0.437500,spl=0.296109; instance:n=96,sr=0.281250,spl=0.151251] latest_scene=00810-CrMo8WxCyVb latest_episode=4 latest_task=0 latest_level=instance by_level={"instance": {"avg_spl": 0.15125074115460965, "avg_sr": 0.28125, "count": 96}, "object": {"avg_spl": 0.36895741450432346, "avg_sr": 0.5483870967741935, "count": 93}, "region": {"avg_spl": 0.29610938921537755, "avg_sr": 0.4375, "count": 128}, "room": {"avg_spl": 0.3105469187201339, "avg_sr": 0.5288461538461539, "count": 104}}
Elapsed 3 days, 9:18:23 

Begin to process [00810-CrMo8WxCyVb_sequence_4_1] type: [object], Question: [towel]

Elapsed 3 days, 9:18:23 Current start position is [    -0.8887  6.4373e-05      6.1814]
Elapsed 3 days, 9:19:09 ===Episode_id 4 task_id 1 task_level=object===
SR: True, SPL: 0.27830418979133864, Object category: towel, goal type: sequence===

Elapsed 3 days, 9:19:09 [baseline] task_level=object scene=00810-CrMo8WxCyVb episode=4 task=1 sec=46.150
Elapsed 3 days, 9:19:09 [BASELINE_LIVE_METRICS] rows=422 avg_sr=0.450237 avg_spl=0.282726 follower_error_count=12 levels=[object:n=94,sr=0.553191,spl=0.367993; room:n=104,sr=0.528846,spl=0.310547; region:n=128,sr=0.437500,spl=0.296109; instance:n=96,sr=0.281250,spl=0.151251] latest_scene=00810-CrMo8WxCyVb latest_episode=4 latest_task=1 latest_level=object by_level={"instance": {"avg_spl": 0.15125074115460965, "avg_sr": 0.28125, "count": 96}, "object": {"avg_spl": 0.36799301849673854, "avg_sr": 0.5531914893617021, "count": 94}, "region": {"avg_spl": 0.29610938921537755, "avg_sr": 0.4375, "count": 128}, "room": {"avg_spl": 0.3105469187201339, "avg_sr": 0.5288461538461539, "count": 104}}
Elapsed 3 days, 9:19:09 

Begin to process [00810-CrMo8WxCyVb_sequence_4_2] type: [object], Question: [bath vanity]

Elapsed 3 days, 9:19:09 Current start position is [     1.0534     0.03833    0.093764]
Elapsed 3 days, 9:20:06 ===Episode_id 4 task_id 2 task_level=object===
SR: False, SPL: 0.0, Object category: bath vanity, goal type: sequence===

Elapsed 3 days, 9:20:06 [baseline] task_level=object scene=00810-CrMo8WxCyVb episode=4 task=2 sec=57.135
Elapsed 3 days, 9:20:06 [BASELINE_LIVE_METRICS] rows=423 avg_sr=0.449173 avg_spl=0.282057 follower_error_count=12 levels=[object:n=95,sr=0.547368,spl=0.364119; room:n=104,sr=0.528846,spl=0.310547; region:n=128,sr=0.437500,spl=0.296109; instance:n=96,sr=0.281250,spl=0.151251] latest_scene=00810-CrMo8WxCyVb latest_episode=4 latest_task=2 latest_level=object by_level={"instance": {"avg_spl": 0.15125074115460965, "avg_sr": 0.28125, "count": 96}, "object": {"avg_spl": 0.36411940777572027, "avg_sr": 0.5473684210526316, "count": 95}, "region": {"avg_spl": 0.29610938921537755, "avg_sr": 0.4375, "count": 128}, "room": {"avg_spl": 0.3105469187201339, "avg_sr": 0.5288461538461539, "count": 104}}
Elapsed 3 days, 9:20:06 

Begin to process [00810-CrMo8WxCyVb_sequence_4_3] type: [room], Question: [bed in the bedroom]

Elapsed 3 days, 9:20:06 Current start position is [    -0.4228    0.052405      -1.022]
Elapsed 3 days, 9:21:00 ===Episode_id 4 task_id 3 task_level=room===
SR: True, SPL: 0.27818226267208424, Object category: bed, goal type: sequence===

Elapsed 3 days, 9:21:00 [baseline] task_level=room scene=00810-CrMo8WxCyVb episode=4 task=3 sec=53.737
Elapsed 3 days, 9:21:00 [BASELINE_LIVE_METRICS] rows=424 avg_sr=0.450472 avg_spl=0.282048 follower_error_count=12 levels=[object:n=95,sr=0.547368,spl=0.364119; room:n=105,sr=0.533333,spl=0.310239; region:n=128,sr=0.437500,spl=0.296109; instance:n=96,sr=0.281250,spl=0.151251] latest_scene=00810-CrMo8WxCyVb latest_episode=4 latest_task=3 latest_level=room by_level={"instance": {"avg_spl": 0.15125074115460965, "avg_sr": 0.28125, "count": 96}, "object": {"avg_spl": 0.36411940777572027, "avg_sr": 0.5473684210526316, "count": 95}, "region": {"avg_spl": 0.29610938921537755, "avg_sr": 0.4375, "count": 128}, "room": {"avg_spl": 0.31023868390062864, "avg_sr": 0.5333333333333333, "count": 105}}
Elapsed 3 days, 9:21:00 

Begin to process [00810-CrMo8WxCyVb_sequence_4_4] type: [region], Question: [desk in the office that has glass table with white chairs and tall wood cabinet]

Elapsed 3 days, 9:21:00 Current start position is [     1.0279    0.050065      9.7702]
Elapsed 3 days, 9:22:18 ===Episode_id 4 task_id 4 task_level=region===
SR: False, SPL: 0.0, Object category: desk, goal type: sequence===

Elapsed 3 days, 9:22:18 [baseline] task_level=region scene=00810-CrMo8WxCyVb episode=4 task=4 sec=78.004
Elapsed 3 days, 9:22:18 [BASELINE_LIVE_METRICS] rows=425 avg_sr=0.449412 avg_spl=0.281385 follower_error_count=12 levels=[object:n=95,sr=0.547368,spl=0.364119; room:n=105,sr=0.533333,spl=0.310239; region:n=129,sr=0.434109,spl=0.293814; instance:n=96,sr=0.281250,spl=0.151251] latest_scene=00810-CrMo8WxCyVb latest_episode=4 latest_task=4 latest_level=region by_level={"instance": {"avg_spl": 0.15125074115460965, "avg_sr": 0.28125, "count": 96}, "object": {"avg_spl": 0.36411940777572027, "avg_sr": 0.5473684210526316, "count": 95}, "region": {"avg_spl": 0.29381396759355294, "avg_sr": 0.43410852713178294, "count": 129}, "room": {"avg_spl": 0.31023868390062864, "avg_sr": 0.5333333333333333, "count": 105}}
Elapsed 3 days, 9:22:18 [Metrics] sequence count: 425, invalid_count: 0, follower_error_count: 12, avg_sr: 0.449412, avg_spl: 0.281385

=== Episode ===: 5it [3:58:44, 2804.05s/it][AElapsed 3 days, 9:22:25 

Begin to process [00810-CrMo8WxCyVb_sequence_5_0] type: [instance], Question: [white top-loading washing machine in a laundry room with a utility sink and a wicker basket]

Elapsed 3 days, 9:22:25 Current start position is [     1.3112     0.05006      2.5512]
Elapsed 3 days, 9:49:30 ===Episode_id 5 task_id 0 task_level=instance===
SR: True, SPL: 0.6009712508259903, Object category: washing machine, goal type: sequence===

Elapsed 3 days, 9:49:30 [baseline] task_level=instance scene=00810-CrMo8WxCyVb episode=5 task=0 sec=1625.651
Elapsed 3 days, 9:49:30 [BASELINE_LIVE_METRICS] rows=426 avg_sr=0.450704 avg_spl=0.282135 follower_error_count=12 levels=[object:n=95,sr=0.547368,spl=0.364119; room:n=105,sr=0.533333,spl=0.310239; region:n=129,sr=0.434109,spl=0.293814; instance:n=97,sr=0.288660,spl=0.155887] latest_scene=00810-CrMo8WxCyVb latest_episode=5 latest_task=0 latest_level=instance by_level={"instance": {"avg_spl": 0.1558870350687476, "avg_sr": 0.28865979381443296, "count": 97}, "object": {"avg_spl": 0.36411940777572027, "avg_sr": 0.5473684210526316, "count": 95}, "region": {"avg_spl": 0.29381396759355294, "avg_sr": 0.43410852713178294, "count": 129}, "room": {"avg_spl": 0.31023868390062864, "avg_sr": 0.5333333333333333, "count": 105}}
Elapsed 3 days, 9:49:30 

Begin to process [00810-CrMo8WxCyVb_sequence_5_1] type: [region], Question: [bathtub in the bathroom that has bathtub with black-and-white forest picture above, toilet below grayscale floral picture, walk-in shower, white double-sink bath vanity with mirror]

Elapsed 3 days, 9:49:30 Current start position is [    0.32711  6.4373e-05      6.3811]
Elapsed 3 days, 9:56:08 ===Episode_id 5 task_id 1 task_level=region===
SR: False, SPL: 0.0, Object category: bathtub, goal type: sequence===

Elapsed 3 days, 9:56:08 [baseline] task_level=region scene=00810-CrMo8WxCyVb episode=5 task=1 sec=397.752
Elapsed 3 days, 9:56:08 [BASELINE_LIVE_METRICS] rows=427 avg_sr=0.449649 avg_spl=0.281474 follower_error_count=12 levels=[object:n=95,sr=0.547368,spl=0.364119; room:n=105,sr=0.533333,spl=0.310239; region:n=130,sr=0.430769,spl=0.291554; instance:n=97,sr=0.288660,spl=0.155887] latest_scene=00810-CrMo8WxCyVb latest_episode=5 latest_task=1 latest_level=region by_level={"instance": {"avg_spl": 0.1558870350687476, "avg_sr": 0.28865979381443296, "count": 97}, "object": {"avg_spl": 0.36411940777572027, "avg_sr": 0.5473684210526316, "count": 95}, "region": {"avg_spl": 0.2915538601505256, "avg_sr": 0.4307692307692308, "count": 130}, "room": {"avg_spl": 0.31023868390062864, "avg_sr": 0.5333333333333333, "count": 105}}
Elapsed 3 days, 9:56:08 

Begin to process [00810-CrMo8WxCyVb_sequence_5_2] type: [region], Question: [dresser in the bedroom that has white quilted bed with gray headboard below paintings of women in urban scenes, two stacked botanical leaf illustrations, mirror above white dresser, and white nightstand with photo]

Elapsed 3 days, 9:56:08 Current start position is [    -3.4726    0.050065      9.7264]
Elapsed 3 days, 9:57:07 ===Episode_id 5 task_id 2 task_level=region===
SR: False, SPL: 0.0, Object category: dresser, goal type: sequence===

Elapsed 3 days, 9:57:07 [baseline] task_level=region scene=00810-CrMo8WxCyVb episode=5 task=2 sec=59.029
Elapsed 3 days, 9:57:07 [BASELINE_LIVE_METRICS] rows=428 avg_sr=0.448598 avg_spl=0.280816 follower_error_count=12 levels=[object:n=95,sr=0.547368,spl=0.364119; room:n=105,sr=0.533333,spl=0.310239; region:n=131,sr=0.427481,spl=0.289328; instance:n=97,sr=0.288660,spl=0.155887] latest_scene=00810-CrMo8WxCyVb latest_episode=5 latest_task=2 latest_level=region by_level={"instance": {"avg_spl": 0.1558870350687476, "avg_sr": 0.28865979381443296, "count": 97}, "object": {"avg_spl": 0.36411940777572027, "avg_sr": 0.5473684210526316, "count": 95}, "region": {"avg_spl": 0.2893282581646437, "avg_sr": 0.42748091603053434, "count": 131}, "room": {"avg_spl": 0.31023868390062864, "avg_sr": 0.5333333333333333, "count": 105}}
Elapsed 3 days, 9:57:07 

Begin to process [00810-CrMo8WxCyVb_sequence_5_3] type: [region], Question: [toilet in the bathroom that has bathtub with black-and-white forest picture above, toilet below grayscale floral picture, walk-in shower, white double-sink bath vanity with mirror]

Elapsed 3 days, 9:57:07 Current start position is [     1.2334    0.050065      9.8935]
Elapsed 3 days, 9:58:09 ===Episode_id 5 task_id 3 task_level=region===
SR: False, SPL: 0.0, Object category: toilet, goal type: sequence===

Elapsed 3 days, 9:58:09 [baseline] task_level=region scene=00810-CrMo8WxCyVb episode=5 task=3 sec=62.064
Elapsed 3 days, 9:58:09 [BASELINE_LIVE_METRICS] rows=429 avg_sr=0.447552 avg_spl=0.280162 follower_error_count=12 levels=[object:n=95,sr=0.547368,spl=0.364119; room:n=105,sr=0.533333,spl=0.310239; region:n=132,sr=0.424242,spl=0.287136; instance:n=97,sr=0.288660,spl=0.155887] latest_scene=00810-CrMo8WxCyVb latest_episode=5 latest_task=3 latest_level=region by_level={"instance": {"avg_spl": 0.1558870350687476, "avg_sr": 0.28865979381443296, "count": 97}, "object": {"avg_spl": 0.36411940777572027, "avg_sr": 0.5473684210526316, "count": 95}, "region": {"avg_spl": 0.28713637742097214, "avg_sr": 0.42424242424242425, "count": 132}, "room": {"avg_spl": 0.31023868390062864, "avg_sr": 0.5333333333333333, "count": 105}}
Elapsed 3 days, 9:58:09 

Begin to process [00810-CrMo8WxCyVb_sequence_5_4] type: [room], Question: [sink cabinet in the laundry room]

Elapsed 3 days, 9:58:09 Current start position is [    -3.4533    0.050065      9.7435]
Elapsed 3 days, 9:58:52 ===Episode_id 5 task_id 4 task_level=room===
SR: False, SPL: 0.0, Object category: sink cabinet, goal type: sequence===

Elapsed 3 days, 9:58:52 [baseline] task_level=room scene=00810-CrMo8WxCyVb episode=5 task=4 sec=42.608
Elapsed 3 days, 9:58:52 [BASELINE_LIVE_METRICS] rows=430 avg_sr=0.446512 avg_spl=0.279510 follower_error_count=12 levels=[object:n=95,sr=0.547368,spl=0.364119; room:n=106,sr=0.528302,spl=0.307312; region:n=132,sr=0.424242,spl=0.287136; instance:n=97,sr=0.288660,spl=0.155887] latest_scene=00810-CrMo8WxCyVb latest_episode=5 latest_task=4 latest_level=room by_level={"instance": {"avg_spl": 0.1558870350687476, "avg_sr": 0.28865979381443296, "count": 97}, "object": {"avg_spl": 0.36411940777572027, "avg_sr": 0.5473684210526316, "count": 95}, "region": {"avg_spl": 0.28713637742097214, "avg_sr": 0.42424242424242425, "count": 132}, "room": {"avg_spl": 0.3073119038638303, "avg_sr": 0.5283018867924528, "count": 106}}
Elapsed 3 days, 9:58:52 [Metrics] sequence count: 430, invalid_count: 0, follower_error_count: 12, avg_sr: 0.446512, avg_spl: 0.279510

=== Episode ===: 6it [4:35:18, 2596.54s/it][AElapsed 3 days, 9:58:59 

Begin to process [00810-CrMo8WxCyVb_sequence_6_0] type: [instance], Question: [stainless steel rectangular utility sink in laundry room with washing machine beside wicker basket]

Elapsed 3 days, 9:58:59 Current start position is [    -4.1502     0.00105      1.4804]
Elapsed 3 days, 10:30:19 ===Episode_id 6 task_id 0 task_level=instance===
SR: True, SPL: 0.312472061934733, Object category: sink, goal type: sequence===

Elapsed 3 days, 10:30:19 [baseline] task_level=instance scene=00810-CrMo8WxCyVb episode=6 task=0 sec=1880.078
Elapsed 3 days, 10:30:19 [BASELINE_LIVE_METRICS] rows=431 avg_sr=0.447796 avg_spl=0.279587 follower_error_count=12 levels=[object:n=95,sr=0.547368,spl=0.364119; room:n=106,sr=0.528302,spl=0.307312; region:n=132,sr=0.424242,spl=0.287136; instance:n=98,sr=0.295918,spl=0.157485] latest_scene=00810-CrMo8WxCyVb latest_episode=6 latest_task=0 latest_level=instance by_level={"instance": {"avg_spl": 0.15748484146533928, "avg_sr": 0.29591836734693877, "count": 98}, "object": {"avg_spl": 0.36411940777572027, "avg_sr": 0.5473684210526316, "count": 95}, "region": {"avg_spl": 0.28713637742097214, "avg_sr": 0.42424242424242425, "count": 132}, "room": {"avg_spl": 0.3073119038638303, "avg_sr": 0.5283018867924528, "count": 106}}
Elapsed 3 days, 10:30:19 

Begin to process [00810-CrMo8WxCyVb_sequence_6_1] type: [object], Question: [vase]

Elapsed 3 days, 10:30:19 Current start position is [    0.28179  6.4373e-05      6.3591]
Elapsed 3 days, 10:31:06 ===Episode_id 6 task_id 1 task_level=object===
SR: False, SPL: 0.0, Object category: vase, goal type: sequence===

Elapsed 3 days, 10:31:06 [baseline] task_level=object scene=00810-CrMo8WxCyVb episode=6 task=1 sec=47.227
Elapsed 3 days, 10:31:06 [BASELINE_LIVE_METRICS] rows=432 avg_sr=0.446759 avg_spl=0.278940 follower_error_count=12 levels=[object:n=96,sr=0.541667,spl=0.360326; room:n=106,sr=0.528302,spl=0.307312; region:n=132,sr=0.424242,spl=0.287136; instance:n=98,sr=0.295918,spl=0.157485] latest_scene=00810-CrMo8WxCyVb latest_episode=6 latest_task=1 latest_level=object by_level={"instance": {"avg_spl": 0.15748484146533928, "avg_sr": 0.29591836734693877, "count": 98}, "object": {"avg_spl": 0.3603264972780565, "avg_sr": 0.5416666666666666, "count": 96}, "region": {"avg_spl": 0.28713637742097214, "avg_sr": 0.42424242424242425, "count": 132}, "room": {"avg_spl": 0.3073119038638303, "avg_sr": 0.5283018867924528, "count": 106}}
Elapsed 3 days, 10:31:06 

Begin to process [00810-CrMo8WxCyVb_sequence_6_2] type: [region], Question: [sink cabinet in the laundry room that has top-loading washing machine under white cabinets, utility sink beside wicker basket, flower prints]

Elapsed 3 days, 10:31:06 Current start position is [       1.46    0.050065      2.1499]
Elapsed 3 days, 10:40:54 ===Episode_id 6 task_id 2 task_level=region===
SR: True, SPL: 0.2307983513813385, Object category: sink cabinet, goal type: sequence===

Elapsed 3 days, 10:40:54 [baseline] task_level=region scene=00810-CrMo8WxCyVb episode=6 task=2 sec=588.015
Elapsed 3 days, 10:40:54 [BASELINE_LIVE_METRICS] rows=433 avg_sr=0.448037 avg_spl=0.278828 follower_error_count=12 levels=[object:n=96,sr=0.541667,spl=0.360326; room:n=106,sr=0.528302,spl=0.307312; region:n=133,sr=0.428571,spl=0.286713; instance:n=98,sr=0.295918,spl=0.157485] latest_scene=00810-CrMo8WxCyVb latest_episode=6 latest_task=2 latest_level=region by_level={"instance": {"avg_spl": 0.15748484146533928, "avg_sr": 0.29591836734693877, "count": 98}, "object": {"avg_spl": 0.3603264972780565, "avg_sr": 0.5416666666666666, "count": 96}, "region": {"avg_spl": 0.28671278324022303, "avg_sr": 0.42857142857142855, "count": 133}, "room": {"avg_spl": 0.3073119038638303, "avg_sr": 0.5283018867924528, "count": 106}}
Elapsed 3 days, 10:40:54 

Begin to process [00810-CrMo8WxCyVb_sequence_6_3] type: [room], Question: [cabinet in the bedroom]

Elapsed 3 days, 10:40:54 Current start position is [    0.17757  6.4373e-05      6.3213]
Elapsed 3 days, 10:41:59 ===Episode_id 6 task_id 3 task_level=room===
SR: False, SPL: 0.0, Object category: cabinet, goal type: sequence===

Elapsed 3 days, 10:41:59 [baseline] task_level=room scene=00810-CrMo8WxCyVb episode=6 task=3 sec=64.665
Elapsed 3 days, 10:41:59 [BASELINE_LIVE_METRICS] rows=434 avg_sr=0.447005 avg_spl=0.278186 follower_error_count=12 levels=[object:n=96,sr=0.541667,spl=0.360326; room:n=107,sr=0.523364,spl=0.304440; region:n=133,sr=0.428571,spl=0.286713; instance:n=98,sr=0.295918,spl=0.157485] latest_scene=00810-CrMo8WxCyVb latest_episode=6 latest_task=3 latest_level=room by_level={"instance": {"avg_spl": 0.15748484146533928, "avg_sr": 0.29591836734693877, "count": 98}, "object": {"avg_spl": 0.3603264972780565, "avg_sr": 0.5416666666666666, "count": 96}, "region": {"avg_spl": 0.28671278324022303, "avg_sr": 0.42857142857142855, "count": 133}, "room": {"avg_spl": 0.304439829995944, "avg_sr": 0.5233644859813084, "count": 107}}
Elapsed 3 days, 10:41:59 

Begin to process [00810-CrMo8WxCyVb_sequence_6_4] type: [room], Question: [bathroom cabinet in the bathroom]

Elapsed 3 days, 10:41:59 Current start position is [     1.8511    0.041316      6.4996]
Elapsed 3 days, 10:43:00 ===Episode_id 6 task_id 4 task_level=room===
SR: False, SPL: 0.0, Object category: bathroom cabinet, goal type: sequence===

Elapsed 3 days, 10:43:00 [baseline] task_level=room scene=00810-CrMo8WxCyVb episode=6 task=4 sec=61.333
Elapsed 3 days, 10:43:00 [BASELINE_LIVE_METRICS] rows=435 avg_sr=0.445977 avg_spl=0.277546 follower_error_count=12 levels=[object:n=96,sr=0.541667,spl=0.360326; room:n=108,sr=0.518519,spl=0.301621; region:n=133,sr=0.428571,spl=0.286713; instance:n=98,sr=0.295918,spl=0.157485] latest_scene=00810-CrMo8WxCyVb latest_episode=6 latest_task=4 latest_level=room by_level={"instance": {"avg_spl": 0.15748484146533928, "avg_sr": 0.29591836734693877, "count": 98}, "object": {"avg_spl": 0.3603264972780565, "avg_sr": 0.5416666666666666, "count": 96}, "region": {"avg_spl": 0.28671278324022303, "avg_sr": 0.42857142857142855, "count": 133}, "room": {"avg_spl": 0.30162094268116674, "avg_sr": 0.5185185185185185, "count": 108}}
Elapsed 3 days, 10:43:00 [Metrics] sequence count: 435, invalid_count: 0, follower_error_count: 12, avg_sr: 0.445977, avg_spl: 0.277546

=== Episode ===: 7it [5:19:27, 2613.50s/it][AElapsed 3 days, 10:43:07 

Begin to process [00810-CrMo8WxCyVb_sequence_7_0] type: [instance], Question: [white folded hand towel on white single-sink bath vanity with flower vase under floral line drawing]

Elapsed 3 days, 10:43:07 Current start position is [     1.8312     0.05006      4.3077]
Elapsed 3 days, 11:19:18 ===Episode_id 7 task_id 0 task_level=instance===
SR: True, SPL: 0.32705962254209553, Object category: towel, goal type: sequence===

Elapsed 3 days, 11:19:18 [baseline] task_level=instance scene=00810-CrMo8WxCyVb episode=7 task=0 sec=2171.710
Elapsed 3 days, 11:19:18 [BASELINE_LIVE_METRICS] rows=436 avg_sr=0.447248 avg_spl=0.277660 follower_error_count=12 levels=[object:n=96,sr=0.541667,spl=0.360326; room:n=108,sr=0.518519,spl=0.301621; region:n=133,sr=0.428571,spl=0.286713; instance:n=99,sr=0.303030,spl=0.159198] latest_scene=00810-CrMo8WxCyVb latest_episode=7 latest_task=0 latest_level=instance by_level={"instance": {"avg_spl": 0.1591977180418722, "avg_sr": 0.30303030303030304, "count": 99}, "object": {"avg_spl": 0.3603264972780565, "avg_sr": 0.5416666666666666, "count": 96}, "region": {"avg_spl": 0.28671278324022303, "avg_sr": 0.42857142857142855, "count": 133}, "room": {"avg_spl": 0.30162094268116674, "avg_sr": 0.5185185185185185, "count": 108}}
Elapsed 3 days, 11:19:18 

Begin to process [00810-CrMo8WxCyVb_sequence_7_1] type: [region], Question: [picture in the bathroom that has bathtub with black-and-white forest picture above, toilet below grayscale floral picture, walk-in shower, white double-sink bath vanity with mirror]

Elapsed 3 days, 11:19:18 Current start position is [    -3.5379    0.050065      8.2943]
Elapsed 3 days, 11:21:59 ===Episode_id 7 task_id 1 task_level=region===
SR: False, SPL: 0.0, Object category: picture, goal type: sequence===

Elapsed 3 days, 11:21:59 [baseline] task_level=region scene=00810-CrMo8WxCyVb episode=7 task=1 sec=160.193
Elapsed 3 days, 11:21:59 [BASELINE_LIVE_METRICS] rows=437 avg_sr=0.446224 avg_spl=0.277025 follower_error_count=12 levels=[object:n=96,sr=0.541667,spl=0.360326; room:n=108,sr=0.518519,spl=0.301621; region:n=134,sr=0.425373,spl=0.284573; instance:n=99,sr=0.303030,spl=0.159198] latest_scene=00810-CrMo8WxCyVb latest_episode=7 latest_task=1 latest_level=region by_level={"instance": {"avg_spl": 0.1591977180418722, "avg_sr": 0.30303030303030304, "count": 99}, "object": {"avg_spl": 0.3603264972780565, "avg_sr": 0.5416666666666666, "count": 96}, "region": {"avg_spl": 0.28457313560410197, "avg_sr": 0.4253731343283582, "count": 134}, "room": {"avg_spl": 0.30162094268116674, "avg_sr": 0.5185185185185185, "count": 108}}
Elapsed 3 days, 11:21:59 

Begin to process [00810-CrMo8WxCyVb_sequence_7_2] type: [room], Question: [toilet in the bathroom]

Elapsed 3 days, 11:21:59 Current start position is [    -4.0723    0.050065      8.0395]
Elapsed 3 days, 11:22:48 ===Episode_id 7 task_id 2 task_level=room===
SR: True, SPL: 0.312092656617919, Object category: toilet, goal type: sequence===

Elapsed 3 days, 11:22:48 [baseline] task_level=room scene=00810-CrMo8WxCyVb episode=7 task=2 sec=48.982
Elapsed 3 days, 11:22:48 [BASELINE_LIVE_METRICS] rows=438 avg_sr=0.447489 avg_spl=0.277105 follower_error_count=12 levels=[object:n=96,sr=0.541667,spl=0.360326; room:n=109,sr=0.522936,spl=0.301717; region:n=134,sr=0.425373,spl=0.284573; instance:n=99,sr=0.303030,spl=0.159198] latest_scene=00810-CrMo8WxCyVb latest_episode=7 latest_task=2 latest_level=room by_level={"instance": {"avg_spl": 0.1591977180418722, "avg_sr": 0.30303030303030304, "count": 99}, "object": {"avg_spl": 0.3603264972780565, "avg_sr": 0.5416666666666666, "count": 96}, "region": {"avg_spl": 0.28457313560410197, "avg_sr": 0.4253731343283582, "count": 134}, "room": {"avg_spl": 0.3017170134512287, "avg_sr": 0.5229357798165137, "count": 109}}
Elapsed 3 days, 11:22:48 

Begin to process [00810-CrMo8WxCyVb_sequence_7_3] type: [object], Question: [bath vanity]

Elapsed 3 days, 11:22:48 Current start position is [    -3.6025    0.050065      9.0823]
Elapsed 3 days, 11:23:42 ===Episode_id 7 task_id 3 task_level=object===
SR: False, SPL: 0.0, Object category: bath vanity, goal type: sequence===

Elapsed 3 days, 11:23:42 [baseline] task_level=object scene=00810-CrMo8WxCyVb episode=7 task=3 sec=54.384
Elapsed 3 days, 11:23:42 [BASELINE_LIVE_METRICS] rows=439 avg_sr=0.446469 avg_spl=0.276474 follower_error_count=12 levels=[object:n=97,sr=0.536082,spl=0.356612; room:n=109,sr=0.522936,spl=0.301717; region:n=134,sr=0.425373,spl=0.284573; instance:n=99,sr=0.303030,spl=0.159198] latest_scene=00810-CrMo8WxCyVb latest_episode=7 latest_task=3 latest_level=object by_level={"instance": {"avg_spl": 0.1591977180418722, "avg_sr": 0.30303030303030304, "count": 99}, "object": {"avg_spl": 0.35661179112055075, "avg_sr": 0.5360824742268041, "count": 97}, "region": {"avg_spl": 0.28457313560410197, "avg_sr": 0.4253731343283582, "count": 134}, "room": {"avg_spl": 0.3017170134512287, "avg_sr": 0.5229357798165137, "count": 109}}
Elapsed 3 days, 11:23:42 

Begin to process [00810-CrMo8WxCyVb_sequence_7_4] type: [region], Question: [bathtub in the bathroom that has bathtub with striped shower curtain, line-drawn face print above LOVE typographic script print, toilet beneath picture reading inhale, exhale, repeat]

Elapsed 3 days, 11:23:42 Current start position is [    -3.5207    0.050065      9.7603]
Elapsed 3 days, 11:24:37 ===Episode_id 7 task_id 4 task_level=region===
SR: True, SPL: 1.0, Object category: bathtub, goal type: sequence===

Elapsed 3 days, 11:24:37 [baseline] task_level=region scene=00810-CrMo8WxCyVb episode=7 task=4 sec=55.511
Elapsed 3 days, 11:24:37 [BASELINE_LIVE_METRICS] rows=440 avg_sr=0.447727 avg_spl=0.278118 follower_error_count=12 levels=[object:n=97,sr=0.536082,spl=0.356612; room:n=109,sr=0.522936,spl=0.301717; region:n=135,sr=0.429630,spl=0.289873; instance:n=99,sr=0.303030,spl=0.159198] latest_scene=00810-CrMo8WxCyVb latest_episode=7 latest_task=4 latest_level=region by_level={"instance": {"avg_spl": 0.1591977180418722, "avg_sr": 0.30303030303030304, "count": 99}, "object": {"avg_spl": 0.35661179112055075, "avg_sr": 0.5360824742268041, "count": 97}, "region": {"avg_spl": 0.2898725938588864, "avg_sr": 0.42962962962962964, "count": 135}, "room": {"avg_spl": 0.3017170134512287, "avg_sr": 0.5229357798165137, "count": 109}}
Elapsed 3 days, 11:24:37 [Metrics] sequence count: 440, invalid_count: 0, follower_error_count: 12, avg_sr: 0.447727, avg_spl: 0.278118

=== Episode ===: 8it [6:01:04, 2576.48s/it][AElapsed 3 days, 11:24:45 

Begin to process [00810-CrMo8WxCyVb_sequence_8_0] type: [instance], Question: [white bathtub with horizontally striped shower curtain near toilet beneath picture that reads inhale, exhale, repeat\]

Elapsed 3 days, 11:24:45 Current start position is [     1.2383     0.05006      9.8702]
Elapsed 3 days, 12:15:41 ===Episode_id 8 task_id 0 task_level=instance===
SR: True, SPL: 0.35539579274224115, Object category: bathtub, goal type: sequence===

Elapsed 3 days, 12:15:41 [baseline] task_level=instance scene=00810-CrMo8WxCyVb episode=8 task=0 sec=3056.375
Elapsed 3 days, 12:15:41 [BASELINE_LIVE_METRICS] rows=441 avg_sr=0.448980 avg_spl=0.278293 follower_error_count=12 levels=[object:n=97,sr=0.536082,spl=0.356612; room:n=109,sr=0.522936,spl=0.301717; region:n=135,sr=0.429630,spl=0.289873; instance:n=100,sr=0.310000,spl=0.161160] latest_scene=00810-CrMo8WxCyVb latest_episode=8 latest_task=0 latest_level=instance by_level={"instance": {"avg_spl": 0.16115969878887587, "avg_sr": 0.31, "count": 100}, "object": {"avg_spl": 0.35661179112055075, "avg_sr": 0.5360824742268041, "count": 97}, "region": {"avg_spl": 0.2898725938588864, "avg_sr": 0.42962962962962964, "count": 135}, "room": {"avg_spl": 0.3017170134512287, "avg_sr": 0.5229357798165137, "count": 109}}
Elapsed 3 days, 12:15:41 

Begin to process [00810-CrMo8WxCyVb_sequence_8_1] type: [room], Question: [bathroom cabinet in the bathroom]

Elapsed 3 days, 12:15:41 Current start position is [    -3.4914    0.050065      9.7851]
Elapsed 3 days, 12:16:23 ===Episode_id 8 task_id 1 task_level=room===
SR: False, SPL: 0.0, Object category: bathroom cabinet, goal type: sequence===

Elapsed 3 days, 12:16:23 [baseline] task_level=room scene=00810-CrMo8WxCyVb episode=8 task=1 sec=42.104
Elapsed 3 days, 12:16:23 [BASELINE_LIVE_METRICS] rows=442 avg_sr=0.447964 avg_spl=0.277664 follower_error_count=12 levels=[object:n=97,sr=0.536082,spl=0.356612; room:n=110,sr=0.518182,spl=0.298974; region:n=135,sr=0.429630,spl=0.289873; instance:n=100,sr=0.310000,spl=0.161160] latest_scene=00810-CrMo8WxCyVb latest_episode=8 latest_task=1 latest_level=room by_level={"instance": {"avg_spl": 0.16115969878887587, "avg_sr": 0.31, "count": 100}, "object": {"avg_spl": 0.35661179112055075, "avg_sr": 0.5360824742268041, "count": 97}, "region": {"avg_spl": 0.2898725938588864, "avg_sr": 0.42962962962962964, "count": 135}, "room": {"avg_spl": 0.298974131510763, "avg_sr": 0.5181818181818182, "count": 110}}
Elapsed 3 days, 12:16:23 

Begin to process [00810-CrMo8WxCyVb_sequence_8_2] type: [object], Question: [bench]

Elapsed 3 days, 12:16:23 Current start position is [    -3.5542    0.050065        8.16]
Elapsed 3 days, 12:21:04 ===Episode_id 8 task_id 2 task_level=object===
SR: False, SPL: 0.0, Object category: bench, goal type: sequence===

Elapsed 3 days, 12:21:04 [baseline] task_level=object scene=00810-CrMo8WxCyVb episode=8 task=2 sec=280.656
Elapsed 3 days, 12:21:04 [BASELINE_LIVE_METRICS] rows=443 avg_sr=0.446953 avg_spl=0.277037 follower_error_count=12 levels=[object:n=98,sr=0.530612,spl=0.352973; room:n=110,sr=0.518182,spl=0.298974; region:n=135,sr=0.429630,spl=0.289873; instance:n=100,sr=0.310000,spl=0.161160] latest_scene=00810-CrMo8WxCyVb latest_episode=8 latest_task=2 latest_level=object by_level={"instance": {"avg_spl": 0.16115969878887587, "avg_sr": 0.31, "count": 100}, "object": {"avg_spl": 0.35297289529279, "avg_sr": 0.5306122448979592, "count": 98}, "region": {"avg_spl": 0.2898725938588864, "avg_sr": 0.42962962962962964, "count": 135}, "room": {"avg_spl": 0.298974131510763, "avg_sr": 0.5181818181818182, "count": 110}}
Elapsed 3 days, 12:21:04 

Begin to process [00810-CrMo8WxCyVb_sequence_8_3] type: [room], Question: [bed in the bedroom]

Elapsed 3 days, 12:21:04 Current start position is [   -0.62696    0.046481      10.372]
Elapsed 3 days, 12:21:56 ===Episode_id 8 task_id 3 task_level=room===
SR: True, SPL: 0.03145964432486103, Object category: bed, goal type: sequence===

Elapsed 3 days, 12:21:56 [baseline] task_level=room scene=00810-CrMo8WxCyVb episode=8 task=3 sec=52.658
Elapsed 3 days, 12:21:56 [BASELINE_LIVE_METRICS] rows=444 avg_sr=0.448198 avg_spl=0.276484 follower_error_count=12 levels=[object:n=98,sr=0.530612,spl=0.352973; room:n=111,sr=0.522523,spl=0.296564; region:n=135,sr=0.429630,spl=0.289873; instance:n=100,sr=0.310000,spl=0.161160] latest_scene=00810-CrMo8WxCyVb latest_episode=8 latest_task=3 latest_level=room by_level={"instance": {"avg_spl": 0.16115969878887587, "avg_sr": 0.31, "count": 100}, "object": {"avg_spl": 0.35297289529279, "avg_sr": 0.5306122448979592, "count": 98}, "region": {"avg_spl": 0.2898725938588864, "avg_sr": 0.42962962962962964, "count": 135}, "room": {"avg_spl": 0.2965640910856648, "avg_sr": 0.5225225225225225, "count": 111}}
Elapsed 3 days, 12:21:56 

Begin to process [00810-CrMo8WxCyVb_sequence_8_4] type: [region], Question: [vase in the bedroom that has white quilted bed with three gray pillows and beige headboard, flower picture above gray cushioned bench, rectangular mirror above beige dresser with statue, and wood nightstands by white curtains]

Elapsed 3 days, 12:21:56 Current start position is [     1.0361    0.050065      9.4683]
Elapsed 3 days, 12:23:04 ===Episode_id 8 task_id 4 task_level=region===
SR: False, SPL: 0.0, Object category: vase, goal type: sequence===

Elapsed 3 days, 12:23:04 [baseline] task_level=region scene=00810-CrMo8WxCyVb episode=8 task=4 sec=67.987
Elapsed 3 days, 12:23:04 [BASELINE_LIVE_METRICS] rows=445 avg_sr=0.447191 avg_spl=0.275862 follower_error_count=12 levels=[object:n=98,sr=0.530612,spl=0.352973; room:n=111,sr=0.522523,spl=0.296564; region:n=136,sr=0.426471,spl=0.287741; instance:n=100,sr=0.310000,spl=0.161160] latest_scene=00810-CrMo8WxCyVb latest_episode=8 latest_task=4 latest_level=region by_level={"instance": {"avg_spl": 0.16115969878887587, "avg_sr": 0.31, "count": 100}, "object": {"avg_spl": 0.35297289529279, "avg_sr": 0.5306122448979592, "count": 98}, "region": {"avg_spl": 0.2877411777275711, "avg_sr": 0.4264705882352941, "count": 136}, "room": {"avg_spl": 0.2965640910856648, "avg_sr": 0.5225225225225225, "count": 111}}
Elapsed 3 days, 12:23:04 [Metrics] sequence count: 445, invalid_count: 0, follower_error_count: 12, avg_sr: 0.447191, avg_spl: 0.275862

=== Episode ===: 9it [6:59:31, 2867.37s/it][AElapsed 3 days, 12:23:11 

Begin to process [00810-CrMo8WxCyVb_sequence_9_0] type: [instance], Question: [tall brown wooden shelving cabinet in office with glass table with white chairs]

Elapsed 3 days, 12:23:11 Current start position is [    -5.0629     0.05006       4.566]
Elapsed 3 days, 12:58:01 ===Episode_id 9 task_id 0 task_level=instance===
SR: False, SPL: 0.0, Object category: cabinet, goal type: sequence===

Elapsed 3 days, 12:58:01 [baseline] task_level=instance scene=00810-CrMo8WxCyVb episode=9 task=0 sec=2089.762
Elapsed 3 days, 12:58:01 [BASELINE_LIVE_METRICS] rows=446 avg_sr=0.446188 avg_spl=0.275244 follower_error_count=12 levels=[object:n=98,sr=0.530612,spl=0.352973; room:n=111,sr=0.522523,spl=0.296564; region:n=136,sr=0.426471,spl=0.287741; instance:n=101,sr=0.306931,spl=0.159564] latest_scene=00810-CrMo8WxCyVb latest_episode=9 latest_task=0 latest_level=instance by_level={"instance": {"avg_spl": 0.15956405820680777, "avg_sr": 0.3069306930693069, "count": 101}, "object": {"avg_spl": 0.35297289529279, "avg_sr": 0.5306122448979592, "count": 98}, "region": {"avg_spl": 0.2877411777275711, "avg_sr": 0.4264705882352941, "count": 136}, "room": {"avg_spl": 0.2965640910856648, "avg_sr": 0.5225225225225225, "count": 111}}
Elapsed 3 days, 12:58:01 

Begin to process [00810-CrMo8WxCyVb_sequence_9_1] type: [region], Question: [cabinet in the bedroom that has white quilted bed with three gray pillows and beige headboard, flower picture above gray cushioned bench, rectangular mirror above beige dresser with statue, and wood nightstands by white curtains]

Elapsed 3 days, 12:58:01 Current start position is [    -5.1511    0.050065      9.1389]
Elapsed 3 days, 13:02:07 ===Episode_id 9 task_id 1 task_level=region===
SR: False, SPL: 0.0, Object category: cabinet, goal type: sequence===

Elapsed 3 days, 13:02:07 [baseline] task_level=region scene=00810-CrMo8WxCyVb episode=9 task=1 sec=246.501
Elapsed 3 days, 13:02:07 [BASELINE_LIVE_METRICS] rows=447 avg_sr=0.445190 avg_spl=0.274628 follower_error_count=12 levels=[object:n=98,sr=0.530612,spl=0.352973; room:n=111,sr=0.522523,spl=0.296564; region:n=137,sr=0.423358,spl=0.285641; instance:n=101,sr=0.306931,spl=0.159564] latest_scene=00810-CrMo8WxCyVb latest_episode=9 latest_task=1 latest_level=region by_level={"instance": {"avg_spl": 0.15956405820680777, "avg_sr": 0.3069306930693069, "count": 101}, "object": {"avg_spl": 0.35297289529279, "avg_sr": 0.5306122448979592, "count": 98}, "region": {"avg_spl": 0.2856408771602165, "avg_sr": 0.4233576642335766, "count": 137}, "room": {"avg_spl": 0.2965640910856648, "avg_sr": 0.5225225225225225, "count": 111}}
Elapsed 3 days, 13:02:07 

Begin to process [00810-CrMo8WxCyVb_sequence_9_2] type: [room], Question: [bed in the bedroom]

Elapsed 3 days, 13:02:07 Current start position is [    -6.1741    0.050065      10.242]
Elapsed 3 days, 13:02:57 ===Episode_id 9 task_id 2 task_level=room===
SR: True, SPL: 0.7059260345278988, Object category: bed, goal type: sequence===

Elapsed 3 days, 13:02:57 [baseline] task_level=room scene=00810-CrMo8WxCyVb episode=9 task=2 sec=49.998
Elapsed 3 days, 13:02:57 [BASELINE_LIVE_METRICS] rows=448 avg_sr=0.446429 avg_spl=0.275591 follower_error_count=12 levels=[object:n=98,sr=0.530612,spl=0.352973; room:n=112,sr=0.526786,spl=0.300219; region:n=137,sr=0.423358,spl=0.285641; instance:n=101,sr=0.306931,spl=0.159564] latest_scene=00810-CrMo8WxCyVb latest_episode=9 latest_task=2 latest_level=room by_level={"instance": {"avg_spl": 0.15956405820680777, "avg_sr": 0.3069306930693069, "count": 101}, "object": {"avg_spl": 0.35297289529279, "avg_sr": 0.5306122448979592, "count": 98}, "region": {"avg_spl": 0.2856408771602165, "avg_sr": 0.4233576642335766, "count": 137}, "room": {"avg_spl": 0.30021910843782756, "avg_sr": 0.5267857142857143, "count": 112}}
Elapsed 3 days, 13:02:57 

Begin to process [00810-CrMo8WxCyVb_sequence_9_3] type: [region], Question: [cabinet in the office that has glass table with white chairs and tall wood cabinet]

Elapsed 3 days, 13:02:57 Current start position is [   -0.60172    0.024092      2.7843]
Elapsed 3 days, 13:17:58 ===Episode_id 9 task_id 3 task_level=region===
SR: False, SPL: 0.0, Object category: cabinet, goal type: sequence===

Elapsed 3 days, 13:17:58 [baseline] task_level=region scene=00810-CrMo8WxCyVb episode=9 task=3 sec=900.680
Elapsed 3 days, 13:17:58 [BASELINE_LIVE_METRICS] rows=449 avg_sr=0.445434 avg_spl=0.274977 follower_error_count=12 levels=[object:n=98,sr=0.530612,spl=0.352973; room:n=112,sr=0.526786,spl=0.300219; region:n=138,sr=0.420290,spl=0.283571; instance:n=101,sr=0.306931,spl=0.159564] latest_scene=00810-CrMo8WxCyVb latest_episode=9 latest_task=3 latest_level=region by_level={"instance": {"avg_spl": 0.15956405820680777, "avg_sr": 0.3069306930693069, "count": 101}, "object": {"avg_spl": 0.35297289529279, "avg_sr": 0.5306122448979592, "count": 98}, "region": {"avg_spl": 0.2835710157315193, "avg_sr": 0.42028985507246375, "count": 138}, "room": {"avg_spl": 0.30021910843782756, "avg_sr": 0.5267857142857143, "count": 112}}
Elapsed 3 days, 13:17:58 

Begin to process [00810-CrMo8WxCyVb_sequence_9_4] type: [region], Question: [cabinet in the bedroom that has bed with white-and-gray chevron quilt and white headboard, colorful pillows, Spider-Man and Captain America prints, mirrored dresser, patterned curtain, and nightstand with antique clock]

Elapsed 3 days, 13:17:58 Current start position is [     1.0692   0.0069676      6.5467]
Elapsed 3 days, 13:21:37 ===Episode_id 9 task_id 4 task_level=region===
SR: False, SPL: 0.0, Object category: cabinet, goal type: sequence===

Elapsed 3 days, 13:21:37 [baseline] task_level=region scene=00810-CrMo8WxCyVb episode=9 task=4 sec=218.928
Elapsed 3 days, 13:21:37 [BASELINE_LIVE_METRICS] rows=450 avg_sr=0.444444 avg_spl=0.274366 follower_error_count=12 levels=[object:n=98,sr=0.530612,spl=0.352973; room:n=112,sr=0.526786,spl=0.300219; region:n=139,sr=0.417266,spl=0.281531; instance:n=101,sr=0.306931,spl=0.159564] latest_scene=00810-CrMo8WxCyVb latest_episode=9 latest_task=4 latest_level=region by_level={"instance": {"avg_spl": 0.15956405820680777, "avg_sr": 0.3069306930693069, "count": 101}, "object": {"avg_spl": 0.35297289529279, "avg_sr": 0.5306122448979592, "count": 98}, "region": {"avg_spl": 0.2815309364816523, "avg_sr": 0.4172661870503597, "count": 139}, "room": {"avg_spl": 0.30021910843782756, "avg_sr": 0.5267857142857143, "count": 112}}
Elapsed 3 days, 13:21:37 [Metrics] sequence count: 450, invalid_count: 0, follower_error_count: 12, avg_sr: 0.444444, avg_spl: 0.274366

=== Episode ===: 10it [7:58:03, 3066.59s/it][AElapsed 3 days, 13:21:44 

Begin to process [00810-CrMo8WxCyVb_sequence_10_0] type: [instance], Question: [white mantel fireplace with glass front beneath TV in living room with cream couch with plaid cushions and wooden herringbone coffee table]

Elapsed 3 days, 13:21:44 Current start position is [    -7.9123     -2.9999      6.1735]
Elapsed 3 days, 13:41:59 ===Episode_id 10 task_id 0 task_level=instance===
SR: False, SPL: 0.0, Object category: fireplace, goal type: sequence===

Elapsed 3 days, 13:41:59 [baseline] task_level=instance scene=00810-CrMo8WxCyVb episode=10 task=0 sec=1214.713
Elapsed 3 days, 13:41:59 [BASELINE_LIVE_METRICS] rows=451 avg_sr=0.443459 avg_spl=0.273758 follower_error_count=12 levels=[object:n=98,sr=0.530612,spl=0.352973; room:n=112,sr=0.526786,spl=0.300219; region:n=139,sr=0.417266,spl=0.281531; instance:n=102,sr=0.303922,spl=0.158000] latest_scene=00810-CrMo8WxCyVb latest_episode=10 latest_task=0 latest_level=instance by_level={"instance": {"avg_spl": 0.15799970469497635, "avg_sr": 0.30392156862745096, "count": 102}, "object": {"avg_spl": 0.35297289529279, "avg_sr": 0.5306122448979592, "count": 98}, "region": {"avg_spl": 0.2815309364816523, "avg_sr": 0.4172661870503597, "count": 139}, "room": {"avg_spl": 0.30021910843782756, "avg_sr": 0.5267857142857143, "count": 112}}
Elapsed 3 days, 13:41:59 

Begin to process [00810-CrMo8WxCyVb_sequence_10_1] type: [region], Question: [flower vase in the kitchen that has brown dining table with tableware and white flowers, white cabinets with marble countertop, silver refrigerator, microwave above stove and oven, console table with decorative plate below two framed pictures]

Elapsed 3 days, 13:41:59 Current start position is [    -1.1625     -2.9999      2.1264]
Elapsed 3 days, 13:44:54 ===Episode_id 10 task_id 1 task_level=region===
SR: False, SPL: 0.0, Object category: flower vase, goal type: sequence===

Elapsed 3 days, 13:44:54 [baseline] task_level=region scene=00810-CrMo8WxCyVb episode=10 task=1 sec=174.775
Elapsed 3 days, 13:44:54 [BASELINE_LIVE_METRICS] rows=452 avg_sr=0.442478 avg_spl=0.273152 follower_error_count=12 levels=[object:n=98,sr=0.530612,spl=0.352973; room:n=112,sr=0.526786,spl=0.300219; region:n=140,sr=0.414286,spl=0.279520; instance:n=102,sr=0.303922,spl=0.158000] latest_scene=00810-CrMo8WxCyVb latest_episode=10 latest_task=1 latest_level=region by_level={"instance": {"avg_spl": 0.15799970469497635, "avg_sr": 0.30392156862745096, "count": 102}, "object": {"avg_spl": 0.35297289529279, "avg_sr": 0.5306122448979592, "count": 98}, "region": {"avg_spl": 0.279520001221069, "avg_sr": 0.4142857142857143, "count": 140}, "room": {"avg_spl": 0.30021910843782756, "avg_sr": 0.5267857142857143, "count": 112}}
Elapsed 3 days, 13:44:54 

Begin to process [00810-CrMo8WxCyVb_sequence_10_2] type: [object], Question: [cabinet]

Elapsed 3 days, 13:44:54 Current start position is [   -0.70422     -2.9999    -0.54581]
Elapsed 3 days, 13:48:32 ===Episode_id 10 task_id 2 task_level=object===
SR: True, SPL: 0.3457135198428511, Object category: cabinet, goal type: sequence===

Elapsed 3 days, 13:48:32 [baseline] task_level=object scene=00810-CrMo8WxCyVb episode=10 task=2 sec=217.919
Elapsed 3 days, 13:48:32 [BASELINE_LIVE_METRICS] rows=453 avg_sr=0.443709 avg_spl=0.273312 follower_error_count=12 levels=[object:n=99,sr=0.535354,spl=0.352900; room:n=112,sr=0.526786,spl=0.300219; region:n=140,sr=0.414286,spl=0.279520; instance:n=102,sr=0.303922,spl=0.158000] latest_scene=00810-CrMo8WxCyVb latest_episode=10 latest_task=2 latest_level=object by_level={"instance": {"avg_spl": 0.15799970469497635, "avg_sr": 0.30392156862745096, "count": 102}, "object": {"avg_spl": 0.3528995682680432, "avg_sr": 0.5353535353535354, "count": 99}, "region": {"avg_spl": 0.279520001221069, "avg_sr": 0.4142857142857143, "count": 140}, "room": {"avg_spl": 0.30021910843782756, "avg_sr": 0.5267857142857143, "count": 112}}
Elapsed 3 days, 13:48:32 

Begin to process [00810-CrMo8WxCyVb_sequence_10_3] type: [room], Question: [vase in the kitchen]

Elapsed 3 days, 13:48:32 Current start position is [     1.7531     -2.9999      7.0417]
Elapsed 3 days, 13:49:38 ===Episode_id 10 task_id 3 task_level=room===
SR: False, SPL: 0.0, Object category: vase, goal type: sequence===

Elapsed 3 days, 13:49:38 [baseline] task_level=room scene=00810-CrMo8WxCyVb episode=10 task=3 sec=66.657
Elapsed 3 days, 13:49:38 [BASELINE_LIVE_METRICS] rows=454 avg_sr=0.442731 avg_spl=0.272710 follower_error_count=12 levels=[object:n=99,sr=0.535354,spl=0.352900; room:n=113,sr=0.522124,spl=0.297562; region:n=140,sr=0.414286,spl=0.279520; instance:n=102,sr=0.303922,spl=0.158000] latest_scene=00810-CrMo8WxCyVb latest_episode=10 latest_task=3 latest_level=room by_level={"instance": {"avg_spl": 0.15799970469497635, "avg_sr": 0.30392156862745096, "count": 102}, "object": {"avg_spl": 0.3528995682680432, "avg_sr": 0.5353535353535354, "count": 99}, "region": {"avg_spl": 0.279520001221069, "avg_sr": 0.4142857142857143, "count": 140}, "room": {"avg_spl": 0.2975623021684663, "avg_sr": 0.5221238938053098, "count": 113}}
Elapsed 3 days, 13:49:38 

Begin to process [00810-CrMo8WxCyVb_sequence_10_4] type: [room], Question: [couch in the living room]

Elapsed 3 days, 13:49:38 Current start position is [     1.2004     -2.9999      7.6828]
Elapsed 3 days, 13:50:54 ===Episode_id 10 task_id 4 task_level=room===
SR: True, SPL: 0.8085540990488901, Object category: couch, goal type: sequence===

Elapsed 3 days, 13:50:54 [baseline] task_level=room scene=00810-CrMo8WxCyVb episode=10 task=4 sec=75.298
Elapsed 3 days, 13:50:54 [BASELINE_LIVE_METRICS] rows=455 avg_sr=0.443956 avg_spl=0.273888 follower_error_count=12 levels=[object:n=99,sr=0.535354,spl=0.352900; room:n=114,sr=0.526316,spl=0.302045; region:n=140,sr=0.414286,spl=0.279520; instance:n=102,sr=0.303922,spl=0.158000] latest_scene=00810-CrMo8WxCyVb latest_episode=10 latest_task=4 latest_level=room by_level={"instance": {"avg_spl": 0.15799970469497635, "avg_sr": 0.30392156862745096, "count": 102}, "object": {"avg_spl": 0.3528995682680432, "avg_sr": 0.5353535353535354, "count": 99}, "region": {"avg_spl": 0.279520001221069, "avg_sr": 0.4142857142857143, "count": 140}, "room": {"avg_spl": 0.3020446863516279, "avg_sr": 0.5263157894736842, "count": 114}}
Elapsed 3 days, 13:50:54 [Metrics] sequence count: 455, invalid_count: 0, follower_error_count: 12, avg_sr: 0.443956, avg_spl: 0.273888

=== Episode ===: 11it [8:27:20, 2665.62s/it][AElapsed 3 days, 13:51:00 

Begin to process [00810-CrMo8WxCyVb_sequence_11_0] type: [instance], Question: [fireplace wall with white mantel beneath TV in living room with couch with plaid cushions and wooden herringbone coffee table]

Elapsed 3 days, 13:51:00 Current start position is [    -7.9351     -2.9999      6.8119]
Elapsed 3 days, 14:11:12 ===Episode_id 11 task_id 0 task_level=instance===
SR: True, SPL: 0.8222420209444772, Object category: fireplace wall, goal type: sequence===

Elapsed 3 days, 14:11:12 [baseline] task_level=instance scene=00810-CrMo8WxCyVb episode=11 task=0 sec=1211.582
Elapsed 3 days, 14:11:12 [BASELINE_LIVE_METRICS] rows=456 avg_sr=0.445175 avg_spl=0.275090 follower_error_count=12 levels=[object:n=99,sr=0.535354,spl=0.352900; room:n=114,sr=0.526316,spl=0.302045; region:n=140,sr=0.414286,spl=0.279520; instance:n=103,sr=0.310680,spl=0.164449] latest_scene=00810-CrMo8WxCyVb latest_episode=11 latest_task=0 latest_level=instance by_level={"instance": {"avg_spl": 0.1644486592216705, "avg_sr": 0.3106796116504854, "count": 103}, "object": {"avg_spl": 0.3528995682680432, "avg_sr": 0.5353535353535354, "count": 99}, "region": {"avg_spl": 0.279520001221069, "avg_sr": 0.4142857142857143, "count": 140}, "room": {"avg_spl": 0.3020446863516279, "avg_sr": 0.5263157894736842, "count": 114}}
Elapsed 3 days, 14:11:12 

Begin to process [00810-CrMo8WxCyVb_sequence_11_1] type: [object], Question: [table]

Elapsed 3 days, 14:11:12 Current start position is [  -0.085264     -2.9999    -0.53949]
Elapsed 3 days, 14:12:13 ===Episode_id 11 task_id 1 task_level=object===
SR: True, SPL: 0.03698090674043329, Object category: table, goal type: sequence===

Elapsed 3 days, 14:12:13 [baseline] task_level=object scene=00810-CrMo8WxCyVb episode=11 task=1 sec=60.873
Elapsed 3 days, 14:12:13 [BASELINE_LIVE_METRICS] rows=457 avg_sr=0.446389 avg_spl=0.274569 follower_error_count=12 levels=[object:n=100,sr=0.540000,spl=0.349740; room:n=114,sr=0.526316,spl=0.302045; region:n=140,sr=0.414286,spl=0.279520; instance:n=103,sr=0.310680,spl=0.164449] latest_scene=00810-CrMo8WxCyVb latest_episode=11 latest_task=1 latest_level=object by_level={"instance": {"avg_spl": 0.1644486592216705, "avg_sr": 0.3106796116504854, "count": 103}, "object": {"avg_spl": 0.3497403816527671, "avg_sr": 0.54, "count": 100}, "region": {"avg_spl": 0.279520001221069, "avg_sr": 0.4142857142857143, "count": 140}, "room": {"avg_spl": 0.3020446863516279, "avg_sr": 0.5263157894736842, "count": 114}}
Elapsed 3 days, 14:12:13 

Begin to process [00810-CrMo8WxCyVb_sequence_11_2] type: [room], Question: [armchair in the office]

Elapsed 3 days, 14:12:13 Current start position is [    0.12509     -2.9999      6.4979]
Elapsed 3 days, 14:13:18 ===Episode_id 11 task_id 2 task_level=room===
SR: False, SPL: 0.0, Object category: armchair, goal type: sequence===

Elapsed 3 days, 14:13:18 [baseline] task_level=room scene=00810-CrMo8WxCyVb episode=11 task=2 sec=64.898
Elapsed 3 days, 14:13:18 [BASELINE_LIVE_METRICS] rows=458 avg_sr=0.445415 avg_spl=0.273970 follower_error_count=12 levels=[object:n=100,sr=0.540000,spl=0.349740; room:n=115,sr=0.521739,spl=0.299418; region:n=140,sr=0.414286,spl=0.279520; instance:n=103,sr=0.310680,spl=0.164449] latest_scene=00810-CrMo8WxCyVb latest_episode=11 latest_task=2 latest_level=room by_level={"instance": {"avg_spl": 0.1644486592216705, "avg_sr": 0.3106796116504854, "count": 103}, "object": {"avg_spl": 0.3497403816527671, "avg_sr": 0.54, "count": 100}, "region": {"avg_spl": 0.279520001221069, "avg_sr": 0.4142857142857143, "count": 140}, "room": {"avg_spl": 0.29941821081813547, "avg_sr": 0.5217391304347826, "count": 115}}
Elapsed 3 days, 14:13:18 

Begin to process [00810-CrMo8WxCyVb_sequence_11_3] type: [object], Question: [cabinet]

Elapsed 3 days, 14:13:18 Current start position is [     1.3703     -2.9999      3.0726]
Elapsed 3 days, 14:14:17 ===Episode_id 11 task_id 3 task_level=object===
SR: True, SPL: 0.44931588548293916, Object category: cabinet, goal type: sequence===

Elapsed 3 days, 14:14:17 [baseline] task_level=object scene=00810-CrMo8WxCyVb episode=11 task=3 sec=59.117
Elapsed 3 days, 14:14:17 [BASELINE_LIVE_METRICS] rows=459 avg_sr=0.446623 avg_spl=0.274352 follower_error_count=12 levels=[object:n=101,sr=0.544554,spl=0.350726; room:n=115,sr=0.521739,spl=0.299418; region:n=140,sr=0.414286,spl=0.279520; instance:n=103,sr=0.310680,spl=0.164449] latest_scene=00810-CrMo8WxCyVb latest_episode=11 latest_task=3 latest_level=object by_level={"instance": {"avg_spl": 0.1644486592216705, "avg_sr": 0.3106796116504854, "count": 103}, "object": {"avg_spl": 0.3507262777302936, "avg_sr": 0.5445544554455446, "count": 101}, "region": {"avg_spl": 0.279520001221069, "avg_sr": 0.4142857142857143, "count": 140}, "room": {"avg_spl": 0.29941821081813547, "avg_sr": 0.5217391304347826, "count": 115}}
Elapsed 3 days, 14:14:17 

Begin to process [00810-CrMo8WxCyVb_sequence_11_4] type: [region], Question: [picture in the hall that has colorful dog-themed bags hanging on wall above white bench, canvas painting, view into dining area]

Elapsed 3 days, 14:14:17 Current start position is [     1.2422     -2.9999      9.8499]
Elapsed 3 days, 14:18:46 ===Episode_id 11 task_id 4 task_level=region===
SR: True, SPL: 0.6152315785905453, Object category: picture, goal type: sequence===

Elapsed 3 days, 14:18:46 [baseline] task_level=region scene=00810-CrMo8WxCyVb episode=11 task=4 sec=269.668
Elapsed 3 days, 14:18:47 [BASELINE_LIVE_METRICS] rows=460 avg_sr=0.447826 avg_spl=0.275093 follower_error_count=12 levels=[object:n=101,sr=0.544554,spl=0.350726; room:n=115,sr=0.521739,spl=0.299418; region:n=141,sr=0.418440,spl=0.281901; instance:n=103,sr=0.310680,spl=0.164449] latest_scene=00810-CrMo8WxCyVb latest_episode=11 latest_task=4 latest_level=region by_level={"instance": {"avg_spl": 0.1644486592216705, "avg_sr": 0.3106796116504854, "count": 103}, "object": {"avg_spl": 0.3507262777302936, "avg_sr": 0.5445544554455446, "count": 101}, "region": {"avg_spl": 0.2819009343939022, "avg_sr": 0.41843971631205673, "count": 141}, "room": {"avg_spl": 0.29941821081813547, "avg_sr": 0.5217391304347826, "count": 115}}
Elapsed 3 days, 14:18:47 [Metrics] sequence count: 460, invalid_count: 0, follower_error_count: 12, avg_sr: 0.447826, avg_spl: 0.275093

=== Episode ===: 12it [8:55:13, 2363.64s/it][AElapsed 3 days, 14:18:53 

Begin to process [00810-CrMo8WxCyVb_sequence_12_0] type: [instance], Question: [gray wingback armchair with white throw beside fireplace below TV in living room that has cream couch with plaid pillows beside potted plant and wooden herringbone coffee table]

Elapsed 3 days, 14:18:53 Current start position is [    -7.2197     -2.9999       8.322]
Elapsed 3 days, 14:43:38 ===Episode_id 12 task_id 0 task_level=instance===
SR: False, SPL: 0.0, Object category: armchair, goal type: sequence===

Elapsed 3 days, 14:43:38 [baseline] task_level=instance scene=00810-CrMo8WxCyVb episode=12 task=0 sec=1485.012
Elapsed 3 days, 14:43:38 [BASELINE_LIVE_METRICS] rows=461 avg_sr=0.446855 avg_spl=0.274496 follower_error_count=12 levels=[object:n=101,sr=0.544554,spl=0.350726; room:n=115,sr=0.521739,spl=0.299418; region:n=141,sr=0.418440,spl=0.281901; instance:n=104,sr=0.307692,spl=0.162867] latest_scene=00810-CrMo8WxCyVb latest_episode=12 latest_task=0 latest_level=instance by_level={"instance": {"avg_spl": 0.16286742211376984, "avg_sr": 0.3076923076923077, "count": 104}, "object": {"avg_spl": 0.3507262777302936, "avg_sr": 0.5445544554455446, "count": 101}, "region": {"avg_spl": 0.2819009343939022, "avg_sr": 0.41843971631205673, "count": 141}, "room": {"avg_spl": 0.29941821081813547, "avg_sr": 0.5217391304347826, "count": 115}}
Elapsed 3 days, 14:43:38 

Begin to process [00810-CrMo8WxCyVb_sequence_12_1] type: [region], Question: [desk in the office that has wooden office desk with gray armchair below round mirror, potted plant in corner below world map, armchair with side table in the bay window]

Elapsed 3 days, 14:43:38 Current start position is [    -1.1477     -2.9999      2.2533]
Elapsed 3 days, 14:50:33 ===Episode_id 12 task_id 1 task_level=region===
SR: True, SPL: 0.4214438595268513, Object category: desk, goal type: sequence===

Elapsed 3 days, 14:50:33 [baseline] task_level=region scene=00810-CrMo8WxCyVb episode=12 task=1 sec=414.492
Elapsed 3 days, 14:50:33 [BASELINE_LIVE_METRICS] rows=462 avg_sr=0.448052 avg_spl=0.274814 follower_error_count=12 levels=[object:n=101,sr=0.544554,spl=0.350726; room:n=115,sr=0.521739,spl=0.299418; region:n=142,sr=0.422535,spl=0.282884; instance:n=104,sr=0.307692,spl=0.162867] latest_scene=00810-CrMo8WxCyVb latest_episode=12 latest_task=1 latest_level=region by_level={"instance": {"avg_spl": 0.16286742211376984, "avg_sr": 0.3076923076923077, "count": 104}, "object": {"avg_spl": 0.3507262777302936, "avg_sr": 0.5445544554455446, "count": 101}, "region": {"avg_spl": 0.28288363104976805, "avg_sr": 0.4225352112676056, "count": 142}, "room": {"avg_spl": 0.29941821081813547, "avg_sr": 0.5217391304347826, "count": 115}}
Elapsed 3 days, 14:50:33 

Begin to process [00810-CrMo8WxCyVb_sequence_12_2] type: [object], Question: [kitchen island]

Elapsed 3 days, 14:50:33 Current start position is [    -6.4862     -2.9999      9.1232]
Elapsed 3 days, 14:51:33 ===Episode_id 12 task_id 2 task_level=object===
SR: True, SPL: 0.6782384125830301, Object category: kitchen island, goal type: sequence===

Elapsed 3 days, 14:51:33 [baseline] task_level=object scene=00810-CrMo8WxCyVb episode=12 task=2 sec=60.433
Elapsed 3 days, 14:51:33 [BASELINE_LIVE_METRICS] rows=463 avg_sr=0.449244 avg_spl=0.275685 follower_error_count=12 levels=[object:n=102,sr=0.549020,spl=0.353937; room:n=115,sr=0.521739,spl=0.299418; region:n=142,sr=0.422535,spl=0.282884; instance:n=104,sr=0.307692,spl=0.162867] latest_scene=00810-CrMo8WxCyVb latest_episode=12 latest_task=2 latest_level=object by_level={"instance": {"avg_spl": 0.16286742211376984, "avg_sr": 0.3076923076923077, "count": 104}, "object": {"avg_spl": 0.3539371810131635, "avg_sr": 0.5490196078431373, "count": 102}, "region": {"avg_spl": 0.28288363104976805, "avg_sr": 0.4225352112676056, "count": 142}, "room": {"avg_spl": 0.29941821081813547, "avg_sr": 0.5217391304347826, "count": 115}}
Elapsed 3 days, 14:51:33 

Begin to process [00810-CrMo8WxCyVb_sequence_12_3] type: [object], Question: [coffee table]

Elapsed 3 days, 14:51:33 Current start position is [    0.10083     -2.9999      9.3425]
Elapsed 3 days, 14:52:46 ===Episode_id 12 task_id 3 task_level=object===
SR: True, SPL: 0.809249929457066, Object category: coffee table, goal type: sequence===

Elapsed 3 days, 14:52:46 [baseline] task_level=object scene=00810-CrMo8WxCyVb episode=12 task=3 sec=73.030
Elapsed 3 days, 14:52:46 [BASELINE_LIVE_METRICS] rows=464 avg_sr=0.450431 avg_spl=0.276835 follower_error_count=12 levels=[object:n=103,sr=0.553398,spl=0.358358; room:n=115,sr=0.521739,spl=0.299418; region:n=142,sr=0.422535,spl=0.282884; instance:n=104,sr=0.307692,spl=0.162867] latest_scene=00810-CrMo8WxCyVb latest_episode=12 latest_task=3 latest_level=object by_level={"instance": {"avg_spl": 0.16286742211376984, "avg_sr": 0.3076923076923077, "count": 104}, "object": {"avg_spl": 0.3583576931339781, "avg_sr": 0.5533980582524272, "count": 103}, "region": {"avg_spl": 0.28288363104976805, "avg_sr": 0.4225352112676056, "count": 142}, "room": {"avg_spl": 0.29941821081813547, "avg_sr": 0.5217391304347826, "count": 115}}
Elapsed 3 days, 14:52:46 

Begin to process [00810-CrMo8WxCyVb_sequence_12_4] type: [region], Question: [flower vase in the bathroom that has white flowers on white toilet, dark wood single-sink vanity beside flower prints]

Elapsed 3 days, 14:52:46 Current start position is [   0.003686     -2.9999      1.2824]
Elapsed 3 days, 14:54:06 ===Episode_id 12 task_id 4 task_level=region===
SR: False, SPL: 0.0, Object category: flower vase, goal type: sequence===

Elapsed 3 days, 14:54:06 [baseline] task_level=region scene=00810-CrMo8WxCyVb episode=12 task=4 sec=79.595
Elapsed 3 days, 14:54:06 [BASELINE_LIVE_METRICS] rows=465 avg_sr=0.449462 avg_spl=0.276240 follower_error_count=12 levels=[object:n=103,sr=0.553398,spl=0.358358; room:n=115,sr=0.521739,spl=0.299418; region:n=143,sr=0.419580,spl=0.280905; instance:n=104,sr=0.307692,spl=0.162867] latest_scene=00810-CrMo8WxCyVb latest_episode=12 latest_task=4 latest_level=region by_level={"instance": {"avg_spl": 0.16286742211376984, "avg_sr": 0.3076923076923077, "count": 104}, "object": {"avg_spl": 0.3583576931339781, "avg_sr": 0.5533980582524272, "count": 103}, "region": {"avg_spl": 0.2809054238396298, "avg_sr": 0.4195804195804196, "count": 143}, "room": {"avg_spl": 0.29941821081813547, "avg_sr": 0.5217391304347826, "count": 115}}
Elapsed 3 days, 14:54:06 [Metrics] sequence count: 465, invalid_count: 0, follower_error_count: 12, avg_sr: 0.449462, avg_spl: 0.276240

=== Episode ===: 13it [9:30:32, 2289.67s/it][AElapsed 3 days, 14:54:13 

Begin to process [00810-CrMo8WxCyVb_sequence_13_0] type: [instance], Question: [the right gray armchair beside white window curtains in living room that has fireplace below TV, cream couch with plaid pillows beside potted plant, and wooden herringbone coffee table]

Elapsed 3 days, 14:54:13 Current start position is [    -6.5353     -2.9999      6.6804]
Elapsed 3 days, 15:15:11 ===Episode_id 13 task_id 0 task_level=instance===
SR: False, SPL: 0.0, Object category: armchair, goal type: sequence===

Elapsed 3 days, 15:15:11 [baseline] task_level=instance scene=00810-CrMo8WxCyVb episode=13 task=0 sec=1258.493
Elapsed 3 days, 15:15:12 [BASELINE_LIVE_METRICS] rows=466 avg_sr=0.448498 avg_spl=0.275647 follower_error_count=12 levels=[object:n=103,sr=0.553398,spl=0.358358; room:n=115,sr=0.521739,spl=0.299418; region:n=143,sr=0.419580,spl=0.280905; instance:n=105,sr=0.304762,spl=0.161316] latest_scene=00810-CrMo8WxCyVb latest_episode=13 latest_task=0 latest_level=instance by_level={"instance": {"avg_spl": 0.1613163038079244, "avg_sr": 0.3047619047619048, "count": 105}, "object": {"avg_spl": 0.3583576931339781, "avg_sr": 0.5533980582524272, "count": 103}, "region": {"avg_spl": 0.2809054238396298, "avg_sr": 0.4195804195804196, "count": 143}, "room": {"avg_spl": 0.29941821081813547, "avg_sr": 0.5217391304347826, "count": 115}}
Elapsed 3 days, 15:15:12 

Begin to process [00810-CrMo8WxCyVb_sequence_13_1] type: [room], Question: [washing machine in the kitchen]

Elapsed 3 days, 15:15:12 Current start position is [     -1.138     -2.9999      2.1509]
Elapsed 3 days, 15:28:01 ===Episode_id 13 task_id 1 task_level=room===
SR: False, SPL: 0.0, Object category: washing machine, goal type: sequence===

Elapsed 3 days, 15:28:01 [baseline] task_level=room scene=00810-CrMo8WxCyVb episode=13 task=1 sec=769.093
Elapsed 3 days, 15:28:01 [BASELINE_LIVE_METRICS] rows=467 avg_sr=0.447537 avg_spl=0.275057 follower_error_count=12 levels=[object:n=103,sr=0.553398,spl=0.358358; room:n=116,sr=0.517241,spl=0.296837; region:n=143,sr=0.419580,spl=0.280905; instance:n=105,sr=0.304762,spl=0.161316] latest_scene=00810-CrMo8WxCyVb latest_episode=13 latest_task=1 latest_level=room by_level={"instance": {"avg_spl": 0.1613163038079244, "avg_sr": 0.3047619047619048, "count": 105}, "object": {"avg_spl": 0.3583576931339781, "avg_sr": 0.5533980582524272, "count": 103}, "region": {"avg_spl": 0.2809054238396298, "avg_sr": 0.4195804195804196, "count": 143}, "room": {"avg_spl": 0.29683701934556533, "avg_sr": 0.5172413793103449, "count": 116}}
Elapsed 3 days, 15:28:01 

Begin to process [00810-CrMo8WxCyVb_sequence_13_2] type: [object], Question: [flower stand]

Elapsed 3 days, 15:28:01 Current start position is [ -0.0034055     -2.9999     0.19184]
Elapsed 3 days, 15:29:17 ===Episode_id 13 task_id 2 task_level=object===
SR: False, SPL: 0.0, Object category: flower stand, goal type: sequence===

Elapsed 3 days, 15:29:17 [baseline] task_level=object scene=00810-CrMo8WxCyVb episode=13 task=2 sec=76.839
Elapsed 3 days, 15:29:17 [BASELINE_LIVE_METRICS] rows=468 avg_sr=0.446581 avg_spl=0.274469 follower_error_count=12 levels=[object:n=104,sr=0.548077,spl=0.354912; room:n=116,sr=0.517241,spl=0.296837; region:n=143,sr=0.419580,spl=0.280905; instance:n=105,sr=0.304762,spl=0.161316] latest_scene=00810-CrMo8WxCyVb latest_episode=13 latest_task=2 latest_level=object by_level={"instance": {"avg_spl": 0.1613163038079244, "avg_sr": 0.3047619047619048, "count": 105}, "object": {"avg_spl": 0.3549119460846129, "avg_sr": 0.5480769230769231, "count": 104}, "region": {"avg_spl": 0.2809054238396298, "avg_sr": 0.4195804195804196, "count": 143}, "room": {"avg_spl": 0.29683701934556533, "avg_sr": 0.5172413793103449, "count": 116}}
Elapsed 3 days, 15:29:17 

Begin to process [00810-CrMo8WxCyVb_sequence_13_3] type: [room], Question: [blanket in the living room]

Elapsed 3 days, 15:29:17 Current start position is [    -3.6427     -2.9999      9.8763]
Elapsed 3 days, 15:30:21 ===Episode_id 13 task_id 3 task_level=room===
SR: True, SPL: 0.8233112997396059, Object category: blanket, goal type: sequence===

Elapsed 3 days, 15:30:21 [baseline] task_level=room scene=00810-CrMo8WxCyVb episode=13 task=3 sec=63.137
Elapsed 3 days, 15:30:21 [BASELINE_LIVE_METRICS] rows=469 avg_sr=0.447761 avg_spl=0.275640 follower_error_count=12 levels=[object:n=104,sr=0.548077,spl=0.354912; room:n=117,sr=0.521368,spl=0.301337; region:n=143,sr=0.419580,spl=0.280905; instance:n=105,sr=0.304762,spl=0.161316] latest_scene=00810-CrMo8WxCyVb latest_episode=13 latest_task=3 latest_level=room by_level={"instance": {"avg_spl": 0.1613163038079244, "avg_sr": 0.3047619047619048, "count": 105}, "object": {"avg_spl": 0.3549119460846129, "avg_sr": 0.5480769230769231, "count": 104}, "region": {"avg_spl": 0.2809054238396298, "avg_sr": 0.4195804195804196, "count": 143}, "room": {"avg_spl": 0.3013367995198734, "avg_sr": 0.5213675213675214, "count": 117}}
Elapsed 3 days, 15:30:21 

Begin to process [00810-CrMo8WxCyVb_sequence_13_4] type: [object], Question: [sideboard]

Elapsed 3 days, 15:30:21 Current start position is [     1.0317     -2.9999    -0.38203]
Elapsed 3 days, 15:31:26 ===Episode_id 13 task_id 4 task_level=object===
SR: False, SPL: 0.0, Object category: sideboard, goal type: sequence===

Elapsed 3 days, 15:31:26 [baseline] task_level=object scene=00810-CrMo8WxCyVb episode=13 task=4 sec=65.083
Elapsed 3 days, 15:31:26 [BASELINE_LIVE_METRICS] rows=470 avg_sr=0.446809 avg_spl=0.275053 follower_error_count=12 levels=[object:n=105,sr=0.542857,spl=0.351532; room:n=117,sr=0.521368,spl=0.301337; region:n=143,sr=0.419580,spl=0.280905; instance:n=105,sr=0.304762,spl=0.161316] latest_scene=00810-CrMo8WxCyVb latest_episode=13 latest_task=4 latest_level=object by_level={"instance": {"avg_spl": 0.1613163038079244, "avg_sr": 0.3047619047619048, "count": 105}, "object": {"avg_spl": 0.3515318323123785, "avg_sr": 0.5428571428571428, "count": 105}, "region": {"avg_spl": 0.2809054238396298, "avg_sr": 0.4195804195804196, "count": 143}, "room": {"avg_spl": 0.3013367995198734, "avg_sr": 0.5213675213675214, "count": 117}}
Elapsed 3 days, 15:31:26 [Metrics] sequence count: 470, invalid_count: 0, follower_error_count: 12, avg_sr: 0.446809, avg_spl: 0.275053

=== Episode ===: 14it [10:07:52, 2274.60s/it][AElapsed 3 days, 15:31:32 

Begin to process [00810-CrMo8WxCyVb_sequence_14_0] type: [instance], Question: [cream couch with plaid pillows in living room with wooden herringbone coffee table and fireplace beneath TV]

Elapsed 3 days, 15:31:32 Current start position is [    -7.3809     -2.9999      9.0389]
Elapsed 3 days, 15:56:59 ===Episode_id 14 task_id 0 task_level=instance===
SR: True, SPL: 0.6823236753593764, Object category: couch, goal type: sequence===

Elapsed 3 days, 15:56:59 [baseline] task_level=instance scene=00810-CrMo8WxCyVb episode=14 task=0 sec=1526.959
Elapsed 3 days, 15:56:59 [BASELINE_LIVE_METRICS] rows=471 avg_sr=0.447983 avg_spl=0.275918 follower_error_count=12 levels=[object:n=105,sr=0.542857,spl=0.351532; room:n=117,sr=0.521368,spl=0.301337; region:n=143,sr=0.419580,spl=0.280905; instance:n=106,sr=0.311321,spl=0.166231] latest_scene=00810-CrMo8WxCyVb latest_episode=14 latest_task=0 latest_level=instance by_level={"instance": {"avg_spl": 0.16623146769048527, "avg_sr": 0.3113207547169811, "count": 106}, "object": {"avg_spl": 0.3515318323123785, "avg_sr": 0.5428571428571428, "count": 105}, "region": {"avg_spl": 0.2809054238396298, "avg_sr": 0.4195804195804196, "count": 143}, "room": {"avg_spl": 0.3013367995198734, "avg_sr": 0.5213675213675214, "count": 117}}
Elapsed 3 days, 15:56:59 

Begin to process [00810-CrMo8WxCyVb_sequence_14_1] type: [object], Question: [side table]

Elapsed 3 days, 15:56:59 Current start position is [    -1.1889     -2.9999      2.2403]
Elapsed 3 days, 15:58:02 ===Episode_id 14 task_id 1 task_level=object===
SR: False, SPL: 0.0, Object category: side table, goal type: sequence===

Elapsed 3 days, 15:58:02 [baseline] task_level=object scene=00810-CrMo8WxCyVb episode=14 task=1 sec=62.637
Elapsed 3 days, 15:58:02 [BASELINE_LIVE_METRICS] rows=472 avg_sr=0.447034 avg_spl=0.275333 follower_error_count=12 levels=[object:n=106,sr=0.537736,spl=0.348215; room:n=117,sr=0.521368,spl=0.301337; region:n=143,sr=0.419580,spl=0.280905; instance:n=106,sr=0.311321,spl=0.166231] latest_scene=00810-CrMo8WxCyVb latest_episode=14 latest_task=1 latest_level=object by_level={"instance": {"avg_spl": 0.16623146769048527, "avg_sr": 0.3113207547169811, "count": 106}, "object": {"avg_spl": 0.3482154942716957, "avg_sr": 0.5377358490566038, "count": 106}, "region": {"avg_spl": 0.2809054238396298, "avg_sr": 0.4195804195804196, "count": 143}, "room": {"avg_spl": 0.3013367995198734, "avg_sr": 0.5213675213675214, "count": 117}}
Elapsed 3 days, 15:58:02 

Begin to process [00810-CrMo8WxCyVb_sequence_14_2] type: [object], Question: [handbag]

Elapsed 3 days, 15:58:02 Current start position is [   0.029955     -2.9999      1.3809]
Elapsed 3 days, 15:59:03 ===Episode_id 14 task_id 2 task_level=object===
SR: True, SPL: 0.8494003375485065, Object category: handbag, goal type: sequence===

Elapsed 3 days, 15:59:03 [baseline] task_level=object scene=00810-CrMo8WxCyVb episode=14 task=2 sec=60.893
Elapsed 3 days, 15:59:03 [BASELINE_LIVE_METRICS] rows=473 avg_sr=0.448203 avg_spl=0.276547 follower_error_count=12 levels=[object:n=107,sr=0.542056,spl=0.352899; room:n=117,sr=0.521368,spl=0.301337; region:n=143,sr=0.419580,spl=0.280905; instance:n=106,sr=0.311321,spl=0.166231] latest_scene=00810-CrMo8WxCyVb latest_episode=14 latest_task=2 latest_level=object by_level={"instance": {"avg_spl": 0.16623146769048527, "avg_sr": 0.3113207547169811, "count": 106}, "object": {"avg_spl": 0.3528994647696098, "avg_sr": 0.5420560747663551, "count": 107}, "region": {"avg_spl": 0.2809054238396298, "avg_sr": 0.4195804195804196, "count": 143}, "room": {"avg_spl": 0.3013367995198734, "avg_sr": 0.5213675213675214, "count": 117}}
Elapsed 3 days, 15:59:03 

Begin to process [00810-CrMo8WxCyVb_sequence_14_3] type: [region], Question: [table in the kitchen that has brown dining table with tableware and white flowers, white cabinets with marble countertop, silver refrigerator, microwave above stove and oven, console table with decorative plate below two framed pictures]

Elapsed 3 days, 15:59:03 Current start position is [    -3.7063     -2.9999      3.2793]
Elapsed 3 days, 15:59:58 ===Episode_id 14 task_id 3 task_level=region===
SR: True, SPL: 0.4697846433815382, Object category: table, goal type: sequence===

Elapsed 3 days, 15:59:58 [baseline] task_level=region scene=00810-CrMo8WxCyVb episode=14 task=3 sec=55.122
Elapsed 3 days, 15:59:58 [BASELINE_LIVE_METRICS] rows=474 avg_sr=0.449367 avg_spl=0.276955 follower_error_count=12 levels=[object:n=107,sr=0.542056,spl=0.352899; room:n=117,sr=0.521368,spl=0.301337; region:n=144,sr=0.423611,spl=0.282217; instance:n=106,sr=0.311321,spl=0.166231] latest_scene=00810-CrMo8WxCyVb latest_episode=14 latest_task=3 latest_level=region by_level={"instance": {"avg_spl": 0.16623146769048527, "avg_sr": 0.3113207547169811, "count": 106}, "object": {"avg_spl": 0.3528994647696098, "avg_sr": 0.5420560747663551, "count": 107}, "region": {"avg_spl": 0.2822170850864486, "avg_sr": 0.4236111111111111, "count": 144}, "room": {"avg_spl": 0.3013367995198734, "avg_sr": 0.5213675213675214, "count": 117}}
Elapsed 3 days, 15:59:58 

Begin to process [00810-CrMo8WxCyVb_sequence_14_4] type: [room], Question: [blanket in the living room]

Elapsed 3 days, 15:59:58 Current start position is [    0.12535     -2.9999      6.4981]
Elapsed 3 days, 16:01:12 ===Episode_id 14 task_id 4 task_level=room===
SR: True, SPL: 0.743391967328049, Object category: blanket, goal type: sequence===

Elapsed 3 days, 16:01:12 [baseline] task_level=room scene=00810-CrMo8WxCyVb episode=14 task=4 sec=73.948
Elapsed 3 days, 16:01:12 [BASELINE_LIVE_METRICS] rows=475 avg_sr=0.450526 avg_spl=0.277936 follower_error_count=12 levels=[object:n=107,sr=0.542056,spl=0.352899; room:n=118,sr=0.525424,spl=0.305083; region:n=144,sr=0.423611,spl=0.282217; instance:n=106,sr=0.311321,spl=0.166231] latest_scene=00810-CrMo8WxCyVb latest_episode=14 latest_task=4 latest_level=room by_level={"instance": {"avg_spl": 0.16623146769048527, "avg_sr": 0.3113207547169811, "count": 106}, "object": {"avg_spl": 0.3528994647696098, "avg_sr": 0.5420560747663551, "count": 107}, "region": {"avg_spl": 0.2822170850864486, "avg_sr": 0.4236111111111111, "count": 144}, "room": {"avg_spl": 0.3050830297555359, "avg_sr": 0.5254237288135594, "count": 118}}
Elapsed 3 days, 16:01:12 [Metrics] sequence count: 475, invalid_count: 0, follower_error_count: 12, avg_sr: 0.450526, avg_spl: 0.277936

=== Episode ===: 15it [10:37:38, 2127.30s/it][AElapsed 3 days, 16:01:16 

Begin to process [00810-CrMo8WxCyVb_sequence_15_0] type: [instance], Question: [white kitchen cabinet with bar handle below window and stainless sink in kitchen near dining table and refrigerator]

Elapsed 3 days, 16:01:16 Current start position is [    -5.4161     -2.9999      9.8819]
Elapsed 3 days, 16:25:47 ===Episode_id 15 task_id 0 task_level=instance===
SR: True, SPL: 0.7614889110784202, Object category: kitchen cabinet, goal type: sequence===

Elapsed 3 days, 16:25:47 [baseline] task_level=instance scene=00810-CrMo8WxCyVb episode=15 task=0 sec=1471.010
Elapsed 3 days, 16:25:47 [BASELINE_LIVE_METRICS] rows=476 avg_sr=0.451681 avg_spl=0.278952 follower_error_count=12 levels=[object:n=107,sr=0.542056,spl=0.352899; room:n=118,sr=0.525424,spl=0.305083; region:n=144,sr=0.423611,spl=0.282217; instance:n=107,sr=0.317757,spl=0.171795] latest_scene=00810-CrMo8WxCyVb latest_episode=15 latest_task=0 latest_level=instance by_level={"instance": {"avg_spl": 0.17179462136700804, "avg_sr": 0.3177570093457944, "count": 107}, "object": {"avg_spl": 0.3528994647696098, "avg_sr": 0.5420560747663551, "count": 107}, "region": {"avg_spl": 0.2822170850864486, "avg_sr": 0.4236111111111111, "count": 144}, "room": {"avg_spl": 0.3050830297555359, "avg_sr": 0.5254237288135594, "count": 118}}
Elapsed 3 days, 16:25:47 

Begin to process [00810-CrMo8WxCyVb_sequence_15_1] type: [object], Question: [vase]

Elapsed 3 days, 16:25:47 Current start position is [     1.2446     -2.9999      9.1728]
Elapsed 3 days, 16:26:42 ===Episode_id 15 task_id 1 task_level=object===
SR: False, SPL: 0.0, Object category: vase, goal type: sequence===

Elapsed 3 days, 16:26:42 [baseline] task_level=object scene=00810-CrMo8WxCyVb episode=15 task=1 sec=54.351
Elapsed 3 days, 16:26:42 [BASELINE_LIVE_METRICS] rows=477 avg_sr=0.450734 avg_spl=0.278368 follower_error_count=12 levels=[object:n=108,sr=0.537037,spl=0.349632; room:n=118,sr=0.525424,spl=0.305083; region:n=144,sr=0.423611,spl=0.282217; instance:n=107,sr=0.317757,spl=0.171795] latest_scene=00810-CrMo8WxCyVb latest_episode=15 latest_task=1 latest_level=object by_level={"instance": {"avg_spl": 0.17179462136700804, "avg_sr": 0.3177570093457944, "count": 107}, "object": {"avg_spl": 0.3496318771328542, "avg_sr": 0.5370370370370371, "count": 108}, "region": {"avg_spl": 0.2822170850864486, "avg_sr": 0.4236111111111111, "count": 144}, "room": {"avg_spl": 0.3050830297555359, "avg_sr": 0.5254237288135594, "count": 118}}
Elapsed 3 days, 16:26:42 

Begin to process [00810-CrMo8WxCyVb_sequence_15_2] type: [region], Question: [cabinet in the bathroom that has white flowers on white toilet, dark wood single-sink vanity beside flower prints]

Elapsed 3 days, 16:26:42 Current start position is [     1.7836     -2.9999      7.0426]
Elapsed 3 days, 16:40:47 ===Episode_id 15 task_id 2 task_level=region===
SR: False, SPL: 0.0, Object category: cabinet, goal type: sequence===

Elapsed 3 days, 16:40:47 [baseline] task_level=region scene=00810-CrMo8WxCyVb episode=15 task=2 sec=845.392
Elapsed 3 days, 16:40:47 [BASELINE_LIVE_METRICS] rows=478 avg_sr=0.449791 avg_spl=0.277785 follower_error_count=12 levels=[object:n=108,sr=0.537037,spl=0.349632; room:n=118,sr=0.525424,spl=0.305083; region:n=145,sr=0.420690,spl=0.280271; instance:n=107,sr=0.317757,spl=0.171795] latest_scene=00810-CrMo8WxCyVb latest_episode=15 latest_task=2 latest_level=region by_level={"instance": {"avg_spl": 0.17179462136700804, "avg_sr": 0.3177570093457944, "count": 107}, "object": {"avg_spl": 0.3496318771328542, "avg_sr": 0.5370370370370371, "count": 108}, "region": {"avg_spl": 0.2802707603617145, "avg_sr": 0.4206896551724138, "count": 145}, "room": {"avg_spl": 0.3050830297555359, "avg_sr": 0.5254237288135594, "count": 118}}
Elapsed 3 days, 16:40:47 

Begin to process [00810-CrMo8WxCyVb_sequence_15_3] type: [room], Question: [flower vase in the kitchen]

Elapsed 3 days, 16:40:47 Current start position is [   -0.48744     -2.9999     0.23922]
Elapsed 3 days, 16:42:07 ===Episode_id 15 task_id 3 task_level=room===
SR: False, SPL: 0.0, Object category: flower vase, goal type: sequence===

Elapsed 3 days, 16:42:07 [baseline] task_level=room scene=00810-CrMo8WxCyVb episode=15 task=3 sec=79.787
Elapsed 3 days, 16:42:07 [BASELINE_LIVE_METRICS] rows=479 avg_sr=0.448852 avg_spl=0.277205 follower_error_count=12 levels=[object:n=108,sr=0.537037,spl=0.349632; room:n=119,sr=0.521008,spl=0.302519; region:n=145,sr=0.420690,spl=0.280271; instance:n=107,sr=0.317757,spl=0.171795] latest_scene=00810-CrMo8WxCyVb latest_episode=15 latest_task=3 latest_level=room by_level={"instance": {"avg_spl": 0.17179462136700804, "avg_sr": 0.3177570093457944, "count": 107}, "object": {"avg_spl": 0.3496318771328542, "avg_sr": 0.5370370370370371, "count": 108}, "region": {"avg_spl": 0.2802707603617145, "avg_sr": 0.4206896551724138, "count": 145}, "room": {"avg_spl": 0.30251930681641376, "avg_sr": 0.5210084033613446, "count": 119}}
Elapsed 3 days, 16:42:07 

Begin to process [00810-CrMo8WxCyVb_sequence_15_4] type: [region], Question: [blanket in the living room that has cream couch with plaid pillows beside potted plant, wooden herringbone coffee table, fireplace below TV between white curtains, gray armchairs beside glass side table and windows]

Elapsed 3 days, 16:42:07 Current start position is [    -3.6108     -2.9999      9.8884]
Elapsed 3 days, 16:43:17 ===Episode_id 15 task_id 4 task_level=region===
SR: True, SPL: 0.8249976865947936, Object category: blanket, goal type: sequence===

Elapsed 3 days, 16:43:17 [baseline] task_level=region scene=00810-CrMo8WxCyVb episode=15 task=4 sec=70.370
Elapsed 3 days, 16:43:17 [BASELINE_LIVE_METRICS] rows=480 avg_sr=0.450000 avg_spl=0.278347 follower_error_count=12 levels=[object:n=108,sr=0.537037,spl=0.349632; room:n=119,sr=0.521008,spl=0.302519; region:n=146,sr=0.424658,spl=0.284002; instance:n=107,sr=0.317757,spl=0.171795] latest_scene=00810-CrMo8WxCyVb latest_episode=15 latest_task=4 latest_level=region by_level={"instance": {"avg_spl": 0.17179462136700804, "avg_sr": 0.3177570093457944, "count": 107}, "object": {"avg_spl": 0.3496318771328542, "avg_sr": 0.5370370370370371, "count": 108}, "region": {"avg_spl": 0.28400176670577665, "avg_sr": 0.4246575342465753, "count": 146}, "room": {"avg_spl": 0.30251930681641376, "avg_sr": 0.5210084033613446, "count": 119}}
Elapsed 3 days, 16:43:17 [Metrics] sequence count: 480, invalid_count: 0, follower_error_count: 12, avg_sr: 0.450000, avg_spl: 0.278347

=== Episode ===: 16it [11:19:44, 2247.18s/it][AElapsed 3 days, 16:43:23 

Begin to process [00810-CrMo8WxCyVb_sequence_16_0] type: [instance], Question: [white kitchen cabinet directly left of stove in kitchen near dining table and refrigerator]

Elapsed 3 days, 16:43:23 Current start position is [     -5.919     -2.9999      9.0314]
Elapsed 3 days, 17:03:24 ===Episode_id 16 task_id 0 task_level=instance===
SR: False, SPL: 0.0, Object category: kitchen cabinet, goal type: sequence===

Elapsed 3 days, 17:03:24 [baseline] task_level=instance scene=00810-CrMo8WxCyVb episode=16 task=0 sec=1201.486
Elapsed 3 days, 17:03:24 [BASELINE_LIVE_METRICS] rows=481 avg_sr=0.449064 avg_spl=0.277768 follower_error_count=12 levels=[object:n=108,sr=0.537037,spl=0.349632; room:n=119,sr=0.521008,spl=0.302519; region:n=146,sr=0.424658,spl=0.284002; instance:n=108,sr=0.314815,spl=0.170204] latest_scene=00810-CrMo8WxCyVb latest_episode=16 latest_task=0 latest_level=instance by_level={"instance": {"avg_spl": 0.17020393042842463, "avg_sr": 0.3148148148148148, "count": 108}, "object": {"avg_spl": 0.3496318771328542, "avg_sr": 0.5370370370370371, "count": 108}, "region": {"avg_spl": 0.28400176670577665, "avg_sr": 0.4246575342465753, "count": 146}, "room": {"avg_spl": 0.30251930681641376, "avg_sr": 0.5210084033613446, "count": 119}}
Elapsed 3 days, 17:03:24 

Begin to process [00810-CrMo8WxCyVb_sequence_16_1] type: [room], Question: [desk in the office]

Elapsed 3 days, 17:03:24 Current start position is [      1.096     -2.9999       7.737]
Elapsed 3 days, 17:11:26 ===Episode_id 16 task_id 1 task_level=room===
SR: True, SPL: 0.22793059844179295, Object category: desk, goal type: sequence===

Elapsed 3 days, 17:11:26 [baseline] task_level=room scene=00810-CrMo8WxCyVb episode=16 task=1 sec=481.571
Elapsed 3 days, 17:11:26 [BASELINE_LIVE_METRICS] rows=482 avg_sr=0.450207 avg_spl=0.277664 follower_error_count=12 levels=[object:n=108,sr=0.537037,spl=0.349632; room:n=120,sr=0.525000,spl=0.301898; region:n=146,sr=0.424658,spl=0.284002; instance:n=108,sr=0.314815,spl=0.170204] latest_scene=00810-CrMo8WxCyVb latest_episode=16 latest_task=1 latest_level=room by_level={"instance": {"avg_spl": 0.17020393042842463, "avg_sr": 0.3148148148148148, "count": 108}, "object": {"avg_spl": 0.3496318771328542, "avg_sr": 0.5370370370370371, "count": 108}, "region": {"avg_spl": 0.28400176670577665, "avg_sr": 0.4246575342465753, "count": 146}, "room": {"avg_spl": 0.3018977342466253, "avg_sr": 0.525, "count": 120}}
Elapsed 3 days, 17:11:26 

Begin to process [00810-CrMo8WxCyVb_sequence_16_2] type: [region], Question: [bench in the hall that has colorful dog-themed bags hanging on wall above white bench, canvas painting, view into dining area]

Elapsed 3 days, 17:11:26 Current start position is [    -6.4668     -2.9999      9.1531]
Elapsed 3 days, 17:16:42 ===Episode_id 16 task_id 2 task_level=region===
SR: False, SPL: 0.0, Object category: bench, goal type: sequence===

Elapsed 3 days, 17:16:42 [baseline] task_level=region scene=00810-CrMo8WxCyVb episode=16 task=2 sec=316.117
Elapsed 3 days, 17:16:42 [BASELINE_LIVE_METRICS] rows=483 avg_sr=0.449275 avg_spl=0.277090 follower_error_count=12 levels=[object:n=108,sr=0.537037,spl=0.349632; room:n=120,sr=0.525000,spl=0.301898; region:n=147,sr=0.421769,spl=0.282070; instance:n=108,sr=0.314815,spl=0.170204] latest_scene=00810-CrMo8WxCyVb latest_episode=16 latest_task=2 latest_level=region by_level={"instance": {"avg_spl": 0.17020393042842463, "avg_sr": 0.3148148148148148, "count": 108}, "object": {"avg_spl": 0.3496318771328542, "avg_sr": 0.5370370370370371, "count": 108}, "region": {"avg_spl": 0.2820697818982544, "avg_sr": 0.4217687074829932, "count": 147}, "room": {"avg_spl": 0.3018977342466253, "avg_sr": 0.525, "count": 120}}
Elapsed 3 days, 17:16:42 

Begin to process [00810-CrMo8WxCyVb_sequence_16_3] type: [room], Question: [picture in the hall]

Elapsed 3 days, 17:16:42 Current start position is [  -0.036725     -2.9999    -0.24898]
Elapsed 3 days, 17:17:51 ===Episode_id 16 task_id 3 task_level=room===
SR: False, SPL: 0.0, Object category: picture, goal type: sequence===

Elapsed 3 days, 17:17:51 [baseline] task_level=room scene=00810-CrMo8WxCyVb episode=16 task=3 sec=69.059
Elapsed 3 days, 17:17:51 [BASELINE_LIVE_METRICS] rows=484 avg_sr=0.448347 avg_spl=0.276517 follower_error_count=12 levels=[object:n=108,sr=0.537037,spl=0.349632; room:n=121,sr=0.520661,spl=0.299403; region:n=147,sr=0.421769,spl=0.282070; instance:n=108,sr=0.314815,spl=0.170204] latest_scene=00810-CrMo8WxCyVb latest_episode=16 latest_task=3 latest_level=room by_level={"instance": {"avg_spl": 0.17020393042842463, "avg_sr": 0.3148148148148148, "count": 108}, "object": {"avg_spl": 0.3496318771328542, "avg_sr": 0.5370370370370371, "count": 108}, "region": {"avg_spl": 0.2820697818982544, "avg_sr": 0.4217687074829932, "count": 147}, "room": {"avg_spl": 0.29940271164954574, "avg_sr": 0.5206611570247934, "count": 121}}
Elapsed 3 days, 17:17:51 

Begin to process [00810-CrMo8WxCyVb_sequence_16_4] type: [object], Question: [cabinet]

Elapsed 3 days, 17:17:51 Current start position is [     1.6612     -2.9999      4.2508]
Elapsed 3 days, 17:20:52 ===Episode_id 16 task_id 4 task_level=object===
SR: True, SPL: 0.08654736565626966, Object category: cabinet, goal type: sequence===

Elapsed 3 days, 17:20:52 [baseline] task_level=object scene=00810-CrMo8WxCyVb episode=16 task=4 sec=180.543
Elapsed 3 days, 17:20:52 [BASELINE_LIVE_METRICS] rows=485 avg_sr=0.449485 avg_spl=0.276125 follower_error_count=12 levels=[object:n=109,sr=0.541284,spl=0.347218; room:n=121,sr=0.520661,spl=0.299403; region:n=147,sr=0.421769,spl=0.282070; instance:n=108,sr=0.314815,spl=0.170204] latest_scene=00810-CrMo8WxCyVb latest_episode=16 latest_task=4 latest_level=object by_level={"instance": {"avg_spl": 0.17020393042842463, "avg_sr": 0.3148148148148148, "count": 108}, "object": {"avg_spl": 0.3472182577615094, "avg_sr": 0.5412844036697247, "count": 109}, "region": {"avg_spl": 0.2820697818982544, "avg_sr": 0.4217687074829932, "count": 147}, "room": {"avg_spl": 0.29940271164954574, "avg_sr": 0.5206611570247934, "count": 121}}
Elapsed 3 days, 17:20:52 [Metrics] sequence count: 485, invalid_count: 0, follower_error_count: 12, avg_sr: 0.449485, avg_spl: 0.276125

=== Episode ===: 17it [11:57:18, 2249.38s/it][AElapsed 3 days, 17:20:57 

Begin to process [00810-CrMo8WxCyVb_sequence_17_0] type: [instance], Question: [white kitchen cabinet holding kitchen utensils under upper cabinets near refrigerator and dining table]

Elapsed 3 days, 17:20:57 Current start position is [    -6.4525     -2.9999      8.6219]
Elapsed 3 days, 17:41:23 ===Episode_id 17 task_id 0 task_level=instance===
SR: False, SPL: 0.0, Object category: kitchen cabinet, goal type: sequence===

Elapsed 3 days, 17:41:23 [baseline] task_level=instance scene=00810-CrMo8WxCyVb episode=17 task=0 sec=1225.875
Elapsed 3 days, 17:41:23 [BASELINE_LIVE_METRICS] rows=486 avg_sr=0.448560 avg_spl=0.275557 follower_error_count=12 levels=[object:n=109,sr=0.541284,spl=0.347218; room:n=121,sr=0.520661,spl=0.299403; region:n=147,sr=0.421769,spl=0.282070; instance:n=109,sr=0.311927,spl=0.168642] latest_scene=00810-CrMo8WxCyVb latest_episode=17 latest_task=0 latest_level=instance by_level={"instance": {"avg_spl": 0.16864242647954, "avg_sr": 0.3119266055045872, "count": 109}, "object": {"avg_spl": 0.3472182577615094, "avg_sr": 0.5412844036697247, "count": 109}, "region": {"avg_spl": 0.2820697818982544, "avg_sr": 0.4217687074829932, "count": 147}, "room": {"avg_spl": 0.29940271164954574, "avg_sr": 0.5206611570247934, "count": 121}}
Elapsed 3 days, 17:41:23 

Begin to process [00810-CrMo8WxCyVb_sequence_17_1] type: [object], Question: [picture]

Elapsed 3 days, 17:41:23 Current start position is [    0.93033     -2.9999      9.8217]
Elapsed 3 days, 17:42:18 ===Episode_id 17 task_id 1 task_level=object===
SR: False, SPL: 0.0, Object category: picture, goal type: sequence===

Elapsed 3 days, 17:42:18 [baseline] task_level=object scene=00810-CrMo8WxCyVb episode=17 task=1 sec=54.156
Elapsed 3 days, 17:42:18 [BASELINE_LIVE_METRICS] rows=487 avg_sr=0.447639 avg_spl=0.274991 follower_error_count=12 levels=[object:n=110,sr=0.536364,spl=0.344062; room:n=121,sr=0.520661,spl=0.299403; region:n=147,sr=0.421769,spl=0.282070; instance:n=109,sr=0.311927,spl=0.168642] latest_scene=00810-CrMo8WxCyVb latest_episode=17 latest_task=1 latest_level=object by_level={"instance": {"avg_spl": 0.16864242647954, "avg_sr": 0.3119266055045872, "count": 109}, "object": {"avg_spl": 0.3440617281454957, "avg_sr": 0.5363636363636364, "count": 110}, "region": {"avg_spl": 0.2820697818982544, "avg_sr": 0.4217687074829932, "count": 147}, "room": {"avg_spl": 0.29940271164954574, "avg_sr": 0.5206611570247934, "count": 121}}
Elapsed 3 days, 17:42:18 

Begin to process [00810-CrMo8WxCyVb_sequence_17_2] type: [object], Question: [cabinet]

Elapsed 3 days, 17:42:18 Current start position is [      -2.27     -2.9999    0.029596]
Elapsed 3 days, 17:44:25 ===Episode_id 17 task_id 2 task_level=object===
SR: True, SPL: 0.605576469885654, Object category: cabinet, goal type: sequence===

Elapsed 3 days, 17:44:25 [baseline] task_level=object scene=00810-CrMo8WxCyVb episode=17 task=2 sec=127.846
Elapsed 3 days, 17:44:25 [BASELINE_LIVE_METRICS] rows=488 avg_sr=0.448770 avg_spl=0.275669 follower_error_count=12 levels=[object:n=111,sr=0.540541,spl=0.346418; room:n=121,sr=0.520661,spl=0.299403; region:n=147,sr=0.421769,spl=0.282070; instance:n=109,sr=0.311927,spl=0.168642] latest_scene=00810-CrMo8WxCyVb latest_episode=17 latest_task=2 latest_level=object by_level={"instance": {"avg_spl": 0.16864242647954, "avg_sr": 0.3119266055045872, "count": 109}, "object": {"avg_spl": 0.3464177168098214, "avg_sr": 0.5405405405405406, "count": 111}, "region": {"avg_spl": 0.2820697818982544, "avg_sr": 0.4217687074829932, "count": 147}, "room": {"avg_spl": 0.29940271164954574, "avg_sr": 0.5206611570247934, "count": 121}}
Elapsed 3 days, 17:44:25 

Begin to process [00810-CrMo8WxCyVb_sequence_17_3] type: [room], Question: [table in the living room]

Elapsed 3 days, 17:44:25 Current start position is [   -0.31446     -2.9999      9.7947]
Elapsed 3 days, 17:45:20 ===Episode_id 17 task_id 3 task_level=room===
SR: False, SPL: 0.0, Object category: table, goal type: sequence===

Elapsed 3 days, 17:45:20 [baseline] task_level=room scene=00810-CrMo8WxCyVb episode=17 task=3 sec=54.066
Elapsed 3 days, 17:45:20 [BASELINE_LIVE_METRICS] rows=489 avg_sr=0.447853 avg_spl=0.275105 follower_error_count=12 levels=[object:n=111,sr=0.540541,spl=0.346418; room:n=122,sr=0.516393,spl=0.296949; region:n=147,sr=0.421769,spl=0.282070; instance:n=109,sr=0.311927,spl=0.168642] latest_scene=00810-CrMo8WxCyVb latest_episode=17 latest_task=3 latest_level=room by_level={"instance": {"avg_spl": 0.16864242647954, "avg_sr": 0.3119266055045872, "count": 109}, "object": {"avg_spl": 0.3464177168098214, "avg_sr": 0.5405405405405406, "count": 111}, "region": {"avg_spl": 0.2820697818982544, "avg_sr": 0.4217687074829932, "count": 147}, "room": {"avg_spl": 0.29694859106225435, "avg_sr": 0.5163934426229508, "count": 122}}
Elapsed 3 days, 17:45:20 

Begin to process [00810-CrMo8WxCyVb_sequence_17_4] type: [room], Question: [flower vase in the bathroom]

Elapsed 3 days, 17:45:20 Current start position is [    -1.1167     -2.9999      5.6854]
Elapsed 3 days, 17:46:33 ===Episode_id 17 task_id 4 task_level=room===
SR: False, SPL: 0.0, Object category: flower vase, goal type: sequence===

Elapsed 3 days, 17:46:33 [baseline] task_level=room scene=00810-CrMo8WxCyVb episode=17 task=4 sec=73.116
Elapsed 3 days, 17:46:33 [BASELINE_LIVE_METRICS] rows=490 avg_sr=0.446939 avg_spl=0.274544 follower_error_count=12 levels=[object:n=111,sr=0.540541,spl=0.346418; room:n=123,sr=0.512195,spl=0.294534; region:n=147,sr=0.421769,spl=0.282070; instance:n=109,sr=0.311927,spl=0.168642] latest_scene=00810-CrMo8WxCyVb latest_episode=17 latest_task=4 latest_level=room by_level={"instance": {"avg_spl": 0.16864242647954, "avg_sr": 0.3119266055045872, "count": 109}, "object": {"avg_spl": 0.3464177168098214, "avg_sr": 0.5405405405405406, "count": 111}, "region": {"avg_spl": 0.2820697818982544, "avg_sr": 0.4217687074829932, "count": 147}, "room": {"avg_spl": 0.29453437487475637, "avg_sr": 0.5121951219512195, "count": 123}}
Elapsed 3 days, 17:46:33 [Metrics] sequence count: 490, invalid_count: 0, follower_error_count: 12, avg_sr: 0.446939, avg_spl: 0.274544

=== Episode ===: 18it [12:22:59, 2036.51s/it][AElapsed 3 days, 17:46:39 

Begin to process [00810-CrMo8WxCyVb_sequence_18_0] type: [instance], Question: [stainless refrigerator with dispenser in kitchen with wood dining table set with tableware and white cabinets with oven]

Elapsed 3 days, 17:46:39 Current start position is [     -5.883     -2.9999      9.0992]
Elapsed 3 days, 18:06:50 ===Episode_id 18 task_id 0 task_level=instance===
SR: False, SPL: 0.0, Object category: refrigerator, goal type: sequence===

Elapsed 3 days, 18:06:50 [baseline] task_level=instance scene=00810-CrMo8WxCyVb episode=18 task=0 sec=1210.793
Elapsed 3 days, 18:06:50 [BASELINE_LIVE_METRICS] rows=491 avg_sr=0.446029 avg_spl=0.273984 follower_error_count=12 levels=[object:n=111,sr=0.540541,spl=0.346418; room:n=123,sr=0.512195,spl=0.294534; region:n=147,sr=0.421769,spl=0.282070; instance:n=110,sr=0.309091,spl=0.167109] latest_scene=00810-CrMo8WxCyVb latest_episode=18 latest_task=0 latest_level=instance by_level={"instance": {"avg_spl": 0.16710931351154418, "avg_sr": 0.3090909090909091, "count": 110}, "object": {"avg_spl": 0.3464177168098214, "avg_sr": 0.5405405405405406, "count": 111}, "region": {"avg_spl": 0.2820697818982544, "avg_sr": 0.4217687074829932, "count": 147}, "room": {"avg_spl": 0.29453437487475637, "avg_sr": 0.5121951219512195, "count": 123}}
Elapsed 3 days, 18:06:50 

Begin to process [00810-CrMo8WxCyVb_sequence_18_1] type: [object], Question: [fireplace wall]

Elapsed 3 days, 18:06:50 Current start position is [    0.48527     -2.9999      9.6571]
Elapsed 3 days, 18:07:38 ===Episode_id 18 task_id 1 task_level=object===
SR: True, SPL: 0.9115820182021996, Object category: fireplace wall, goal type: sequence===

Elapsed 3 days, 18:07:38 [baseline] task_level=object scene=00810-CrMo8WxCyVb episode=18 task=1 sec=47.509
Elapsed 3 days, 18:07:38 [BASELINE_LIVE_METRICS] rows=492 avg_sr=0.447154 avg_spl=0.275280 follower_error_count=12 levels=[object:n=112,sr=0.544643,spl=0.351464; room:n=123,sr=0.512195,spl=0.294534; region:n=147,sr=0.421769,spl=0.282070; instance:n=110,sr=0.309091,spl=0.167109] latest_scene=00810-CrMo8WxCyVb latest_episode=18 latest_task=1 latest_level=object by_level={"instance": {"avg_spl": 0.16710931351154418, "avg_sr": 0.3090909090909091, "count": 110}, "object": {"avg_spl": 0.3514638266436819, "avg_sr": 0.5446428571428571, "count": 112}, "region": {"avg_spl": 0.2820697818982544, "avg_sr": 0.4217687074829932, "count": 147}, "room": {"avg_spl": 0.29453437487475637, "avg_sr": 0.5121951219512195, "count": 123}}
Elapsed 3 days, 18:07:38 

Begin to process [00810-CrMo8WxCyVb_sequence_18_2] type: [room], Question: [kitchen cabinet in the kitchen]

Elapsed 3 days, 18:07:38 Current start position is [   -0.12383     -2.9999    -0.58166]
Elapsed 3 days, 18:08:26 ===Episode_id 18 task_id 2 task_level=room===
SR: True, SPL: 0.6528513573179593, Object category: kitchen cabinet, goal type: sequence===

Elapsed 3 days, 18:08:26 [baseline] task_level=room scene=00810-CrMo8WxCyVb episode=18 task=2 sec=47.989
Elapsed 3 days, 18:08:26 [BASELINE_LIVE_METRICS] rows=493 avg_sr=0.448276 avg_spl=0.276046 follower_error_count=12 levels=[object:n=112,sr=0.544643,spl=0.351464; room:n=124,sr=0.516129,spl=0.297424; region:n=147,sr=0.421769,spl=0.282070; instance:n=110,sr=0.309091,spl=0.167109] latest_scene=00810-CrMo8WxCyVb latest_episode=18 latest_task=2 latest_level=room by_level={"instance": {"avg_spl": 0.16710931351154418, "avg_sr": 0.3090909090909091, "count": 110}, "object": {"avg_spl": 0.3514638266436819, "avg_sr": 0.5446428571428571, "count": 112}, "region": {"avg_spl": 0.2820697818982544, "avg_sr": 0.4217687074829932, "count": 147}, "room": {"avg_spl": 0.2974240279589757, "avg_sr": 0.5161290322580645, "count": 124}}
Elapsed 3 days, 18:08:26 

Begin to process [00810-CrMo8WxCyVb_sequence_18_3] type: [region], Question: [cabinet in the bathroom that has white flowers on white toilet, dark wood single-sink vanity beside flower prints]

Elapsed 3 days, 18:08:26 Current start position is [     1.2313     -2.9999      9.7589]
Elapsed 3 days, 18:22:41 ===Episode_id 18 task_id 3 task_level=region===
SR: False, SPL: 0.0, Object category: cabinet, goal type: sequence===

Elapsed 3 days, 18:22:41 [baseline] task_level=region scene=00810-CrMo8WxCyVb episode=18 task=3 sec=855.633
Elapsed 3 days, 18:22:41 [BASELINE_LIVE_METRICS] rows=494 avg_sr=0.447368 avg_spl=0.275487 follower_error_count=12 levels=[object:n=112,sr=0.544643,spl=0.351464; room:n=124,sr=0.516129,spl=0.297424; region:n=148,sr=0.418919,spl=0.280164; instance:n=110,sr=0.309091,spl=0.167109] latest_scene=00810-CrMo8WxCyVb latest_episode=18 latest_task=3 latest_level=region by_level={"instance": {"avg_spl": 0.16710931351154418, "avg_sr": 0.3090909090909091, "count": 110}, "object": {"avg_spl": 0.3514638266436819, "avg_sr": 0.5446428571428571, "count": 112}, "region": {"avg_spl": 0.28016390499353644, "avg_sr": 0.4189189189189189, "count": 148}, "room": {"avg_spl": 0.2974240279589757, "avg_sr": 0.5161290322580645, "count": 124}}
Elapsed 3 days, 18:22:41 

Begin to process [00810-CrMo8WxCyVb_sequence_18_4] type: [region], Question: [book in the living room that has cream couch with plaid pillows beside potted plant, wooden herringbone coffee table, fireplace below TV between white curtains, gray armchairs beside glass side table and windows]

Elapsed 3 days, 18:22:41 Current start position is [    -1.5533     -2.9999    -0.15743]
Elapsed 3 days, 18:23:58 ===Episode_id 18 task_id 4 task_level=region===
SR: True, SPL: 0.4130910886899211, Object category: book, goal type: sequence===

Elapsed 3 days, 18:23:58 [baseline] task_level=region scene=00810-CrMo8WxCyVb episode=18 task=4 sec=77.016
Elapsed 3 days, 18:23:58 [BASELINE_LIVE_METRICS] rows=495 avg_sr=0.448485 avg_spl=0.275765 follower_error_count=12 levels=[object:n=112,sr=0.544643,spl=0.351464; room:n=124,sr=0.516129,spl=0.297424; region:n=149,sr=0.422819,spl=0.281056; instance:n=110,sr=0.309091,spl=0.167109] latest_scene=00810-CrMo8WxCyVb latest_episode=18 latest_task=4 latest_level=region by_level={"instance": {"avg_spl": 0.16710931351154418, "avg_sr": 0.3090909090909091, "count": 110}, "object": {"avg_spl": 0.3514638266436819, "avg_sr": 0.5446428571428571, "count": 112}, "region": {"avg_spl": 0.2810560337431766, "avg_sr": 0.4228187919463087, "count": 149}, "room": {"avg_spl": 0.2974240279589757, "avg_sr": 0.5161290322580645, "count": 124}}
Elapsed 3 days, 18:23:58 [Metrics] sequence count: 495, invalid_count: 0, follower_error_count: 12, avg_sr: 0.448485, avg_spl: 0.275765

=== Episode ===: 19it [13:00:25, 2099.35s/it][AElapsed 3 days, 18:24:05 

Begin to process [00810-CrMo8WxCyVb_sequence_19_0] type: [instance], Question: [stainless steel oven and stove beside white cabinets and refrigerator in kitchen with wooden dining table]

Elapsed 3 days, 18:24:05 Current start position is [    -3.0985     -3.0282      9.5761]
Elapsed 3 days, 18:43:39 ===Episode_id 19 task_id 0 task_level=instance===
SR: True, SPL: 0.6783247213361082, Object category: oven and stove, goal type: sequence===

Elapsed 3 days, 18:43:39 [baseline] task_level=instance scene=00810-CrMo8WxCyVb episode=19 task=0 sec=1174.396
Elapsed 3 days, 18:43:39 [BASELINE_LIVE_METRICS] rows=496 avg_sr=0.449597 avg_spl=0.276577 follower_error_count=12 levels=[object:n=112,sr=0.544643,spl=0.351464; room:n=124,sr=0.516129,spl=0.297424; region:n=149,sr=0.422819,spl=0.281056; instance:n=111,sr=0.315315,spl=0.171715] latest_scene=00810-CrMo8WxCyVb latest_episode=19 latest_task=0 latest_level=instance by_level={"instance": {"avg_spl": 0.1717148577261799, "avg_sr": 0.3153153153153153, "count": 111}, "object": {"avg_spl": 0.3514638266436819, "avg_sr": 0.5446428571428571, "count": 112}, "region": {"avg_spl": 0.2810560337431766, "avg_sr": 0.4228187919463087, "count": 149}, "room": {"avg_spl": 0.2974240279589757, "avg_sr": 0.5161290322580645, "count": 124}}
Elapsed 3 days, 18:43:39 

Begin to process [00810-CrMo8WxCyVb_sequence_19_1] type: [room], Question: [book in the living room]

Elapsed 3 days, 18:43:39 Current start position is [    0.48522     -2.9999        9.66]
Elapsed 3 days, 18:52:38 ===Episode_id 19 task_id 1 task_level=room===
SR: False, SPL: 0.0, Object category: book, goal type: sequence===

Elapsed 3 days, 18:52:38 [baseline] task_level=room scene=00810-CrMo8WxCyVb episode=19 task=1 sec=538.663
Elapsed 3 days, 18:52:38 [BASELINE_LIVE_METRICS] rows=497 avg_sr=0.448692 avg_spl=0.276021 follower_error_count=12 levels=[object:n=112,sr=0.544643,spl=0.351464; room:n=125,sr=0.512000,spl=0.295045; region:n=149,sr=0.422819,spl=0.281056; instance:n=111,sr=0.315315,spl=0.171715] latest_scene=00810-CrMo8WxCyVb latest_episode=19 latest_task=1 latest_level=room by_level={"instance": {"avg_spl": 0.1717148577261799, "avg_sr": 0.3153153153153153, "count": 111}, "object": {"avg_spl": 0.3514638266436819, "avg_sr": 0.5446428571428571, "count": 112}, "region": {"avg_spl": 0.2810560337431766, "avg_sr": 0.4228187919463087, "count": 149}, "room": {"avg_spl": 0.29504463573530393, "avg_sr": 0.512, "count": 125}}
Elapsed 3 days, 18:52:38 

Begin to process [00810-CrMo8WxCyVb_sequence_19_2] type: [region], Question: [cabinet in the kitchen that has brown dining table with tableware and white flowers, white cabinets with marble countertop, silver refrigerator, microwave above stove and oven, console table with decorative plate below two framed pictures]

Elapsed 3 days, 18:52:38 Current start position is [     -5.476     -2.9999      10.238]
Elapsed 3 days, 18:57:50 ===Episode_id 19 task_id 2 task_level=region===
SR: True, SPL: 0.23325529289880326, Object category: cabinet, goal type: sequence===

Elapsed 3 days, 18:57:50 [baseline] task_level=region scene=00810-CrMo8WxCyVb episode=19 task=2 sec=311.490
Elapsed 3 days, 18:57:50 [BASELINE_LIVE_METRICS] rows=498 avg_sr=0.449799 avg_spl=0.275935 follower_error_count=12 levels=[object:n=112,sr=0.544643,spl=0.351464; room:n=125,sr=0.512000,spl=0.295045; region:n=150,sr=0.426667,spl=0.280737; instance:n=111,sr=0.315315,spl=0.171715] latest_scene=00810-CrMo8WxCyVb latest_episode=19 latest_task=2 latest_level=region by_level={"instance": {"avg_spl": 0.1717148577261799, "avg_sr": 0.3153153153153153, "count": 111}, "object": {"avg_spl": 0.3514638266436819, "avg_sr": 0.5446428571428571, "count": 112}, "region": {"avg_spl": 0.28073736213754746, "avg_sr": 0.4266666666666667, "count": 150}, "room": {"avg_spl": 0.29504463573530393, "avg_sr": 0.512, "count": 125}}
Elapsed 3 days, 18:57:50 

Begin to process [00810-CrMo8WxCyVb_sequence_19_3] type: [region], Question: [desk in the office that has wooden office desk with gray armchair below round mirror, potted plant in corner below world map, armchair with side table in the bay window]

Elapsed 3 days, 18:57:50 Current start position is [      1.181     -2.9999      8.4239]
Elapsed 3 days, 18:59:15 ===Episode_id 19 task_id 3 task_level=region===
SR: True, SPL: 0.8915631422425911, Object category: desk, goal type: sequence===

Elapsed 3 days, 18:59:15 [baseline] task_level=region scene=00810-CrMo8WxCyVb episode=19 task=3 sec=85.338
Elapsed 3 days, 18:59:15 [BASELINE_LIVE_METRICS] rows=499 avg_sr=0.450902 avg_spl=0.277168 follower_error_count=12 levels=[object:n=112,sr=0.544643,spl=0.351464; room:n=125,sr=0.512000,spl=0.295045; region:n=151,sr=0.430464,spl=0.284783; instance:n=111,sr=0.315315,spl=0.171715] latest_scene=00810-CrMo8WxCyVb latest_episode=19 latest_task=3 latest_level=region by_level={"instance": {"avg_spl": 0.1717148577261799, "avg_sr": 0.3153153153153153, "count": 111}, "object": {"avg_spl": 0.3514638266436819, "avg_sr": 0.5446428571428571, "count": 112}, "region": {"avg_spl": 0.28478256597930274, "avg_sr": 0.4304635761589404, "count": 151}, "room": {"avg_spl": 0.29504463573530393, "avg_sr": 0.512, "count": 125}}
Elapsed 3 days, 18:59:15 

Begin to process [00810-CrMo8WxCyVb_sequence_19_4] type: [object], Question: [cabinet]

Elapsed 3 days, 18:59:15 Current start position is [    -6.3873     -2.9999      9.1093]
Elapsed 3 days, 19:00:21 ===Episode_id 19 task_id 4 task_level=object===
SR: True, SPL: 0.47057875855950765, Object category: cabinet, goal type: sequence===

Elapsed 3 days, 19:00:21 [baseline] task_level=object scene=00810-CrMo8WxCyVb episode=19 task=4 sec=65.861
Elapsed 3 days, 19:00:21 [BASELINE_LIVE_METRICS] rows=500 avg_sr=0.452000 avg_spl=0.277555 follower_error_count=12 levels=[object:n=113,sr=0.548673,spl=0.352518; room:n=125,sr=0.512000,spl=0.295045; region:n=151,sr=0.430464,spl=0.284783; instance:n=111,sr=0.315315,spl=0.171715] latest_scene=00810-CrMo8WxCyVb latest_episode=19 latest_task=4 latest_level=object by_level={"instance": {"avg_spl": 0.1717148577261799, "avg_sr": 0.3153153153153153, "count": 111}, "object": {"avg_spl": 0.3525179410854149, "avg_sr": 0.5486725663716814, "count": 113}, "region": {"avg_spl": 0.28478256597930274, "avg_sr": 0.4304635761589404, "count": 151}, "room": {"avg_spl": 0.29504463573530393, "avg_sr": 0.512, "count": 125}}
Elapsed 3 days, 19:00:21 [Metrics] sequence count: 500, invalid_count: 0, follower_error_count: 12, avg_sr: 0.452000, avg_spl: 0.277555

=== Episode ===: 20it [13:36:47, 2124.30s/it][A=== Episode ===: 20it [13:36:47, 2450.38s/it]
Elapsed 3 days, 19:00:21 [Metrics] sequence count: 500, invalid_count: 0, follower_error_count: 12, avg_sr: 0.452000, avg_spl: 0.277555
*** Scene ***:  71%|#######1  | 5/7 [90:59:37<32:46:49, 59004.81s/it]Elapsed 3 days, 19:00:21 




*************************** Processing 00813-svBbv1Pavdk.json.gz, Total Episode 20 ***************************

=== Episode ===: 0it [00:00, ?it/s][AElapsed 3 days, 19:00:25 

Begin to process [00813-svBbv1Pavdk_sequence_0_0] type: [instance], Question: [black-and-white cityscape picture above wood desk near gray couch below world map with adventure quote]

Elapsed 3 days, 19:00:25 Current start position is [      6.668     0.02755     -1.3762]
Elapsed 3 days, 19:41:34 ===Episode_id 0 task_id 0 task_level=instance===
SR: False, SPL: 0.0, Object category: picture, goal type: sequence===

Elapsed 3 days, 19:41:34 [baseline] task_level=instance scene=00813-svBbv1Pavdk episode=0 task=0 sec=2468.722
Elapsed 3 days, 19:41:34 [BASELINE_LIVE_METRICS] rows=501 avg_sr=0.451098 avg_spl=0.277001 follower_error_count=12 levels=[object:n=113,sr=0.548673,spl=0.352518; room:n=125,sr=0.512000,spl=0.295045; region:n=151,sr=0.430464,spl=0.284783; instance:n=112,sr=0.312500,spl=0.170182] latest_scene=00813-svBbv1Pavdk latest_episode=0 latest_task=0 latest_level=instance by_level={"instance": {"avg_spl": 0.1701816893536247, "avg_sr": 0.3125, "count": 112}, "object": {"avg_spl": 0.3525179410854149, "avg_sr": 0.5486725663716814, "count": 113}, "region": {"avg_spl": 0.28478256597930274, "avg_sr": 0.4304635761589404, "count": 151}, "room": {"avg_spl": 0.29504463573530393, "avg_sr": 0.512, "count": 125}}
Elapsed 3 days, 19:41:34 

Begin to process [00813-svBbv1Pavdk_sequence_0_1] type: [room], Question: [nightstand in the bedroom]

Elapsed 3 days, 19:41:34 Current start position is [     5.4255    0.027547       2.965]
Elapsed 3 days, 19:43:47 ===Episode_id 0 task_id 1 task_level=room===
SR: True, SPL: 0.22955314826837295, Object category: nightstand, goal type: sequence===

Elapsed 3 days, 19:43:47 [baseline] task_level=room scene=00813-svBbv1Pavdk episode=0 task=1 sec=133.405
Elapsed 3 days, 19:43:47 [BASELINE_LIVE_METRICS] rows=502 avg_sr=0.452191 avg_spl=0.276907 follower_error_count=12 levels=[object:n=113,sr=0.548673,spl=0.352518; room:n=126,sr=0.515873,spl=0.294525; region:n=151,sr=0.430464,spl=0.284783; instance:n=112,sr=0.312500,spl=0.170182] latest_scene=00813-svBbv1Pavdk latest_episode=0 latest_task=1 latest_level=room by_level={"instance": {"avg_spl": 0.1701816893536247, "avg_sr": 0.3125, "count": 112}, "object": {"avg_spl": 0.3525179410854149, "avg_sr": 0.5486725663716814, "count": 113}, "region": {"avg_spl": 0.28478256597930274, "avg_sr": 0.4304635761589404, "count": 151}, "room": {"avg_spl": 0.2945248620252489, "avg_sr": 0.5158730158730159, "count": 126}}
Elapsed 3 days, 19:43:47 

Begin to process [00813-svBbv1Pavdk_sequence_0_2] type: [object], Question: [tv stand]

Elapsed 3 days, 19:43:47 Current start position is [     7.8174    0.027547     -3.2222]
Elapsed 3 days, 19:44:39 ===Episode_id 0 task_id 2 task_level=object===
SR: True, SPL: 0.8460006483616485, Object category: tv stand, goal type: sequence===

Elapsed 3 days, 19:44:39 [baseline] task_level=object scene=00813-svBbv1Pavdk episode=0 task=2 sec=51.769
Elapsed 3 days, 19:44:39 [BASELINE_LIVE_METRICS] rows=503 avg_sr=0.453280 avg_spl=0.278038 follower_error_count=12 levels=[object:n=114,sr=0.552632,spl=0.356847; room:n=126,sr=0.515873,spl=0.294525; region:n=151,sr=0.430464,spl=0.284783; instance:n=112,sr=0.312500,spl=0.170182] latest_scene=00813-svBbv1Pavdk latest_episode=0 latest_task=2 latest_level=object by_level={"instance": {"avg_spl": 0.1701816893536247, "avg_sr": 0.3125, "count": 112}, "object": {"avg_spl": 0.35684673676327655, "avg_sr": 0.5526315789473685, "count": 114}, "region": {"avg_spl": 0.28478256597930274, "avg_sr": 0.4304635761589404, "count": 151}, "room": {"avg_spl": 0.2945248620252489, "avg_sr": 0.5158730158730159, "count": 126}}
Elapsed 3 days, 19:44:39 

Begin to process [00813-svBbv1Pavdk_sequence_0_3] type: [region], Question: [flowerpot in the bedroom that has bed with white quilt, patterned blanket, and gray headboard beneath coastal landscape painting, nightstand with alarm clock and small potted plant, potted plant with large leaf in corner]

Elapsed 3 days, 19:44:39 Current start position is [     7.8963    0.027547      3.2082]
Elapsed 3 days, 19:45:55 ===Episode_id 0 task_id 3 task_level=region===
SR: False, SPL: 0.0, Object category: flowerpot, goal type: sequence===

Elapsed 3 days, 19:45:55 [baseline] task_level=region scene=00813-svBbv1Pavdk episode=0 task=3 sec=75.870
Elapsed 3 days, 19:45:55 [BASELINE_LIVE_METRICS] rows=504 avg_sr=0.452381 avg_spl=0.277486 follower_error_count=12 levels=[object:n=114,sr=0.552632,spl=0.356847; room:n=126,sr=0.515873,spl=0.294525; region:n=152,sr=0.427632,spl=0.282909; instance:n=112,sr=0.312500,spl=0.170182] latest_scene=00813-svBbv1Pavdk latest_episode=0 latest_task=3 latest_level=region by_level={"instance": {"avg_spl": 0.1701816893536247, "avg_sr": 0.3125, "count": 112}, "object": {"avg_spl": 0.35684673676327655, "avg_sr": 0.5526315789473685, "count": 114}, "region": {"avg_spl": 0.282908996466281, "avg_sr": 0.4276315789473684, "count": 152}, "room": {"avg_spl": 0.2945248620252489, "avg_sr": 0.5158730158730159, "count": 126}}
Elapsed 3 days, 19:45:55 

Begin to process [00813-svBbv1Pavdk_sequence_0_4] type: [room], Question: [plant in the walk-in closet]

Elapsed 3 days, 19:45:55 Current start position is [     6.2674    0.027547      -1.543]
Elapsed 3 days, 19:46:50 ===Episode_id 0 task_id 4 task_level=room===
SR: False, SPL: 0.0, Object category: plant, goal type: sequence===

Elapsed 3 days, 19:46:50 [baseline] task_level=room scene=00813-svBbv1Pavdk episode=0 task=4 sec=55.219
Elapsed 3 days, 19:46:50 [BASELINE_LIVE_METRICS] rows=505 avg_sr=0.451485 avg_spl=0.276937 follower_error_count=12 levels=[object:n=114,sr=0.552632,spl=0.356847; room:n=127,sr=0.511811,spl=0.292206; region:n=152,sr=0.427632,spl=0.282909; instance:n=112,sr=0.312500,spl=0.170182] latest_scene=00813-svBbv1Pavdk latest_episode=0 latest_task=4 latest_level=room by_level={"instance": {"avg_spl": 0.1701816893536247, "avg_sr": 0.3125, "count": 112}, "object": {"avg_spl": 0.35684673676327655, "avg_sr": 0.5526315789473685, "count": 114}, "region": {"avg_spl": 0.282908996466281, "avg_sr": 0.4276315789473684, "count": 152}, "room": {"avg_spl": 0.2922057686234753, "avg_sr": 0.5118110236220472, "count": 127}}
Elapsed 3 days, 19:46:50 [Metrics] sequence count: 505, invalid_count: 0, follower_error_count: 12, avg_sr: 0.451485, avg_spl: 0.276937

=== Episode ===: 1it [46:29, 2789.08s/it][AElapsed 3 days, 19:46:54 

Begin to process [00813-svBbv1Pavdk_sequence_1_0] type: [instance], Question: [dried grass plant in white flowerpot beside gray couch under world map with adventure quote near wood desk]

Elapsed 3 days, 19:46:54 Current start position is [     3.5446     0.02755     -2.3051]
Elapsed 3 days, 20:27:05 ===Episode_id 1 task_id 0 task_level=instance===
SR: False, SPL: 0.0, Object category: plant, goal type: sequence===

Elapsed 3 days, 20:27:05 [baseline] task_level=instance scene=00813-svBbv1Pavdk episode=1 task=0 sec=2411.168
Elapsed 3 days, 20:27:05 [BASELINE_LIVE_METRICS] rows=506 avg_sr=0.450593 avg_spl=0.276390 follower_error_count=12 levels=[object:n=114,sr=0.552632,spl=0.356847; room:n=127,sr=0.511811,spl=0.292206; region:n=152,sr=0.427632,spl=0.282909; instance:n=113,sr=0.309735,spl=0.168676] latest_scene=00813-svBbv1Pavdk latest_episode=1 latest_task=0 latest_level=instance by_level={"instance": {"avg_spl": 0.1686756567044776, "avg_sr": 0.30973451327433627, "count": 113}, "object": {"avg_spl": 0.35684673676327655, "avg_sr": 0.5526315789473685, "count": 114}, "region": {"avg_spl": 0.282908996466281, "avg_sr": 0.4276315789473684, "count": 152}, "room": {"avg_spl": 0.2922057686234753, "avg_sr": 0.5118110236220472, "count": 127}}
Elapsed 3 days, 20:27:05 

Begin to process [00813-svBbv1Pavdk_sequence_1_1] type: [room], Question: [couch in the living room]

Elapsed 3 days, 20:27:05 Current start position is [     7.4857    0.027547      1.0412]
Elapsed 3 days, 20:27:56 ===Episode_id 1 task_id 1 task_level=room===
SR: True, SPL: 1.0, Object category: couch, goal type: sequence===

Elapsed 3 days, 20:27:56 [baseline] task_level=room scene=00813-svBbv1Pavdk episode=1 task=1 sec=50.323
Elapsed 3 days, 20:27:56 [BASELINE_LIVE_METRICS] rows=507 avg_sr=0.451677 avg_spl=0.277817 follower_error_count=12 levels=[object:n=114,sr=0.552632,spl=0.356847; room:n=128,sr=0.515625,spl=0.297735; region:n=152,sr=0.427632,spl=0.282909; instance:n=113,sr=0.309735,spl=0.168676] latest_scene=00813-svBbv1Pavdk latest_episode=1 latest_task=1 latest_level=room by_level={"instance": {"avg_spl": 0.1686756567044776, "avg_sr": 0.30973451327433627, "count": 113}, "object": {"avg_spl": 0.35684673676327655, "avg_sr": 0.5526315789473685, "count": 114}, "region": {"avg_spl": 0.282908996466281, "avg_sr": 0.4276315789473684, "count": 152}, "room": {"avg_spl": 0.2977354110561044, "avg_sr": 0.515625, "count": 128}}
Elapsed 3 days, 20:27:56 

Begin to process [00813-svBbv1Pavdk_sequence_1_2] type: [region], Question: [picture in the living room that has gray couch with beige and brown pillows beneath white-and-black wall painting, glass coffee table on gray rug, TV on white stand beside potted plant and woven basket]

Elapsed 3 days, 20:27:56 Current start position is [     7.4857    0.027547      1.0412]
Elapsed 3 days, 20:29:06 ===Episode_id 1 task_id 2 task_level=region===
SR: False, SPL: 0.0, Object category: picture, goal type: sequence===

Elapsed 3 days, 20:29:06 [baseline] task_level=region scene=00813-svBbv1Pavdk episode=1 task=2 sec=70.862
Elapsed 3 days, 20:29:06 [BASELINE_LIVE_METRICS] rows=508 avg_sr=0.450787 avg_spl=0.277270 follower_error_count=12 levels=[object:n=114,sr=0.552632,spl=0.356847; room:n=128,sr=0.515625,spl=0.297735; region:n=153,sr=0.424837,spl=0.281060; instance:n=113,sr=0.309735,spl=0.168676] latest_scene=00813-svBbv1Pavdk latest_episode=1 latest_task=2 latest_level=region by_level={"instance": {"avg_spl": 0.1686756567044776, "avg_sr": 0.30973451327433627, "count": 113}, "object": {"avg_spl": 0.35684673676327655, "avg_sr": 0.5526315789473685, "count": 114}, "region": {"avg_spl": 0.2810599180580046, "avg_sr": 0.42483660130718953, "count": 153}, "room": {"avg_spl": 0.2977354110561044, "avg_sr": 0.515625, "count": 128}}
Elapsed 3 days, 20:29:06 

Begin to process [00813-svBbv1Pavdk_sequence_1_3] type: [object], Question: [bathtub]

Elapsed 3 days, 20:29:06 Current start position is [     7.4857    0.027547      1.0412]
Elapsed 3 days, 20:29:50 ===Episode_id 1 task_id 3 task_level=object===
SR: True, SPL: 0.8063580007028298, Object category: bathtub, goal type: sequence===

Elapsed 3 days, 20:29:50 [baseline] task_level=object scene=00813-svBbv1Pavdk episode=1 task=3 sec=43.218
Elapsed 3 days, 20:29:50 [BASELINE_LIVE_METRICS] rows=509 avg_sr=0.451866 avg_spl=0.278309 follower_error_count=12 levels=[object:n=115,sr=0.556522,spl=0.360756; room:n=128,sr=0.515625,spl=0.297735; region:n=153,sr=0.424837,spl=0.281060; instance:n=113,sr=0.309735,spl=0.168676] latest_scene=00813-svBbv1Pavdk latest_episode=1 latest_task=3 latest_level=object by_level={"instance": {"avg_spl": 0.1686756567044776, "avg_sr": 0.30973451327433627, "count": 113}, "object": {"avg_spl": 0.36075553036275093, "avg_sr": 0.5565217391304348, "count": 115}, "region": {"avg_spl": 0.2810599180580046, "avg_sr": 0.42483660130718953, "count": 153}, "room": {"avg_spl": 0.2977354110561044, "avg_sr": 0.515625, "count": 128}}
Elapsed 3 days, 20:29:50 

Begin to process [00813-svBbv1Pavdk_sequence_1_4] type: [room], Question: [sink in the kitchen]

Elapsed 3 days, 20:29:50 Current start position is [     3.2559    0.027547     -2.8019]
Elapsed 3 days, 20:30:31 ===Episode_id 1 task_id 4 task_level=room===
SR: False, SPL: 0.0, Object category: sink, goal type: sequence===

Elapsed 3 days, 20:30:31 [baseline] task_level=room scene=00813-svBbv1Pavdk episode=1 task=4 sec=40.797
Elapsed 3 days, 20:30:31 [BASELINE_LIVE_METRICS] rows=510 avg_sr=0.450980 avg_spl=0.277764 follower_error_count=12 levels=[object:n=115,sr=0.556522,spl=0.360756; room:n=129,sr=0.511628,spl=0.295427; region:n=153,sr=0.424837,spl=0.281060; instance:n=113,sr=0.309735,spl=0.168676] latest_scene=00813-svBbv1Pavdk latest_episode=1 latest_task=4 latest_level=room by_level={"instance": {"avg_spl": 0.1686756567044776, "avg_sr": 0.30973451327433627, "count": 113}, "object": {"avg_spl": 0.36075553036275093, "avg_sr": 0.5565217391304348, "count": 115}, "region": {"avg_spl": 0.2810599180580046, "avg_sr": 0.42483660130718953, "count": 153}, "room": {"avg_spl": 0.295427384613809, "avg_sr": 0.5116279069767442, "count": 129}}
Elapsed 3 days, 20:30:31 [Metrics] sequence count: 510, invalid_count: 0, follower_error_count: 12, avg_sr: 0.450980, avg_spl: 0.277764

=== Episode ===: 2it [1:30:09, 2689.93s/it][AElapsed 3 days, 20:30:35 

Begin to process [00813-svBbv1Pavdk_sequence_2_0] type: [instance], Question: [light gray couch with pillows below world map with adventure quote beside wood desk and potted plant on round side table]

Elapsed 3 days, 20:30:35 Current start position is [      4.337     0.02755      6.3672]
Elapsed 3 days, 20:50:06 ===Episode_id 2 task_id 0 task_level=instance===
SR: False, SPL: 0.0, Object category: couch, goal type: sequence===

Elapsed 3 days, 20:50:06 [baseline] task_level=instance scene=00813-svBbv1Pavdk episode=2 task=0 sec=1171.410
Elapsed 3 days, 20:50:06 [BASELINE_LIVE_METRICS] rows=511 avg_sr=0.450098 avg_spl=0.277220 follower_error_count=12 levels=[object:n=115,sr=0.556522,spl=0.360756; room:n=129,sr=0.511628,spl=0.295427; region:n=153,sr=0.424837,spl=0.281060; instance:n=114,sr=0.307018,spl=0.167196] latest_scene=00813-svBbv1Pavdk latest_episode=2 latest_task=0 latest_level=instance by_level={"instance": {"avg_spl": 0.16719604568075408, "avg_sr": 0.30701754385964913, "count": 114}, "object": {"avg_spl": 0.36075553036275093, "avg_sr": 0.5565217391304348, "count": 115}, "region": {"avg_spl": 0.2810599180580046, "avg_sr": 0.42483660130718953, "count": 153}, "room": {"avg_spl": 0.295427384613809, "avg_sr": 0.5116279069767442, "count": 129}}
Elapsed 3 days, 20:50:06 

Begin to process [00813-svBbv1Pavdk_sequence_2_1] type: [room], Question: [sink in the kitchen]

Elapsed 3 days, 20:50:06 Current start position is [     7.4848    0.027547      1.0422]
Elapsed 3 days, 20:53:33 ===Episode_id 2 task_id 1 task_level=room===
SR: True, SPL: 0.45344155416275883, Object category: sink, goal type: sequence===

Elapsed 3 days, 20:53:33 [baseline] task_level=room scene=00813-svBbv1Pavdk episode=2 task=1 sec=206.346
Elapsed 3 days, 20:53:33 [BASELINE_LIVE_METRICS] rows=512 avg_sr=0.451172 avg_spl=0.277564 follower_error_count=12 levels=[object:n=115,sr=0.556522,spl=0.360756; room:n=130,sr=0.515385,spl=0.296643; region:n=153,sr=0.424837,spl=0.281060; instance:n=114,sr=0.307018,spl=0.167196] latest_scene=00813-svBbv1Pavdk latest_episode=2 latest_task=1 latest_level=room by_level={"instance": {"avg_spl": 0.16719604568075408, "avg_sr": 0.30701754385964913, "count": 114}, "object": {"avg_spl": 0.36075553036275093, "avg_sr": 0.5565217391304348, "count": 115}, "region": {"avg_spl": 0.2810599180580046, "avg_sr": 0.42483660130718953, "count": 153}, "room": {"avg_spl": 0.296642878225724, "avg_sr": 0.5153846153846153, "count": 130}}
Elapsed 3 days, 20:53:33 

Begin to process [00813-svBbv1Pavdk_sequence_2_2] type: [object], Question: [shower curtain]

Elapsed 3 days, 20:53:33 Current start position is [     2.5843    0.027547      4.0445]
Elapsed 3 days, 20:54:26 ===Episode_id 2 task_id 2 task_level=object===
SR: False, SPL: 0.0, Object category: shower curtain, goal type: sequence===

Elapsed 3 days, 20:54:26 [baseline] task_level=object scene=00813-svBbv1Pavdk episode=2 task=2 sec=52.918
Elapsed 3 days, 20:54:26 [BASELINE_LIVE_METRICS] rows=513 avg_sr=0.450292 avg_spl=0.277023 follower_error_count=12 levels=[object:n=116,sr=0.551724,spl=0.357646; room:n=130,sr=0.515385,spl=0.296643; region:n=153,sr=0.424837,spl=0.281060; instance:n=114,sr=0.307018,spl=0.167196] latest_scene=00813-svBbv1Pavdk latest_episode=2 latest_task=2 latest_level=object by_level={"instance": {"avg_spl": 0.16719604568075408, "avg_sr": 0.30701754385964913, "count": 114}, "object": {"avg_spl": 0.35764556889410654, "avg_sr": 0.5517241379310345, "count": 116}, "region": {"avg_spl": 0.2810599180580046, "avg_sr": 0.42483660130718953, "count": 153}, "room": {"avg_spl": 0.296642878225724, "avg_sr": 0.5153846153846153, "count": 130}}
Elapsed 3 days, 20:54:26 

Begin to process [00813-svBbv1Pavdk_sequence_2_3] type: [object], Question: [picture]

Elapsed 3 days, 20:54:26 Current start position is [       9.54    0.027547      4.4406]
Elapsed 3 days, 20:55:15 ===Episode_id 2 task_id 3 task_level=object===
SR: True, SPL: 0.3137632658623863, Object category: picture, goal type: sequence===

Elapsed 3 days, 20:55:15 [baseline] task_level=object scene=00813-svBbv1Pavdk episode=2 task=3 sec=48.740
Elapsed 3 days, 20:55:15 [BASELINE_LIVE_METRICS] rows=514 avg_sr=0.451362 avg_spl=0.277095 follower_error_count=12 levels=[object:n=117,sr=0.555556,spl=0.357271; room:n=130,sr=0.515385,spl=0.296643; region:n=153,sr=0.424837,spl=0.281060; instance:n=114,sr=0.307018,spl=0.167196] latest_scene=00813-svBbv1Pavdk latest_episode=2 latest_task=3 latest_level=object by_level={"instance": {"avg_spl": 0.16719604568075408, "avg_sr": 0.30701754385964913, "count": 114}, "object": {"avg_spl": 0.35727050647503195, "avg_sr": 0.5555555555555556, "count": 117}, "region": {"avg_spl": 0.2810599180580046, "avg_sr": 0.42483660130718953, "count": 153}, "room": {"avg_spl": 0.296642878225724, "avg_sr": 0.5153846153846153, "count": 130}}
Elapsed 3 days, 20:55:15 

Begin to process [00813-svBbv1Pavdk_sequence_2_4] type: [region], Question: [clothes dryer in the laundry room that has white washing machine and clothes dryer]

Elapsed 3 days, 20:55:15 Current start position is [     5.5943    0.027547     -1.9094]
Elapsed 3 days, 20:59:48 ===Episode_id 2 task_id 4 task_level=region===
SR: True, SPL: 0.702678086519922, Object category: clothes dryer, goal type: sequence===

Elapsed 3 days, 20:59:48 [baseline] task_level=region scene=00813-svBbv1Pavdk episode=2 task=4 sec=272.981
Elapsed 3 days, 20:59:48 [BASELINE_LIVE_METRICS] rows=515 avg_sr=0.452427 avg_spl=0.277921 follower_error_count=12 levels=[object:n=117,sr=0.555556,spl=0.357271; room:n=130,sr=0.515385,spl=0.296643; region:n=154,sr=0.428571,spl=0.283798; instance:n=114,sr=0.307018,spl=0.167196] latest_scene=00813-svBbv1Pavdk latest_episode=2 latest_task=4 latest_level=region by_level={"instance": {"avg_spl": 0.16719604568075408, "avg_sr": 0.30701754385964913, "count": 114}, "object": {"avg_spl": 0.35727050647503195, "avg_sr": 0.5555555555555556, "count": 117}, "region": {"avg_spl": 0.2837976983726924, "avg_sr": 0.42857142857142855, "count": 154}, "room": {"avg_spl": 0.296642878225724, "avg_sr": 0.5153846153846153, "count": 130}}
Elapsed 3 days, 20:59:48 [Metrics] sequence count: 515, invalid_count: 0, follower_error_count: 12, avg_sr: 0.452427, avg_spl: 0.277921

=== Episode ===: 3it [1:59:26, 2263.96s/it][AElapsed 3 days, 20:59:52 

Begin to process [00813-svBbv1Pavdk_sequence_3_0] type: [instance], Question: [wooden desk with white lamp and book near gray couch below world map with adventure quote]

Elapsed 3 days, 20:59:52 Current start position is [     6.0502     0.02755      6.0857]
Elapsed 3 days, 21:46:54 ===Episode_id 3 task_id 0 task_level=instance===
SR: True, SPL: 0.3869918564209495, Object category: desk, goal type: sequence===

Elapsed 3 days, 21:46:54 [baseline] task_level=instance scene=00813-svBbv1Pavdk episode=3 task=0 sec=2821.447
Elapsed 3 days, 21:46:54 [BASELINE_LIVE_METRICS] rows=516 avg_sr=0.453488 avg_spl=0.278133 follower_error_count=12 levels=[object:n=117,sr=0.555556,spl=0.357271; room:n=130,sr=0.515385,spl=0.296643; region:n=154,sr=0.428571,spl=0.283798; instance:n=115,sr=0.313043,spl=0.169107] latest_scene=00813-svBbv1Pavdk latest_episode=3 latest_task=0 latest_level=instance by_level={"instance": {"avg_spl": 0.16910731360023404, "avg_sr": 0.3130434782608696, "count": 115}, "object": {"avg_spl": 0.35727050647503195, "avg_sr": 0.5555555555555556, "count": 117}, "region": {"avg_spl": 0.2837976983726924, "avg_sr": 0.42857142857142855, "count": 154}, "room": {"avg_spl": 0.296642878225724, "avg_sr": 0.5153846153846153, "count": 130}}
Elapsed 3 days, 21:46:54 

Begin to process [00813-svBbv1Pavdk_sequence_3_1] type: [room], Question: [tv stand in the living room]

Elapsed 3 days, 21:46:54 Current start position is [    0.06937    0.027547     -2.3596]
Elapsed 3 days, 21:47:45 ===Episode_id 3 task_id 1 task_level=room===
SR: True, SPL: 0.8383647609107021, Object category: tv stand, goal type: sequence===

Elapsed 3 days, 21:47:45 [baseline] task_level=room scene=00813-svBbv1Pavdk episode=3 task=1 sec=51.712
Elapsed 3 days, 21:47:45 [BASELINE_LIVE_METRICS] rows=517 avg_sr=0.454545 avg_spl=0.279216 follower_error_count=12 levels=[object:n=117,sr=0.555556,spl=0.357271; room:n=131,sr=0.519084,spl=0.300778; region:n=154,sr=0.428571,spl=0.283798; instance:n=115,sr=0.313043,spl=0.169107] latest_scene=00813-svBbv1Pavdk latest_episode=3 latest_task=1 latest_level=room by_level={"instance": {"avg_spl": 0.16910731360023404, "avg_sr": 0.3130434782608696, "count": 115}, "object": {"avg_spl": 0.35727050647503195, "avg_sr": 0.5555555555555556, "count": 117}, "region": {"avg_spl": 0.2837976983726924, "avg_sr": 0.42857142857142855, "count": 154}, "room": {"avg_spl": 0.3007781597729376, "avg_sr": 0.5190839694656488, "count": 131}}
Elapsed 3 days, 21:47:45 

Begin to process [00813-svBbv1Pavdk_sequence_3_2] type: [region], Question: [bath cabinet in the bathroom that has toilet below botanical leaf print, bathtub with white shower curtain, white single-sink vanity]

Elapsed 3 days, 21:47:45 Current start position is [     7.8757    0.027547      3.2395]
Elapsed 3 days, 21:56:42 ===Episode_id 3 task_id 2 task_level=region===
SR: True, SPL: 0.45466845008375695, Object category: bath cabinet, goal type: sequence===

Elapsed 3 days, 21:56:42 [baseline] task_level=region scene=00813-svBbv1Pavdk episode=3 task=2 sec=536.876
Elapsed 3 days, 21:56:42 [BASELINE_LIVE_METRICS] rows=518 avg_sr=0.455598 avg_spl=0.279555 follower_error_count=12 levels=[object:n=117,sr=0.555556,spl=0.357271; room:n=131,sr=0.519084,spl=0.300778; region:n=155,sr=0.432258,spl=0.284900; instance:n=115,sr=0.313043,spl=0.169107] latest_scene=00813-svBbv1Pavdk latest_episode=3 latest_task=2 latest_level=region by_level={"instance": {"avg_spl": 0.16910731360023404, "avg_sr": 0.3130434782608696, "count": 115}, "object": {"avg_spl": 0.35727050647503195, "avg_sr": 0.5555555555555556, "count": 117}, "region": {"avg_spl": 0.2849000903192154, "avg_sr": 0.432258064516129, "count": 155}, "room": {"avg_spl": 0.3007781597729376, "avg_sr": 0.5190839694656488, "count": 131}}
Elapsed 3 days, 21:56:42 

Begin to process [00813-svBbv1Pavdk_sequence_3_3] type: [region], Question: [decoration in the bedroom that has bed with white quilt, patterned blanket, and gray headboard beneath coastal landscape painting, nightstand with alarm clock and small potted plant, potted plant with large leaf in corner]

Elapsed 3 days, 21:56:42 Current start position is [     3.3132    0.027547     -2.8107]
Elapsed 3 days, 21:59:12 ===Episode_id 3 task_id 3 task_level=region===
SR: False, SPL: 0.0, Object category: decoration, goal type: sequence===

Elapsed 3 days, 21:59:12 [baseline] task_level=region scene=00813-svBbv1Pavdk episode=3 task=3 sec=149.623
Elapsed 3 days, 21:59:12 [BASELINE_LIVE_METRICS] rows=519 avg_sr=0.454721 avg_spl=0.279016 follower_error_count=12 levels=[object:n=117,sr=0.555556,spl=0.357271; room:n=131,sr=0.519084,spl=0.300778; region:n=156,sr=0.429487,spl=0.283074; instance:n=115,sr=0.313043,spl=0.169107] latest_scene=00813-svBbv1Pavdk latest_episode=3 latest_task=3 latest_level=region by_level={"instance": {"avg_spl": 0.16910731360023404, "avg_sr": 0.3130434782608696, "count": 115}, "object": {"avg_spl": 0.35727050647503195, "avg_sr": 0.5555555555555556, "count": 117}, "region": {"avg_spl": 0.28307380768896406, "avg_sr": 0.42948717948717946, "count": 156}, "room": {"avg_spl": 0.3007781597729376, "avg_sr": 0.5190839694656488, "count": 131}}
Elapsed 3 days, 21:59:12 

Begin to process [00813-svBbv1Pavdk_sequence_3_4] type: [object], Question: [clothes dryer]

Elapsed 3 days, 21:59:12 Current start position is [     9.3205    0.027547      4.5438]
Elapsed 3 days, 22:01:54 ===Episode_id 3 task_id 4 task_level=object===
SR: False, SPL: 0.0, Object category: clothes dryer, goal type: sequence===

Elapsed 3 days, 22:01:54 [baseline] task_level=object scene=00813-svBbv1Pavdk episode=3 task=4 sec=162.266
Elapsed 3 days, 22:01:54 [BASELINE_LIVE_METRICS] rows=520 avg_sr=0.453846 avg_spl=0.278480 follower_error_count=12 levels=[object:n=118,sr=0.550847,spl=0.354243; room:n=131,sr=0.519084,spl=0.300778; region:n=156,sr=0.429487,spl=0.283074; instance:n=115,sr=0.313043,spl=0.169107] latest_scene=00813-svBbv1Pavdk latest_episode=3 latest_task=4 latest_level=object by_level={"instance": {"avg_spl": 0.16910731360023404, "avg_sr": 0.3130434782608696, "count": 115}, "object": {"avg_spl": 0.3542427903184639, "avg_sr": 0.5508474576271186, "count": 118}, "region": {"avg_spl": 0.28307380768896406, "avg_sr": 0.42948717948717946, "count": 156}, "room": {"avg_spl": 0.3007781597729376, "avg_sr": 0.5190839694656488, "count": 131}}
Elapsed 3 days, 22:01:54 [Metrics] sequence count: 520, invalid_count: 0, follower_error_count: 12, avg_sr: 0.453846, avg_spl: 0.278480

=== Episode ===: 4it [3:01:33, 2841.42s/it][AElapsed 3 days, 22:01:58 

Begin to process [00813-svBbv1Pavdk_sequence_4_0] type: [instance], Question: [white toilet under brown botanical leaf print in bathroom near bathtub with white shower curtain]

Elapsed 3 days, 22:01:58 Current start position is [    0.08878     0.02755      -2.248]
Elapsed 3 days, 22:27:01 ===Episode_id 4 task_id 0 task_level=instance===
SR: True, SPL: 0.588768436390946, Object category: toilet, goal type: sequence===

Elapsed 3 days, 22:27:01 [baseline] task_level=instance scene=00813-svBbv1Pavdk episode=4 task=0 sec=1502.735
Elapsed 3 days, 22:27:01 [BASELINE_LIVE_METRICS] rows=521 avg_sr=0.454894 avg_spl=0.279075 follower_error_count=12 levels=[object:n=118,sr=0.550847,spl=0.354243; room:n=131,sr=0.519084,spl=0.300778; region:n=156,sr=0.429487,spl=0.283074; instance:n=116,sr=0.318966,spl=0.172725] latest_scene=00813-svBbv1Pavdk latest_episode=4 latest_task=0 latest_level=instance by_level={"instance": {"avg_spl": 0.17272508190015398, "avg_sr": 0.31896551724137934, "count": 116}, "object": {"avg_spl": 0.3542427903184639, "avg_sr": 0.5508474576271186, "count": 118}, "region": {"avg_spl": 0.28307380768896406, "avg_sr": 0.42948717948717946, "count": 156}, "room": {"avg_spl": 0.3007781597729376, "avg_sr": 0.5190839694656488, "count": 131}}
Elapsed 3 days, 22:27:01 

Begin to process [00813-svBbv1Pavdk_sequence_4_1] type: [object], Question: [couch]

Elapsed 3 days, 22:27:01 Current start position is [     3.4169    0.027547     -2.7648]
Elapsed 3 days, 22:27:41 ===Episode_id 4 task_id 1 task_level=object===
SR: True, SPL: 0.3825718419510746, Object category: couch, goal type: sequence===

Elapsed 3 days, 22:27:41 [baseline] task_level=object scene=00813-svBbv1Pavdk episode=4 task=1 sec=39.574
Elapsed 3 days, 22:27:41 [BASELINE_LIVE_METRICS] rows=522 avg_sr=0.455939 avg_spl=0.279274 follower_error_count=12 levels=[object:n=119,sr=0.554622,spl=0.354481; room:n=131,sr=0.519084,spl=0.300778; region:n=156,sr=0.429487,spl=0.283074; instance:n=116,sr=0.318966,spl=0.172725] latest_scene=00813-svBbv1Pavdk latest_episode=4 latest_task=1 latest_level=object by_level={"instance": {"avg_spl": 0.17272508190015398, "avg_sr": 0.31896551724137934, "count": 116}, "object": {"avg_spl": 0.35448084957588083, "avg_sr": 0.5546218487394958, "count": 119}, "region": {"avg_spl": 0.28307380768896406, "avg_sr": 0.42948717948717946, "count": 156}, "room": {"avg_spl": 0.3007781597729376, "avg_sr": 0.5190839694656488, "count": 131}}
Elapsed 3 days, 22:27:41 

Begin to process [00813-svBbv1Pavdk_sequence_4_2] type: [object], Question: [kitchen cabinet]

Elapsed 3 days, 22:27:41 Current start position is [    0.86826    0.027547     -2.4585]
Elapsed 3 days, 22:28:30 ===Episode_id 4 task_id 2 task_level=object===
SR: True, SPL: 0.5243101795433655, Object category: kitchen cabinet, goal type: sequence===

Elapsed 3 days, 22:28:30 [baseline] task_level=object scene=00813-svBbv1Pavdk episode=4 task=2 sec=49.634
Elapsed 3 days, 22:28:30 [BASELINE_LIVE_METRICS] rows=523 avg_sr=0.456979 avg_spl=0.279742 follower_error_count=12 levels=[object:n=120,sr=0.558333,spl=0.355896; room:n=131,sr=0.519084,spl=0.300778; region:n=156,sr=0.429487,spl=0.283074; instance:n=116,sr=0.318966,spl=0.172725] latest_scene=00813-svBbv1Pavdk latest_episode=4 latest_task=2 latest_level=object by_level={"instance": {"avg_spl": 0.17272508190015398, "avg_sr": 0.31896551724137934, "count": 116}, "object": {"avg_spl": 0.3558960939922765, "avg_sr": 0.5583333333333333, "count": 120}, "region": {"avg_spl": 0.28307380768896406, "avg_sr": 0.42948717948717946, "count": 156}, "room": {"avg_spl": 0.3007781597729376, "avg_sr": 0.5190839694656488, "count": 131}}
Elapsed 3 days, 22:28:30 

Begin to process [00813-svBbv1Pavdk_sequence_4_3] type: [object], Question: [rug]

Elapsed 3 days, 22:28:30 Current start position is [  -0.012684    0.027547      2.7821]
Elapsed 3 days, 22:29:16 ===Episode_id 4 task_id 3 task_level=object===
SR: False, SPL: 0.0, Object category: rug, goal type: sequence===

Elapsed 3 days, 22:29:16 [baseline] task_level=object scene=00813-svBbv1Pavdk episode=4 task=3 sec=45.783
Elapsed 3 days, 22:29:16 [BASELINE_LIVE_METRICS] rows=524 avg_sr=0.456107 avg_spl=0.279208 follower_error_count=12 levels=[object:n=121,sr=0.553719,spl=0.352955; room:n=131,sr=0.519084,spl=0.300778; region:n=156,sr=0.429487,spl=0.283074; instance:n=116,sr=0.318966,spl=0.172725] latest_scene=00813-svBbv1Pavdk latest_episode=4 latest_task=3 latest_level=object by_level={"instance": {"avg_spl": 0.17272508190015398, "avg_sr": 0.31896551724137934, "count": 116}, "object": {"avg_spl": 0.35295480395928247, "avg_sr": 0.5537190082644629, "count": 121}, "region": {"avg_spl": 0.28307380768896406, "avg_sr": 0.42948717948717946, "count": 156}, "room": {"avg_spl": 0.3007781597729376, "avg_sr": 0.5190839694656488, "count": 131}}
Elapsed 3 days, 22:29:16 

Begin to process [00813-svBbv1Pavdk_sequence_4_4] type: [object], Question: [shower curtain]

Elapsed 3 days, 22:29:16 Current start position is [     4.6056    0.027547      2.3192]
Elapsed 3 days, 22:30:09 ===Episode_id 4 task_id 4 task_level=object===
SR: False, SPL: 0.0, Object category: shower curtain, goal type: sequence===

Elapsed 3 days, 22:30:09 [baseline] task_level=object scene=00813-svBbv1Pavdk episode=4 task=4 sec=52.924
Elapsed 3 days, 22:30:09 [BASELINE_LIVE_METRICS] rows=525 avg_sr=0.455238 avg_spl=0.278676 follower_error_count=12 levels=[object:n=122,sr=0.549180,spl=0.350062; room:n=131,sr=0.519084,spl=0.300778; region:n=156,sr=0.429487,spl=0.283074; instance:n=116,sr=0.318966,spl=0.172725] latest_scene=00813-svBbv1Pavdk latest_episode=4 latest_task=4 latest_level=object by_level={"instance": {"avg_spl": 0.17272508190015398, "avg_sr": 0.31896551724137934, "count": 116}, "object": {"avg_spl": 0.3500617317956818, "avg_sr": 0.5491803278688525, "count": 122}, "region": {"avg_spl": 0.28307380768896406, "avg_sr": 0.42948717948717946, "count": 156}, "room": {"avg_spl": 0.3007781597729376, "avg_sr": 0.5190839694656488, "count": 131}}
Elapsed 3 days, 22:30:09 [Metrics] sequence count: 525, invalid_count: 0, follower_error_count: 12, avg_sr: 0.455238, avg_spl: 0.278676

=== Episode ===: 5it [3:29:48, 2428.00s/it][AElapsed 3 days, 22:30:13 

Begin to process [00813-svBbv1Pavdk_sequence_5_0] type: [instance], Question: [white bath cabinet near toilet below botanical leaf print and bathtub with white shower curtain]

Elapsed 3 days, 22:30:13 Current start position is [    0.40542     0.02755      5.0314]
Elapsed 3 days, 23:02:13 ===Episode_id 5 task_id 0 task_level=instance===
SR: True, SPL: 0.4423783559734215, Object category: cabinet, goal type: sequence===

Elapsed 3 days, 23:02:13 [baseline] task_level=instance scene=00813-svBbv1Pavdk episode=5 task=0 sec=1920.076
Elapsed 3 days, 23:02:13 [BASELINE_LIVE_METRICS] rows=526 avg_sr=0.456274 avg_spl=0.278988 follower_error_count=12 levels=[object:n=122,sr=0.549180,spl=0.350062; room:n=131,sr=0.519084,spl=0.300778; region:n=156,sr=0.429487,spl=0.283074; instance:n=117,sr=0.324786,spl=0.175030] latest_scene=00813-svBbv1Pavdk latest_episode=5 latest_task=0 latest_level=instance by_level={"instance": {"avg_spl": 0.17502981073838703, "avg_sr": 0.3247863247863248, "count": 117}, "object": {"avg_spl": 0.3500617317956818, "avg_sr": 0.5491803278688525, "count": 122}, "region": {"avg_spl": 0.28307380768896406, "avg_sr": 0.42948717948717946, "count": 156}, "room": {"avg_spl": 0.3007781597729376, "avg_sr": 0.5190839694656488, "count": 131}}
Elapsed 3 days, 23:02:13 

Begin to process [00813-svBbv1Pavdk_sequence_5_1] type: [object], Question: [flowerpot]

Elapsed 3 days, 23:02:13 Current start position is [     3.3083    0.027547     -2.8404]
Elapsed 3 days, 23:02:52 ===Episode_id 5 task_id 1 task_level=object===
SR: True, SPL: 0.38647623042378965, Object category: flowerpot, goal type: sequence===

Elapsed 3 days, 23:02:52 [baseline] task_level=object scene=00813-svBbv1Pavdk episode=5 task=1 sec=39.175
Elapsed 3 days, 23:02:53 [BASELINE_LIVE_METRICS] rows=527 avg_sr=0.457306 avg_spl=0.279192 follower_error_count=12 levels=[object:n=123,sr=0.552846,spl=0.350358; room:n=131,sr=0.519084,spl=0.300778; region:n=156,sr=0.429487,spl=0.283074; instance:n=117,sr=0.324786,spl=0.175030] latest_scene=00813-svBbv1Pavdk latest_episode=5 latest_task=1 latest_level=object by_level={"instance": {"avg_spl": 0.17502981073838703, "avg_sr": 0.3247863247863248, "count": 117}, "object": {"avg_spl": 0.3503577846300567, "avg_sr": 0.5528455284552846, "count": 123}, "region": {"avg_spl": 0.28307380768896406, "avg_sr": 0.42948717948717946, "count": 156}, "room": {"avg_spl": 0.3007781597729376, "avg_sr": 0.5190839694656488, "count": 131}}
Elapsed 3 days, 23:02:53 

Begin to process [00813-svBbv1Pavdk_sequence_5_2] type: [room], Question: [shower curtain in the bathroom]

Elapsed 3 days, 23:02:53 Current start position is [      9.179    0.027547      3.1573]
Elapsed 3 days, 23:03:44 ===Episode_id 5 task_id 2 task_level=room===
SR: False, SPL: 0.0, Object category: shower curtain, goal type: sequence===

Elapsed 3 days, 23:03:44 [baseline] task_level=room scene=00813-svBbv1Pavdk episode=5 task=2 sec=51.733
Elapsed 3 days, 23:03:44 [BASELINE_LIVE_METRICS] rows=528 avg_sr=0.456439 avg_spl=0.278663 follower_error_count=12 levels=[object:n=123,sr=0.552846,spl=0.350358; room:n=132,sr=0.515152,spl=0.298500; region:n=156,sr=0.429487,spl=0.283074; instance:n=117,sr=0.324786,spl=0.175030] latest_scene=00813-svBbv1Pavdk latest_episode=5 latest_task=2 latest_level=room by_level={"instance": {"avg_spl": 0.17502981073838703, "avg_sr": 0.3247863247863248, "count": 117}, "object": {"avg_spl": 0.3503577846300567, "avg_sr": 0.5528455284552846, "count": 123}, "region": {"avg_spl": 0.28307380768896406, "avg_sr": 0.42948717948717946, "count": 156}, "room": {"avg_spl": 0.29849953735041534, "avg_sr": 0.5151515151515151, "count": 132}}
Elapsed 3 days, 23:03:44 

Begin to process [00813-svBbv1Pavdk_sequence_5_3] type: [room], Question: [cabinet in the kitchen]

Elapsed 3 days, 23:03:44 Current start position is [     3.3083    0.027547     -2.8404]
Elapsed 3 days, 23:04:26 ===Episode_id 5 task_id 3 task_level=room===
SR: True, SPL: 0.8695570628842353, Object category: cabinet, goal type: sequence===

Elapsed 3 days, 23:04:26 [baseline] task_level=room scene=00813-svBbv1Pavdk episode=5 task=3 sec=41.214
Elapsed 3 days, 23:04:26 [BASELINE_LIVE_METRICS] rows=529 avg_sr=0.457467 avg_spl=0.279780 follower_error_count=12 levels=[object:n=123,sr=0.552846,spl=0.350358; room:n=133,sr=0.518797,spl=0.302793; region:n=156,sr=0.429487,spl=0.283074; instance:n=117,sr=0.324786,spl=0.175030] latest_scene=00813-svBbv1Pavdk latest_episode=5 latest_task=3 latest_level=room by_level={"instance": {"avg_spl": 0.17502981073838703, "avg_sr": 0.3247863247863248, "count": 117}, "object": {"avg_spl": 0.3503577846300567, "avg_sr": 0.5528455284552846, "count": 123}, "region": {"avg_spl": 0.28307380768896406, "avg_sr": 0.42948717948717946, "count": 156}, "room": {"avg_spl": 0.30279320295593276, "avg_sr": 0.518796992481203, "count": 133}}
Elapsed 3 days, 23:04:26 

Begin to process [00813-svBbv1Pavdk_sequence_5_4] type: [object], Question: [desk]

Elapsed 3 days, 23:04:26 Current start position is [   0.086147    0.027547      1.6531]
Elapsed 3 days, 23:05:16 ===Episode_id 5 task_id 4 task_level=object===
SR: True, SPL: 0.7041201286311706, Object category: desk, goal type: sequence===

Elapsed 3 days, 23:05:16 [baseline] task_level=object scene=00813-svBbv1Pavdk episode=5 task=4 sec=50.147
Elapsed 3 days, 23:05:16 [BASELINE_LIVE_METRICS] rows=530 avg_sr=0.458491 avg_spl=0.280580 follower_error_count=12 levels=[object:n=124,sr=0.556452,spl=0.353211; room:n=133,sr=0.518797,spl=0.302793; region:n=156,sr=0.429487,spl=0.283074; instance:n=117,sr=0.324786,spl=0.175030] latest_scene=00813-svBbv1Pavdk latest_episode=5 latest_task=4 latest_level=object by_level={"instance": {"avg_spl": 0.17502981073838703, "avg_sr": 0.3247863247863248, "count": 117}, "object": {"avg_spl": 0.3532107067590979, "avg_sr": 0.5564516129032258, "count": 124}, "region": {"avg_spl": 0.28307380768896406, "avg_sr": 0.42948717948717946, "count": 156}, "room": {"avg_spl": 0.30279320295593276, "avg_sr": 0.518796992481203, "count": 133}}
Elapsed 3 days, 23:05:16 [Metrics] sequence count: 530, invalid_count: 0, follower_error_count: 12, avg_sr: 0.458491, avg_spl: 0.280580

=== Episode ===: 6it [4:04:54, 2318.69s/it][AElapsed 3 days, 23:05:20 

Begin to process [00813-svBbv1Pavdk_sequence_6_0] type: [instance], Question: [white bathtub with built-in shelves and white shower curtain in bathroom with toilet below botanical leaf print]

Elapsed 3 days, 23:05:20 Current start position is [     7.4109     0.02755      4.3943]
Elapsed 3 days, 23:54:39 ===Episode_id 6 task_id 0 task_level=instance===
SR: True, SPL: 0.34378426151997227, Object category: bathtub, goal type: sequence===

Elapsed 3 days, 23:54:39 [baseline] task_level=instance scene=00813-svBbv1Pavdk episode=6 task=0 sec=2958.807
Elapsed 3 days, 23:54:39 [BASELINE_LIVE_METRICS] rows=531 avg_sr=0.459510 avg_spl=0.280699 follower_error_count=12 levels=[object:n=124,sr=0.556452,spl=0.353211; room:n=133,sr=0.518797,spl=0.302793; region:n=156,sr=0.429487,spl=0.283074; instance:n=118,sr=0.330508,spl=0.176460] latest_scene=00813-svBbv1Pavdk latest_episode=6 latest_task=0 latest_level=instance by_level={"instance": {"avg_spl": 0.17645993320263775, "avg_sr": 0.3305084745762712, "count": 118}, "object": {"avg_spl": 0.3532107067590979, "avg_sr": 0.5564516129032258, "count": 124}, "region": {"avg_spl": 0.28307380768896406, "avg_sr": 0.42948717948717946, "count": 156}, "room": {"avg_spl": 0.30279320295593276, "avg_sr": 0.518796992481203, "count": 133}}
Elapsed 3 days, 23:54:39 

Begin to process [00813-svBbv1Pavdk_sequence_6_1] type: [object], Question: [dishwasher]

Elapsed 3 days, 23:54:39 Current start position is [     3.4586    0.027547     -2.7429]
Elapsed 3 days, 23:55:28 ===Episode_id 6 task_id 1 task_level=object===
SR: True, SPL: 0.7317174088800048, Object category: dishwasher, goal type: sequence===

Elapsed 3 days, 23:55:28 [baseline] task_level=object scene=00813-svBbv1Pavdk episode=6 task=1 sec=49.148
Elapsed 3 days, 23:55:28 [BASELINE_LIVE_METRICS] rows=532 avg_sr=0.460526 avg_spl=0.281547 follower_error_count=12 levels=[object:n=125,sr=0.560000,spl=0.356239; room:n=133,sr=0.518797,spl=0.302793; region:n=156,sr=0.429487,spl=0.283074; instance:n=118,sr=0.330508,spl=0.176460] latest_scene=00813-svBbv1Pavdk latest_episode=6 latest_task=1 latest_level=object by_level={"instance": {"avg_spl": 0.17645993320263775, "avg_sr": 0.3305084745762712, "count": 118}, "object": {"avg_spl": 0.3562387603760651, "avg_sr": 0.56, "count": 125}, "region": {"avg_spl": 0.28307380768896406, "avg_sr": 0.42948717948717946, "count": 156}, "room": {"avg_spl": 0.30279320295593276, "avg_sr": 0.518796992481203, "count": 133}}
Elapsed 3 days, 23:55:28 

Begin to process [00813-svBbv1Pavdk_sequence_6_2] type: [region], Question: [nightstand in the bedroom that has bed with white quilt, patterned blanket, and gray headboard beneath coastal landscape painting, nightstand with alarm clock and small potted plant, potted plant with large leaf in corner]

Elapsed 3 days, 23:55:28 Current start position is [    0.21988    0.027547      3.9262]
Elapsed 4 days, 0:06:32 ===Episode_id 6 task_id 2 task_level=region===
SR: False, SPL: 0.0, Object category: nightstand, goal type: sequence===

Elapsed 4 days, 0:06:32 [baseline] task_level=region scene=00813-svBbv1Pavdk episode=6 task=2 sec=663.616
Elapsed 4 days, 0:06:32 [BASELINE_LIVE_METRICS] rows=533 avg_sr=0.459662 avg_spl=0.281019 follower_error_count=12 levels=[object:n=125,sr=0.560000,spl=0.356239; room:n=133,sr=0.518797,spl=0.302793; region:n=157,sr=0.426752,spl=0.281271; instance:n=118,sr=0.330508,spl=0.176460] latest_scene=00813-svBbv1Pavdk latest_episode=6 latest_task=2 latest_level=region by_level={"instance": {"avg_spl": 0.17645993320263775, "avg_sr": 0.3305084745762712, "count": 118}, "object": {"avg_spl": 0.3562387603760651, "avg_sr": 0.56, "count": 125}, "region": {"avg_spl": 0.28127078980559483, "avg_sr": 0.4267515923566879, "count": 157}, "room": {"avg_spl": 0.30279320295593276, "avg_sr": 0.518796992481203, "count": 133}}
Elapsed 4 days, 0:06:32 

Begin to process [00813-svBbv1Pavdk_sequence_6_3] type: [room], Question: [microwave in the kitchen]

Elapsed 4 days, 0:06:32 Current start position is [     9.2452    0.027547     0.92122]
Elapsed 4 days, 0:07:52 ===Episode_id 6 task_id 3 task_level=room===
SR: True, SPL: 0.9715520894318902, Object category: microwave, goal type: sequence===

Elapsed 4 days, 0:07:52 [baseline] task_level=room scene=00813-svBbv1Pavdk episode=6 task=3 sec=80.301
Elapsed 4 days, 0:07:52 [BASELINE_LIVE_METRICS] rows=534 avg_sr=0.460674 avg_spl=0.282312 follower_error_count=12 levels=[object:n=125,sr=0.560000,spl=0.356239; room:n=134,sr=0.522388,spl=0.307784; region:n=157,sr=0.426752,spl=0.281271; instance:n=118,sr=0.330508,spl=0.176460] latest_scene=00813-svBbv1Pavdk latest_episode=6 latest_task=3 latest_level=room by_level={"instance": {"avg_spl": 0.17645993320263775, "avg_sr": 0.3305084745762712, "count": 118}, "object": {"avg_spl": 0.3562387603760651, "avg_sr": 0.56, "count": 125}, "region": {"avg_spl": 0.28127078980559483, "avg_sr": 0.4267515923566879, "count": 157}, "room": {"avg_spl": 0.3077839409147085, "avg_sr": 0.5223880597014925, "count": 134}}
Elapsed 4 days, 0:07:52 

Begin to process [00813-svBbv1Pavdk_sequence_6_4] type: [region], Question: [sink in the bathroom that has toilet below botanical leaf print, bathtub with white shower curtain, white single-sink vanity]

Elapsed 4 days, 0:07:52 Current start position is [    0.17048    0.027547      2.3171]
Elapsed 4 days, 0:09:18 ===Episode_id 6 task_id 4 task_level=region===
SR: False, SPL: 0.0, Object category: sink, goal type: sequence===

Elapsed 4 days, 0:09:18 [baseline] task_level=region scene=00813-svBbv1Pavdk episode=6 task=4 sec=85.672
Elapsed 4 days, 0:09:18 [BASELINE_LIVE_METRICS] rows=535 avg_sr=0.459813 avg_spl=0.281784 follower_error_count=12 levels=[object:n=125,sr=0.560000,spl=0.356239; room:n=134,sr=0.522388,spl=0.307784; region:n=158,sr=0.424051,spl=0.279491; instance:n=118,sr=0.330508,spl=0.176460] latest_scene=00813-svBbv1Pavdk latest_episode=6 latest_task=4 latest_level=region by_level={"instance": {"avg_spl": 0.17645993320263775, "avg_sr": 0.3305084745762712, "count": 118}, "object": {"avg_spl": 0.3562387603760651, "avg_sr": 0.56, "count": 125}, "region": {"avg_spl": 0.27949059493340755, "avg_sr": 0.4240506329113924, "count": 158}, "room": {"avg_spl": 0.3077839409147085, "avg_sr": 0.5223880597014925, "count": 134}}
Elapsed 4 days, 0:09:18 [Metrics] sequence count: 535, invalid_count: 0, follower_error_count: 12, avg_sr: 0.459813, avg_spl: 0.281784

=== Episode ===: 7it [5:08:56, 2816.65s/it][AElapsed 4 days, 0:09:22 

Begin to process [00813-svBbv1Pavdk_sequence_7_0] type: [instance], Question: [right wooden nightstand with single drawer and lamp beside bed with patterned blanket and gray headboard beneath coastal landscape painting]

Elapsed 4 days, 0:09:22 Current start position is [      7.495     0.02755      4.4159]
Elapsed 4 days, 1:03:12 ===Episode_id 7 task_id 0 task_level=instance===
SR: False, SPL: 0.0, Object category: cabinet, goal type: sequence===

Elapsed 4 days, 1:03:12 [baseline] task_level=instance scene=00813-svBbv1Pavdk episode=7 task=0 sec=3229.854
Elapsed 4 days, 1:03:12 [BASELINE_LIVE_METRICS] rows=536 avg_sr=0.458955 avg_spl=0.281259 follower_error_count=12 levels=[object:n=125,sr=0.560000,spl=0.356239; room:n=134,sr=0.522388,spl=0.307784; region:n=158,sr=0.424051,spl=0.279491; instance:n=119,sr=0.327731,spl=0.174977] latest_scene=00813-svBbv1Pavdk latest_episode=7 latest_task=0 latest_level=instance by_level={"instance": {"avg_spl": 0.17497707662110298, "avg_sr": 0.3277310924369748, "count": 119}, "object": {"avg_spl": 0.3562387603760651, "avg_sr": 0.56, "count": 125}, "region": {"avg_spl": 0.27949059493340755, "avg_sr": 0.4240506329113924, "count": 158}, "room": {"avg_spl": 0.3077839409147085, "avg_sr": 0.5223880597014925, "count": 134}}
Elapsed 4 days, 1:03:12 

Begin to process [00813-svBbv1Pavdk_sequence_7_1] type: [region], Question: [clothes dryer in the laundry room that has white washing machine and clothes dryer]

Elapsed 4 days, 1:03:12 Current start position is [    0.69034    0.027547     -2.0618]
Elapsed 4 days, 1:06:20 ===Episode_id 7 task_id 1 task_level=region===
SR: True, SPL: 0.832959445828553, Object category: clothes dryer, goal type: sequence===

Elapsed 4 days, 1:06:20 [baseline] task_level=region scene=00813-svBbv1Pavdk episode=7 task=1 sec=188.280
Elapsed 4 days, 1:06:20 [BASELINE_LIVE_METRICS] rows=537 avg_sr=0.459963 avg_spl=0.282286 follower_error_count=12 levels=[object:n=125,sr=0.560000,spl=0.356239; room:n=134,sr=0.522388,spl=0.307784; region:n=159,sr=0.427673,spl=0.282972; instance:n=119,sr=0.327731,spl=0.174977] latest_scene=00813-svBbv1Pavdk latest_episode=7 latest_task=1 latest_level=region by_level={"instance": {"avg_spl": 0.17497707662110298, "avg_sr": 0.3277310924369748, "count": 119}, "object": {"avg_spl": 0.3562387603760651, "avg_sr": 0.56, "count": 125}, "region": {"avg_spl": 0.2829715311025594, "avg_sr": 0.4276729559748428, "count": 159}, "room": {"avg_spl": 0.3077839409147085, "avg_sr": 0.5223880597014925, "count": 134}}
Elapsed 4 days, 1:06:20 

Begin to process [00813-svBbv1Pavdk_sequence_7_2] type: [room], Question: [picture in the office]

Elapsed 4 days, 1:06:20 Current start position is [    0.64369    0.027547      5.0716]
Elapsed 4 days, 1:07:19 ===Episode_id 7 task_id 2 task_level=room===
SR: False, SPL: 0.0, Object category: picture, goal type: sequence===

Elapsed 4 days, 1:07:19 [baseline] task_level=room scene=00813-svBbv1Pavdk episode=7 task=2 sec=58.384
Elapsed 4 days, 1:07:19 [BASELINE_LIVE_METRICS] rows=538 avg_sr=0.459108 avg_spl=0.281761 follower_error_count=12 levels=[object:n=125,sr=0.560000,spl=0.356239; room:n=135,sr=0.518519,spl=0.305504; region:n=159,sr=0.427673,spl=0.282972; instance:n=119,sr=0.327731,spl=0.174977] latest_scene=00813-svBbv1Pavdk latest_episode=7 latest_task=2 latest_level=room by_level={"instance": {"avg_spl": 0.17497707662110298, "avg_sr": 0.3277310924369748, "count": 119}, "object": {"avg_spl": 0.3562387603760651, "avg_sr": 0.56, "count": 125}, "region": {"avg_spl": 0.2829715311025594, "avg_sr": 0.4276729559748428, "count": 159}, "room": {"avg_spl": 0.3055040598708959, "avg_sr": 0.5185185185185185, "count": 135}}
Elapsed 4 days, 1:07:19 

Begin to process [00813-svBbv1Pavdk_sequence_7_3] type: [region], Question: [picture in the kitchen that has granite countertop kitchen island flanked by bar stools, glass dining table with vase centerpiece, black brushstroke painting, dark kitchen cabinets with marble countertop, microwave above stainless steel stove and oven, refrigerator]

Elapsed 4 days, 1:07:19 Current start position is [     3.1602    0.027547     -2.2332]
Elapsed 4 days, 1:08:28 ===Episode_id 7 task_id 3 task_level=region===
SR: False, SPL: 0.0, Object category: picture, goal type: sequence===

Elapsed 4 days, 1:08:28 [baseline] task_level=region scene=00813-svBbv1Pavdk episode=7 task=3 sec=69.471
Elapsed 4 days, 1:08:28 [BASELINE_LIVE_METRICS] rows=539 avg_sr=0.458256 avg_spl=0.281239 follower_error_count=12 levels=[object:n=125,sr=0.560000,spl=0.356239; room:n=135,sr=0.518519,spl=0.305504; region:n=160,sr=0.425000,spl=0.281203; instance:n=119,sr=0.327731,spl=0.174977] latest_scene=00813-svBbv1Pavdk latest_episode=7 latest_task=3 latest_level=region by_level={"instance": {"avg_spl": 0.17497707662110298, "avg_sr": 0.3277310924369748, "count": 119}, "object": {"avg_spl": 0.3562387603760651, "avg_sr": 0.56, "count": 125}, "region": {"avg_spl": 0.2812029590331684, "avg_sr": 0.425, "count": 160}, "room": {"avg_spl": 0.3055040598708959, "avg_sr": 0.5185185185185185, "count": 135}}
Elapsed 4 days, 1:08:28 

Begin to process [00813-svBbv1Pavdk_sequence_7_4] type: [object], Question: [shower curtain]

Elapsed 4 days, 1:08:28 Current start position is [   0.059267    0.027547      2.2811]
Elapsed 4 days, 1:09:38 ===Episode_id 7 task_id 4 task_level=object===
SR: False, SPL: 0.0, Object category: shower curtain, goal type: sequence===

Elapsed 4 days, 1:09:38 [baseline] task_level=object scene=00813-svBbv1Pavdk episode=7 task=4 sec=69.473
Elapsed 4 days, 1:09:38 [BASELINE_LIVE_METRICS] rows=540 avg_sr=0.457407 avg_spl=0.280718 follower_error_count=12 levels=[object:n=126,sr=0.555556,spl=0.353411; room:n=135,sr=0.518519,spl=0.305504; region:n=160,sr=0.425000,spl=0.281203; instance:n=119,sr=0.327731,spl=0.174977] latest_scene=00813-svBbv1Pavdk latest_episode=7 latest_task=4 latest_level=object by_level={"instance": {"avg_spl": 0.17497707662110298, "avg_sr": 0.3277310924369748, "count": 119}, "object": {"avg_spl": 0.3534114686270487, "avg_sr": 0.5555555555555556, "count": 126}, "region": {"avg_spl": 0.2812029590331684, "avg_sr": 0.425, "count": 160}, "room": {"avg_spl": 0.3055040598708959, "avg_sr": 0.5185185185185185, "count": 135}}
Elapsed 4 days, 1:09:38 [Metrics] sequence count: 540, invalid_count: 0, follower_error_count: 12, avg_sr: 0.457407, avg_spl: 0.280718

=== Episode ===: 8it [6:09:16, 3072.49s/it][AElapsed 4 days, 1:09:42 

Begin to process [00813-svBbv1Pavdk_sequence_8_0] type: [instance], Question: [left wooden nightstand with single drawer and plant beside bed with patterned blanket and gray headboard beneath coastal landscape painting]

Elapsed 4 days, 1:09:42 Current start position is [    0.25824     0.02755      -0.496]
Elapsed 4 days, 1:34:00 ===Episode_id 8 task_id 0 task_level=instance===
SR: False, SPL: 0.0, Object category: cabinet, goal type: sequence===

Elapsed 4 days, 1:34:00 [baseline] task_level=instance scene=00813-svBbv1Pavdk episode=8 task=0 sec=1457.609
Elapsed 4 days, 1:34:00 [BASELINE_LIVE_METRICS] rows=541 avg_sr=0.456562 avg_spl=0.280199 follower_error_count=12 levels=[object:n=126,sr=0.555556,spl=0.353411; room:n=135,sr=0.518519,spl=0.305504; region:n=160,sr=0.425000,spl=0.281203; instance:n=120,sr=0.325000,spl=0.173519] latest_scene=00813-svBbv1Pavdk latest_episode=8 latest_task=0 latest_level=instance by_level={"instance": {"avg_spl": 0.1735189343159271, "avg_sr": 0.325, "count": 120}, "object": {"avg_spl": 0.3534114686270487, "avg_sr": 0.5555555555555556, "count": 126}, "region": {"avg_spl": 0.2812029590331684, "avg_sr": 0.425, "count": 160}, "room": {"avg_spl": 0.3055040598708959, "avg_sr": 0.5185185185185185, "count": 135}}
Elapsed 4 days, 1:34:00 

Begin to process [00813-svBbv1Pavdk_sequence_8_1] type: [room], Question: [toilet in the bathroom]

Elapsed 4 days, 1:34:00 Current start position is [      6.144    0.027547     0.17166]
Elapsed 4 days, 1:35:50 ===Episode_id 8 task_id 1 task_level=room===
SR: True, SPL: 0.7013975624033383, Object category: toilet, goal type: sequence===

Elapsed 4 days, 1:35:50 [baseline] task_level=room scene=00813-svBbv1Pavdk episode=8 task=1 sec=109.888
Elapsed 4 days, 1:35:50 [BASELINE_LIVE_METRICS] rows=542 avg_sr=0.457565 avg_spl=0.280976 follower_error_count=12 levels=[object:n=126,sr=0.555556,spl=0.353411; room:n=136,sr=0.522059,spl=0.308415; region:n=160,sr=0.425000,spl=0.281203; instance:n=120,sr=0.325000,spl=0.173519] latest_scene=00813-svBbv1Pavdk latest_episode=8 latest_task=1 latest_level=room by_level={"instance": {"avg_spl": 0.1735189343159271, "avg_sr": 0.325, "count": 120}, "object": {"avg_spl": 0.3534114686270487, "avg_sr": 0.5555555555555556, "count": 126}, "region": {"avg_spl": 0.2812029590331684, "avg_sr": 0.425, "count": 160}, "room": {"avg_spl": 0.3084150415071638, "avg_sr": 0.5220588235294118, "count": 136}}
Elapsed 4 days, 1:35:50 

Begin to process [00813-svBbv1Pavdk_sequence_8_2] type: [object], Question: [ironing board]

Elapsed 4 days, 1:35:50 Current start position is [     3.2806    0.027547     -2.8404]
Elapsed 4 days, 1:36:35 ===Episode_id 8 task_id 2 task_level=object===
SR: False, SPL: 0.0, Object category: ironing board, goal type: sequence===

Elapsed 4 days, 1:36:35 [baseline] task_level=object scene=00813-svBbv1Pavdk episode=8 task=2 sec=45.167
Elapsed 4 days, 1:36:35 [BASELINE_LIVE_METRICS] rows=543 avg_sr=0.456722 avg_spl=0.280459 follower_error_count=12 levels=[object:n=127,sr=0.551181,spl=0.350629; room:n=136,sr=0.522059,spl=0.308415; region:n=160,sr=0.425000,spl=0.281203; instance:n=120,sr=0.325000,spl=0.173519] latest_scene=00813-svBbv1Pavdk latest_episode=8 latest_task=2 latest_level=object by_level={"instance": {"avg_spl": 0.1735189343159271, "avg_sr": 0.325, "count": 120}, "object": {"avg_spl": 0.3506287011575444, "avg_sr": 0.5511811023622047, "count": 127}, "region": {"avg_spl": 0.2812029590331684, "avg_sr": 0.425, "count": 160}, "room": {"avg_spl": 0.3084150415071638, "avg_sr": 0.5220588235294118, "count": 136}}
Elapsed 4 days, 1:36:35 

Begin to process [00813-svBbv1Pavdk_sequence_8_3] type: [room], Question: [nightstand in the bedroom]

Elapsed 4 days, 1:36:35 Current start position is [      4.398    0.027547     -3.6576]
Elapsed 4 days, 1:38:32 ===Episode_id 8 task_id 3 task_level=room===
SR: True, SPL: 0.8689373640624187, Object category: nightstand, goal type: sequence===

Elapsed 4 days, 1:38:32 [baseline] task_level=room scene=00813-svBbv1Pavdk episode=8 task=3 sec=117.070
Elapsed 4 days, 1:38:32 [BASELINE_LIVE_METRICS] rows=544 avg_sr=0.457721 avg_spl=0.281540 follower_error_count=12 levels=[object:n=127,sr=0.551181,spl=0.350629; room:n=137,sr=0.525547,spl=0.312506; region:n=160,sr=0.425000,spl=0.281203; instance:n=120,sr=0.325000,spl=0.173519] latest_scene=00813-svBbv1Pavdk latest_episode=8 latest_task=3 latest_level=room by_level={"instance": {"avg_spl": 0.1735189343159271, "avg_sr": 0.325, "count": 120}, "object": {"avg_spl": 0.3506287011575444, "avg_sr": 0.5511811023622047, "count": 127}, "region": {"avg_spl": 0.2812029590331684, "avg_sr": 0.425, "count": 160}, "room": {"avg_spl": 0.31250644532143573, "avg_sr": 0.5255474452554745, "count": 137}}
Elapsed 4 days, 1:38:32 

Begin to process [00813-svBbv1Pavdk_sequence_8_4] type: [object], Question: [tv stand]

Elapsed 4 days, 1:38:32 Current start position is [     7.7142    0.027547     -3.1343]
Elapsed 4 days, 1:39:22 ===Episode_id 8 task_id 4 task_level=object===
SR: True, SPL: 0.8578726571608782, Object category: tv stand, goal type: sequence===

Elapsed 4 days, 1:39:22 [baseline] task_level=object scene=00813-svBbv1Pavdk episode=8 task=4 sec=49.918
Elapsed 4 days, 1:39:22 [BASELINE_LIVE_METRICS] rows=545 avg_sr=0.458716 avg_spl=0.282598 follower_error_count=12 levels=[object:n=128,sr=0.554688,spl=0.354592; room:n=137,sr=0.525547,spl=0.312506; region:n=160,sr=0.425000,spl=0.281203; instance:n=120,sr=0.325000,spl=0.173519] latest_scene=00813-svBbv1Pavdk latest_episode=8 latest_task=4 latest_level=object by_level={"instance": {"avg_spl": 0.1735189343159271, "avg_sr": 0.325, "count": 120}, "object": {"avg_spl": 0.3545915445638204, "avg_sr": 0.5546875, "count": 128}, "region": {"avg_spl": 0.2812029590331684, "avg_sr": 0.425, "count": 160}, "room": {"avg_spl": 0.31250644532143573, "avg_sr": 0.5255474452554745, "count": 137}}
Elapsed 4 days, 1:39:22 [Metrics] sequence count: 545, invalid_count: 0, follower_error_count: 12, avg_sr: 0.458716, avg_spl: 0.282598

=== Episode ===: 9it [6:39:01, 2669.73s/it][AElapsed 4 days, 1:39:26 

Begin to process [00813-svBbv1Pavdk_sequence_9_0] type: [instance], Question: [green plant in white flowerpot on hanging ironing board in closet with white shelves and woven basket]

Elapsed 4 days, 1:39:26 Current start position is [     5.8375     0.02755    -0.88158]
Elapsed 4 days, 2:21:08 ===Episode_id 9 task_id 0 task_level=instance===
SR: False, SPL: 0.0, Object category: plant, goal type: sequence===

Elapsed 4 days, 2:21:08 [baseline] task_level=instance scene=00813-svBbv1Pavdk episode=9 task=0 sec=2502.063
Elapsed 4 days, 2:21:08 [BASELINE_LIVE_METRICS] rows=546 avg_sr=0.457875 avg_spl=0.282080 follower_error_count=12 levels=[object:n=128,sr=0.554688,spl=0.354592; room:n=137,sr=0.525547,spl=0.312506; region:n=160,sr=0.425000,spl=0.281203; instance:n=121,sr=0.322314,spl=0.172085] latest_scene=00813-svBbv1Pavdk latest_episode=9 latest_task=0 latest_level=instance by_level={"instance": {"avg_spl": 0.17208489353645665, "avg_sr": 0.32231404958677684, "count": 121}, "object": {"avg_spl": 0.3545915445638204, "avg_sr": 0.5546875, "count": 128}, "region": {"avg_spl": 0.2812029590331684, "avg_sr": 0.425, "count": 160}, "room": {"avg_spl": 0.31250644532143573, "avg_sr": 0.5255474452554745, "count": 137}}
Elapsed 4 days, 2:21:08 

Begin to process [00813-svBbv1Pavdk_sequence_9_1] type: [object], Question: [microwave]

Elapsed 4 days, 2:21:08 Current start position is [    0.32102    0.027547     -3.4036]
Elapsed 4 days, 2:21:54 ===Episode_id 9 task_id 1 task_level=object===
SR: True, SPL: 0.774686899189894, Object category: microwave, goal type: sequence===

Elapsed 4 days, 2:21:54 [baseline] task_level=object scene=00813-svBbv1Pavdk episode=9 task=1 sec=46.192
Elapsed 4 days, 2:21:54 [BASELINE_LIVE_METRICS] rows=547 avg_sr=0.458867 avg_spl=0.282981 follower_error_count=12 levels=[object:n=129,sr=0.558140,spl=0.357848; room:n=137,sr=0.525547,spl=0.312506; region:n=160,sr=0.425000,spl=0.281203; instance:n=121,sr=0.322314,spl=0.172085] latest_scene=00813-svBbv1Pavdk latest_episode=9 latest_task=1 latest_level=object by_level={"instance": {"avg_spl": 0.17208489353645665, "avg_sr": 0.32231404958677684, "count": 121}, "object": {"avg_spl": 0.35784809770045667, "avg_sr": 0.5581395348837209, "count": 129}, "region": {"avg_spl": 0.2812029590331684, "avg_sr": 0.425, "count": 160}, "room": {"avg_spl": 0.31250644532143573, "avg_sr": 0.5255474452554745, "count": 137}}
Elapsed 4 days, 2:21:54 

Begin to process [00813-svBbv1Pavdk_sequence_9_2] type: [region], Question: [cabinet in the bathroom that has toilet below botanical leaf print, bathtub with white shower curtain, white single-sink vanity]

Elapsed 4 days, 2:21:54 Current start position is [   0.092747    0.027547      2.3889]
Elapsed 4 days, 2:22:56 ===Episode_id 9 task_id 2 task_level=region===
SR: True, SPL: 0.8411450297755294, Object category: cabinet, goal type: sequence===

Elapsed 4 days, 2:22:56 [baseline] task_level=region scene=00813-svBbv1Pavdk episode=9 task=2 sec=61.942
Elapsed 4 days, 2:22:56 [BASELINE_LIVE_METRICS] rows=548 avg_sr=0.459854 avg_spl=0.283999 follower_error_count=12 levels=[object:n=129,sr=0.558140,spl=0.357848; room:n=137,sr=0.525547,spl=0.312506; region:n=161,sr=0.428571,spl=0.284681; instance:n=121,sr=0.322314,spl=0.172085] latest_scene=00813-svBbv1Pavdk latest_episode=9 latest_task=2 latest_level=region by_level={"instance": {"avg_spl": 0.17208489353645665, "avg_sr": 0.32231404958677684, "count": 121}, "object": {"avg_spl": 0.35784809770045667, "avg_sr": 0.5581395348837209, "count": 129}, "region": {"avg_spl": 0.28468086009368, "avg_sr": 0.42857142857142855, "count": 161}, "room": {"avg_spl": 0.31250644532143573, "avg_sr": 0.5255474452554745, "count": 137}}
Elapsed 4 days, 2:22:56 

Begin to process [00813-svBbv1Pavdk_sequence_9_3] type: [object], Question: [picture]

Elapsed 4 days, 2:22:56 Current start position is [     3.3455    0.027547     -2.8404]
Elapsed 4 days, 2:23:42 ===Episode_id 9 task_id 3 task_level=object===
SR: True, SPL: 0.13520052167555907, Object category: picture, goal type: sequence===

Elapsed 4 days, 2:23:42 [baseline] task_level=object scene=00813-svBbv1Pavdk episode=9 task=3 sec=45.582
Elapsed 4 days, 2:23:42 [BASELINE_LIVE_METRICS] rows=549 avg_sr=0.460838 avg_spl=0.283728 follower_error_count=12 levels=[object:n=130,sr=0.561538,spl=0.356135; room:n=137,sr=0.525547,spl=0.312506; region:n=161,sr=0.428571,spl=0.284681; instance:n=121,sr=0.322314,spl=0.172085] latest_scene=00813-svBbv1Pavdk latest_episode=9 latest_task=3 latest_level=object by_level={"instance": {"avg_spl": 0.17208489353645665, "avg_sr": 0.32231404958677684, "count": 121}, "object": {"avg_spl": 0.35613542403872667, "avg_sr": 0.5615384615384615, "count": 130}, "region": {"avg_spl": 0.28468086009368, "avg_sr": 0.42857142857142855, "count": 161}, "room": {"avg_spl": 0.31250644532143573, "avg_sr": 0.5255474452554745, "count": 137}}
Elapsed 4 days, 2:23:42 

Begin to process [00813-svBbv1Pavdk_sequence_9_4] type: [room], Question: [shower curtain in the bathroom]

Elapsed 4 days, 2:23:42 Current start position is [     3.2241    0.027547     -2.2948]
Elapsed 4 days, 2:24:31 ===Episode_id 9 task_id 4 task_level=room===
SR: False, SPL: 0.0, Object category: shower curtain, goal type: sequence===

Elapsed 4 days, 2:24:31 [baseline] task_level=room scene=00813-svBbv1Pavdk episode=9 task=4 sec=48.905
Elapsed 4 days, 2:24:31 [BASELINE_LIVE_METRICS] rows=550 avg_sr=0.460000 avg_spl=0.283213 follower_error_count=12 levels=[object:n=130,sr=0.561538,spl=0.356135; room:n=138,sr=0.521739,spl=0.310242; region:n=161,sr=0.428571,spl=0.284681; instance:n=121,sr=0.322314,spl=0.172085] latest_scene=00813-svBbv1Pavdk latest_episode=9 latest_task=4 latest_level=room by_level={"instance": {"avg_spl": 0.17208489353645665, "avg_sr": 0.32231404958677684, "count": 121}, "object": {"avg_spl": 0.35613542403872667, "avg_sr": 0.5615384615384615, "count": 130}, "region": {"avg_spl": 0.28468086009368, "avg_sr": 0.42857142857142855, "count": 161}, "room": {"avg_spl": 0.31024190586258477, "avg_sr": 0.5217391304347826, "count": 138}}
Elapsed 4 days, 2:24:31 [Metrics] sequence count: 550, invalid_count: 0, follower_error_count: 12, avg_sr: 0.460000, avg_spl: 0.283213

=== Episode ===: 10it [7:24:09, 2681.81s/it][AElapsed 4 days, 2:24:35 

Begin to process [00813-svBbv1Pavdk_sequence_10_0] type: [instance], Question: [wall-mounted folded ironing board in closet with potted plant on white shelves and woven basket]

Elapsed 4 days, 2:24:35 Current start position is [     2.7726     0.02755      1.2245]
Elapsed 4 days, 3:12:59 ===Episode_id 10 task_id 0 task_level=instance===
SR: False, SPL: 0.0, Object category: ironing board, goal type: sequence===

Elapsed 4 days, 3:12:59 [baseline] task_level=instance scene=00813-svBbv1Pavdk episode=10 task=0 sec=2904.316
Elapsed 4 days, 3:12:59 [BASELINE_LIVE_METRICS] rows=551 avg_sr=0.459165 avg_spl=0.282699 follower_error_count=12 levels=[object:n=130,sr=0.561538,spl=0.356135; room:n=138,sr=0.521739,spl=0.310242; region:n=161,sr=0.428571,spl=0.284681; instance:n=122,sr=0.319672,spl=0.170674] latest_scene=00813-svBbv1Pavdk latest_episode=10 latest_task=0 latest_level=instance by_level={"instance": {"avg_spl": 0.17067436162222338, "avg_sr": 0.319672131147541, "count": 122}, "object": {"avg_spl": 0.35613542403872667, "avg_sr": 0.5615384615384615, "count": 130}, "region": {"avg_spl": 0.28468086009368, "avg_sr": 0.42857142857142855, "count": 161}, "room": {"avg_spl": 0.31024190586258477, "avg_sr": 0.5217391304347826, "count": 138}}
Elapsed 4 days, 3:12:59 

Begin to process [00813-svBbv1Pavdk_sequence_10_1] type: [object], Question: [kitchen cabinet]

Elapsed 4 days, 3:12:59 Current start position is [     3.3693    0.027547     -2.8016]
Elapsed 4 days, 3:13:46 ===Episode_id 10 task_id 1 task_level=object===
SR: True, SPL: 0.7937530912945915, Object category: kitchen cabinet, goal type: sequence===

Elapsed 4 days, 3:13:46 [baseline] task_level=object scene=00813-svBbv1Pavdk episode=10 task=1 sec=47.212
Elapsed 4 days, 3:13:46 [BASELINE_LIVE_METRICS] rows=552 avg_sr=0.460145 avg_spl=0.283624 follower_error_count=12 levels=[object:n=131,sr=0.564885,spl=0.359476; room:n=138,sr=0.521739,spl=0.310242; region:n=161,sr=0.428571,spl=0.284681; instance:n=122,sr=0.319672,spl=0.170674] latest_scene=00813-svBbv1Pavdk latest_episode=10 latest_task=1 latest_level=object by_level={"instance": {"avg_spl": 0.17067436162222338, "avg_sr": 0.319672131147541, "count": 122}, "object": {"avg_spl": 0.3594760169185424, "avg_sr": 0.5648854961832062, "count": 131}, "region": {"avg_spl": 0.28468086009368, "avg_sr": 0.42857142857142855, "count": 161}, "room": {"avg_spl": 0.31024190586258477, "avg_sr": 0.5217391304347826, "count": 138}}
Elapsed 4 days, 3:13:46 

Begin to process [00813-svBbv1Pavdk_sequence_10_2] type: [room], Question: [plant in the walk-in closet]

Elapsed 4 days, 3:13:46 Current start position is [   0.039026    0.027547      2.9126]
Elapsed 4 days, 3:14:54 ===Episode_id 10 task_id 2 task_level=room===
SR: False, SPL: 0.0, Object category: plant, goal type: sequence===

Elapsed 4 days, 3:14:54 [baseline] task_level=room scene=00813-svBbv1Pavdk episode=10 task=2 sec=67.474
Elapsed 4 days, 3:14:54 [BASELINE_LIVE_METRICS] rows=553 avg_sr=0.459313 avg_spl=0.283111 follower_error_count=12 levels=[object:n=131,sr=0.564885,spl=0.359476; room:n=139,sr=0.517986,spl=0.308010; region:n=161,sr=0.428571,spl=0.284681; instance:n=122,sr=0.319672,spl=0.170674] latest_scene=00813-svBbv1Pavdk latest_episode=10 latest_task=2 latest_level=room by_level={"instance": {"avg_spl": 0.17067436162222338, "avg_sr": 0.319672131147541, "count": 122}, "object": {"avg_spl": 0.3594760169185424, "avg_sr": 0.5648854961832062, "count": 131}, "region": {"avg_spl": 0.28468086009368, "avg_sr": 0.42857142857142855, "count": 161}, "room": {"avg_spl": 0.3080099497053, "avg_sr": 0.5179856115107914, "count": 139}}
Elapsed 4 days, 3:14:54 

Begin to process [00813-svBbv1Pavdk_sequence_10_3] type: [region], Question: [cabinet in the bedroom that has bed with white quilt, patterned blanket, and gray headboard beneath coastal landscape painting, nightstand with alarm clock and small potted plant, potted plant with large leaf in corner]

Elapsed 4 days, 3:14:54 Current start position is [      6.325    0.027547      -1.431]
Elapsed 4 days, 3:15:55 ===Episode_id 10 task_id 3 task_level=region===
SR: False, SPL: 0.0, Object category: cabinet, goal type: sequence===

Elapsed 4 days, 3:15:55 [baseline] task_level=region scene=00813-svBbv1Pavdk episode=10 task=3 sec=61.348
Elapsed 4 days, 3:15:55 [BASELINE_LIVE_METRICS] rows=554 avg_sr=0.458484 avg_spl=0.282600 follower_error_count=12 levels=[object:n=131,sr=0.564885,spl=0.359476; room:n=139,sr=0.517986,spl=0.308010; region:n=162,sr=0.425926,spl=0.282924; instance:n=122,sr=0.319672,spl=0.170674] latest_scene=00813-svBbv1Pavdk latest_episode=10 latest_task=3 latest_level=region by_level={"instance": {"avg_spl": 0.17067436162222338, "avg_sr": 0.319672131147541, "count": 122}, "object": {"avg_spl": 0.3594760169185424, "avg_sr": 0.5648854961832062, "count": 131}, "region": {"avg_spl": 0.28292357083384245, "avg_sr": 0.42592592592592593, "count": 162}, "room": {"avg_spl": 0.3080099497053, "avg_sr": 0.5179856115107914, "count": 139}}
Elapsed 4 days, 3:15:55 

Begin to process [00813-svBbv1Pavdk_sequence_10_4] type: [region], Question: [picture in the tie: living room & office that has wood desk with lamp and chair, gray couch and potted plant below framed world map with adventure quote, potted plant on round side table, grayscale cityscape picture]

Elapsed 4 days, 3:15:55 Current start position is [     7.8255    0.027547      3.1511]
Elapsed 4 days, 3:17:14 ===Episode_id 10 task_id 4 task_level=region===
SR: False, SPL: 0.0, Object category: picture, goal type: sequence===

Elapsed 4 days, 3:17:14 [baseline] task_level=region scene=00813-svBbv1Pavdk episode=10 task=4 sec=78.562
Elapsed 4 days, 3:17:14 [BASELINE_LIVE_METRICS] rows=555 avg_sr=0.457658 avg_spl=0.282091 follower_error_count=12 levels=[object:n=131,sr=0.564885,spl=0.359476; room:n=139,sr=0.517986,spl=0.308010; region:n=163,sr=0.423313,spl=0.281188; instance:n=122,sr=0.319672,spl=0.170674] latest_scene=00813-svBbv1Pavdk latest_episode=10 latest_task=4 latest_level=region by_level={"instance": {"avg_spl": 0.17067436162222338, "avg_sr": 0.319672131147541, "count": 122}, "object": {"avg_spl": 0.3594760169185424, "avg_sr": 0.5648854961832062, "count": 131}, "region": {"avg_spl": 0.281187843405414, "avg_sr": 0.4233128834355828, "count": 163}, "room": {"avg_spl": 0.3080099497053, "avg_sr": 0.5179856115107914, "count": 139}}
Elapsed 4 days, 3:17:14 [Metrics] sequence count: 555, invalid_count: 0, follower_error_count: 12, avg_sr: 0.457658, avg_spl: 0.282091

=== Episode ===: 11it [8:16:52, 2829.01s/it][AElapsed 4 days, 3:17:18 

Begin to process [00813-svBbv1Pavdk_sequence_11_0] type: [instance], Question: [gray striped rug under glass coffee table beside gray couch and TV on white stand in living room]

Elapsed 4 days, 3:17:18 Current start position is [    0.06555     0.02755      6.0632]
Elapsed 4 days, 3:37:27 ===Episode_id 11 task_id 0 task_level=instance===
SR: True, SPL: 0.799575383511676, Object category: rug, goal type: sequence===

Elapsed 4 days, 3:37:27 [baseline] task_level=instance scene=00813-svBbv1Pavdk episode=11 task=0 sec=1209.304
Elapsed 4 days, 3:37:27 [BASELINE_LIVE_METRICS] rows=556 avg_sr=0.458633 avg_spl=0.283022 follower_error_count=12 levels=[object:n=131,sr=0.564885,spl=0.359476; room:n=139,sr=0.517986,spl=0.308010; region:n=163,sr=0.423313,spl=0.281188; instance:n=123,sr=0.325203,spl=0.175787] latest_scene=00813-svBbv1Pavdk latest_episode=11 latest_task=0 latest_level=instance by_level={"instance": {"avg_spl": 0.17578737806034903, "avg_sr": 0.3252032520325203, "count": 123}, "object": {"avg_spl": 0.3594760169185424, "avg_sr": 0.5648854961832062, "count": 131}, "region": {"avg_spl": 0.281187843405414, "avg_sr": 0.4233128834355828, "count": 163}, "room": {"avg_spl": 0.3080099497053, "avg_sr": 0.5179856115107914, "count": 139}}
Elapsed 4 days, 3:37:27 

Begin to process [00813-svBbv1Pavdk_sequence_11_1] type: [room], Question: [ironing board in the walk-in closet]

Elapsed 4 days, 3:37:27 Current start position is [      7.435    0.027547     0.98857]
Elapsed 4 days, 3:49:56 ===Episode_id 11 task_id 1 task_level=room===
SR: False, SPL: 0.0, Object category: ironing board, goal type: sequence===

Elapsed 4 days, 3:49:56 [baseline] task_level=room scene=00813-svBbv1Pavdk episode=11 task=1 sec=748.566
Elapsed 4 days, 3:49:56 [BASELINE_LIVE_METRICS] rows=557 avg_sr=0.457810 avg_spl=0.282514 follower_error_count=12 levels=[object:n=131,sr=0.564885,spl=0.359476; room:n=140,sr=0.514286,spl=0.305810; region:n=163,sr=0.423313,spl=0.281188; instance:n=123,sr=0.325203,spl=0.175787] latest_scene=00813-svBbv1Pavdk latest_episode=11 latest_task=1 latest_level=room by_level={"instance": {"avg_spl": 0.17578737806034903, "avg_sr": 0.3252032520325203, "count": 123}, "object": {"avg_spl": 0.3594760169185424, "avg_sr": 0.5648854961832062, "count": 131}, "region": {"avg_spl": 0.281187843405414, "avg_sr": 0.4233128834355828, "count": 163}, "room": {"avg_spl": 0.3058098786359764, "avg_sr": 0.5142857142857142, "count": 140}}
Elapsed 4 days, 3:49:56 

Begin to process [00813-svBbv1Pavdk_sequence_11_2] type: [room], Question: [cabinet in the kitchen]

Elapsed 4 days, 3:49:56 Current start position is [     3.3816    0.027547      4.1901]
Elapsed 4 days, 3:50:57 ===Episode_id 11 task_id 2 task_level=room===
SR: True, SPL: 0.7432067338201316, Object category: cabinet, goal type: sequence===

Elapsed 4 days, 3:50:57 [baseline] task_level=room scene=00813-svBbv1Pavdk episode=11 task=2 sec=60.798
Elapsed 4 days, 3:50:57 [BASELINE_LIVE_METRICS] rows=558 avg_sr=0.458781 avg_spl=0.283339 follower_error_count=12 levels=[object:n=131,sr=0.564885,spl=0.359476; room:n=141,sr=0.517730,spl=0.308912; region:n=163,sr=0.423313,spl=0.281188; instance:n=123,sr=0.325203,spl=0.175787] latest_scene=00813-svBbv1Pavdk latest_episode=11 latest_task=2 latest_level=room by_level={"instance": {"avg_spl": 0.17578737806034903, "avg_sr": 0.3252032520325203, "count": 123}, "object": {"avg_spl": 0.3594760169185424, "avg_sr": 0.5648854961832062, "count": 131}, "region": {"avg_spl": 0.281187843405414, "avg_sr": 0.4233128834355828, "count": 163}, "room": {"avg_spl": 0.3089119839918924, "avg_sr": 0.5177304964539007, "count": 141}}
Elapsed 4 days, 3:50:57 

Begin to process [00813-svBbv1Pavdk_sequence_11_3] type: [object], Question: [tv stand]

Elapsed 4 days, 3:50:57 Current start position is [   0.057201    0.027547      2.9239]
Elapsed 4 days, 3:52:19 ===Episode_id 11 task_id 3 task_level=object===
SR: False, SPL: 0.0, Object category: tv stand, goal type: sequence===

Elapsed 4 days, 3:52:19 [baseline] task_level=object scene=00813-svBbv1Pavdk episode=11 task=3 sec=81.958
Elapsed 4 days, 3:52:19 [BASELINE_LIVE_METRICS] rows=559 avg_sr=0.457961 avg_spl=0.282833 follower_error_count=12 levels=[object:n=132,sr=0.560606,spl=0.356753; room:n=141,sr=0.517730,spl=0.308912; region:n=163,sr=0.423313,spl=0.281188; instance:n=123,sr=0.325203,spl=0.175787] latest_scene=00813-svBbv1Pavdk latest_episode=11 latest_task=3 latest_level=object by_level={"instance": {"avg_spl": 0.17578737806034903, "avg_sr": 0.3252032520325203, "count": 123}, "object": {"avg_spl": 0.3567527137600686, "avg_sr": 0.5606060606060606, "count": 132}, "region": {"avg_spl": 0.281187843405414, "avg_sr": 0.4233128834355828, "count": 163}, "room": {"avg_spl": 0.3089119839918924, "avg_sr": 0.5177304964539007, "count": 141}}
Elapsed 4 days, 3:52:19 

Begin to process [00813-svBbv1Pavdk_sequence_11_4] type: [region], Question: [toilet in the bathroom that has toilet below botanical leaf print, bathtub with white shower curtain, white single-sink vanity]

Elapsed 4 days, 3:52:19 Current start position is [      7.755    0.027547     -3.2889]
Elapsed 4 days, 4:11:31 ===Episode_id 11 task_id 4 task_level=region===
SR: False, SPL: 0.0, Object category: toilet, goal type: sequence===

Elapsed 4 days, 4:11:31 [baseline] task_level=region scene=00813-svBbv1Pavdk episode=11 task=4 sec=1152.647
Elapsed 4 days, 4:11:31 [BASELINE_LIVE_METRICS] rows=560 avg_sr=0.457143 avg_spl=0.282328 follower_error_count=12 levels=[object:n=132,sr=0.560606,spl=0.356753; room:n=141,sr=0.517730,spl=0.308912; region:n=164,sr=0.420732,spl=0.279473; instance:n=123,sr=0.325203,spl=0.175787] latest_scene=00813-svBbv1Pavdk latest_episode=11 latest_task=4 latest_level=region by_level={"instance": {"avg_spl": 0.17578737806034903, "avg_sr": 0.3252032520325203, "count": 123}, "object": {"avg_spl": 0.3567527137600686, "avg_sr": 0.5606060606060606, "count": 132}, "region": {"avg_spl": 0.2794732833846492, "avg_sr": 0.42073170731707316, "count": 164}, "room": {"avg_spl": 0.3089119839918924, "avg_sr": 0.5177304964539007, "count": 141}}
Elapsed 4 days, 4:11:31 [Metrics] sequence count: 560, invalid_count: 0, follower_error_count: 12, avg_sr: 0.457143, avg_spl: 0.282328

=== Episode ===: 12it [9:11:10, 2959.39s/it][AElapsed 4 days, 4:11:35 

Begin to process [00813-svBbv1Pavdk_sequence_12_0] type: [instance], Question: [black flat-screen tv on white stand in living room with gray couch and glass coffee table]

Elapsed 4 days, 4:11:35 Current start position is [    0.71514     0.02755      4.3594]
Elapsed 4 days, 4:33:13 ===Episode_id 12 task_id 0 task_level=instance===
SR: True, SPL: 0.6330690126814373, Object category: tv, goal type: sequence===

Elapsed 4 days, 4:33:13 [baseline] task_level=instance scene=00813-svBbv1Pavdk episode=12 task=0 sec=1297.551
Elapsed 4 days, 4:33:13 [BASELINE_LIVE_METRICS] rows=561 avg_sr=0.458111 avg_spl=0.282953 follower_error_count=12 levels=[object:n=132,sr=0.560606,spl=0.356753; room:n=141,sr=0.517730,spl=0.308912; region:n=164,sr=0.420732,spl=0.279473; instance:n=124,sr=0.330645,spl=0.179475] latest_scene=00813-svBbv1Pavdk latest_episode=12 latest_task=0 latest_level=instance by_level={"instance": {"avg_spl": 0.17947513317826105, "avg_sr": 0.33064516129032256, "count": 124}, "object": {"avg_spl": 0.3567527137600686, "avg_sr": 0.5606060606060606, "count": 132}, "region": {"avg_spl": 0.2794732833846492, "avg_sr": 0.42073170731707316, "count": 164}, "room": {"avg_spl": 0.3089119839918924, "avg_sr": 0.5177304964539007, "count": 141}}
Elapsed 4 days, 4:33:13 

Begin to process [00813-svBbv1Pavdk_sequence_12_1] type: [object], Question: [bath sink]

Elapsed 4 days, 4:33:13 Current start position is [     7.7795    0.027547      3.2143]
Elapsed 4 days, 4:33:58 ===Episode_id 12 task_id 1 task_level=object===
SR: False, SPL: 0.0, Object category: bath sink, goal type: sequence===

Elapsed 4 days, 4:33:58 [baseline] task_level=object scene=00813-svBbv1Pavdk episode=12 task=1 sec=45.746
Elapsed 4 days, 4:33:58 [BASELINE_LIVE_METRICS] rows=562 avg_sr=0.457295 avg_spl=0.282449 follower_error_count=12 levels=[object:n=133,sr=0.556391,spl=0.354070; room:n=141,sr=0.517730,spl=0.308912; region:n=164,sr=0.420732,spl=0.279473; instance:n=124,sr=0.330645,spl=0.179475] latest_scene=00813-svBbv1Pavdk latest_episode=12 latest_task=1 latest_level=object by_level={"instance": {"avg_spl": 0.17947513317826105, "avg_sr": 0.33064516129032256, "count": 124}, "object": {"avg_spl": 0.3540703625287899, "avg_sr": 0.556390977443609, "count": 133}, "region": {"avg_spl": 0.2794732833846492, "avg_sr": 0.42073170731707316, "count": 164}, "room": {"avg_spl": 0.3089119839918924, "avg_sr": 0.5177304964539007, "count": 141}}
Elapsed 4 days, 4:33:58 

Begin to process [00813-svBbv1Pavdk_sequence_12_2] type: [object], Question: [ironing board]

Elapsed 4 days, 4:33:58 Current start position is [   0.035173    0.027547      6.2855]
Elapsed 4 days, 4:34:42 ===Episode_id 12 task_id 2 task_level=object===
SR: False, SPL: 0.0, Object category: ironing board, goal type: sequence===

Elapsed 4 days, 4:34:42 [baseline] task_level=object scene=00813-svBbv1Pavdk episode=12 task=2 sec=43.649
Elapsed 4 days, 4:34:42 [BASELINE_LIVE_METRICS] rows=563 avg_sr=0.456483 avg_spl=0.281948 follower_error_count=12 levels=[object:n=134,sr=0.552239,spl=0.351428; room:n=141,sr=0.517730,spl=0.308912; region:n=164,sr=0.420732,spl=0.279473; instance:n=124,sr=0.330645,spl=0.179475] latest_scene=00813-svBbv1Pavdk latest_episode=12 latest_task=2 latest_level=object by_level={"instance": {"avg_spl": 0.17947513317826105, "avg_sr": 0.33064516129032256, "count": 124}, "object": {"avg_spl": 0.35142804639051534, "avg_sr": 0.5522388059701493, "count": 134}, "region": {"avg_spl": 0.2794732833846492, "avg_sr": 0.42073170731707316, "count": 164}, "room": {"avg_spl": 0.3089119839918924, "avg_sr": 0.5177304964539007, "count": 141}}
Elapsed 4 days, 4:34:42 

Begin to process [00813-svBbv1Pavdk_sequence_12_3] type: [room], Question: [flowerpot in the bedroom]

Elapsed 4 days, 4:34:42 Current start position is [    0.33687    0.027547       4.373]
Elapsed 4 days, 4:35:56 ===Episode_id 12 task_id 3 task_level=room===
SR: False, SPL: 0.0, Object category: flowerpot, goal type: sequence===

Elapsed 4 days, 4:35:56 [baseline] task_level=room scene=00813-svBbv1Pavdk episode=12 task=3 sec=73.505
Elapsed 4 days, 4:35:56 [BASELINE_LIVE_METRICS] rows=564 avg_sr=0.455674 avg_spl=0.281448 follower_error_count=12 levels=[object:n=134,sr=0.552239,spl=0.351428; room:n=142,sr=0.514085,spl=0.306737; region:n=164,sr=0.420732,spl=0.279473; instance:n=124,sr=0.330645,spl=0.179475] latest_scene=00813-svBbv1Pavdk latest_episode=12 latest_task=3 latest_level=room by_level={"instance": {"avg_spl": 0.17947513317826105, "avg_sr": 0.33064516129032256, "count": 124}, "object": {"avg_spl": 0.35142804639051534, "avg_sr": 0.5522388059701493, "count": 134}, "region": {"avg_spl": 0.2794732833846492, "avg_sr": 0.42073170731707316, "count": 164}, "room": {"avg_spl": 0.30673654748490725, "avg_sr": 0.5140845070422535, "count": 142}}
Elapsed 4 days, 4:35:56 

Begin to process [00813-svBbv1Pavdk_sequence_12_4] type: [object], Question: [clothes dryer]

Elapsed 4 days, 4:35:56 Current start position is [     8.3498    0.027547      2.7934]
Elapsed 4 days, 4:36:52 ===Episode_id 12 task_id 4 task_level=object===
SR: True, SPL: 0.8553784362232254, Object category: clothes dryer, goal type: sequence===

Elapsed 4 days, 4:36:52 [baseline] task_level=object scene=00813-svBbv1Pavdk episode=12 task=4 sec=56.415
Elapsed 4 days, 4:36:52 [BASELINE_LIVE_METRICS] rows=565 avg_sr=0.456637 avg_spl=0.282463 follower_error_count=12 levels=[object:n=135,sr=0.555556,spl=0.355161; room:n=142,sr=0.514085,spl=0.306737; region:n=164,sr=0.420732,spl=0.279473; instance:n=124,sr=0.330645,spl=0.179475] latest_scene=00813-svBbv1Pavdk latest_episode=12 latest_task=4 latest_level=object by_level={"instance": {"avg_spl": 0.17947513317826105, "avg_sr": 0.33064516129032256, "count": 124}, "object": {"avg_spl": 0.355161012241128, "avg_sr": 0.5555555555555556, "count": 135}, "region": {"avg_spl": 0.2794732833846492, "avg_sr": 0.42073170731707316, "count": 164}, "room": {"avg_spl": 0.30673654748490725, "avg_sr": 0.5140845070422535, "count": 142}}
Elapsed 4 days, 4:36:52 [Metrics] sequence count: 565, invalid_count: 0, follower_error_count: 12, avg_sr: 0.456637, avg_spl: 0.282463

=== Episode ===: 13it [9:36:31, 2523.62s/it][AElapsed 4 days, 4:36:57 

Begin to process [00813-svBbv1Pavdk_sequence_13_0] type: [instance], Question: [yellow blanket on gray couch below white-and-black wall painting in living room with TV on white stand]

Elapsed 4 days, 4:36:57 Current start position is [     6.7421     0.02755      -3.287]
Elapsed 4 days, 5:01:27 ===Episode_id 13 task_id 0 task_level=instance===
SR: False, SPL: 0.0, Object category: blanket, goal type: sequence===

Elapsed 4 days, 5:01:27 [baseline] task_level=instance scene=00813-svBbv1Pavdk episode=13 task=0 sec=1470.651
Elapsed 4 days, 5:01:27 [BASELINE_LIVE_METRICS] rows=566 avg_sr=0.455830 avg_spl=0.281964 follower_error_count=12 levels=[object:n=135,sr=0.555556,spl=0.355161; room:n=142,sr=0.514085,spl=0.306737; region:n=164,sr=0.420732,spl=0.279473; instance:n=125,sr=0.328000,spl=0.178039] latest_scene=00813-svBbv1Pavdk latest_episode=13 latest_task=0 latest_level=instance by_level={"instance": {"avg_spl": 0.17803933211283496, "avg_sr": 0.328, "count": 125}, "object": {"avg_spl": 0.355161012241128, "avg_sr": 0.5555555555555556, "count": 135}, "region": {"avg_spl": 0.2794732833846492, "avg_sr": 0.42073170731707316, "count": 164}, "room": {"avg_spl": 0.30673654748490725, "avg_sr": 0.5140845070422535, "count": 142}}
Elapsed 4 days, 5:01:27 

Begin to process [00813-svBbv1Pavdk_sequence_13_1] type: [room], Question: [plant in the office]

Elapsed 4 days, 5:01:27 Current start position is [     7.8735    0.027547      3.2394]
Elapsed 4 days, 5:02:15 ===Episode_id 13 task_id 1 task_level=room===
SR: False, SPL: 0.0, Object category: plant, goal type: sequence===

Elapsed 4 days, 5:02:15 [baseline] task_level=room scene=00813-svBbv1Pavdk episode=13 task=1 sec=47.972
Elapsed 4 days, 5:02:15 [BASELINE_LIVE_METRICS] rows=567 avg_sr=0.455026 avg_spl=0.281467 follower_error_count=12 levels=[object:n=135,sr=0.555556,spl=0.355161; room:n=143,sr=0.510490,spl=0.304592; region:n=164,sr=0.420732,spl=0.279473; instance:n=125,sr=0.328000,spl=0.178039] latest_scene=00813-svBbv1Pavdk latest_episode=13 latest_task=1 latest_level=room by_level={"instance": {"avg_spl": 0.17803933211283496, "avg_sr": 0.328, "count": 125}, "object": {"avg_spl": 0.355161012241128, "avg_sr": 0.5555555555555556, "count": 135}, "region": {"avg_spl": 0.2794732833846492, "avg_sr": 0.42073170731707316, "count": 164}, "room": {"avg_spl": 0.3045915366633345, "avg_sr": 0.5104895104895105, "count": 143}}
Elapsed 4 days, 5:02:15 

Begin to process [00813-svBbv1Pavdk_sequence_13_2] type: [object], Question: [microwave]

Elapsed 4 days, 5:02:15 Current start position is [     6.3103    0.027547     -1.4946]
Elapsed 4 days, 5:03:00 ===Episode_id 13 task_id 2 task_level=object===
SR: True, SPL: 0.872227919431877, Object category: microwave, goal type: sequence===

Elapsed 4 days, 5:03:00 [baseline] task_level=object scene=00813-svBbv1Pavdk episode=13 task=2 sec=44.211
Elapsed 4 days, 5:03:00 [BASELINE_LIVE_METRICS] rows=568 avg_sr=0.455986 avg_spl=0.282507 follower_error_count=12 levels=[object:n=136,sr=0.558824,spl=0.358963; room:n=143,sr=0.510490,spl=0.304592; region:n=164,sr=0.420732,spl=0.279473; instance:n=125,sr=0.328000,spl=0.178039] latest_scene=00813-svBbv1Pavdk latest_episode=13 latest_task=2 latest_level=object by_level={"instance": {"avg_spl": 0.17803933211283496, "avg_sr": 0.328, "count": 125}, "object": {"avg_spl": 0.3589629747940012, "avg_sr": 0.5588235294117647, "count": 136}, "region": {"avg_spl": 0.2794732833846492, "avg_sr": 0.42073170731707316, "count": 164}, "room": {"avg_spl": 0.3045915366633345, "avg_sr": 0.5104895104895105, "count": 143}}
Elapsed 4 days, 5:03:00 

Begin to process [00813-svBbv1Pavdk_sequence_13_3] type: [room], Question: [couch in the office]

Elapsed 4 days, 5:03:00 Current start position is [    0.11378    0.027547      2.3996]
Elapsed 4 days, 5:05:01 ===Episode_id 13 task_id 3 task_level=room===
SR: False, SPL: 0.0, Object category: couch, goal type: sequence===

Elapsed 4 days, 5:05:01 [baseline] task_level=room scene=00813-svBbv1Pavdk episode=13 task=3 sec=121.579
Elapsed 4 days, 5:05:01 [BASELINE_LIVE_METRICS] rows=569 avg_sr=0.455185 avg_spl=0.282011 follower_error_count=12 levels=[object:n=136,sr=0.558824,spl=0.358963; room:n=144,sr=0.506944,spl=0.302476; region:n=164,sr=0.420732,spl=0.279473; instance:n=125,sr=0.328000,spl=0.178039] latest_scene=00813-svBbv1Pavdk latest_episode=13 latest_task=3 latest_level=room by_level={"instance": {"avg_spl": 0.17803933211283496, "avg_sr": 0.328, "count": 125}, "object": {"avg_spl": 0.3589629747940012, "avg_sr": 0.5588235294117647, "count": 136}, "region": {"avg_spl": 0.2794732833846492, "avg_sr": 0.42073170731707316, "count": 164}, "room": {"avg_spl": 0.30247631765872796, "avg_sr": 0.5069444444444444, "count": 144}}
Elapsed 4 days, 5:05:01 

Begin to process [00813-svBbv1Pavdk_sequence_13_4] type: [region], Question: [clothes dryer in the laundry room that has white washing machine and clothes dryer]

Elapsed 4 days, 5:05:01 Current start position is [     7.4715    0.027547     0.96695]
Elapsed 4 days, 5:07:46 ===Episode_id 13 task_id 4 task_level=region===
SR: True, SPL: 0.8603370217767031, Object category: clothes dryer, goal type: sequence===

Elapsed 4 days, 5:07:46 [baseline] task_level=region scene=00813-svBbv1Pavdk episode=13 task=4 sec=165.072
Elapsed 4 days, 5:07:46 [BASELINE_LIVE_METRICS] rows=570 avg_sr=0.456140 avg_spl=0.283025 follower_error_count=12 levels=[object:n=136,sr=0.558824,spl=0.358963; room:n=144,sr=0.506944,spl=0.302476; region:n=165,sr=0.424242,spl=0.282994; instance:n=125,sr=0.328000,spl=0.178039] latest_scene=00813-svBbv1Pavdk latest_episode=13 latest_task=4 latest_level=region by_level={"instance": {"avg_spl": 0.17803933211283496, "avg_sr": 0.328, "count": 125}, "object": {"avg_spl": 0.3589629747940012, "avg_sr": 0.5588235294117647, "count": 136}, "region": {"avg_spl": 0.2829936696779344, "avg_sr": 0.42424242424242425, "count": 165}, "room": {"avg_spl": 0.30247631765872796, "avg_sr": 0.5069444444444444, "count": 144}}
Elapsed 4 days, 5:07:46 [Metrics] sequence count: 570, invalid_count: 0, follower_error_count: 12, avg_sr: 0.456140, avg_spl: 0.283025

=== Episode ===: 14it [10:07:25, 2321.40s/it][AElapsed 4 days, 5:07:51 

Begin to process [00813-svBbv1Pavdk_sequence_14_0] type: [instance], Question: [glass flowerpot with green plant on glass dining table in kitchen near granite countertop island with stools and refrigerator]

Elapsed 4 days, 5:07:51 Current start position is [     3.9826     0.02755      6.0875]
Elapsed 4 days, 5:35:20 ===Episode_id 14 task_id 0 task_level=instance===
SR: True, SPL: 0.6455780351067925, Object category: flower vase, goal type: sequence===

Elapsed 4 days, 5:35:20 [baseline] task_level=instance scene=00813-svBbv1Pavdk episode=14 task=0 sec=1648.720
Elapsed 4 days, 5:35:20 [BASELINE_LIVE_METRICS] rows=571 avg_sr=0.457093 avg_spl=0.283660 follower_error_count=12 levels=[object:n=136,sr=0.558824,spl=0.358963; room:n=144,sr=0.506944,spl=0.302476; region:n=165,sr=0.424242,spl=0.282994; instance:n=126,sr=0.333333,spl=0.181750] latest_scene=00813-svBbv1Pavdk latest_episode=14 latest_task=0 latest_level=instance by_level={"instance": {"avg_spl": 0.18174995673977112, "avg_sr": 0.3333333333333333, "count": 126}, "object": {"avg_spl": 0.3589629747940012, "avg_sr": 0.5588235294117647, "count": 136}, "region": {"avg_spl": 0.2829936696779344, "avg_sr": 0.42424242424242425, "count": 165}, "room": {"avg_spl": 0.30247631765872796, "avg_sr": 0.5069444444444444, "count": 144}}
Elapsed 4 days, 5:35:20 

Begin to process [00813-svBbv1Pavdk_sequence_14_1] type: [object], Question: [bathtub]

Elapsed 4 days, 5:35:20 Current start position is [       2.47    0.027547      2.6927]
Elapsed 4 days, 5:37:52 ===Episode_id 14 task_id 1 task_level=object===
SR: False, SPL: 0.0, Object category: bathtub, goal type: sequence===

Elapsed 4 days, 5:37:52 [baseline] task_level=object scene=00813-svBbv1Pavdk episode=14 task=1 sec=152.212
Elapsed 4 days, 5:37:52 [BASELINE_LIVE_METRICS] rows=572 avg_sr=0.456294 avg_spl=0.283164 follower_error_count=12 levels=[object:n=137,sr=0.554745,spl=0.356343; room:n=144,sr=0.506944,spl=0.302476; region:n=165,sr=0.424242,spl=0.282994; instance:n=126,sr=0.333333,spl=0.181750] latest_scene=00813-svBbv1Pavdk latest_episode=14 latest_task=1 latest_level=object by_level={"instance": {"avg_spl": 0.18174995673977112, "avg_sr": 0.3333333333333333, "count": 126}, "object": {"avg_spl": 0.3563428070947749, "avg_sr": 0.5547445255474452, "count": 137}, "region": {"avg_spl": 0.2829936696779344, "avg_sr": 0.42424242424242425, "count": 165}, "room": {"avg_spl": 0.30247631765872796, "avg_sr": 0.5069444444444444, "count": 144}}
Elapsed 4 days, 5:37:52 

Begin to process [00813-svBbv1Pavdk_sequence_14_2] type: [room], Question: [refrigerator in the kitchen]

Elapsed 4 days, 5:37:52 Current start position is [     2.5631    0.027547      4.1898]
Elapsed 4 days, 5:40:37 ===Episode_id 14 task_id 2 task_level=room===
SR: True, SPL: 0.7748232232340659, Object category: refrigerator, goal type: sequence===

Elapsed 4 days, 5:40:37 [baseline] task_level=room scene=00813-svBbv1Pavdk episode=14 task=2 sec=164.995
Elapsed 4 days, 5:40:37 [BASELINE_LIVE_METRICS] rows=573 avg_sr=0.457243 avg_spl=0.284022 follower_error_count=12 levels=[object:n=137,sr=0.554745,spl=0.356343; room:n=145,sr=0.510345,spl=0.305734; region:n=165,sr=0.424242,spl=0.282994; instance:n=126,sr=0.333333,spl=0.181750] latest_scene=00813-svBbv1Pavdk latest_episode=14 latest_task=2 latest_level=room by_level={"instance": {"avg_spl": 0.18174995673977112, "avg_sr": 0.3333333333333333, "count": 126}, "object": {"avg_spl": 0.3563428070947749, "avg_sr": 0.5547445255474452, "count": 137}, "region": {"avg_spl": 0.2829936696779344, "avg_sr": 0.42424242424242425, "count": 165}, "room": {"avg_spl": 0.3057338825247648, "avg_sr": 0.5103448275862069, "count": 145}}
Elapsed 4 days, 5:40:37 

Begin to process [00813-svBbv1Pavdk_sequence_14_3] type: [room], Question: [sink in the bathroom]

Elapsed 4 days, 5:40:37 Current start position is [    0.23358    0.027547      3.9164]
Elapsed 4 days, 5:43:06 ===Episode_id 14 task_id 3 task_level=room===
SR: False, SPL: 0.0, Object category: sink, goal type: sequence===

Elapsed 4 days, 5:43:06 [baseline] task_level=room scene=00813-svBbv1Pavdk episode=14 task=3 sec=149.551
Elapsed 4 days, 5:43:06 [BASELINE_LIVE_METRICS] rows=574 avg_sr=0.456446 avg_spl=0.283528 follower_error_count=12 levels=[object:n=137,sr=0.554745,spl=0.356343; room:n=146,sr=0.506849,spl=0.303640; region:n=165,sr=0.424242,spl=0.282994; instance:n=126,sr=0.333333,spl=0.181750] latest_scene=00813-svBbv1Pavdk latest_episode=14 latest_task=3 latest_level=room by_level={"instance": {"avg_spl": 0.18174995673977112, "avg_sr": 0.3333333333333333, "count": 126}, "object": {"avg_spl": 0.3563428070947749, "avg_sr": 0.5547445255474452, "count": 137}, "region": {"avg_spl": 0.2829936696779344, "avg_sr": 0.42424242424242425, "count": 165}, "room": {"avg_spl": 0.30363981483623903, "avg_sr": 0.5068493150684932, "count": 146}}
Elapsed 4 days, 5:43:06 

Begin to process [00813-svBbv1Pavdk_sequence_14_4] type: [region], Question: [kitchen sink in the kitchen that has granite countertop kitchen island flanked by bar stools, glass dining table with vase centerpiece, black brushstroke painting, dark kitchen cabinets with marble countertop, microwave above stainless steel stove and oven, refrigerator]

Elapsed 4 days, 5:43:06 Current start position is [     2.5631    0.027547      4.1898]
Elapsed 4 days, 5:46:34 ===Episode_id 14 task_id 4 task_level=region===
SR: False, SPL: 0.0, Object category: kitchen sink, goal type: sequence===

Elapsed 4 days, 5:46:34 [baseline] task_level=region scene=00813-svBbv1Pavdk episode=14 task=4 sec=207.020
Elapsed 4 days, 5:46:34 [BASELINE_LIVE_METRICS] rows=575 avg_sr=0.455652 avg_spl=0.283034 follower_error_count=12 levels=[object:n=137,sr=0.554745,spl=0.356343; room:n=146,sr=0.506849,spl=0.303640; region:n=166,sr=0.421687,spl=0.281289; instance:n=126,sr=0.333333,spl=0.181750] latest_scene=00813-svBbv1Pavdk latest_episode=14 latest_task=4 latest_level=region by_level={"instance": {"avg_spl": 0.18174995673977112, "avg_sr": 0.3333333333333333, "count": 126}, "object": {"avg_spl": 0.3563428070947749, "avg_sr": 0.5547445255474452, "count": 137}, "region": {"avg_spl": 0.2812888885352962, "avg_sr": 0.42168674698795183, "count": 166}, "room": {"avg_spl": 0.30363981483623903, "avg_sr": 0.5068493150684932, "count": 146}}
Elapsed 4 days, 5:46:34 [Metrics] sequence count: 575, invalid_count: 0, follower_error_count: 12, avg_sr: 0.455652, avg_spl: 0.283034

=== Episode ===: 15it [10:46:12, 2323.18s/it][AElapsed 4 days, 5:46:38 

Begin to process [00813-svBbv1Pavdk_sequence_15_0] type: [instance], Question: [white kitchen cabinet above cutting board on white countertop near glass dining table and refrigerator]

Elapsed 4 days, 5:46:38 Current start position is [      7.161     0.02755      6.7325]
Elapsed 4 days, 6:24:31 ===Episode_id 15 task_id 0 task_level=instance===
SR: True, SPL: 0.6728058480882984, Object category: cabinet, goal type: sequence===

Elapsed 4 days, 6:24:31 [baseline] task_level=instance scene=00813-svBbv1Pavdk episode=15 task=0 sec=2273.172
Elapsed 4 days, 6:24:31 [BASELINE_LIVE_METRICS] rows=576 avg_sr=0.456597 avg_spl=0.283711 follower_error_count=12 levels=[object:n=137,sr=0.554745,spl=0.356343; room:n=146,sr=0.506849,spl=0.303640; region:n=166,sr=0.421687,spl=0.281289; instance:n=127,sr=0.338583,spl=0.185617] latest_scene=00813-svBbv1Pavdk latest_episode=15 latest_task=0 latest_level=instance by_level={"instance": {"avg_spl": 0.18561653856141305, "avg_sr": 0.33858267716535434, "count": 127}, "object": {"avg_spl": 0.3563428070947749, "avg_sr": 0.5547445255474452, "count": 137}, "region": {"avg_spl": 0.2812888885352962, "avg_sr": 0.42168674698795183, "count": 166}, "room": {"avg_spl": 0.30363981483623903, "avg_sr": 0.5068493150684932, "count": 146}}
Elapsed 4 days, 6:24:31 

Begin to process [00813-svBbv1Pavdk_sequence_15_1] type: [object], Question: [cabinet]

Elapsed 4 days, 6:24:31 Current start position is [   0.030981    0.027547      2.1589]
Elapsed 4 days, 6:26:22 ===Episode_id 15 task_id 1 task_level=object===
SR: True, SPL: 0.01976513602063075, Object category: cabinet, goal type: sequence===

Elapsed 4 days, 6:26:22 [baseline] task_level=object scene=00813-svBbv1Pavdk episode=15 task=1 sec=110.369
Elapsed 4 days, 6:26:22 [BASELINE_LIVE_METRICS] rows=577 avg_sr=0.457539 avg_spl=0.283254 follower_error_count=12 levels=[object:n=138,sr=0.557971,spl=0.353904; room:n=146,sr=0.506849,spl=0.303640; region:n=166,sr=0.421687,spl=0.281289; instance:n=127,sr=0.338583,spl=0.185617] latest_scene=00813-svBbv1Pavdk latest_episode=15 latest_task=1 latest_level=object by_level={"instance": {"avg_spl": 0.18561653856141305, "avg_sr": 0.33858267716535434, "count": 127}, "object": {"avg_spl": 0.35390383846380286, "avg_sr": 0.5579710144927537, "count": 138}, "region": {"avg_spl": 0.2812888885352962, "avg_sr": 0.42168674698795183, "count": 166}, "room": {"avg_spl": 0.30363981483623903, "avg_sr": 0.5068493150684932, "count": 146}}
Elapsed 4 days, 6:26:22 

Begin to process [00813-svBbv1Pavdk_sequence_15_2] type: [room], Question: [kitchen sink in the kitchen]

Elapsed 4 days, 6:26:22 Current start position is [     7.9887    0.027547      3.1739]
Elapsed 4 days, 6:29:50 ===Episode_id 15 task_id 2 task_level=room===
SR: True, SPL: 0.6049245276043882, Object category: kitchen sink, goal type: sequence===

Elapsed 4 days, 6:29:50 [baseline] task_level=room scene=00813-svBbv1Pavdk episode=15 task=2 sec=208.103
Elapsed 4 days, 6:29:50 [BASELINE_LIVE_METRICS] rows=578 avg_sr=0.458478 avg_spl=0.283810 follower_error_count=12 levels=[object:n=138,sr=0.557971,spl=0.353904; room:n=147,sr=0.510204,spl=0.305689; region:n=166,sr=0.421687,spl=0.281289; instance:n=127,sr=0.338583,spl=0.185617] latest_scene=00813-svBbv1Pavdk latest_episode=15 latest_task=2 latest_level=room by_level={"instance": {"avg_spl": 0.18561653856141305, "avg_sr": 0.33858267716535434, "count": 127}, "object": {"avg_spl": 0.35390383846380286, "avg_sr": 0.5579710144927537, "count": 138}, "region": {"avg_spl": 0.2812888885352962, "avg_sr": 0.42168674698795183, "count": 166}, "room": {"avg_spl": 0.3056893707054101, "avg_sr": 0.5102040816326531, "count": 147}}
Elapsed 4 days, 6:29:50 

Begin to process [00813-svBbv1Pavdk_sequence_15_3] type: [region], Question: [nightstand in the bedroom that has bed with white quilt, patterned blanket, and gray headboard beneath coastal landscape painting, nightstand with alarm clock and small potted plant, potted plant with large leaf in corner]

Elapsed 4 days, 6:29:50 Current start position is [    0.79426    0.027547      3.3191]
Elapsed 4 days, 7:05:41 ===Episode_id 15 task_id 3 task_level=region===
SR: False, SPL: 0.0, Object category: nightstand, goal type: sequence===

Elapsed 4 days, 7:05:41 [baseline] task_level=region scene=00813-svBbv1Pavdk episode=15 task=3 sec=2151.571
Elapsed 4 days, 7:05:41 [BASELINE_LIVE_METRICS] rows=579 avg_sr=0.457686 avg_spl=0.283320 follower_error_count=12 levels=[object:n=138,sr=0.557971,spl=0.353904; room:n=147,sr=0.510204,spl=0.305689; region:n=167,sr=0.419162,spl=0.279605; instance:n=127,sr=0.338583,spl=0.185617] latest_scene=00813-svBbv1Pavdk latest_episode=15 latest_task=3 latest_level=region by_level={"instance": {"avg_spl": 0.18561653856141305, "avg_sr": 0.33858267716535434, "count": 127}, "object": {"avg_spl": 0.35390383846380286, "avg_sr": 0.5579710144927537, "count": 138}, "region": {"avg_spl": 0.2796045239332885, "avg_sr": 0.41916167664670656, "count": 167}, "room": {"avg_spl": 0.3056893707054101, "avg_sr": 0.5102040816326531, "count": 147}}
Elapsed 4 days, 7:05:41 

Begin to process [00813-svBbv1Pavdk_sequence_15_4] type: [region], Question: [decoration in the bedroom that has bed with white quilt and brown headboard beneath abstract painting, nightstand with small potted plant, round chair with pillow by window]

Elapsed 4 days, 7:05:41 Current start position is [     0.3351    0.027547     -3.3181]
Elapsed 4 days, 7:12:11 ===Episode_id 15 task_id 4 task_level=region===
SR: True, SPL: 0.8962124429271998, Object category: decoration, goal type: sequence===

Elapsed 4 days, 7:12:11 [baseline] task_level=region scene=00813-svBbv1Pavdk episode=15 task=4 sec=389.655
Elapsed 4 days, 7:12:11 [BASELINE_LIVE_METRICS] rows=580 avg_sr=0.458621 avg_spl=0.284377 follower_error_count=12 levels=[object:n=138,sr=0.557971,spl=0.353904; room:n=147,sr=0.510204,spl=0.305689; region:n=168,sr=0.422619,spl=0.283275; instance:n=127,sr=0.338583,spl=0.185617] latest_scene=00813-svBbv1Pavdk latest_episode=15 latest_task=4 latest_level=region by_level={"instance": {"avg_spl": 0.18561653856141305, "avg_sr": 0.33858267716535434, "count": 127}, "object": {"avg_spl": 0.35390383846380286, "avg_sr": 0.5579710144927537, "count": 138}, "region": {"avg_spl": 0.2832748091653951, "avg_sr": 0.4226190476190476, "count": 168}, "room": {"avg_spl": 0.3056893707054101, "avg_sr": 0.5102040816326531, "count": 147}}
Elapsed 4 days, 7:12:11 [Metrics] sequence count: 580, invalid_count: 0, follower_error_count: 12, avg_sr: 0.458621, avg_spl: 0.284377

=== Episode ===: 16it [12:11:50, 3170.31s/it][AElapsed 4 days, 7:12:16 

Begin to process [00813-svBbv1Pavdk_sequence_16_0] type: [instance], Question: [black stainless steel stove in kitchen near granite countertop island with stools, glass dining table, and refrigerator]

Elapsed 4 days, 7:12:16 Current start position is [     7.4412     0.02755      6.0559]
Elapsed 4 days, 7:45:07 ===Episode_id 16 task_id 0 task_level=instance===
SR: True, SPL: 0.643163123778955, Object category: stove, goal type: sequence===

Elapsed 4 days, 7:45:07 [baseline] task_level=instance scene=00813-svBbv1Pavdk episode=16 task=0 sec=1971.572
Elapsed 4 days, 7:45:07 [BASELINE_LIVE_METRICS] rows=581 avg_sr=0.459552 avg_spl=0.284994 follower_error_count=12 levels=[object:n=138,sr=0.557971,spl=0.353904; room:n=147,sr=0.510204,spl=0.305689; region:n=168,sr=0.422619,spl=0.283275; instance:n=128,sr=0.343750,spl=0.189191] latest_scene=00813-svBbv1Pavdk latest_episode=16 latest_task=0 latest_level=instance by_level={"instance": {"avg_spl": 0.1891911212584251, "avg_sr": 0.34375, "count": 128}, "object": {"avg_spl": 0.35390383846380286, "avg_sr": 0.5579710144927537, "count": 138}, "region": {"avg_spl": 0.2832748091653951, "avg_sr": 0.4226190476190476, "count": 168}, "room": {"avg_spl": 0.3056893707054101, "avg_sr": 0.5102040816326531, "count": 147}}
Elapsed 4 days, 7:45:07 

Begin to process [00813-svBbv1Pavdk_sequence_16_1] type: [region], Question: [flowerpot in the walk-in closet that has white shelves with potted plant, woven basket, hanging ironing board]

Elapsed 4 days, 7:45:07 Current start position is [    0.12881    0.027547      2.4185]
Elapsed 4 days, 8:10:07 ===Episode_id 16 task_id 1 task_level=region===
SR: False, SPL: 0.0, Object category: flowerpot, goal type: sequence===

Elapsed 4 days, 8:10:07 [baseline] task_level=region scene=00813-svBbv1Pavdk episode=16 task=1 sec=1499.336
Elapsed 4 days, 8:10:07 [BASELINE_LIVE_METRICS] rows=582 avg_sr=0.458763 avg_spl=0.284505 follower_error_count=12 levels=[object:n=138,sr=0.557971,spl=0.353904; room:n=147,sr=0.510204,spl=0.305689; region:n=169,sr=0.420118,spl=0.281599; instance:n=128,sr=0.343750,spl=0.189191] latest_scene=00813-svBbv1Pavdk latest_episode=16 latest_task=1 latest_level=region by_level={"instance": {"avg_spl": 0.1891911212584251, "avg_sr": 0.34375, "count": 128}, "object": {"avg_spl": 0.35390383846380286, "avg_sr": 0.5579710144927537, "count": 138}, "region": {"avg_spl": 0.28159862686264125, "avg_sr": 0.42011834319526625, "count": 169}, "room": {"avg_spl": 0.3056893707054101, "avg_sr": 0.5102040816326531, "count": 147}}
Elapsed 4 days, 8:10:07 

Begin to process [00813-svBbv1Pavdk_sequence_16_2] type: [room], Question: [flowerpot in the living room]

Elapsed 4 days, 8:10:07 Current start position is [     8.2133    0.027547      7.1015]
Elapsed 4 days, 8:13:27 ===Episode_id 16 task_id 2 task_level=room===
SR: True, SPL: 0.7699901417406068, Object category: flowerpot, goal type: sequence===

Elapsed 4 days, 8:13:27 [baseline] task_level=room scene=00813-svBbv1Pavdk episode=16 task=2 sec=199.826
Elapsed 4 days, 8:13:27 [BASELINE_LIVE_METRICS] rows=583 avg_sr=0.459691 avg_spl=0.285337 follower_error_count=12 levels=[object:n=138,sr=0.557971,spl=0.353904; room:n=148,sr=0.513514,spl=0.308827; region:n=169,sr=0.420118,spl=0.281599; instance:n=128,sr=0.343750,spl=0.189191] latest_scene=00813-svBbv1Pavdk latest_episode=16 latest_task=2 latest_level=room by_level={"instance": {"avg_spl": 0.1891911212584251, "avg_sr": 0.34375, "count": 128}, "object": {"avg_spl": 0.35390383846380286, "avg_sr": 0.5579710144927537, "count": 138}, "region": {"avg_spl": 0.28159862686264125, "avg_sr": 0.42011834319526625, "count": 169}, "room": {"avg_spl": 0.3088265380772695, "avg_sr": 0.5135135135135135, "count": 148}}
Elapsed 4 days, 8:13:27 

Begin to process [00813-svBbv1Pavdk_sequence_16_3] type: [object], Question: [microwave]

Elapsed 4 days, 8:13:27 Current start position is [      9.536    0.027547      3.1769]
Elapsed 4 days, 8:18:34 ===Episode_id 16 task_id 3 task_level=object===
SR: True, SPL: 0.9296451943342725, Object category: microwave, goal type: sequence===

Elapsed 4 days, 8:18:34 [baseline] task_level=object scene=00813-svBbv1Pavdk episode=16 task=3 sec=307.174
Elapsed 4 days, 8:18:34 [BASELINE_LIVE_METRICS] rows=584 avg_sr=0.460616 avg_spl=0.286441 follower_error_count=12 levels=[object:n=139,sr=0.561151,spl=0.358046; room:n=148,sr=0.513514,spl=0.308827; region:n=169,sr=0.420118,spl=0.281599; instance:n=128,sr=0.343750,spl=0.189191] latest_scene=00813-svBbv1Pavdk latest_episode=16 latest_task=3 latest_level=object by_level={"instance": {"avg_spl": 0.1891911212584251, "avg_sr": 0.34375, "count": 128}, "object": {"avg_spl": 0.35804586260675586, "avg_sr": 0.5611510791366906, "count": 139}, "region": {"avg_spl": 0.28159862686264125, "avg_sr": 0.42011834319526625, "count": 169}, "room": {"avg_spl": 0.3088265380772695, "avg_sr": 0.5135135135135135, "count": 148}}
Elapsed 4 days, 8:18:34 

Begin to process [00813-svBbv1Pavdk_sequence_16_4] type: [region], Question: [flowerpot in the bedroom that has bed with white quilt, patterned blanket, and gray headboard beneath coastal landscape painting, nightstand with alarm clock and small potted plant, potted plant with large leaf in corner]

Elapsed 4 days, 8:18:34 Current start position is [    0.18334    0.027547      2.2435]
Elapsed 4 days, 8:43:03 ===Episode_id 16 task_id 4 task_level=region===
SR: False, SPL: 0.0, Object category: flowerpot, goal type: sequence===

Elapsed 4 days, 8:43:03 [baseline] task_level=region scene=00813-svBbv1Pavdk episode=16 task=4 sec=1469.066
Elapsed 4 days, 8:43:03 [BASELINE_LIVE_METRICS] rows=585 avg_sr=0.459829 avg_spl=0.285951 follower_error_count=12 levels=[object:n=139,sr=0.561151,spl=0.358046; room:n=148,sr=0.513514,spl=0.308827; region:n=170,sr=0.417647,spl=0.279942; instance:n=128,sr=0.343750,spl=0.189191] latest_scene=00813-svBbv1Pavdk latest_episode=16 latest_task=4 latest_level=region by_level={"instance": {"avg_spl": 0.1891911212584251, "avg_sr": 0.34375, "count": 128}, "object": {"avg_spl": 0.35804586260675586, "avg_sr": 0.5611510791366906, "count": 139}, "region": {"avg_spl": 0.27994216435168456, "avg_sr": 0.4176470588235294, "count": 170}, "room": {"avg_spl": 0.3088265380772695, "avg_sr": 0.5135135135135135, "count": 148}}
Elapsed 4 days, 8:43:03 [Metrics] sequence count: 585, invalid_count: 0, follower_error_count: 12, avg_sr: 0.459829, avg_spl: 0.285951

=== Episode ===: 17it [13:42:41, 3856.34s/it][AElapsed 4 days, 8:43:07 

Begin to process [00813-svBbv1Pavdk_sequence_17_0] type: [instance], Question: [dark kitchen cabinet with white countertop and drink directly left of stove in kitchen near glass dining table and refrigerator]

Elapsed 4 days, 8:43:07 Current start position is [     8.0438     0.02755      5.5205]
Elapsed 4 days, 9:11:31 ===Episode_id 17 task_id 0 task_level=instance===
SR: True, SPL: 0.8609237625829101, Object category: cabinet, goal type: sequence===

Elapsed 4 days, 9:11:31 [baseline] task_level=instance scene=00813-svBbv1Pavdk episode=17 task=0 sec=1703.754
Elapsed 4 days, 9:11:31 [BASELINE_LIVE_METRICS] rows=586 avg_sr=0.460751 avg_spl=0.286932 follower_error_count=12 levels=[object:n=139,sr=0.561151,spl=0.358046; room:n=148,sr=0.513514,spl=0.308827; region:n=170,sr=0.417647,spl=0.279942; instance:n=129,sr=0.348837,spl=0.194398] latest_scene=00813-svBbv1Pavdk latest_episode=17 latest_task=0 latest_level=instance by_level={"instance": {"avg_spl": 0.1943983510361343, "avg_sr": 0.3488372093023256, "count": 129}, "object": {"avg_spl": 0.35804586260675586, "avg_sr": 0.5611510791366906, "count": 139}, "region": {"avg_spl": 0.27994216435168456, "avg_sr": 0.4176470588235294, "count": 170}, "room": {"avg_spl": 0.3088265380772695, "avg_sr": 0.5135135135135135, "count": 148}}
Elapsed 4 days, 9:11:31 

Begin to process [00813-svBbv1Pavdk_sequence_17_1] type: [region], Question: [bathtub in the bathroom that has toilet below botanical leaf print, bathtub with white shower curtain, white single-sink vanity]

Elapsed 4 days, 9:11:31 Current start position is [   0.099132    0.027547      2.2525]
Elapsed 4 days, 9:31:24 ===Episode_id 17 task_id 1 task_level=region===
SR: True, SPL: 0.29791523862660774, Object category: bathtub, goal type: sequence===

Elapsed 4 days, 9:31:24 [baseline] task_level=region scene=00813-svBbv1Pavdk episode=17 task=1 sec=1193.019
Elapsed 4 days, 9:31:24 [BASELINE_LIVE_METRICS] rows=587 avg_sr=0.461670 avg_spl=0.286951 follower_error_count=12 levels=[object:n=139,sr=0.561151,spl=0.358046; room:n=148,sr=0.513514,spl=0.308827; region:n=171,sr=0.421053,spl=0.280047; instance:n=129,sr=0.348837,spl=0.194398] latest_scene=00813-svBbv1Pavdk latest_episode=17 latest_task=1 latest_level=region by_level={"instance": {"avg_spl": 0.1943983510361343, "avg_sr": 0.3488372093023256, "count": 129}, "object": {"avg_spl": 0.35804586260675586, "avg_sr": 0.5611510791366906, "count": 139}, "region": {"avg_spl": 0.2800472700491987, "avg_sr": 0.42105263157894735, "count": 171}, "room": {"avg_spl": 0.3088265380772695, "avg_sr": 0.5135135135135135, "count": 148}}
Elapsed 4 days, 9:31:24 

Begin to process [00813-svBbv1Pavdk_sequence_17_2] type: [object], Question: [worktop]

Elapsed 4 days, 9:31:24 Current start position is [     3.2913    0.027547     -2.7665]
Elapsed 4 days, 9:34:11 ===Episode_id 17 task_id 2 task_level=object===
SR: True, SPL: 0.6540403534185474, Object category: worktop, goal type: sequence===

Elapsed 4 days, 9:34:11 [baseline] task_level=object scene=00813-svBbv1Pavdk episode=17 task=2 sec=167.333
Elapsed 4 days, 9:34:11 [BASELINE_LIVE_METRICS] rows=588 avg_sr=0.462585 avg_spl=0.287575 follower_error_count=12 levels=[object:n=140,sr=0.564286,spl=0.360160; room:n=148,sr=0.513514,spl=0.308827; region:n=171,sr=0.421053,spl=0.280047; instance:n=129,sr=0.348837,spl=0.194398] latest_scene=00813-svBbv1Pavdk latest_episode=17 latest_task=2 latest_level=object by_level={"instance": {"avg_spl": 0.1943983510361343, "avg_sr": 0.3488372093023256, "count": 129}, "object": {"avg_spl": 0.3601601089696972, "avg_sr": 0.5642857142857143, "count": 140}, "region": {"avg_spl": 0.2800472700491987, "avg_sr": 0.42105263157894735, "count": 171}, "room": {"avg_spl": 0.3088265380772695, "avg_sr": 0.5135135135135135, "count": 148}}
Elapsed 4 days, 9:34:11 

Begin to process [00813-svBbv1Pavdk_sequence_17_3] type: [object], Question: [toilet]

Elapsed 4 days, 9:34:11 Current start position is [   0.017402    0.027547      1.9805]
Elapsed 4 days, 9:35:15 ===Episode_id 17 task_id 3 task_level=object===
SR: True, SPL: 0.8691948176075475, Object category: toilet, goal type: sequence===

Elapsed 4 days, 9:35:15 [baseline] task_level=object scene=00813-svBbv1Pavdk episode=17 task=3 sec=64.159
Elapsed 4 days, 9:35:15 [BASELINE_LIVE_METRICS] rows=589 avg_sr=0.463497 avg_spl=0.288563 follower_error_count=12 levels=[object:n=141,sr=0.567376,spl=0.363770; room:n=148,sr=0.513514,spl=0.308827; region:n=171,sr=0.421053,spl=0.280047; instance:n=129,sr=0.348837,spl=0.194398] latest_scene=00813-svBbv1Pavdk latest_episode=17 latest_task=3 latest_level=object by_level={"instance": {"avg_spl": 0.1943983510361343, "avg_sr": 0.3488372093023256, "count": 129}, "object": {"avg_spl": 0.3637702842082635, "avg_sr": 0.5673758865248227, "count": 141}, "region": {"avg_spl": 0.2800472700491987, "avg_sr": 0.42105263157894735, "count": 171}, "room": {"avg_spl": 0.3088265380772695, "avg_sr": 0.5135135135135135, "count": 148}}
Elapsed 4 days, 9:35:15 

Begin to process [00813-svBbv1Pavdk_sequence_17_4] type: [object], Question: [stove]

Elapsed 4 days, 9:35:15 Current start position is [     3.1289    0.027547      -2.202]
Elapsed 4 days, 9:38:12 ===Episode_id 17 task_id 4 task_level=object===
SR: True, SPL: 0.8162816271739246, Object category: stove, goal type: sequence===

Elapsed 4 days, 9:38:12 [baseline] task_level=object scene=00813-svBbv1Pavdk episode=17 task=4 sec=176.496
Elapsed 4 days, 9:38:12 [BASELINE_LIVE_METRICS] rows=590 avg_sr=0.464407 avg_spl=0.289457 follower_error_count=12 levels=[object:n=142,sr=0.570423,spl=0.366957; room:n=148,sr=0.513514,spl=0.308827; region:n=171,sr=0.421053,spl=0.280047; instance:n=129,sr=0.348837,spl=0.194398] latest_scene=00813-svBbv1Pavdk latest_episode=17 latest_task=4 latest_level=object by_level={"instance": {"avg_spl": 0.1943983510361343, "avg_sr": 0.3488372093023256, "count": 129}, "object": {"avg_spl": 0.36695698380661324, "avg_sr": 0.5704225352112676, "count": 142}, "region": {"avg_spl": 0.2800472700491987, "avg_sr": 0.42105263157894735, "count": 171}, "room": {"avg_spl": 0.3088265380772695, "avg_sr": 0.5135135135135135, "count": 148}}
Elapsed 4 days, 9:38:12 [Metrics] sequence count: 590, invalid_count: 0, follower_error_count: 12, avg_sr: 0.464407, avg_spl: 0.289457

=== Episode ===: 18it [14:37:51, 3691.91s/it][AElapsed 4 days, 9:38:16 

Begin to process [00813-svBbv1Pavdk_sequence_18_0] type: [instance], Question: [dark kitchen cabinet with white countertop and cutting board directly right of stove in kitchen near glass dining table and refrigerator]

Elapsed 4 days, 9:38:16 Current start position is [     8.6699     0.02755      5.1045]
Elapsed 4 days, 10:05:10 ===Episode_id 18 task_id 0 task_level=instance===
SR: True, SPL: 0.8075463803533645, Object category: cabinet, goal type: sequence===

Elapsed 4 days, 10:05:10 [baseline] task_level=instance scene=00813-svBbv1Pavdk episode=18 task=0 sec=1613.953
Elapsed 4 days, 10:05:10 [BASELINE_LIVE_METRICS] rows=591 avg_sr=0.465313 avg_spl=0.290334 follower_error_count=12 levels=[object:n=142,sr=0.570423,spl=0.366957; room:n=148,sr=0.513514,spl=0.308827; region:n=171,sr=0.421053,spl=0.280047; instance:n=130,sr=0.353846,spl=0.199115] latest_scene=00813-svBbv1Pavdk latest_episode=18 latest_task=0 latest_level=instance by_level={"instance": {"avg_spl": 0.19911487433857453, "avg_sr": 0.35384615384615387, "count": 130}, "object": {"avg_spl": 0.36695698380661324, "avg_sr": 0.5704225352112676, "count": 142}, "region": {"avg_spl": 0.2800472700491987, "avg_sr": 0.42105263157894735, "count": 171}, "room": {"avg_spl": 0.3088265380772695, "avg_sr": 0.5135135135135135, "count": 148}}
Elapsed 4 days, 10:05:10 

Begin to process [00813-svBbv1Pavdk_sequence_18_1] type: [object], Question: [shower curtain]

Elapsed 4 days, 10:05:10 Current start position is [   0.096366    0.027547      2.6626]
Elapsed 4 days, 10:06:59 ===Episode_id 18 task_id 1 task_level=object===
SR: False, SPL: 0.0, Object category: shower curtain, goal type: sequence===

Elapsed 4 days, 10:06:59 [baseline] task_level=object scene=00813-svBbv1Pavdk episode=18 task=1 sec=109.004
Elapsed 4 days, 10:06:59 [BASELINE_LIVE_METRICS] rows=592 avg_sr=0.464527 avg_spl=0.289843 follower_error_count=12 levels=[object:n=143,sr=0.566434,spl=0.364391; room:n=148,sr=0.513514,spl=0.308827; region:n=171,sr=0.421053,spl=0.280047; instance:n=130,sr=0.353846,spl=0.199115] latest_scene=00813-svBbv1Pavdk latest_episode=18 latest_task=1 latest_level=object by_level={"instance": {"avg_spl": 0.19911487433857453, "avg_sr": 0.35384615384615387, "count": 130}, "object": {"avg_spl": 0.36439085105272084, "avg_sr": 0.5664335664335665, "count": 143}, "region": {"avg_spl": 0.2800472700491987, "avg_sr": 0.42105263157894735, "count": 171}, "room": {"avg_spl": 0.3088265380772695, "avg_sr": 0.5135135135135135, "count": 148}}
Elapsed 4 days, 10:06:59 

Begin to process [00813-svBbv1Pavdk_sequence_18_2] type: [region], Question: [picture in the kitchen that has granite countertop kitchen island flanked by bar stools, glass dining table with vase centerpiece, black brushstroke painting, dark kitchen cabinets with marble countertop, microwave above stainless steel stove and oven, refrigerator]

Elapsed 4 days, 10:06:59 Current start position is [     7.8619    0.027547      4.4401]
Elapsed 4 days, 10:08:40 ===Episode_id 18 task_id 2 task_level=region===
SR: False, SPL: 0.0, Object category: picture, goal type: sequence===

Elapsed 4 days, 10:08:40 [baseline] task_level=region scene=00813-svBbv1Pavdk episode=18 task=2 sec=100.914
Elapsed 4 days, 10:08:40 [BASELINE_LIVE_METRICS] rows=593 avg_sr=0.463744 avg_spl=0.289355 follower_error_count=12 levels=[object:n=143,sr=0.566434,spl=0.364391; room:n=148,sr=0.513514,spl=0.308827; region:n=172,sr=0.418605,spl=0.278419; instance:n=130,sr=0.353846,spl=0.199115] latest_scene=00813-svBbv1Pavdk latest_episode=18 latest_task=2 latest_level=region by_level={"instance": {"avg_spl": 0.19911487433857453, "avg_sr": 0.35384615384615387, "count": 130}, "object": {"avg_spl": 0.36439085105272084, "avg_sr": 0.5664335664335665, "count": 143}, "region": {"avg_spl": 0.2784190882465871, "avg_sr": 0.4186046511627907, "count": 172}, "room": {"avg_spl": 0.3088265380772695, "avg_sr": 0.5135135135135135, "count": 148}}
Elapsed 4 days, 10:08:40 

Begin to process [00813-svBbv1Pavdk_sequence_18_3] type: [room], Question: [bath cabinet in the bathroom]

Elapsed 4 days, 10:08:40 Current start position is [    0.11295    0.027547      2.3712]
Elapsed 4 days, 10:10:40 ===Episode_id 18 task_id 3 task_level=room===
SR: False, SPL: 0.0, Object category: bath cabinet, goal type: sequence===

Elapsed 4 days, 10:10:40 [baseline] task_level=room scene=00813-svBbv1Pavdk episode=18 task=3 sec=119.829
Elapsed 4 days, 10:10:40 [BASELINE_LIVE_METRICS] rows=594 avg_sr=0.462963 avg_spl=0.288867 follower_error_count=12 levels=[object:n=143,sr=0.566434,spl=0.364391; room:n=149,sr=0.510067,spl=0.306754; region:n=172,sr=0.418605,spl=0.278419; instance:n=130,sr=0.353846,spl=0.199115] latest_scene=00813-svBbv1Pavdk latest_episode=18 latest_task=3 latest_level=room by_level={"instance": {"avg_spl": 0.19911487433857453, "avg_sr": 0.35384615384615387, "count": 130}, "object": {"avg_spl": 0.36439085105272084, "avg_sr": 0.5664335664335665, "count": 143}, "region": {"avg_spl": 0.2784190882465871, "avg_sr": 0.4186046511627907, "count": 172}, "room": {"avg_spl": 0.3067538767478919, "avg_sr": 0.5100671140939598, "count": 149}}
Elapsed 4 days, 10:10:40 

Begin to process [00813-svBbv1Pavdk_sequence_18_4] type: [region], Question: [plant in the living room that has gray couch with beige and brown pillows beneath white-and-black wall painting, glass coffee table on gray rug, TV on white stand beside potted plant and woven basket]

Elapsed 4 days, 10:10:40 Current start position is [     6.2109    0.027547     -0.8013]
Elapsed 4 days, 10:13:09 ===Episode_id 18 task_id 4 task_level=region===
SR: False, SPL: 0.0, Object category: plant, goal type: sequence===

Elapsed 4 days, 10:13:09 [baseline] task_level=region scene=00813-svBbv1Pavdk episode=18 task=4 sec=148.222
Elapsed 4 days, 10:13:09 [BASELINE_LIVE_METRICS] rows=595 avg_sr=0.462185 avg_spl=0.288382 follower_error_count=12 levels=[object:n=143,sr=0.566434,spl=0.364391; room:n=149,sr=0.510067,spl=0.306754; region:n=173,sr=0.416185,spl=0.276810; instance:n=130,sr=0.353846,spl=0.199115] latest_scene=00813-svBbv1Pavdk latest_episode=18 latest_task=4 latest_level=region by_level={"instance": {"avg_spl": 0.19911487433857453, "avg_sr": 0.35384615384615387, "count": 130}, "object": {"avg_spl": 0.36439085105272084, "avg_sr": 0.5664335664335665, "count": 143}, "region": {"avg_spl": 0.2768097293549883, "avg_sr": 0.4161849710982659, "count": 173}, "room": {"avg_spl": 0.3067538767478919, "avg_sr": 0.5100671140939598, "count": 149}}
Elapsed 4 days, 10:13:09 [Metrics] sequence count: 595, invalid_count: 0, follower_error_count: 12, avg_sr: 0.462185, avg_spl: 0.288382

=== Episode ===: 19it [15:12:47, 3212.75s/it][AElapsed 4 days, 10:13:13 

Begin to process [00813-svBbv1Pavdk_sequence_19_0] type: [instance], Question: [tall plant with dried branches in dark flowerpot in kitchen with glass dining table and refrigerator]

Elapsed 4 days, 10:13:13 Current start position is [     5.3698     0.02755      6.4117]
Elapsed 4 days, 10:49:25 ===Episode_id 19 task_id 0 task_level=instance===
SR: True, SPL: 0.8242139053994951, Object category: plant, goal type: sequence===

Elapsed 4 days, 10:49:25 [baseline] task_level=instance scene=00813-svBbv1Pavdk episode=19 task=0 sec=2171.559
Elapsed 4 days, 10:49:25 [BASELINE_LIVE_METRICS] rows=596 avg_sr=0.463087 avg_spl=0.289281 follower_error_count=12 levels=[object:n=143,sr=0.566434,spl=0.364391; room:n=149,sr=0.510067,spl=0.306754; region:n=173,sr=0.416185,spl=0.276810; instance:n=131,sr=0.358779,spl=0.203887] latest_scene=00813-svBbv1Pavdk latest_episode=19 latest_task=0 latest_level=instance by_level={"instance": {"avg_spl": 0.20388662266728386, "avg_sr": 0.35877862595419846, "count": 131}, "object": {"avg_spl": 0.36439085105272084, "avg_sr": 0.5664335664335665, "count": 143}, "region": {"avg_spl": 0.2768097293549883, "avg_sr": 0.4161849710982659, "count": 173}, "room": {"avg_spl": 0.3067538767478919, "avg_sr": 0.5100671140939598, "count": 149}}
Elapsed 4 days, 10:49:25 

Begin to process [00813-svBbv1Pavdk_sequence_19_1] type: [object], Question: [decoration]

Elapsed 4 days, 10:49:25 Current start position is [  -0.061803    0.027547     0.82998]
Elapsed 4 days, 10:51:44 ===Episode_id 19 task_id 1 task_level=object===
SR: True, SPL: 0.7365926124055184, Object category: decoration, goal type: sequence===

Elapsed 4 days, 10:51:44 [baseline] task_level=object scene=00813-svBbv1Pavdk episode=19 task=1 sec=138.852
Elapsed 4 days, 10:51:44 [BASELINE_LIVE_METRICS] rows=597 avg_sr=0.463987 avg_spl=0.290030 follower_error_count=12 levels=[object:n=144,sr=0.569444,spl=0.366976; room:n=149,sr=0.510067,spl=0.306754; region:n=173,sr=0.416185,spl=0.276810; instance:n=131,sr=0.358779,spl=0.203887] latest_scene=00813-svBbv1Pavdk latest_episode=19 latest_task=1 latest_level=object by_level={"instance": {"avg_spl": 0.20388662266728386, "avg_sr": 0.35877862595419846, "count": 131}, "object": {"avg_spl": 0.3669755855065597, "avg_sr": 0.5694444444444444, "count": 144}, "region": {"avg_spl": 0.2768097293549883, "avg_sr": 0.4161849710982659, "count": 173}, "room": {"avg_spl": 0.3067538767478919, "avg_sr": 0.5100671140939598, "count": 149}}
Elapsed 4 days, 10:51:44 

Begin to process [00813-svBbv1Pavdk_sequence_19_2] type: [object], Question: [kitchen sink]

Elapsed 4 days, 10:51:44 Current start position is [     9.2489    0.027547      4.5654]
Elapsed 4 days, 10:54:57 ===Episode_id 19 task_id 2 task_level=object===
SR: True, SPL: 0.5662098881046422, Object category: kitchen sink, goal type: sequence===

Elapsed 4 days, 10:54:57 [baseline] task_level=object scene=00813-svBbv1Pavdk episode=19 task=2 sec=193.725
Elapsed 4 days, 10:54:57 [BASELINE_LIVE_METRICS] rows=598 avg_sr=0.464883 avg_spl=0.290492 follower_error_count=12 levels=[object:n=145,sr=0.572414,spl=0.368350; room:n=149,sr=0.510067,spl=0.306754; region:n=173,sr=0.416185,spl=0.276810; instance:n=131,sr=0.358779,spl=0.203887] latest_scene=00813-svBbv1Pavdk latest_episode=19 latest_task=2 latest_level=object by_level={"instance": {"avg_spl": 0.20388662266728386, "avg_sr": 0.35877862595419846, "count": 131}, "object": {"avg_spl": 0.3683496151796499, "avg_sr": 0.5724137931034483, "count": 145}, "region": {"avg_spl": 0.2768097293549883, "avg_sr": 0.4161849710982659, "count": 173}, "room": {"avg_spl": 0.3067538767478919, "avg_sr": 0.5100671140939598, "count": 149}}
Elapsed 4 days, 10:54:57 

Begin to process [00813-svBbv1Pavdk_sequence_19_3] type: [room], Question: [couch in the living room]

Elapsed 4 days, 10:54:57 Current start position is [     0.8174    0.027547      3.5355]
Elapsed 4 days, 10:58:26 ===Episode_id 19 task_id 3 task_level=room===
SR: True, SPL: 0.5097355551174887, Object category: couch, goal type: sequence===

Elapsed 4 days, 10:58:26 [baseline] task_level=room scene=00813-svBbv1Pavdk episode=19 task=3 sec=208.323
Elapsed 4 days, 10:58:26 [BASELINE_LIVE_METRICS] rows=599 avg_sr=0.465776 avg_spl=0.290858 follower_error_count=12 levels=[object:n=145,sr=0.572414,spl=0.368350; room:n=150,sr=0.513333,spl=0.308107; region:n=173,sr=0.416185,spl=0.276810; instance:n=131,sr=0.358779,spl=0.203887] latest_scene=00813-svBbv1Pavdk latest_episode=19 latest_task=3 latest_level=room by_level={"instance": {"avg_spl": 0.20388662266728386, "avg_sr": 0.35877862595419846, "count": 131}, "object": {"avg_spl": 0.3683496151796499, "avg_sr": 0.5724137931034483, "count": 145}, "region": {"avg_spl": 0.2768097293549883, "avg_sr": 0.4161849710982659, "count": 173}, "room": {"avg_spl": 0.3081070879370225, "avg_sr": 0.5133333333333333, "count": 150}}
Elapsed 4 days, 10:58:26 

Begin to process [00813-svBbv1Pavdk_sequence_19_4] type: [room], Question: [flowerpot in the walk-in closet]

Elapsed 4 days, 10:58:26 Current start position is [     7.4069    0.027547     0.97948]
Elapsed 4 days, 11:01:32 ===Episode_id 19 task_id 4 task_level=room===
SR: False, SPL: 0.0, Object category: flowerpot, goal type: sequence===

Elapsed 4 days, 11:01:32 [baseline] task_level=room scene=00813-svBbv1Pavdk episode=19 task=4 sec=186.364
Elapsed 4 days, 11:01:32 [BASELINE_LIVE_METRICS] rows=600 avg_sr=0.465000 avg_spl=0.290373 follower_error_count=12 levels=[object:n=145,sr=0.572414,spl=0.368350; room:n=151,sr=0.509934,spl=0.306067; region:n=173,sr=0.416185,spl=0.276810; instance:n=131,sr=0.358779,spl=0.203887] latest_scene=00813-svBbv1Pavdk latest_episode=19 latest_task=4 latest_level=room by_level={"instance": {"avg_spl": 0.20388662266728386, "avg_sr": 0.35877862595419846, "count": 131}, "object": {"avg_spl": 0.3683496151796499, "avg_sr": 0.5724137931034483, "count": 145}, "region": {"avg_spl": 0.2768097293549883, "avg_sr": 0.4161849710982659, "count": 173}, "room": {"avg_spl": 0.30606664364604885, "avg_sr": 0.5099337748344371, "count": 151}}
Elapsed 4 days, 11:01:32 [Metrics] sequence count: 600, invalid_count: 0, follower_error_count: 12, avg_sr: 0.465000, avg_spl: 0.290373

=== Episode ===: 20it [16:01:11, 3119.95s/it][A=== Episode ===: 20it [16:01:11, 2883.56s/it]
Elapsed 4 days, 11:01:32 [Metrics] sequence count: 600, invalid_count: 0, follower_error_count: 12, avg_sr: 0.465000, avg_spl: 0.290373
*** Scene ***:  86%|########5 | 6/7 [107:00:49<16:15:51, 58551.41s/it]Elapsed 4 days, 11:01:32 




*************************** Processing 00814-p53SfW6mjZe.json.gz, Total Episode 20 ***************************

=== Episode ===: 0it [00:00, ?it/s][AElapsed 4 days, 11:01:42 

Begin to process [00814-p53SfW6mjZe_sequence_0_0] type: [instance], Question: [small chalkboard with wooden frame in rec room beside table tennis table and board games on white wall]

Elapsed 4 days, 11:01:42 Current start position is [    -12.282      2.8048     -4.9878]
Elapsed 4 days, 11:45:31 ===Episode_id 0 task_id 0 task_level=instance===
SR: False, SPL: 0.0, Object category: board, goal type: sequence===

Elapsed 4 days, 11:45:31 [baseline] task_level=instance scene=00814-p53SfW6mjZe episode=0 task=0 sec=2629.466
Elapsed 4 days, 11:45:31 [BASELINE_LIVE_METRICS] rows=601 avg_sr=0.464226 avg_spl=0.289890 follower_error_count=12 levels=[object:n=145,sr=0.572414,spl=0.368350; room:n=151,sr=0.509934,spl=0.306067; region:n=173,sr=0.416185,spl=0.276810; instance:n=132,sr=0.356061,spl=0.202342] latest_scene=00814-p53SfW6mjZe latest_episode=0 latest_task=0 latest_level=instance by_level={"instance": {"avg_spl": 0.20234202704101656, "avg_sr": 0.3560606060606061, "count": 132}, "object": {"avg_spl": 0.3683496151796499, "avg_sr": 0.5724137931034483, "count": 145}, "region": {"avg_spl": 0.2768097293549883, "avg_sr": 0.4161849710982659, "count": 173}, "room": {"avg_spl": 0.30606664364604885, "avg_sr": 0.5099337748344371, "count": 151}}
Elapsed 4 days, 11:45:31 

Begin to process [00814-p53SfW6mjZe_sequence_0_1] type: [object], Question: [bowl]

Elapsed 4 days, 11:45:31 Current start position is [    -15.613       2.802     -9.2132]
Elapsed 4 days, 11:47:38 ===Episode_id 0 task_id 1 task_level=object===
SR: False, SPL: 0.0, Object category: bowl, goal type: sequence===

Elapsed 4 days, 11:47:38 [baseline] task_level=object scene=00814-p53SfW6mjZe episode=0 task=1 sec=126.889
Elapsed 4 days, 11:47:38 [BASELINE_LIVE_METRICS] rows=602 avg_sr=0.463455 avg_spl=0.289409 follower_error_count=12 levels=[object:n=146,sr=0.568493,spl=0.365827; room:n=151,sr=0.509934,spl=0.306067; region:n=173,sr=0.416185,spl=0.276810; instance:n=132,sr=0.356061,spl=0.202342] latest_scene=00814-p53SfW6mjZe latest_episode=0 latest_task=1 latest_level=object by_level={"instance": {"avg_spl": 0.20234202704101656, "avg_sr": 0.3560606060606061, "count": 132}, "object": {"avg_spl": 0.3658266726099263, "avg_sr": 0.5684931506849316, "count": 146}, "region": {"avg_spl": 0.2768097293549883, "avg_sr": 0.4161849710982659, "count": 173}, "room": {"avg_spl": 0.30606664364604885, "avg_sr": 0.5099337748344371, "count": 151}}
Elapsed 4 days, 11:47:38 

Begin to process [00814-p53SfW6mjZe_sequence_0_2] type: [object], Question: [pool stick]

Elapsed 4 days, 11:47:38 Current start position is [    -12.239      2.8048     -7.3454]
Elapsed 4 days, 11:50:32 geodesic_distance: 11.18677806854248
Elapsed 4 days, 11:50:32 [baseline][follow-error] scene=00814-p53SfW6mjZe episode_id=0 task_id=2 task_level=object final=True error=GreedyFollowerError path_found=True
Elapsed 4 days, 11:50:32 ===Episode_id 0 task_id 2 task_level=object===
SR: 0, SPL: 0, Object category: pool stick, goal type: sequence===

Elapsed 4 days, 11:50:32 [baseline] task_level=object scene=00814-p53SfW6mjZe episode=0 task=2 sec=174.431
Elapsed 4 days, 11:50:33 [BASELINE_LIVE_METRICS] rows=603 avg_sr=0.462687 avg_spl=0.288929 follower_error_count=13 levels=[object:n=147,sr=0.564626,spl=0.363338; room:n=151,sr=0.509934,spl=0.306067; region:n=173,sr=0.416185,spl=0.276810; instance:n=132,sr=0.356061,spl=0.202342] latest_scene=00814-p53SfW6mjZe latest_episode=0 latest_task=2 latest_level=object by_level={"instance": {"avg_spl": 0.20234202704101656, "avg_sr": 0.3560606060606061, "count": 132}, "object": {"avg_spl": 0.3633380557894506, "avg_sr": 0.564625850340136, "count": 147}, "region": {"avg_spl": 0.2768097293549883, "avg_sr": 0.4161849710982659, "count": 173}, "room": {"avg_spl": 0.30606664364604885, "avg_sr": 0.5099337748344371, "count": 151}}
Elapsed 4 days, 11:50:33 

Begin to process [00814-p53SfW6mjZe_sequence_0_3] type: [region], Question: [tv in the living room that has L-shaped gray couch by red-top trunk and TV on low black lattice-front cabinet with wooden statue]

Elapsed 4 days, 11:50:33 Current start position is [    -12.239      2.8048     -7.3454]
Elapsed 4 days, 11:52:44 ===Episode_id 0 task_id 3 task_level=region===
SR: True, SPL: 0.7625342222518061, Object category: tv, goal type: sequence===

Elapsed 4 days, 11:52:44 [baseline] task_level=region scene=00814-p53SfW6mjZe episode=0 task=3 sec=131.042
Elapsed 4 days, 11:52:44 [BASELINE_LIVE_METRICS] rows=604 avg_sr=0.463576 avg_spl=0.289713 follower_error_count=13 levels=[object:n=147,sr=0.564626,spl=0.363338; room:n=151,sr=0.509934,spl=0.306067; region:n=174,sr=0.419540,spl=0.279601; instance:n=132,sr=0.356061,spl=0.202342] latest_scene=00814-p53SfW6mjZe latest_episode=0 latest_task=3 latest_level=region by_level={"instance": {"avg_spl": 0.20234202704101656, "avg_sr": 0.3560606060606061, "count": 132}, "object": {"avg_spl": 0.3633380557894506, "avg_sr": 0.564625850340136, "count": 147}, "region": {"avg_spl": 0.279601249429108, "avg_sr": 0.41954022988505746, "count": 174}, "room": {"avg_spl": 0.30606664364604885, "avg_sr": 0.5099337748344371, "count": 151}}
Elapsed 4 days, 11:52:44 

Begin to process [00814-p53SfW6mjZe_sequence_0_4] type: [region], Question: [shelf in the rec room that has table tennis table beside board games on white wall and wall cabinet between pool sticks]

Elapsed 4 days, 11:52:44 Current start position is [     -11.49      2.8048     -3.4088]
Elapsed 4 days, 12:04:59 ===Episode_id 0 task_id 4 task_level=region===
SR: True, SPL: 0.21260102505003875, Object category: shelf, goal type: sequence===

Elapsed 4 days, 12:04:59 [baseline] task_level=region scene=00814-p53SfW6mjZe episode=0 task=4 sec=735.796
Elapsed 4 days, 12:04:59 [BASELINE_LIVE_METRICS] rows=605 avg_sr=0.464463 avg_spl=0.289585 follower_error_count=13 levels=[object:n=147,sr=0.564626,spl=0.363338; room:n=151,sr=0.509934,spl=0.306067; region:n=175,sr=0.422857,spl=0.279218; instance:n=132,sr=0.356061,spl=0.202342] latest_scene=00814-p53SfW6mjZe latest_episode=0 latest_task=4 latest_level=region by_level={"instance": {"avg_spl": 0.20234202704101656, "avg_sr": 0.3560606060606061, "count": 132}, "object": {"avg_spl": 0.3633380557894506, "avg_sr": 0.564625850340136, "count": 147}, "region": {"avg_spl": 0.27921839100408474, "avg_sr": 0.4228571428571429, "count": 175}, "room": {"avg_spl": 0.30606664364604885, "avg_sr": 0.5099337748344371, "count": 151}}
Elapsed 4 days, 12:04:59 [Metrics] sequence count: 605, invalid_count: 0, follower_error_count: 13, avg_sr: 0.464463, avg_spl: 0.289585

=== Episode ===: 1it [1:03:27, 3807.19s/it][AElapsed 4 days, 12:05:08 

Begin to process [00814-p53SfW6mjZe_sequence_1_0] type: [instance], Question: [dark wood shelf holding triangular metal frame beside pool sticks in rec room near table tennis table and board games on white wall]

Elapsed 4 days, 12:05:08 Current start position is [    -16.217      2.8353     -4.4451]
Elapsed 4 days, 13:13:11 ===Episode_id 1 task_id 0 task_level=instance===
SR: False, SPL: 0.0, Object category: shelf, goal type: sequence===

Elapsed 4 days, 13:13:11 [baseline] task_level=instance scene=00814-p53SfW6mjZe episode=1 task=0 sec=4082.643
Elapsed 4 days, 13:13:11 [BASELINE_LIVE_METRICS] rows=606 avg_sr=0.463696 avg_spl=0.289107 follower_error_count=13 levels=[object:n=147,sr=0.564626,spl=0.363338; room:n=151,sr=0.509934,spl=0.306067; region:n=175,sr=0.422857,spl=0.279218; instance:n=133,sr=0.353383,spl=0.200821] latest_scene=00814-p53SfW6mjZe latest_episode=1 latest_task=0 latest_level=instance by_level={"instance": {"avg_spl": 0.200820658416648, "avg_sr": 0.3533834586466165, "count": 133}, "object": {"avg_spl": 0.3633380557894506, "avg_sr": 0.564625850340136, "count": 147}, "region": {"avg_spl": 0.27921839100408474, "avg_sr": 0.4228571428571429, "count": 175}, "room": {"avg_spl": 0.30606664364604885, "avg_sr": 0.5099337748344371, "count": 151}}
Elapsed 4 days, 13:13:11 

Begin to process [00814-p53SfW6mjZe_sequence_1_1] type: [object], Question: [bowl]

Elapsed 4 days, 13:13:11 Current start position is [    -12.509      2.8048     -8.1293]
Elapsed 4 days, 13:15:36 ===Episode_id 1 task_id 1 task_level=object===
SR: False, SPL: 0.0, Object category: bowl, goal type: sequence===

Elapsed 4 days, 13:15:36 [baseline] task_level=object scene=00814-p53SfW6mjZe episode=1 task=1 sec=145.180
Elapsed 4 days, 13:15:36 [BASELINE_LIVE_METRICS] rows=607 avg_sr=0.462932 avg_spl=0.288631 follower_error_count=13 levels=[object:n=148,sr=0.560811,spl=0.360883; room:n=151,sr=0.509934,spl=0.306067; region:n=175,sr=0.422857,spl=0.279218; instance:n=133,sr=0.353383,spl=0.200821] latest_scene=00814-p53SfW6mjZe latest_episode=1 latest_task=1 latest_level=object by_level={"instance": {"avg_spl": 0.200820658416648, "avg_sr": 0.3533834586466165, "count": 133}, "object": {"avg_spl": 0.36088306892600835, "avg_sr": 0.5608108108108109, "count": 148}, "region": {"avg_spl": 0.27921839100408474, "avg_sr": 0.4228571428571429, "count": 175}, "room": {"avg_spl": 0.30606664364604885, "avg_sr": 0.5099337748344371, "count": 151}}
Elapsed 4 days, 13:15:36 

Begin to process [00814-p53SfW6mjZe_sequence_1_2] type: [region], Question: [hat in the tie: hall & living room that has burgundy leather couch with wood coffee table by window, beach-jump photo, straw hat on railing, swirl print, and starburst print beside staircase downstairs]

Elapsed 4 days, 13:15:36 Current start position is [    -11.322      2.8048     -1.9257]
Elapsed 4 days, 13:25:05 ===Episode_id 1 task_id 2 task_level=region===
SR: False, SPL: 0.0, Object category: hat, goal type: sequence===

Elapsed 4 days, 13:25:05 [baseline] task_level=region scene=00814-p53SfW6mjZe episode=1 task=2 sec=568.199
Elapsed 4 days, 13:25:05 [BASELINE_LIVE_METRICS] rows=608 avg_sr=0.462171 avg_spl=0.288156 follower_error_count=13 levels=[object:n=148,sr=0.560811,spl=0.360883; room:n=151,sr=0.509934,spl=0.306067; region:n=176,sr=0.420455,spl=0.277632; instance:n=133,sr=0.353383,spl=0.200821] latest_scene=00814-p53SfW6mjZe latest_episode=1 latest_task=2 latest_level=region by_level={"instance": {"avg_spl": 0.200820658416648, "avg_sr": 0.3533834586466165, "count": 133}, "object": {"avg_spl": 0.36088306892600835, "avg_sr": 0.5608108108108109, "count": 148}, "region": {"avg_spl": 0.27763192287337973, "avg_sr": 0.42045454545454547, "count": 176}, "room": {"avg_spl": 0.30606664364604885, "avg_sr": 0.5099337748344371, "count": 151}}
Elapsed 4 days, 13:25:05 

Begin to process [00814-p53SfW6mjZe_sequence_1_3] type: [object], Question: [couch]

Elapsed 4 days, 13:25:05 Current start position is [    -15.446      2.8048     -6.9765]
Elapsed 4 days, 13:26:44 ===Episode_id 1 task_id 3 task_level=object===
SR: True, SPL: 0.23567694091801525, Object category: couch, goal type: sequence===

Elapsed 4 days, 13:26:44 [baseline] task_level=object scene=00814-p53SfW6mjZe episode=1 task=3 sec=99.353
Elapsed 4 days, 13:26:44 [BASELINE_LIVE_METRICS] rows=609 avg_sr=0.463054 avg_spl=0.288070 follower_error_count=13 levels=[object:n=149,sr=0.563758,spl=0.360043; room:n=151,sr=0.509934,spl=0.306067; region:n=176,sr=0.420455,spl=0.277632; instance:n=133,sr=0.353383,spl=0.200821] latest_scene=00814-p53SfW6mjZe latest_episode=1 latest_task=3 latest_level=object by_level={"instance": {"avg_spl": 0.200820658416648, "avg_sr": 0.3533834586466165, "count": 133}, "object": {"avg_spl": 0.3600427593420621, "avg_sr": 0.5637583892617449, "count": 149}, "region": {"avg_spl": 0.27763192287337973, "avg_sr": 0.42045454545454547, "count": 176}, "room": {"avg_spl": 0.30606664364604885, "avg_sr": 0.5099337748344371, "count": 151}}
Elapsed 4 days, 13:26:44 

Begin to process [00814-p53SfW6mjZe_sequence_1_4] type: [object], Question: [toy]

Elapsed 4 days, 13:26:44 Current start position is [    -12.862      2.8048     -2.7987]
Elapsed 4 days, 13:29:13 ===Episode_id 1 task_id 4 task_level=object===
SR: False, SPL: 0.0, Object category: toy, goal type: sequence===

Elapsed 4 days, 13:29:13 [baseline] task_level=object scene=00814-p53SfW6mjZe episode=1 task=4 sec=148.865
Elapsed 4 days, 13:29:13 [BASELINE_LIVE_METRICS] rows=610 avg_sr=0.462295 avg_spl=0.287598 follower_error_count=13 levels=[object:n=150,sr=0.560000,spl=0.357642; room:n=151,sr=0.509934,spl=0.306067; region:n=176,sr=0.420455,spl=0.277632; instance:n=133,sr=0.353383,spl=0.200821] latest_scene=00814-p53SfW6mjZe latest_episode=1 latest_task=4 latest_level=object by_level={"instance": {"avg_spl": 0.200820658416648, "avg_sr": 0.3533834586466165, "count": 133}, "object": {"avg_spl": 0.3576424742797817, "avg_sr": 0.56, "count": 150}, "region": {"avg_spl": 0.27763192287337973, "avg_sr": 0.42045454545454547, "count": 176}, "room": {"avg_spl": 0.30606664364604885, "avg_sr": 0.5099337748344371, "count": 151}}
Elapsed 4 days, 13:29:13 [Metrics] sequence count: 610, invalid_count: 0, follower_error_count: 13, avg_sr: 0.462295, avg_spl: 0.287598

=== Episode ===: 2it [2:27:40, 4540.31s/it][AElapsed 4 days, 13:29:22 

Begin to process [00814-p53SfW6mjZe_sequence_2_0] type: [instance], Question: [right wooden pool stick with black handle in rec room with table tennis table]

Elapsed 4 days, 13:29:22 Current start position is [      -15.2      2.8048      5.2144]
Elapsed 4 days, 14:18:55 ===Episode_id 2 task_id 0 task_level=instance===
SR: False, SPL: 0.0, Object category: pool stick, goal type: sequence===

Elapsed 4 days, 14:18:55 [baseline] task_level=instance scene=00814-p53SfW6mjZe episode=2 task=0 sec=2972.410
Elapsed 4 days, 14:18:55 [BASELINE_LIVE_METRICS] rows=611 avg_sr=0.461538 avg_spl=0.287127 follower_error_count=13 levels=[object:n=150,sr=0.560000,spl=0.357642; room:n=151,sr=0.509934,spl=0.306067; region:n=176,sr=0.420455,spl=0.277632; instance:n=134,sr=0.350746,spl=0.199322] latest_scene=00814-p53SfW6mjZe latest_episode=2 latest_task=0 latest_level=instance by_level={"instance": {"avg_spl": 0.19932199678667303, "avg_sr": 0.35074626865671643, "count": 134}, "object": {"avg_spl": 0.3576424742797817, "avg_sr": 0.56, "count": 150}, "region": {"avg_spl": 0.27763192287337973, "avg_sr": 0.42045454545454547, "count": 176}, "room": {"avg_spl": 0.30606664364604885, "avg_sr": 0.5099337748344371, "count": 151}}
Elapsed 4 days, 14:18:55 

Begin to process [00814-p53SfW6mjZe_sequence_2_1] type: [room], Question: [bowl in the living room]

Elapsed 4 days, 14:18:55 Current start position is [    -12.242      2.8048      2.5918]
Elapsed 4 days, 14:21:03 ===Episode_id 2 task_id 1 task_level=room===
SR: False, SPL: 0.0, Object category: bowl, goal type: sequence===

Elapsed 4 days, 14:21:03 [baseline] task_level=room scene=00814-p53SfW6mjZe episode=2 task=1 sec=127.802
Elapsed 4 days, 14:21:03 [BASELINE_LIVE_METRICS] rows=612 avg_sr=0.460784 avg_spl=0.286658 follower_error_count=13 levels=[object:n=150,sr=0.560000,spl=0.357642; room:n=152,sr=0.506579,spl=0.304053; region:n=176,sr=0.420455,spl=0.277632; instance:n=134,sr=0.350746,spl=0.199322] latest_scene=00814-p53SfW6mjZe latest_episode=2 latest_task=1 latest_level=room by_level={"instance": {"avg_spl": 0.19932199678667303, "avg_sr": 0.35074626865671643, "count": 134}, "object": {"avg_spl": 0.3576424742797817, "avg_sr": 0.56, "count": 150}, "region": {"avg_spl": 0.27763192287337973, "avg_sr": 0.42045454545454547, "count": 176}, "room": {"avg_spl": 0.3040530473062722, "avg_sr": 0.506578947368421, "count": 152}}
Elapsed 4 days, 14:21:03 

Begin to process [00814-p53SfW6mjZe_sequence_2_2] type: [object], Question: [tv]

Elapsed 4 days, 14:21:03 Current start position is [    -12.388      2.8048   -0.061289]
Elapsed 4 days, 14:23:31 ===Episode_id 2 task_id 2 task_level=object===
SR: True, SPL: 0.17670191534135757, Object category: tv, goal type: sequence===

Elapsed 4 days, 14:23:31 [baseline] task_level=object scene=00814-p53SfW6mjZe episode=2 task=2 sec=148.254
Elapsed 4 days, 14:23:31 [BASELINE_LIVE_METRICS] rows=613 avg_sr=0.461664 avg_spl=0.286479 follower_error_count=13 levels=[object:n=151,sr=0.562914,spl=0.356444; room:n=152,sr=0.506579,spl=0.304053; region:n=176,sr=0.420455,spl=0.277632; instance:n=134,sr=0.350746,spl=0.199322] latest_scene=00814-p53SfW6mjZe latest_episode=2 latest_task=2 latest_level=object by_level={"instance": {"avg_spl": 0.19932199678667303, "avg_sr": 0.35074626865671643, "count": 134}, "object": {"avg_spl": 0.3564441924325073, "avg_sr": 0.5629139072847682, "count": 151}, "region": {"avg_spl": 0.27763192287337973, "avg_sr": 0.42045454545454547, "count": 176}, "room": {"avg_spl": 0.3040530473062722, "avg_sr": 0.506578947368421, "count": 152}}
Elapsed 4 days, 14:23:31 

Begin to process [00814-p53SfW6mjZe_sequence_2_3] type: [region], Question: [coffee table in the tie: hall & living room that has burgundy leather couch with wood coffee table by window, beach-jump photo, straw hat on railing, swirl print, and starburst print beside staircase downstairs]

Elapsed 4 days, 14:23:31 Current start position is [    -11.431      2.8048     -3.4256]
Elapsed 4 days, 14:24:40 ===Episode_id 2 task_id 3 task_level=region===
SR: False, SPL: 0.0, Object category: coffee table, goal type: sequence===

Elapsed 4 days, 14:24:40 [baseline] task_level=region scene=00814-p53SfW6mjZe episode=2 task=3 sec=69.294
Elapsed 4 days, 14:24:40 [BASELINE_LIVE_METRICS] rows=614 avg_sr=0.460912 avg_spl=0.286012 follower_error_count=13 levels=[object:n=151,sr=0.562914,spl=0.356444; room:n=152,sr=0.506579,spl=0.304053; region:n=177,sr=0.418079,spl=0.276063; instance:n=134,sr=0.350746,spl=0.199322] latest_scene=00814-p53SfW6mjZe latest_episode=2 latest_task=3 latest_level=region by_level={"instance": {"avg_spl": 0.19932199678667303, "avg_sr": 0.35074626865671643, "count": 134}, "object": {"avg_spl": 0.3564441924325073, "avg_sr": 0.5629139072847682, "count": 151}, "region": {"avg_spl": 0.276063380936242, "avg_sr": 0.4180790960451977, "count": 177}, "room": {"avg_spl": 0.3040530473062722, "avg_sr": 0.506578947368421, "count": 152}}
Elapsed 4 days, 14:24:40 

Begin to process [00814-p53SfW6mjZe_sequence_2_4] type: [region], Question: [cabinet in the rec room that has table tennis table beside board games on white wall and wall cabinet between pool sticks]

Elapsed 4 days, 14:24:40 Current start position is [     -14.84      2.7746     -8.5445]
Elapsed 4 days, 14:31:20 ===Episode_id 2 task_id 4 task_level=region===
SR: False, SPL: 0.0, Object category: cabinet, goal type: sequence===

Elapsed 4 days, 14:31:20 [baseline] task_level=region scene=00814-p53SfW6mjZe episode=2 task=4 sec=399.314
Elapsed 4 days, 14:31:20 [BASELINE_LIVE_METRICS] rows=615 avg_sr=0.460163 avg_spl=0.285547 follower_error_count=13 levels=[object:n=151,sr=0.562914,spl=0.356444; room:n=152,sr=0.506579,spl=0.304053; region:n=178,sr=0.415730,spl=0.274512; instance:n=134,sr=0.350746,spl=0.199322] latest_scene=00814-p53SfW6mjZe latest_episode=2 latest_task=4 latest_level=region by_level={"instance": {"avg_spl": 0.19932199678667303, "avg_sr": 0.35074626865671643, "count": 134}, "object": {"avg_spl": 0.3564441924325073, "avg_sr": 0.5629139072847682, "count": 151}, "region": {"avg_spl": 0.27451246306581367, "avg_sr": 0.4157303370786517, "count": 178}, "room": {"avg_spl": 0.3040530473062722, "avg_sr": 0.506578947368421, "count": 152}}
Elapsed 4 days, 14:31:20 [Metrics] sequence count: 615, invalid_count: 0, follower_error_count: 13, avg_sr: 0.460163, avg_spl: 0.285547

=== Episode ===: 3it [3:29:47, 4168.85s/it][AElapsed 4 days, 14:31:29 

Begin to process [00814-p53SfW6mjZe_sequence_3_0] type: [instance], Question: [wooden round bowl on wooden coffee table beside burgundy leather couch in tie: living room & hall near beach-jump photo and straw hat on railing]

Elapsed 4 days, 14:31:29 Current start position is [    -14.779      2.8048     -10.682]
Elapsed 4 days, 14:57:21 ===Episode_id 3 task_id 0 task_level=instance===
SR: False, SPL: 0.0, Object category: bowl, goal type: sequence===

Elapsed 4 days, 14:57:21 [baseline] task_level=instance scene=00814-p53SfW6mjZe episode=3 task=0 sec=1552.035
Elapsed 4 days, 14:57:21 [BASELINE_LIVE_METRICS] rows=616 avg_sr=0.459416 avg_spl=0.285084 follower_error_count=13 levels=[object:n=151,sr=0.562914,spl=0.356444; room:n=152,sr=0.506579,spl=0.304053; region:n=178,sr=0.415730,spl=0.274512; instance:n=135,sr=0.348148,spl=0.197846] latest_scene=00814-p53SfW6mjZe latest_episode=3 latest_task=0 latest_level=instance by_level={"instance": {"avg_spl": 0.19784553755121617, "avg_sr": 0.34814814814814815, "count": 135}, "object": {"avg_spl": 0.3564441924325073, "avg_sr": 0.5629139072847682, "count": 151}, "region": {"avg_spl": 0.27451246306581367, "avg_sr": 0.4157303370786517, "count": 178}, "room": {"avg_spl": 0.3040530473062722, "avg_sr": 0.506578947368421, "count": 152}}
Elapsed 4 days, 14:57:21 

Begin to process [00814-p53SfW6mjZe_sequence_3_1] type: [region], Question: [hat in the tie: hall & living room that has burgundy leather couch with wood coffee table by window, beach-jump photo, straw hat on railing, swirl print, and starburst print beside staircase downstairs]

Elapsed 4 days, 14:57:21 Current start position is [    -13.911      2.8048     -5.8127]
Elapsed 4 days, 15:10:18 ===Episode_id 3 task_id 1 task_level=region===
SR: False, SPL: 0.0, Object category: hat, goal type: sequence===

Elapsed 4 days, 15:10:18 [baseline] task_level=region scene=00814-p53SfW6mjZe episode=3 task=1 sec=777.083
Elapsed 4 days, 15:10:18 [BASELINE_LIVE_METRICS] rows=617 avg_sr=0.458671 avg_spl=0.284622 follower_error_count=13 levels=[object:n=151,sr=0.562914,spl=0.356444; room:n=152,sr=0.506579,spl=0.304053; region:n=179,sr=0.413408,spl=0.272979; instance:n=135,sr=0.348148,spl=0.197846] latest_scene=00814-p53SfW6mjZe latest_episode=3 latest_task=1 latest_level=region by_level={"instance": {"avg_spl": 0.19784553755121617, "avg_sr": 0.34814814814814815, "count": 135}, "object": {"avg_spl": 0.3564441924325073, "avg_sr": 0.5629139072847682, "count": 151}, "region": {"avg_spl": 0.272978873886675, "avg_sr": 0.4134078212290503, "count": 179}, "room": {"avg_spl": 0.3040530473062722, "avg_sr": 0.506578947368421, "count": 152}}
Elapsed 4 days, 15:10:18 

Begin to process [00814-p53SfW6mjZe_sequence_3_2] type: [room], Question: [pool stick in the rec room]

Elapsed 4 days, 15:10:18 Current start position is [    -12.902      2.8048     -4.2693]
Elapsed 4 days, 15:27:09 ===Episode_id 3 task_id 2 task_level=room===
SR: False, SPL: 0.0, Object category: pool stick, goal type: sequence===

Elapsed 4 days, 15:27:09 [baseline] task_level=room scene=00814-p53SfW6mjZe episode=3 task=2 sec=1010.932
Elapsed 4 days, 15:27:09 [BASELINE_LIVE_METRICS] rows=618 avg_sr=0.457929 avg_spl=0.284161 follower_error_count=13 levels=[object:n=151,sr=0.562914,spl=0.356444; room:n=153,sr=0.503268,spl=0.302066; region:n=179,sr=0.413408,spl=0.272979; instance:n=135,sr=0.348148,spl=0.197846] latest_scene=00814-p53SfW6mjZe latest_episode=3 latest_task=2 latest_level=room by_level={"instance": {"avg_spl": 0.19784553755121617, "avg_sr": 0.34814814814814815, "count": 135}, "object": {"avg_spl": 0.3564441924325073, "avg_sr": 0.5629139072847682, "count": 151}, "region": {"avg_spl": 0.272978873886675, "avg_sr": 0.4134078212290503, "count": 179}, "room": {"avg_spl": 0.30206577248727695, "avg_sr": 0.5032679738562091, "count": 153}}
Elapsed 4 days, 15:27:09 

Begin to process [00814-p53SfW6mjZe_sequence_3_3] type: [object], Question: [picture]

Elapsed 4 days, 15:27:09 Current start position is [    -15.391      2.8048      2.2134]
Elapsed 4 days, 15:28:00 ===Episode_id 3 task_id 3 task_level=object===
SR: False, SPL: 0.0, Object category: picture, goal type: sequence===

Elapsed 4 days, 15:28:00 [baseline] task_level=object scene=00814-p53SfW6mjZe episode=3 task=3 sec=50.736
Elapsed 4 days, 15:28:00 [BASELINE_LIVE_METRICS] rows=619 avg_sr=0.457189 avg_spl=0.283702 follower_error_count=13 levels=[object:n=152,sr=0.559211,spl=0.354099; room:n=153,sr=0.503268,spl=0.302066; region:n=179,sr=0.413408,spl=0.272979; instance:n=135,sr=0.348148,spl=0.197846] latest_scene=00814-p53SfW6mjZe latest_episode=3 latest_task=3 latest_level=object by_level={"instance": {"avg_spl": 0.19784553755121617, "avg_sr": 0.34814814814814815, "count": 135}, "object": {"avg_spl": 0.3540991648507145, "avg_sr": 0.5592105263157895, "count": 152}, "region": {"avg_spl": 0.272978873886675, "avg_sr": 0.4134078212290503, "count": 179}, "room": {"avg_spl": 0.30206577248727695, "avg_sr": 0.5032679738562091, "count": 153}}
Elapsed 4 days, 15:28:00 

Begin to process [00814-p53SfW6mjZe_sequence_3_4] type: [room], Question: [shelf in the rec room]

Elapsed 4 days, 15:28:00 Current start position is [    -16.715      2.8893     -2.8647]
Elapsed 4 days, 15:29:06 ===Episode_id 3 task_id 4 task_level=room===
SR: True, SPL: 0.8841039748740588, Object category: shelf, goal type: sequence===

Elapsed 4 days, 15:29:06 [baseline] task_level=room scene=00814-p53SfW6mjZe episode=3 task=4 sec=66.024
Elapsed 4 days, 15:29:06 [BASELINE_LIVE_METRICS] rows=620 avg_sr=0.458065 avg_spl=0.284670 follower_error_count=13 levels=[object:n=152,sr=0.559211,spl=0.354099; room:n=154,sr=0.506494,spl=0.305845; region:n=179,sr=0.413408,spl=0.272979; instance:n=135,sr=0.348148,spl=0.197846] latest_scene=00814-p53SfW6mjZe latest_episode=3 latest_task=4 latest_level=room by_level={"instance": {"avg_spl": 0.19784553755121617, "avg_sr": 0.34814814814814815, "count": 135}, "object": {"avg_spl": 0.3540991648507145, "avg_sr": 0.5592105263157895, "count": 152}, "region": {"avg_spl": 0.272978873886675, "avg_sr": 0.4134078212290503, "count": 179}, "room": {"avg_spl": 0.3058452413339444, "avg_sr": 0.5064935064935064, "count": 154}}
Elapsed 4 days, 15:29:06 [Metrics] sequence count: 620, invalid_count: 0, follower_error_count: 13, avg_sr: 0.458065, avg_spl: 0.284670

=== Episode ===: 4it [4:27:33, 3891.42s/it][AElapsed 4 days, 15:29:15 

Begin to process [00814-p53SfW6mjZe_sequence_4_0] type: [instance], Question: [beige straw hat on railing near burgundy leather couch, wood coffee table, and beach-jump photo]

Elapsed 4 days, 15:29:15 Current start position is [    -11.999      2.8048     -9.1646]
Elapsed 4 days, 15:50:33 ===Episode_id 4 task_id 0 task_level=instance===
SR: False, SPL: 0.0, Object category: hat, goal type: sequence===

Elapsed 4 days, 15:50:33 [baseline] task_level=instance scene=00814-p53SfW6mjZe episode=4 task=0 sec=1277.542
Elapsed 4 days, 15:50:33 [BASELINE_LIVE_METRICS] rows=621 avg_sr=0.457327 avg_spl=0.284212 follower_error_count=13 levels=[object:n=152,sr=0.559211,spl=0.354099; room:n=154,sr=0.506494,spl=0.305845; region:n=179,sr=0.413408,spl=0.272979; instance:n=136,sr=0.345588,spl=0.196391] latest_scene=00814-p53SfW6mjZe latest_episode=4 latest_task=0 latest_level=instance by_level={"instance": {"avg_spl": 0.19639079095157488, "avg_sr": 0.34558823529411764, "count": 136}, "object": {"avg_spl": 0.3540991648507145, "avg_sr": 0.5592105263157895, "count": 152}, "region": {"avg_spl": 0.272978873886675, "avg_sr": 0.4134078212290503, "count": 179}, "room": {"avg_spl": 0.3058452413339444, "avg_sr": 0.5064935064935064, "count": 154}}
Elapsed 4 days, 15:50:33 

Begin to process [00814-p53SfW6mjZe_sequence_4_1] type: [room], Question: [table in the living room]

Elapsed 4 days, 15:50:33 Current start position is [    -13.972      2.8048     -1.0139]
Elapsed 4 days, 15:51:26 geodesic_distance: 4.049430847167969
Elapsed 4 days, 15:51:26 [baseline][follow-error] scene=00814-p53SfW6mjZe episode_id=4 task_id=1 task_level=room final=True error=GreedyFollowerError path_found=True
Elapsed 4 days, 15:51:26 ===Episode_id 4 task_id 1 task_level=room===
SR: 0, SPL: 0, Object category: table, goal type: sequence===

Elapsed 4 days, 15:51:26 [baseline] task_level=room scene=00814-p53SfW6mjZe episode=4 task=1 sec=53.039
Elapsed 4 days, 15:51:26 [BASELINE_LIVE_METRICS] rows=622 avg_sr=0.456592 avg_spl=0.283755 follower_error_count=14 levels=[object:n=152,sr=0.559211,spl=0.354099; room:n=155,sr=0.503226,spl=0.303872; region:n=179,sr=0.413408,spl=0.272979; instance:n=136,sr=0.345588,spl=0.196391] latest_scene=00814-p53SfW6mjZe latest_episode=4 latest_task=1 latest_level=room by_level={"instance": {"avg_spl": 0.19639079095157488, "avg_sr": 0.34558823529411764, "count": 136}, "object": {"avg_spl": 0.3540991648507145, "avg_sr": 0.5592105263157895, "count": 152}, "region": {"avg_spl": 0.272978873886675, "avg_sr": 0.4134078212290503, "count": 179}, "room": {"avg_spl": 0.3038720462285641, "avg_sr": 0.5032258064516129, "count": 155}}
Elapsed 4 days, 15:51:26 

Begin to process [00814-p53SfW6mjZe_sequence_4_2] type: [object], Question: [shelf]

Elapsed 4 days, 15:51:26 Current start position is [    -13.972      2.8048     -1.0139]
Elapsed 4 days, 15:52:30 ===Episode_id 4 task_id 2 task_level=object===
SR: False, SPL: 0.0, Object category: shelf, goal type: sequence===

Elapsed 4 days, 15:52:30 [baseline] task_level=object scene=00814-p53SfW6mjZe episode=4 task=2 sec=63.776
Elapsed 4 days, 15:52:30 [BASELINE_LIVE_METRICS] rows=623 avg_sr=0.455859 avg_spl=0.283300 follower_error_count=14 levels=[object:n=153,sr=0.555556,spl=0.351785; room:n=155,sr=0.503226,spl=0.303872; region:n=179,sr=0.413408,spl=0.272979; instance:n=136,sr=0.345588,spl=0.196391] latest_scene=00814-p53SfW6mjZe latest_episode=4 latest_task=2 latest_level=object by_level={"instance": {"avg_spl": 0.19639079095157488, "avg_sr": 0.34558823529411764, "count": 136}, "object": {"avg_spl": 0.3517847912242392, "avg_sr": 0.5555555555555556, "count": 153}, "region": {"avg_spl": 0.272978873886675, "avg_sr": 0.4134078212290503, "count": 179}, "room": {"avg_spl": 0.3038720462285641, "avg_sr": 0.5032258064516129, "count": 155}}
Elapsed 4 days, 15:52:30 

Begin to process [00814-p53SfW6mjZe_sequence_4_3] type: [region], Question: [cabinet in the rec room that has table tennis table beside board games on white wall and wall cabinet between pool sticks]

Elapsed 4 days, 15:52:30 Current start position is [    -11.911      2.8048      -7.405]
Elapsed 4 days, 16:09:17 ===Episode_id 4 task_id 3 task_level=region===
SR: False, SPL: 0.0, Object category: cabinet, goal type: sequence===

Elapsed 4 days, 16:09:17 [baseline] task_level=region scene=00814-p53SfW6mjZe episode=4 task=3 sec=1007.201
Elapsed 4 days, 16:09:17 [BASELINE_LIVE_METRICS] rows=624 avg_sr=0.455128 avg_spl=0.282846 follower_error_count=14 levels=[object:n=153,sr=0.555556,spl=0.351785; room:n=155,sr=0.503226,spl=0.303872; region:n=180,sr=0.411111,spl=0.271462; instance:n=136,sr=0.345588,spl=0.196391] latest_scene=00814-p53SfW6mjZe latest_episode=4 latest_task=3 latest_level=region by_level={"instance": {"avg_spl": 0.19639079095157488, "avg_sr": 0.34558823529411764, "count": 136}, "object": {"avg_spl": 0.3517847912242392, "avg_sr": 0.5555555555555556, "count": 153}, "region": {"avg_spl": 0.2714623245873046, "avg_sr": 0.4111111111111111, "count": 180}, "room": {"avg_spl": 0.3038720462285641, "avg_sr": 0.5032258064516129, "count": 155}}
Elapsed 4 days, 16:09:17 

Begin to process [00814-p53SfW6mjZe_sequence_4_4] type: [room], Question: [picture in the hall]

Elapsed 4 days, 16:09:17 Current start position is [    -15.495      2.8048    -0.79018]
Elapsed 4 days, 16:11:33 geodesic_distance: 10.473329544067383
Elapsed 4 days, 16:11:33 [baseline][follow-error] scene=00814-p53SfW6mjZe episode_id=4 task_id=4 task_level=room final=True error=GreedyFollowerError path_found=True
Elapsed 4 days, 16:11:33 ===Episode_id 4 task_id 4 task_level=room===
SR: 0, SPL: 0, Object category: picture, goal type: sequence===

Elapsed 4 days, 16:11:33 [baseline] task_level=room scene=00814-p53SfW6mjZe episode=4 task=4 sec=135.953
Elapsed 4 days, 16:11:33 [BASELINE_LIVE_METRICS] rows=625 avg_sr=0.454400 avg_spl=0.282393 follower_error_count=15 levels=[object:n=153,sr=0.555556,spl=0.351785; room:n=156,sr=0.500000,spl=0.301924; region:n=180,sr=0.411111,spl=0.271462; instance:n=136,sr=0.345588,spl=0.196391] latest_scene=00814-p53SfW6mjZe latest_episode=4 latest_task=4 latest_level=room by_level={"instance": {"avg_spl": 0.19639079095157488, "avg_sr": 0.34558823529411764, "count": 136}, "object": {"avg_spl": 0.3517847912242392, "avg_sr": 0.5555555555555556, "count": 153}, "region": {"avg_spl": 0.2714623245873046, "avg_sr": 0.4111111111111111, "count": 180}, "room": {"avg_spl": 0.3019241484963297, "avg_sr": 0.5, "count": 156}}
Elapsed 4 days, 16:11:33 [Metrics] sequence count: 625, invalid_count: 0, follower_error_count: 15, avg_sr: 0.454400, avg_spl: 0.282393

=== Episode ===: 5it [5:10:00, 3406.68s/it][AElapsed 4 days, 16:11:42 

Begin to process [00814-p53SfW6mjZe_sequence_5_0] type: [instance], Question: [blue striped bath mat by walk-in shower in bathroom near black vanity with white countertop below pelican coastal painting]

Elapsed 4 days, 16:11:42 Current start position is [     2.6054     0.04371       3.499]
Elapsed 4 days, 16:56:44 ===Episode_id 5 task_id 0 task_level=instance===
SR: False, SPL: 0.0, Object category: mat, goal type: sequence===

Elapsed 4 days, 16:56:44 [baseline] task_level=instance scene=00814-p53SfW6mjZe episode=5 task=0 sec=2701.808
Elapsed 4 days, 16:56:44 [BASELINE_LIVE_METRICS] rows=626 avg_sr=0.453674 avg_spl=0.281942 follower_error_count=15 levels=[object:n=153,sr=0.555556,spl=0.351785; room:n=156,sr=0.500000,spl=0.301924; region:n=180,sr=0.411111,spl=0.271462; instance:n=137,sr=0.343066,spl=0.194957] latest_scene=00814-p53SfW6mjZe latest_episode=5 latest_task=0 latest_level=instance by_level={"instance": {"avg_spl": 0.1949572815285707, "avg_sr": 0.34306569343065696, "count": 137}, "object": {"avg_spl": 0.3517847912242392, "avg_sr": 0.5555555555555556, "count": 153}, "region": {"avg_spl": 0.2714623245873046, "avg_sr": 0.4111111111111111, "count": 180}, "room": {"avg_spl": 0.3019241484963297, "avg_sr": 0.5, "count": 156}}
Elapsed 4 days, 16:56:44 

Begin to process [00814-p53SfW6mjZe_sequence_5_1] type: [room], Question: [refrigerator cabinet in the kitchen]

Elapsed 4 days, 16:56:44 Current start position is [     4.5116   0.0048132      5.2415]
Elapsed 4 days, 16:59:40 ===Episode_id 5 task_id 1 task_level=room===
SR: False, SPL: 0.0, Object category: refrigerator cabinet, goal type: sequence===

Elapsed 4 days, 16:59:40 [baseline] task_level=room scene=00814-p53SfW6mjZe episode=5 task=1 sec=176.033
Elapsed 4 days, 16:59:40 [BASELINE_LIVE_METRICS] rows=627 avg_sr=0.452951 avg_spl=0.281492 follower_error_count=15 levels=[object:n=153,sr=0.555556,spl=0.351785; room:n=157,sr=0.496815,spl=0.300001; region:n=180,sr=0.411111,spl=0.271462; instance:n=137,sr=0.343066,spl=0.194957] latest_scene=00814-p53SfW6mjZe latest_episode=5 latest_task=1 latest_level=room by_level={"instance": {"avg_spl": 0.1949572815285707, "avg_sr": 0.34306569343065696, "count": 137}, "object": {"avg_spl": 0.3517847912242392, "avg_sr": 0.5555555555555556, "count": 153}, "region": {"avg_spl": 0.2714623245873046, "avg_sr": 0.4111111111111111, "count": 180}, "room": {"avg_spl": 0.30000106474794547, "avg_sr": 0.4968152866242038, "count": 157}}
Elapsed 4 days, 16:59:40 

Begin to process [00814-p53SfW6mjZe_sequence_5_2] type: [object], Question: [shelf]

Elapsed 4 days, 16:59:40 Current start position is [    -2.8084   0.0048132      3.9677]
Elapsed 4 days, 17:03:14 ===Episode_id 5 task_id 2 task_level=object===
SR: True, SPL: 0.8603336383497155, Object category: shelf, goal type: sequence===

Elapsed 4 days, 17:03:14 [baseline] task_level=object scene=00814-p53SfW6mjZe episode=5 task=2 sec=213.566
Elapsed 4 days, 17:03:14 [BASELINE_LIVE_METRICS] rows=628 avg_sr=0.453822 avg_spl=0.282414 follower_error_count=15 levels=[object:n=154,sr=0.558442,spl=0.355087; room:n=157,sr=0.496815,spl=0.300001; region:n=180,sr=0.411111,spl=0.271462; instance:n=137,sr=0.343066,spl=0.194957] latest_scene=00814-p53SfW6mjZe latest_episode=5 latest_task=2 latest_level=object by_level={"instance": {"avg_spl": 0.1949572815285707, "avg_sr": 0.34306569343065696, "count": 137}, "object": {"avg_spl": 0.35508705646531374, "avg_sr": 0.5584415584415584, "count": 154}, "region": {"avg_spl": 0.2714623245873046, "avg_sr": 0.4111111111111111, "count": 180}, "room": {"avg_spl": 0.30000106474794547, "avg_sr": 0.4968152866242038, "count": 157}}
Elapsed 4 days, 17:03:14 

Begin to process [00814-p53SfW6mjZe_sequence_5_3] type: [region], Question: [towel in the bathroom that has two framed floral prints on black vanity and toilet]

Elapsed 4 days, 17:03:14 Current start position is [     4.5082   0.0048132      4.4914]
Elapsed 4 days, 19:17:09 ===Episode_id 5 task_id 3 task_level=region===
SR: False, SPL: 0.0, Object category: towel, goal type: sequence===

Elapsed 4 days, 19:17:09 [baseline] task_level=region scene=00814-p53SfW6mjZe episode=5 task=3 sec=8035.354
Elapsed 4 days, 19:17:09 [BASELINE_LIVE_METRICS] rows=629 avg_sr=0.453100 avg_spl=0.281965 follower_error_count=15 levels=[object:n=154,sr=0.558442,spl=0.355087; room:n=157,sr=0.496815,spl=0.300001; region:n=181,sr=0.408840,spl=0.269963; instance:n=137,sr=0.343066,spl=0.194957] latest_scene=00814-p53SfW6mjZe latest_episode=5 latest_task=3 latest_level=region by_level={"instance": {"avg_spl": 0.1949572815285707, "avg_sr": 0.34306569343065696, "count": 137}, "object": {"avg_spl": 0.35508705646531374, "avg_sr": 0.5584415584415584, "count": 154}, "region": {"avg_spl": 0.269962532738756, "avg_sr": 0.4088397790055249, "count": 181}, "room": {"avg_spl": 0.30000106474794547, "avg_sr": 0.4968152866242038, "count": 157}}
Elapsed 4 days, 19:17:09 

Begin to process [00814-p53SfW6mjZe_sequence_5_4] type: [room], Question: [refrigerator in the kitchen]

Elapsed 4 days, 19:17:09 Current start position is [    -5.5578   0.0048132      4.2849]
Elapsed 4 days, 19:34:04 ===Episode_id 5 task_id 4 task_level=room===
SR: True, SPL: 0.7350945376308551, Object category: refrigerator, goal type: sequence===

Elapsed 4 days, 19:34:04 [baseline] task_level=room scene=00814-p53SfW6mjZe episode=5 task=4 sec=1015.032
Elapsed 4 days, 19:34:04 [BASELINE_LIVE_METRICS] rows=630 avg_sr=0.453968 avg_spl=0.282684 follower_error_count=15 levels=[object:n=154,sr=0.558442,spl=0.355087; room:n=158,sr=0.500000,spl=0.302755; region:n=181,sr=0.408840,spl=0.269963; instance:n=137,sr=0.343066,spl=0.194957] latest_scene=00814-p53SfW6mjZe latest_episode=5 latest_task=4 latest_level=room by_level={"instance": {"avg_spl": 0.1949572815285707, "avg_sr": 0.34306569343065696, "count": 137}, "object": {"avg_spl": 0.35508705646531374, "avg_sr": 0.5584415584415584, "count": 154}, "region": {"avg_spl": 0.269962532738756, "avg_sr": 0.4088397790055249, "count": 181}, "room": {"avg_spl": 0.3027548209054322, "avg_sr": 0.5, "count": 158}}
Elapsed 4 days, 19:34:04 [Metrics] sequence count: 630, invalid_count: 0, follower_error_count: 15, avg_sr: 0.453968, avg_spl: 0.282684

=== Episode ===: 6it [8:32:32, 6379.86s/it][AElapsed 4 days, 19:34:14 

Begin to process [00814-p53SfW6mjZe_sequence_6_0] type: [instance], Question: [stainless steel refrigerator with arched handle in laundry room with side-by-side washing machines]

Elapsed 4 days, 19:34:14 Current start position is [   -0.71106     0.00481      2.7665]
Elapsed 4 days, 19:58:31 ===Episode_id 6 task_id 0 task_level=instance===
SR: False, SPL: 0.0, Object category: refrigerator, goal type: sequence===

Elapsed 4 days, 19:58:31 [baseline] task_level=instance scene=00814-p53SfW6mjZe episode=6 task=0 sec=1457.094
Elapsed 4 days, 19:58:31 [BASELINE_LIVE_METRICS] rows=631 avg_sr=0.453249 avg_spl=0.282236 follower_error_count=15 levels=[object:n=154,sr=0.558442,spl=0.355087; room:n=158,sr=0.500000,spl=0.302755; region:n=181,sr=0.408840,spl=0.269963; instance:n=138,sr=0.340580,spl=0.193545] latest_scene=00814-p53SfW6mjZe latest_episode=6 latest_task=0 latest_level=instance by_level={"instance": {"avg_spl": 0.1935445476044506, "avg_sr": 0.34057971014492755, "count": 138}, "object": {"avg_spl": 0.35508705646531374, "avg_sr": 0.5584415584415584, "count": 154}, "region": {"avg_spl": 0.269962532738756, "avg_sr": 0.4088397790055249, "count": 181}, "room": {"avg_spl": 0.3027548209054322, "avg_sr": 0.5, "count": 158}}
Elapsed 4 days, 19:58:31 

Begin to process [00814-p53SfW6mjZe_sequence_6_1] type: [region], Question: [table in the dining room that has wood dining table with bowl of fruit and carved chairs]

Elapsed 4 days, 19:58:31 Current start position is [    -6.6727   0.0048132      4.4384]
Elapsed 4 days, 19:59:51 ===Episode_id 6 task_id 1 task_level=region===
SR: True, SPL: 0.9030860270173321, Object category: table, goal type: sequence===

Elapsed 4 days, 19:59:51 [baseline] task_level=region scene=00814-p53SfW6mjZe episode=6 task=1 sec=79.898
Elapsed 4 days, 19:59:51 [BASELINE_LIVE_METRICS] rows=632 avg_sr=0.454114 avg_spl=0.283219 follower_error_count=15 levels=[object:n=154,sr=0.558442,spl=0.355087; room:n=158,sr=0.500000,spl=0.302755; region:n=182,sr=0.412088,spl=0.273441; instance:n=138,sr=0.340580,spl=0.193545] latest_scene=00814-p53SfW6mjZe latest_episode=6 latest_task=1 latest_level=region by_level={"instance": {"avg_spl": 0.1935445476044506, "avg_sr": 0.34057971014492755, "count": 138}, "object": {"avg_spl": 0.35508705646531374, "avg_sr": 0.5584415584415584, "count": 154}, "region": {"avg_spl": 0.2734412332567701, "avg_sr": 0.41208791208791207, "count": 182}, "room": {"avg_spl": 0.3027548209054322, "avg_sr": 0.5, "count": 158}}
Elapsed 4 days, 19:59:51 

Begin to process [00814-p53SfW6mjZe_sequence_6_2] type: [object], Question: [hand towel]

Elapsed 4 days, 19:59:51 Current start position is [    -1.8924   0.0048132       4.761]
Elapsed 4 days, 20:01:28 ===Episode_id 6 task_id 2 task_level=object===
SR: False, SPL: 0.0, Object category: hand towel, goal type: sequence===

Elapsed 4 days, 20:01:28 [baseline] task_level=object scene=00814-p53SfW6mjZe episode=6 task=2 sec=96.292
Elapsed 4 days, 20:01:28 [BASELINE_LIVE_METRICS] rows=633 avg_sr=0.453397 avg_spl=0.282771 follower_error_count=15 levels=[object:n=155,sr=0.554839,spl=0.352796; room:n=158,sr=0.500000,spl=0.302755; region:n=182,sr=0.412088,spl=0.273441; instance:n=138,sr=0.340580,spl=0.193545] latest_scene=00814-p53SfW6mjZe latest_episode=6 latest_task=2 latest_level=object by_level={"instance": {"avg_spl": 0.1935445476044506, "avg_sr": 0.34057971014492755, "count": 138}, "object": {"avg_spl": 0.35279617223005366, "avg_sr": 0.5548387096774193, "count": 155}, "region": {"avg_spl": 0.2734412332567701, "avg_sr": 0.41208791208791207, "count": 182}, "room": {"avg_spl": 0.3027548209054322, "avg_sr": 0.5, "count": 158}}
Elapsed 4 days, 20:01:28 

Begin to process [00814-p53SfW6mjZe_sequence_6_3] type: [object], Question: [dresser]

Elapsed 4 days, 20:01:28 Current start position is [    -6.7769    0.037884     0.43299]
Elapsed 4 days, 20:02:32 ===Episode_id 6 task_id 3 task_level=object===
SR: False, SPL: 0.0, Object category: dresser, goal type: sequence===

Elapsed 4 days, 20:02:32 [baseline] task_level=object scene=00814-p53SfW6mjZe episode=6 task=3 sec=64.148
Elapsed 4 days, 20:02:32 [BASELINE_LIVE_METRICS] rows=634 avg_sr=0.452681 avg_spl=0.282325 follower_error_count=15 levels=[object:n=156,sr=0.551282,spl=0.350535; room:n=158,sr=0.500000,spl=0.302755; region:n=182,sr=0.412088,spl=0.273441; instance:n=138,sr=0.340580,spl=0.193545] latest_scene=00814-p53SfW6mjZe latest_episode=6 latest_task=3 latest_level=object by_level={"instance": {"avg_spl": 0.1935445476044506, "avg_sr": 0.34057971014492755, "count": 138}, "object": {"avg_spl": 0.35053465830550207, "avg_sr": 0.5512820512820513, "count": 156}, "region": {"avg_spl": 0.2734412332567701, "avg_sr": 0.41208791208791207, "count": 182}, "room": {"avg_spl": 0.3027548209054322, "avg_sr": 0.5, "count": 158}}
Elapsed 4 days, 20:02:32 

Begin to process [00814-p53SfW6mjZe_sequence_6_4] type: [region], Question: [book in the living room that has stone fireplace flanked by dark cabinet with drawers, one with TV and another with books and chicken picture, and couch beside wood coffee table]

Elapsed 4 days, 20:02:32 Current start position is [     5.1789   0.0048132       2.702]
Elapsed 4 days, 20:04:50 ===Episode_id 6 task_id 4 task_level=region===
SR: False, SPL: 0.0, Object category: book, goal type: sequence===

Elapsed 4 days, 20:04:50 [baseline] task_level=region scene=00814-p53SfW6mjZe episode=6 task=4 sec=138.623
Elapsed 4 days, 20:04:50 [BASELINE_LIVE_METRICS] rows=635 avg_sr=0.451969 avg_spl=0.281881 follower_error_count=15 levels=[object:n=156,sr=0.551282,spl=0.350535; room:n=158,sr=0.500000,spl=0.302755; region:n=183,sr=0.409836,spl=0.271947; instance:n=138,sr=0.340580,spl=0.193545] latest_scene=00814-p53SfW6mjZe latest_episode=6 latest_task=4 latest_level=region by_level={"instance": {"avg_spl": 0.1935445476044506, "avg_sr": 0.34057971014492755, "count": 138}, "object": {"avg_spl": 0.35053465830550207, "avg_sr": 0.5512820512820513, "count": 156}, "region": {"avg_spl": 0.27194701886738887, "avg_sr": 0.4098360655737705, "count": 183}, "room": {"avg_spl": 0.3027548209054322, "avg_sr": 0.5, "count": 158}}
Elapsed 4 days, 20:04:50 [Metrics] sequence count: 635, invalid_count: 0, follower_error_count: 15, avg_sr: 0.451969, avg_spl: 0.281881

=== Episode ===: 7it [9:03:18, 4897.66s/it][AElapsed 4 days, 20:05:00 

Begin to process [00814-p53SfW6mjZe_sequence_7_0] type: [instance], Question: [black sink cabinet in laundry room near stainless-steel fridge and side-by-side washing machines under white cabinets]

Elapsed 4 days, 20:05:00 Current start position is [     4.9871     0.02088      1.7728]
Elapsed 4 days, 20:28:26 ===Episode_id 7 task_id 0 task_level=instance===
SR: False, SPL: 0.0, Object category: cabinet, goal type: sequence===

Elapsed 4 days, 20:28:26 [baseline] task_level=instance scene=00814-p53SfW6mjZe episode=7 task=0 sec=1406.426
Elapsed 4 days, 20:28:26 [BASELINE_LIVE_METRICS] rows=636 avg_sr=0.451258 avg_spl=0.281437 follower_error_count=15 levels=[object:n=156,sr=0.551282,spl=0.350535; room:n=158,sr=0.500000,spl=0.302755; region:n=183,sr=0.409836,spl=0.271947; instance:n=139,sr=0.338129,spl=0.192152] latest_scene=00814-p53SfW6mjZe latest_episode=7 latest_task=0 latest_level=instance by_level={"instance": {"avg_spl": 0.1921521407871524, "avg_sr": 0.3381294964028777, "count": 139}, "object": {"avg_spl": 0.35053465830550207, "avg_sr": 0.5512820512820513, "count": 156}, "region": {"avg_spl": 0.27194701886738887, "avg_sr": 0.4098360655737705, "count": 183}, "room": {"avg_spl": 0.3027548209054322, "avg_sr": 0.5, "count": 158}}
Elapsed 4 days, 20:28:26 

Begin to process [00814-p53SfW6mjZe_sequence_7_1] type: [region], Question: [bathroom cabinet in the bathroom that has two framed floral prints on black vanity and toilet]

Elapsed 4 days, 20:28:26 Current start position is [    -2.8911   0.0048132      4.0012]
Elapsed 4 days, 20:56:22 ===Episode_id 7 task_id 1 task_level=region===
SR: False, SPL: 0.0, Object category: bathroom cabinet, goal type: sequence===

Elapsed 4 days, 20:56:22 [baseline] task_level=region scene=00814-p53SfW6mjZe episode=7 task=1 sec=1676.021
Elapsed 4 days, 20:56:22 [BASELINE_LIVE_METRICS] rows=637 avg_sr=0.450549 avg_spl=0.280995 follower_error_count=15 levels=[object:n=156,sr=0.551282,spl=0.350535; room:n=158,sr=0.500000,spl=0.302755; region:n=184,sr=0.407609,spl=0.270469; instance:n=139,sr=0.338129,spl=0.192152] latest_scene=00814-p53SfW6mjZe latest_episode=7 latest_task=1 latest_level=region by_level={"instance": {"avg_spl": 0.1921521407871524, "avg_sr": 0.3381294964028777, "count": 139}, "object": {"avg_spl": 0.35053465830550207, "avg_sr": 0.5512820512820513, "count": 156}, "region": {"avg_spl": 0.27046904593876175, "avg_sr": 0.4076086956521739, "count": 184}, "room": {"avg_spl": 0.3027548209054322, "avg_sr": 0.5, "count": 158}}
Elapsed 4 days, 20:56:22 

Begin to process [00814-p53SfW6mjZe_sequence_7_2] type: [region], Question: [bathroom cabinet in the bathroom that has walk-in shower, black vanity with white countertop below black-framed mirror, pelican coastal painting, and toilet beside blue bath mat]

Elapsed 4 days, 20:56:22 Current start position is [    -6.5027    0.023571      1.1369]
Elapsed 5 days, 0:39:43 ===Episode_id 7 task_id 2 task_level=region===
SR: False, SPL: 0.0, Object category: bathroom cabinet, goal type: sequence===

Elapsed 5 days, 0:39:43 [baseline] task_level=region scene=00814-p53SfW6mjZe episode=7 task=2 sec=13401.257
Elapsed 5 days, 0:39:43 [BASELINE_LIVE_METRICS] rows=638 avg_sr=0.449843 avg_spl=0.280555 follower_error_count=15 levels=[object:n=156,sr=0.551282,spl=0.350535; room:n=158,sr=0.500000,spl=0.302755; region:n=185,sr=0.405405,spl=0.269007; instance:n=139,sr=0.338129,spl=0.192152] latest_scene=00814-p53SfW6mjZe latest_episode=7 latest_task=2 latest_level=region by_level={"instance": {"avg_spl": 0.1921521407871524, "avg_sr": 0.3381294964028777, "count": 139}, "object": {"avg_spl": 0.35053465830550207, "avg_sr": 0.5512820512820513, "count": 156}, "region": {"avg_spl": 0.26900705109584955, "avg_sr": 0.40540540540540543, "count": 185}, "room": {"avg_spl": 0.3027548209054322, "avg_sr": 0.5, "count": 158}}
Elapsed 5 days, 0:39:43 

Begin to process [00814-p53SfW6mjZe_sequence_7_3] type: [region], Question: [toilet in the bathroom that has two framed floral prints on black vanity and toilet]

Elapsed 5 days, 0:39:43 Current start position is [    -15.368     0.15127      1.3193]
Elapsed 5 days, 0:42:41 ===Episode_id 7 task_id 3 task_level=region===
SR: False, SPL: 0.0, Object category: toilet, goal type: sequence===

Elapsed 5 days, 0:42:41 [baseline] task_level=region scene=00814-p53SfW6mjZe episode=7 task=3 sec=177.474
Elapsed 5 days, 0:42:41 [BASELINE_LIVE_METRICS] rows=639 avg_sr=0.449139 avg_spl=0.280116 follower_error_count=15 levels=[object:n=156,sr=0.551282,spl=0.350535; room:n=158,sr=0.500000,spl=0.302755; region:n=186,sr=0.403226,spl=0.267561; instance:n=139,sr=0.338129,spl=0.192152] latest_scene=00814-p53SfW6mjZe latest_episode=7 latest_task=3 latest_level=region by_level={"instance": {"avg_spl": 0.1921521407871524, "avg_sr": 0.3381294964028777, "count": 139}, "object": {"avg_spl": 0.35053465830550207, "avg_sr": 0.5512820512820513, "count": 156}, "region": {"avg_spl": 0.26756077662759226, "avg_sr": 0.4032258064516129, "count": 186}, "room": {"avg_spl": 0.3027548209054322, "avg_sr": 0.5, "count": 158}}
Elapsed 5 days, 0:42:41 

Begin to process [00814-p53SfW6mjZe_sequence_7_4] type: [room], Question: [mantel in the living room]

Elapsed 5 days, 0:42:41 Current start position is [     1.2896    0.052269      3.3097]
Elapsed 5 days, 0:45:50 ===Episode_id 7 task_id 4 task_level=room===
SR: True, SPL: 0.8157925565093354, Object category: mantel, goal type: sequence===

Elapsed 5 days, 0:45:50 [baseline] task_level=room scene=00814-p53SfW6mjZe episode=7 task=4 sec=189.164
Elapsed 5 days, 0:45:50 [BASELINE_LIVE_METRICS] rows=640 avg_sr=0.450000 avg_spl=0.280953 follower_error_count=15 levels=[object:n=156,sr=0.551282,spl=0.350535; room:n=159,sr=0.503145,spl=0.305981; region:n=186,sr=0.403226,spl=0.267561; instance:n=139,sr=0.338129,spl=0.192152] latest_scene=00814-p53SfW6mjZe latest_episode=7 latest_task=4 latest_level=room by_level={"instance": {"avg_spl": 0.1921521407871524, "avg_sr": 0.3381294964028777, "count": 139}, "object": {"avg_spl": 0.35053465830550207, "avg_sr": 0.5512820512820513, "count": 156}, "region": {"avg_spl": 0.26756077662759226, "avg_sr": 0.4032258064516129, "count": 186}, "room": {"avg_spl": 0.30598147333061404, "avg_sr": 0.5031446540880503, "count": 159}}
Elapsed 5 days, 0:45:50 [Metrics] sequence count: 640, invalid_count: 0, follower_error_count: 15, avg_sr: 0.450000, avg_spl: 0.280953

=== Episode ===: 8it [13:44:17, 8705.78s/it][AElapsed 5 days, 0:46:00 

Begin to process [00814-p53SfW6mjZe_sequence_8_0] type: [instance], Question: [stainless steel utility sink in dark cabinets with white countertop in laundry room with side-by-side washing machines and stainless fridge]

Elapsed 5 days, 0:46:00 Current start position is [    -6.3938     0.00481      6.6849]
Elapsed 5 days, 1:26:23 ===Episode_id 8 task_id 0 task_level=instance===
SR: False, SPL: 0.0, Object category: sink, goal type: sequence===

Elapsed 5 days, 1:26:23 [baseline] task_level=instance scene=00814-p53SfW6mjZe episode=8 task=0 sec=2423.570
Elapsed 5 days, 1:26:23 [BASELINE_LIVE_METRICS] rows=641 avg_sr=0.449298 avg_spl=0.280515 follower_error_count=15 levels=[object:n=156,sr=0.551282,spl=0.350535; room:n=159,sr=0.503145,spl=0.305981; region:n=186,sr=0.403226,spl=0.267561; instance:n=140,sr=0.335714,spl=0.190780] latest_scene=00814-p53SfW6mjZe latest_episode=8 latest_task=0 latest_level=instance by_level={"instance": {"avg_spl": 0.19077962549581562, "avg_sr": 0.3357142857142857, "count": 140}, "object": {"avg_spl": 0.35053465830550207, "avg_sr": 0.5512820512820513, "count": 156}, "region": {"avg_spl": 0.26756077662759226, "avg_sr": 0.4032258064516129, "count": 186}, "room": {"avg_spl": 0.30598147333061404, "avg_sr": 0.5031446540880503, "count": 159}}
Elapsed 5 days, 1:26:23 

Begin to process [00814-p53SfW6mjZe_sequence_8_1] type: [room], Question: [bucket in the living room]

Elapsed 5 days, 1:26:23 Current start position is [    -3.6732   0.0048132      2.5537]
Elapsed 5 days, 1:27:35 ===Episode_id 8 task_id 1 task_level=room===
SR: False, SPL: 0.0, Object category: bucket, goal type: sequence===

Elapsed 5 days, 1:27:35 [baseline] task_level=room scene=00814-p53SfW6mjZe episode=8 task=1 sec=71.625
Elapsed 5 days, 1:27:35 [BASELINE_LIVE_METRICS] rows=642 avg_sr=0.448598 avg_spl=0.280078 follower_error_count=15 levels=[object:n=156,sr=0.551282,spl=0.350535; room:n=160,sr=0.500000,spl=0.304069; region:n=186,sr=0.403226,spl=0.267561; instance:n=140,sr=0.335714,spl=0.190780] latest_scene=00814-p53SfW6mjZe latest_episode=8 latest_task=1 latest_level=room by_level={"instance": {"avg_spl": 0.19077962549581562, "avg_sr": 0.3357142857142857, "count": 140}, "object": {"avg_spl": 0.35053465830550207, "avg_sr": 0.5512820512820513, "count": 156}, "region": {"avg_spl": 0.26756077662759226, "avg_sr": 0.4032258064516129, "count": 186}, "room": {"avg_spl": 0.3040690891222977, "avg_sr": 0.5, "count": 160}}
Elapsed 5 days, 1:27:35 

Begin to process [00814-p53SfW6mjZe_sequence_8_2] type: [room], Question: [bathroom cabinet in the bathroom]

Elapsed 5 days, 1:27:35 Current start position is [    -6.1968   0.0048132      3.5923]
Elapsed 5 days, 1:28:47 ===Episode_id 8 task_id 2 task_level=room===
SR: True, SPL: 0.7103066325149526, Object category: bathroom cabinet, goal type: sequence===

Elapsed 5 days, 1:28:47 [baseline] task_level=room scene=00814-p53SfW6mjZe episode=8 task=2 sec=71.705
Elapsed 5 days, 1:28:47 [BASELINE_LIVE_METRICS] rows=643 avg_sr=0.449456 avg_spl=0.280747 follower_error_count=15 levels=[object:n=156,sr=0.551282,spl=0.350535; room:n=161,sr=0.503106,spl=0.306592; region:n=186,sr=0.403226,spl=0.267561; instance:n=140,sr=0.335714,spl=0.190780] latest_scene=00814-p53SfW6mjZe latest_episode=8 latest_task=2 latest_level=room by_level={"instance": {"avg_spl": 0.19077962549581562, "avg_sr": 0.3357142857142857, "count": 140}, "object": {"avg_spl": 0.35053465830550207, "avg_sr": 0.5512820512820513, "count": 156}, "region": {"avg_spl": 0.26756077662759226, "avg_sr": 0.4032258064516129, "count": 186}, "room": {"avg_spl": 0.30659230367753154, "avg_sr": 0.5031055900621118, "count": 161}}
Elapsed 5 days, 1:28:47 

Begin to process [00814-p53SfW6mjZe_sequence_8_3] type: [room], Question: [side table in the living room]

Elapsed 5 days, 1:28:47 Current start position is [     -8.714    0.050931      1.1855]
Elapsed 5 days, 1:29:41 ===Episode_id 8 task_id 3 task_level=room===
SR: True, SPL: 0.861054984069951, Object category: side table, goal type: sequence===

Elapsed 5 days, 1:29:41 [baseline] task_level=room scene=00814-p53SfW6mjZe episode=8 task=3 sec=54.080
Elapsed 5 days, 1:29:41 [BASELINE_LIVE_METRICS] rows=644 avg_sr=0.450311 avg_spl=0.281648 follower_error_count=15 levels=[object:n=156,sr=0.551282,spl=0.350535; room:n=162,sr=0.506173,spl=0.310015; region:n=186,sr=0.403226,spl=0.267561; instance:n=140,sr=0.335714,spl=0.190780] latest_scene=00814-p53SfW6mjZe latest_episode=8 latest_task=3 latest_level=room by_level={"instance": {"avg_spl": 0.19077962549581562, "avg_sr": 0.3357142857142857, "count": 140}, "object": {"avg_spl": 0.35053465830550207, "avg_sr": 0.5512820512820513, "count": 156}, "region": {"avg_spl": 0.26756077662759226, "avg_sr": 0.4032258064516129, "count": 186}, "room": {"avg_spl": 0.3100149128157564, "avg_sr": 0.5061728395061729, "count": 162}}
Elapsed 5 days, 1:29:41 

Begin to process [00814-p53SfW6mjZe_sequence_8_4] type: [region], Question: [bath mat in the bathroom that has walk-in shower, black vanity with white countertop below black-framed mirror, pelican coastal painting, and toilet beside blue bath mat]

Elapsed 5 days, 1:29:41 Current start position is [     3.8125   0.0048132      3.7721]
Elapsed 5 days, 1:46:40 ===Episode_id 8 task_id 4 task_level=region===
SR: False, SPL: 0.0, Object category: bath mat, goal type: sequence===

Elapsed 5 days, 1:46:40 [baseline] task_level=region scene=00814-p53SfW6mjZe episode=8 task=4 sec=1019.008
Elapsed 5 days, 1:46:40 [BASELINE_LIVE_METRICS] rows=645 avg_sr=0.449612 avg_spl=0.281211 follower_error_count=15 levels=[object:n=156,sr=0.551282,spl=0.350535; room:n=162,sr=0.506173,spl=0.310015; region:n=187,sr=0.401070,spl=0.266130; instance:n=140,sr=0.335714,spl=0.190780] latest_scene=00814-p53SfW6mjZe latest_episode=8 latest_task=4 latest_level=region by_level={"instance": {"avg_spl": 0.19077962549581562, "avg_sr": 0.3357142857142857, "count": 140}, "object": {"avg_spl": 0.35053465830550207, "avg_sr": 0.5512820512820513, "count": 156}, "region": {"avg_spl": 0.2661299703354661, "avg_sr": 0.40106951871657753, "count": 187}, "room": {"avg_spl": 0.3100149128157564, "avg_sr": 0.5061728395061729, "count": 162}}
Elapsed 5 days, 1:46:40 [Metrics] sequence count: 645, invalid_count: 0, follower_error_count: 15, avg_sr: 0.449612, avg_spl: 0.281211

=== Episode ===: 9it [14:45:07, 7125.26s/it][AElapsed 5 days, 1:46:48 

Begin to process [00814-p53SfW6mjZe_sequence_9_0] type: [instance], Question: [white ceramic toilet in bathroom beside two framed floral prints on black vanity]

Elapsed 5 days, 1:46:48 Current start position is [    -1.4265     0.00481    -0.77532]
Elapsed 5 days, 2:35:22 ===Episode_id 9 task_id 0 task_level=instance===
SR: False, SPL: 0.0, Object category: toilet, goal type: sequence===

Elapsed 5 days, 2:35:22 [baseline] task_level=instance scene=00814-p53SfW6mjZe episode=9 task=0 sec=2914.233
Elapsed 5 days, 2:35:22 [BASELINE_LIVE_METRICS] rows=646 avg_sr=0.448916 avg_spl=0.280776 follower_error_count=15 levels=[object:n=156,sr=0.551282,spl=0.350535; room:n=162,sr=0.506173,spl=0.310015; region:n=187,sr=0.401070,spl=0.266130; instance:n=141,sr=0.333333,spl=0.189427] latest_scene=00814-p53SfW6mjZe latest_episode=9 latest_task=0 latest_level=instance by_level={"instance": {"avg_spl": 0.1894265785064836, "avg_sr": 0.3333333333333333, "count": 141}, "object": {"avg_spl": 0.35053465830550207, "avg_sr": 0.5512820512820513, "count": 156}, "region": {"avg_spl": 0.2661299703354661, "avg_sr": 0.40106951871657753, "count": 187}, "room": {"avg_spl": 0.3100149128157564, "avg_sr": 0.5061728395061729, "count": 162}}
Elapsed 5 days, 2:35:22 

Begin to process [00814-p53SfW6mjZe_sequence_9_1] type: [object], Question: [washing machine]

Elapsed 5 days, 2:35:22 Current start position is [    0.38171   0.0048132      4.6387]
Elapsed 5 days, 2:38:46 ===Episode_id 9 task_id 1 task_level=object===
SR: True, SPL: 0.8833237117690941, Object category: washing machine, goal type: sequence===

Elapsed 5 days, 2:38:46 [baseline] task_level=object scene=00814-p53SfW6mjZe episode=9 task=1 sec=203.505
Elapsed 5 days, 2:38:46 [BASELINE_LIVE_METRICS] rows=647 avg_sr=0.449768 avg_spl=0.281707 follower_error_count=15 levels=[object:n=157,sr=0.554140,spl=0.353928; room:n=162,sr=0.506173,spl=0.310015; region:n=187,sr=0.401070,spl=0.266130; instance:n=141,sr=0.333333,spl=0.189427] latest_scene=00814-p53SfW6mjZe latest_episode=9 latest_task=1 latest_level=object by_level={"instance": {"avg_spl": 0.1894265785064836, "avg_sr": 0.3333333333333333, "count": 141}, "object": {"avg_spl": 0.35392821915558864, "avg_sr": 0.554140127388535, "count": 157}, "region": {"avg_spl": 0.2661299703354661, "avg_sr": 0.40106951871657753, "count": 187}, "room": {"avg_spl": 0.3100149128157564, "avg_sr": 0.5061728395061729, "count": 162}}
Elapsed 5 days, 2:38:46 

Begin to process [00814-p53SfW6mjZe_sequence_9_2] type: [region], Question: [tv in the living room that has stone fireplace flanked by dark cabinet with drawers, one with TV and another with books and chicken picture, and couch beside wood coffee table]

Elapsed 5 days, 2:38:46 Current start position is [    -15.364   0.0048132     -2.0034]
Elapsed 5 days, 2:40:19 ===Episode_id 9 task_id 2 task_level=region===
SR: True, SPL: 0.9439500041063822, Object category: tv, goal type: sequence===

Elapsed 5 days, 2:40:19 [baseline] task_level=region scene=00814-p53SfW6mjZe episode=9 task=2 sec=93.163
Elapsed 5 days, 2:40:19 [BASELINE_LIVE_METRICS] rows=648 avg_sr=0.450617 avg_spl=0.282729 follower_error_count=15 levels=[object:n=157,sr=0.554140,spl=0.353928; room:n=162,sr=0.506173,spl=0.310015; region:n=188,sr=0.404255,spl=0.269735; instance:n=141,sr=0.333333,spl=0.189427] latest_scene=00814-p53SfW6mjZe latest_episode=9 latest_task=2 latest_level=region by_level={"instance": {"avg_spl": 0.1894265785064836, "avg_sr": 0.3333333333333333, "count": 141}, "object": {"avg_spl": 0.35392821915558864, "avg_sr": 0.554140127388535, "count": 157}, "region": {"avg_spl": 0.2697353960470136, "avg_sr": 0.40425531914893614, "count": 188}, "room": {"avg_spl": 0.3100149128157564, "avg_sr": 0.5061728395061729, "count": 162}}
Elapsed 5 days, 2:40:19 

Begin to process [00814-p53SfW6mjZe_sequence_9_3] type: [region], Question: [bathroom cabinet in the bathroom that has walk-in shower, black vanity with white countertop below black-framed mirror, pelican coastal painting, and toilet beside blue bath mat]

Elapsed 5 days, 2:40:19 Current start position is [     5.1593    0.043718       6.303]
Elapsed 5 days, 2:52:02 ===Episode_id 9 task_id 3 task_level=region===
SR: False, SPL: 0.0, Object category: bathroom cabinet, goal type: sequence===

Elapsed 5 days, 2:52:02 [baseline] task_level=region scene=00814-p53SfW6mjZe episode=9 task=3 sec=702.943
Elapsed 5 days, 2:52:02 [BASELINE_LIVE_METRICS] rows=649 avg_sr=0.449923 avg_spl=0.282294 follower_error_count=15 levels=[object:n=157,sr=0.554140,spl=0.353928; room:n=162,sr=0.506173,spl=0.310015; region:n=189,sr=0.402116,spl=0.268308; instance:n=141,sr=0.333333,spl=0.189427] latest_scene=00814-p53SfW6mjZe latest_episode=9 latest_task=3 latest_level=region by_level={"instance": {"avg_spl": 0.1894265785064836, "avg_sr": 0.3333333333333333, "count": 141}, "object": {"avg_spl": 0.35392821915558864, "avg_sr": 0.554140127388535, "count": 157}, "region": {"avg_spl": 0.2683082246393574, "avg_sr": 0.4021164021164021, "count": 189}, "room": {"avg_spl": 0.3100149128157564, "avg_sr": 0.5061728395061729, "count": 162}}
Elapsed 5 days, 2:52:02 

Begin to process [00814-p53SfW6mjZe_sequence_9_4] type: [room], Question: [microwave in the kitchen]

Elapsed 5 days, 2:52:02 Current start position is [    -6.1905   0.0048132      4.7378]
Elapsed 5 days, 2:56:17 ===Episode_id 9 task_id 4 task_level=room===
SR: False, SPL: 0.0, Object category: microwave, goal type: sequence===

Elapsed 5 days, 2:56:17 [baseline] task_level=room scene=00814-p53SfW6mjZe episode=9 task=4 sec=254.783
Elapsed 5 days, 2:56:17 [BASELINE_LIVE_METRICS] rows=650 avg_sr=0.449231 avg_spl=0.281859 follower_error_count=15 levels=[object:n=157,sr=0.554140,spl=0.353928; room:n=163,sr=0.503067,spl=0.308113; region:n=189,sr=0.402116,spl=0.268308; instance:n=141,sr=0.333333,spl=0.189427] latest_scene=00814-p53SfW6mjZe latest_episode=9 latest_task=4 latest_level=room by_level={"instance": {"avg_spl": 0.1894265785064836, "avg_sr": 0.3333333333333333, "count": 141}, "object": {"avg_spl": 0.35392821915558864, "avg_sr": 0.554140127388535, "count": 157}, "region": {"avg_spl": 0.2683082246393574, "avg_sr": 0.4021164021164021, "count": 189}, "room": {"avg_spl": 0.3081129808352916, "avg_sr": 0.5030674846625767, "count": 163}}
Elapsed 5 days, 2:56:17 [Metrics] sequence count: 650, invalid_count: 0, follower_error_count: 15, avg_sr: 0.449231, avg_spl: 0.281859

=== Episode ===: 10it [15:54:44, 6215.02s/it][AElapsed 5 days, 2:56:27 

Begin to process [00814-p53SfW6mjZe_sequence_10_0] type: [instance], Question: [red-and-black bucket with mop in kitchen beside pantry cabinet holding jars and boxes and coffee machine on light countertop]

Elapsed 5 days, 2:56:27 Current start position is [    -15.874     0.00481      4.4281]
Elapsed 5 days, 3:25:34 ===Episode_id 10 task_id 0 task_level=instance===
SR: False, SPL: 0.0, Object category: bucket, goal type: sequence===

Elapsed 5 days, 3:25:34 [baseline] task_level=instance scene=00814-p53SfW6mjZe episode=10 task=0 sec=1747.438
Elapsed 5 days, 3:25:34 [BASELINE_LIVE_METRICS] rows=651 avg_sr=0.448541 avg_spl=0.281426 follower_error_count=15 levels=[object:n=157,sr=0.554140,spl=0.353928; room:n=163,sr=0.503067,spl=0.308113; region:n=189,sr=0.402116,spl=0.268308; instance:n=142,sr=0.330986,spl=0.188093] latest_scene=00814-p53SfW6mjZe latest_episode=10 latest_task=0 latest_level=instance by_level={"instance": {"avg_spl": 0.1880925885170013, "avg_sr": 0.33098591549295775, "count": 142}, "object": {"avg_spl": 0.35392821915558864, "avg_sr": 0.554140127388535, "count": 157}, "region": {"avg_spl": 0.2683082246393574, "avg_sr": 0.4021164021164021, "count": 189}, "room": {"avg_spl": 0.3081129808352916, "avg_sr": 0.5030674846625767, "count": 163}}
Elapsed 5 days, 3:25:34 

Begin to process [00814-p53SfW6mjZe_sequence_10_1] type: [object], Question: [couch]

Elapsed 5 days, 3:25:34 Current start position is [     -12.66   0.0049364      3.5727]
Elapsed 5 days, 3:34:39 ===Episode_id 10 task_id 1 task_level=object===
SR: True, SPL: 0.5842658937153284, Object category: couch, goal type: sequence===

Elapsed 5 days, 3:34:39 [baseline] task_level=object scene=00814-p53SfW6mjZe episode=10 task=1 sec=544.792
Elapsed 5 days, 3:34:39 [BASELINE_LIVE_METRICS] rows=652 avg_sr=0.449387 avg_spl=0.281891 follower_error_count=15 levels=[object:n=158,sr=0.556962,spl=0.355386; room:n=163,sr=0.503067,spl=0.308113; region:n=189,sr=0.402116,spl=0.268308; instance:n=142,sr=0.330986,spl=0.188093] latest_scene=00814-p53SfW6mjZe latest_episode=10 latest_task=1 latest_level=object by_level={"instance": {"avg_spl": 0.1880925885170013, "avg_sr": 0.33098591549295775, "count": 142}, "object": {"avg_spl": 0.3553860525388781, "avg_sr": 0.5569620253164557, "count": 158}, "region": {"avg_spl": 0.2683082246393574, "avg_sr": 0.4021164021164021, "count": 189}, "room": {"avg_spl": 0.3081129808352916, "avg_sr": 0.5030674846625767, "count": 163}}
Elapsed 5 days, 3:34:39 

Begin to process [00814-p53SfW6mjZe_sequence_10_2] type: [object], Question: [picture]

Elapsed 5 days, 3:34:39 Current start position is [    0.87703   0.0048132      4.5369]
Elapsed 5 days, 3:36:25 ===Episode_id 10 task_id 2 task_level=object===
SR: False, SPL: 0.0, Object category: picture, goal type: sequence===

Elapsed 5 days, 3:36:25 [baseline] task_level=object scene=00814-p53SfW6mjZe episode=10 task=2 sec=106.183
Elapsed 5 days, 3:36:25 [BASELINE_LIVE_METRICS] rows=653 avg_sr=0.448698 avg_spl=0.281459 follower_error_count=15 levels=[object:n=159,sr=0.553459,spl=0.353151; room:n=163,sr=0.503067,spl=0.308113; region:n=189,sr=0.402116,spl=0.268308; instance:n=142,sr=0.330986,spl=0.188093] latest_scene=00814-p53SfW6mjZe latest_episode=10 latest_task=2 latest_level=object by_level={"instance": {"avg_spl": 0.1880925885170013, "avg_sr": 0.33098591549295775, "count": 142}, "object": {"avg_spl": 0.3531509201329732, "avg_sr": 0.5534591194968553, "count": 159}, "region": {"avg_spl": 0.2683082246393574, "avg_sr": 0.4021164021164021, "count": 189}, "room": {"avg_spl": 0.3081129808352916, "avg_sr": 0.5030674846625767, "count": 163}}
Elapsed 5 days, 3:36:25 

Begin to process [00814-p53SfW6mjZe_sequence_10_3] type: [object], Question: [table]

Elapsed 5 days, 3:36:25 Current start position is [    -11.351   0.0048132     -2.8996]
Elapsed 5 days, 3:37:45 ===Episode_id 10 task_id 3 task_level=object===
SR: True, SPL: 0.5547434279408991, Object category: table, goal type: sequence===

Elapsed 5 days, 3:37:45 [baseline] task_level=object scene=00814-p53SfW6mjZe episode=10 task=3 sec=80.064
Elapsed 5 days, 3:37:45 [BASELINE_LIVE_METRICS] rows=654 avg_sr=0.449541 avg_spl=0.281877 follower_error_count=15 levels=[object:n=160,sr=0.556250,spl=0.354411; room:n=163,sr=0.503067,spl=0.308113; region:n=189,sr=0.402116,spl=0.268308; instance:n=142,sr=0.330986,spl=0.188093] latest_scene=00814-p53SfW6mjZe latest_episode=10 latest_task=3 latest_level=object by_level={"instance": {"avg_spl": 0.1880925885170013, "avg_sr": 0.33098591549295775, "count": 142}, "object": {"avg_spl": 0.35441087330677273, "avg_sr": 0.55625, "count": 160}, "region": {"avg_spl": 0.2683082246393574, "avg_sr": 0.4021164021164021, "count": 189}, "room": {"avg_spl": 0.3081129808352916, "avg_sr": 0.5030674846625767, "count": 163}}
Elapsed 5 days, 3:37:45 

Begin to process [00814-p53SfW6mjZe_sequence_10_4] type: [region], Question: [cutting board in the kitchen that has white kitchen cabinets with marble countertop and stainless sink below window, stainless stove and oven, dark island with stools, and black sideboard with statue below lake map]

Elapsed 5 days, 3:37:45 Current start position is [    0.25873   0.0048132      4.9199]
Elapsed 5 days, 3:44:28 ===Episode_id 10 task_id 4 task_level=region===
SR: False, SPL: 0.0, Object category: cutting board, goal type: sequence===

Elapsed 5 days, 3:44:28 [baseline] task_level=region scene=00814-p53SfW6mjZe episode=10 task=4 sec=403.167
Elapsed 5 days, 3:44:28 [BASELINE_LIVE_METRICS] rows=655 avg_sr=0.448855 avg_spl=0.281447 follower_error_count=15 levels=[object:n=160,sr=0.556250,spl=0.354411; room:n=163,sr=0.503067,spl=0.308113; region:n=190,sr=0.400000,spl=0.266896; instance:n=142,sr=0.330986,spl=0.188093] latest_scene=00814-p53SfW6mjZe latest_episode=10 latest_task=4 latest_level=region by_level={"instance": {"avg_spl": 0.1880925885170013, "avg_sr": 0.33098591549295775, "count": 142}, "object": {"avg_spl": 0.35441087330677273, "avg_sr": 0.55625, "count": 160}, "region": {"avg_spl": 0.2668960760886239, "avg_sr": 0.4, "count": 190}, "room": {"avg_spl": 0.3081129808352916, "avg_sr": 0.5030674846625767, "count": 163}}
Elapsed 5 days, 3:44:28 [Metrics] sequence count: 655, invalid_count: 0, follower_error_count: 15, avg_sr: 0.448855, avg_spl: 0.281447

=== Episode ===: 11it [16:42:56, 5197.85s/it][AElapsed 5 days, 3:44:39 

Begin to process [00814-p53SfW6mjZe_sequence_11_0] type: [instance], Question: [black kitchen wall rack above coffee machine on white countertop]

Elapsed 5 days, 3:44:39 Current start position is [    -15.838     0.00481      4.9925]
Elapsed 5 days, 3:59:28 ===Episode_id 11 task_id 0 task_level=instance===
SR: False, SPL: 0.0, Object category: rack, goal type: sequence===

Elapsed 5 days, 3:59:28 [baseline] task_level=instance scene=00814-p53SfW6mjZe episode=11 task=0 sec=889.793
Elapsed 5 days, 3:59:28 [BASELINE_LIVE_METRICS] rows=656 avg_sr=0.448171 avg_spl=0.281018 follower_error_count=15 levels=[object:n=160,sr=0.556250,spl=0.354411; room:n=163,sr=0.503067,spl=0.308113; region:n=190,sr=0.400000,spl=0.266896; instance:n=143,sr=0.328671,spl=0.186777] latest_scene=00814-p53SfW6mjZe latest_episode=11 latest_task=0 latest_level=instance by_level={"instance": {"avg_spl": 0.18677725573016912, "avg_sr": 0.32867132867132864, "count": 143}, "object": {"avg_spl": 0.35441087330677273, "avg_sr": 0.55625, "count": 160}, "region": {"avg_spl": 0.2668960760886239, "avg_sr": 0.4, "count": 190}, "room": {"avg_spl": 0.3081129808352916, "avg_sr": 0.5030674846625767, "count": 163}}
Elapsed 5 days, 3:59:28 

Begin to process [00814-p53SfW6mjZe_sequence_11_1] type: [object], Question: [bucket]

Elapsed 5 days, 3:59:28 Current start position is [    -12.991   0.0048132       2.649]
Elapsed 5 days, 4:00:02 ===Episode_id 11 task_id 1 task_level=object===
SR: False, SPL: 0.0, Object category: bucket, goal type: sequence===

Elapsed 5 days, 4:00:02 [baseline] task_level=object scene=00814-p53SfW6mjZe episode=11 task=1 sec=33.196
Elapsed 5 days, 4:00:02 [BASELINE_LIVE_METRICS] rows=657 avg_sr=0.447489 avg_spl=0.280590 follower_error_count=15 levels=[object:n=161,sr=0.552795,spl=0.352210; room:n=163,sr=0.503067,spl=0.308113; region:n=190,sr=0.400000,spl=0.266896; instance:n=143,sr=0.328671,spl=0.186777] latest_scene=00814-p53SfW6mjZe latest_episode=11 latest_task=1 latest_level=object by_level={"instance": {"avg_spl": 0.18677725573016912, "avg_sr": 0.32867132867132864, "count": 143}, "object": {"avg_spl": 0.35220956353468097, "avg_sr": 0.5527950310559007, "count": 161}, "region": {"avg_spl": 0.2668960760886239, "avg_sr": 0.4, "count": 190}, "room": {"avg_spl": 0.3081129808352916, "avg_sr": 0.5030674846625767, "count": 163}}
Elapsed 5 days, 4:00:02 

Begin to process [00814-p53SfW6mjZe_sequence_11_2] type: [region], Question: [coffee machine in the kitchen that has black pantry cabinet stocked with jars and boxes and black cabinet with white countertop and coffee machine]

Elapsed 5 days, 4:00:02 Current start position is [     -15.85    0.022674      1.5444]
Elapsed 5 days, 4:03:28 ===Episode_id 11 task_id 2 task_level=region===
SR: False, SPL: 0.0, Object category: coffee machine, goal type: sequence===

Elapsed 5 days, 4:03:28 [baseline] task_level=region scene=00814-p53SfW6mjZe episode=11 task=2 sec=206.247
Elapsed 5 days, 4:03:28 [BASELINE_LIVE_METRICS] rows=658 avg_sr=0.446809 avg_spl=0.280163 follower_error_count=15 levels=[object:n=161,sr=0.552795,spl=0.352210; room:n=163,sr=0.503067,spl=0.308113; region:n=191,sr=0.397906,spl=0.265499; instance:n=143,sr=0.328671,spl=0.186777] latest_scene=00814-p53SfW6mjZe latest_episode=11 latest_task=2 latest_level=region by_level={"instance": {"avg_spl": 0.18677725573016912, "avg_sr": 0.32867132867132864, "count": 143}, "object": {"avg_spl": 0.35220956353468097, "avg_sr": 0.5527950310559007, "count": 161}, "region": {"avg_spl": 0.2654987144337097, "avg_sr": 0.39790575916230364, "count": 191}, "room": {"avg_spl": 0.3081129808352916, "avg_sr": 0.5030674846625767, "count": 163}}
Elapsed 5 days, 4:03:28 

Begin to process [00814-p53SfW6mjZe_sequence_11_3] type: [region], Question: [cabinet in the bathroom that has walk-in shower, black vanity with white countertop below black-framed mirror, pelican coastal painting, and toilet beside blue bath mat]

Elapsed 5 days, 4:03:28 Current start position is [    -14.662   0.0048132     -2.1425]
Elapsed 5 days, 4:56:53 ===Episode_id 11 task_id 3 task_level=region===
SR: False, SPL: 0.0, Object category: cabinet, goal type: sequence===

Elapsed 5 days, 4:56:53 [baseline] task_level=region scene=00814-p53SfW6mjZe episode=11 task=3 sec=3205.318
Elapsed 5 days, 4:56:53 [BASELINE_LIVE_METRICS] rows=659 avg_sr=0.446131 avg_spl=0.279738 follower_error_count=15 levels=[object:n=161,sr=0.552795,spl=0.352210; room:n=163,sr=0.503067,spl=0.308113; region:n=192,sr=0.395833,spl=0.264116; instance:n=143,sr=0.328671,spl=0.186777] latest_scene=00814-p53SfW6mjZe latest_episode=11 latest_task=3 latest_level=region by_level={"instance": {"avg_spl": 0.18677725573016912, "avg_sr": 0.32867132867132864, "count": 143}, "object": {"avg_spl": 0.35220956353468097, "avg_sr": 0.5527950310559007, "count": 161}, "region": {"avg_spl": 0.26411590862936746, "avg_sr": 0.3958333333333333, "count": 192}, "room": {"avg_spl": 0.3081129808352916, "avg_sr": 0.5030674846625767, "count": 163}}
Elapsed 5 days, 4:56:53 

Begin to process [00814-p53SfW6mjZe_sequence_11_4] type: [region], Question: [shelf in the living room that has stone fireplace flanked by dark cabinet with drawers, one with TV and another with books and chicken picture, and couch beside wood coffee table]

Elapsed 5 days, 4:56:53 Current start position is [     -14.62   0.0048132     -2.1167]
Elapsed 5 days, 4:59:37 ===Episode_id 11 task_id 4 task_level=region===
SR: True, SPL: 0.9323327383439168, Object category: shelf, goal type: sequence===

Elapsed 5 days, 4:59:37 [baseline] task_level=region scene=00814-p53SfW6mjZe episode=11 task=4 sec=164.123
Elapsed 5 days, 4:59:37 [BASELINE_LIVE_METRICS] rows=660 avg_sr=0.446970 avg_spl=0.280727 follower_error_count=15 levels=[object:n=161,sr=0.552795,spl=0.352210; room:n=163,sr=0.503067,spl=0.308113; region:n=193,sr=0.398964,spl=0.267578; instance:n=143,sr=0.328671,spl=0.186777] latest_scene=00814-p53SfW6mjZe latest_episode=11 latest_task=4 latest_level=region by_level={"instance": {"avg_spl": 0.18677725573016912, "avg_sr": 0.32867132867132864, "count": 143}, "object": {"avg_spl": 0.35220956353468097, "avg_sr": 0.5527950310559007, "count": 161}, "region": {"avg_spl": 0.26757817199576406, "avg_sr": 0.39896373056994816, "count": 193}, "room": {"avg_spl": 0.3081129808352916, "avg_sr": 0.5030674846625767, "count": 163}}
Elapsed 5 days, 4:59:37 [Metrics] sequence count: 660, invalid_count: 0, follower_error_count: 15, avg_sr: 0.446970, avg_spl: 0.280727

=== Episode ===: 12it [17:58:05, 4988.32s/it][AElapsed 5 days, 4:59:46 

Begin to process [00814-p53SfW6mjZe_sequence_12_0] type: [instance], Question: [dark kitchen cabinet with coffee machine under black pantry cabinet with jars and boxes]

Elapsed 5 days, 4:59:46 Current start position is [    -15.859     0.00481      3.9212]
Elapsed 5 days, 5:13:22 ===Episode_id 12 task_id 0 task_level=instance===
SR: False, SPL: 0.0, Object category: cabinet, goal type: sequence===

Elapsed 5 days, 5:13:22 [baseline] task_level=instance scene=00814-p53SfW6mjZe episode=12 task=0 sec=815.950
Elapsed 5 days, 5:13:22 [BASELINE_LIVE_METRICS] rows=661 avg_sr=0.446293 avg_spl=0.280302 follower_error_count=15 levels=[object:n=161,sr=0.552795,spl=0.352210; room:n=163,sr=0.503067,spl=0.308113; region:n=193,sr=0.398964,spl=0.267578; instance:n=144,sr=0.326389,spl=0.185480] latest_scene=00814-p53SfW6mjZe latest_episode=12 latest_task=0 latest_level=instance by_level={"instance": {"avg_spl": 0.18548019145426517, "avg_sr": 0.3263888888888889, "count": 144}, "object": {"avg_spl": 0.35220956353468097, "avg_sr": 0.5527950310559007, "count": 161}, "region": {"avg_spl": 0.26757817199576406, "avg_sr": 0.39896373056994816, "count": 193}, "room": {"avg_spl": 0.3081129808352916, "avg_sr": 0.5030674846625767, "count": 163}}
Elapsed 5 days, 5:13:22 

Begin to process [00814-p53SfW6mjZe_sequence_12_1] type: [region], Question: [toilet in the bathroom that has walk-in shower, black vanity with white countertop below black-framed mirror, pelican coastal painting, and toilet beside blue bath mat]

Elapsed 5 days, 5:13:22 Current start position is [    -12.915   0.0048132      2.7117]
Elapsed 5 days, 5:35:20 ===Episode_id 12 task_id 1 task_level=region===
SR: False, SPL: 0.0, Object category: toilet, goal type: sequence===

Elapsed 5 days, 5:35:20 [baseline] task_level=region scene=00814-p53SfW6mjZe episode=12 task=1 sec=1318.403
Elapsed 5 days, 5:35:20 [BASELINE_LIVE_METRICS] rows=662 avg_sr=0.445619 avg_spl=0.279879 follower_error_count=15 levels=[object:n=161,sr=0.552795,spl=0.352210; room:n=163,sr=0.503067,spl=0.308113; region:n=194,sr=0.396907,spl=0.266199; instance:n=144,sr=0.326389,spl=0.185480] latest_scene=00814-p53SfW6mjZe latest_episode=12 latest_task=1 latest_level=region by_level={"instance": {"avg_spl": 0.18548019145426517, "avg_sr": 0.3263888888888889, "count": 144}, "object": {"avg_spl": 0.35220956353468097, "avg_sr": 0.5527950310559007, "count": 161}, "region": {"avg_spl": 0.26619890306795085, "avg_sr": 0.39690721649484534, "count": 194}, "room": {"avg_spl": 0.3081129808352916, "avg_sr": 0.5030674846625767, "count": 163}}
Elapsed 5 days, 5:35:20 

Begin to process [00814-p53SfW6mjZe_sequence_12_2] type: [object], Question: [throw blanket]

Elapsed 5 days, 5:35:20 Current start position is [      -6.03   0.0048132      5.0812]
Elapsed 5 days, 5:37:03 ===Episode_id 12 task_id 2 task_level=object===
SR: False, SPL: 0.0, Object category: throw blanket, goal type: sequence===

Elapsed 5 days, 5:37:03 [baseline] task_level=object scene=00814-p53SfW6mjZe episode=12 task=2 sec=102.589
Elapsed 5 days, 5:37:03 [BASELINE_LIVE_METRICS] rows=663 avg_sr=0.444947 avg_spl=0.279457 follower_error_count=15 levels=[object:n=162,sr=0.549383,spl=0.350035; room:n=163,sr=0.503067,spl=0.308113; region:n=194,sr=0.396907,spl=0.266199; instance:n=144,sr=0.326389,spl=0.185480] latest_scene=00814-p53SfW6mjZe latest_episode=12 latest_task=2 latest_level=object by_level={"instance": {"avg_spl": 0.18548019145426517, "avg_sr": 0.3263888888888889, "count": 144}, "object": {"avg_spl": 0.3500354304264422, "avg_sr": 0.5493827160493827, "count": 162}, "region": {"avg_spl": 0.26619890306795085, "avg_sr": 0.39690721649484534, "count": 194}, "room": {"avg_spl": 0.3081129808352916, "avg_sr": 0.5030674846625767, "count": 163}}
Elapsed 5 days, 5:37:03 

Begin to process [00814-p53SfW6mjZe_sequence_12_3] type: [object], Question: [dresser]

Elapsed 5 days, 5:37:03 Current start position is [     4.8909   0.0048132      2.6096]
Elapsed 5 days, 5:39:42 ===Episode_id 12 task_id 3 task_level=object===
SR: False, SPL: 0.0, Object category: dresser, goal type: sequence===

Elapsed 5 days, 5:39:42 [baseline] task_level=object scene=00814-p53SfW6mjZe episode=12 task=3 sec=158.985
Elapsed 5 days, 5:39:42 [BASELINE_LIVE_METRICS] rows=664 avg_sr=0.444277 avg_spl=0.279036 follower_error_count=15 levels=[object:n=163,sr=0.546012,spl=0.347888; room:n=163,sr=0.503067,spl=0.308113; region:n=194,sr=0.396907,spl=0.266199; instance:n=144,sr=0.326389,spl=0.185480] latest_scene=00814-p53SfW6mjZe latest_episode=12 latest_task=3 latest_level=object by_level={"instance": {"avg_spl": 0.18548019145426517, "avg_sr": 0.3263888888888889, "count": 144}, "object": {"avg_spl": 0.34788797379805914, "avg_sr": 0.5460122699386503, "count": 163}, "region": {"avg_spl": 0.26619890306795085, "avg_sr": 0.39690721649484534, "count": 194}, "room": {"avg_spl": 0.3081129808352916, "avg_sr": 0.5030674846625767, "count": 163}}
Elapsed 5 days, 5:39:42 

Begin to process [00814-p53SfW6mjZe_sequence_12_4] type: [room], Question: [sink in the kitchen]

Elapsed 5 days, 5:39:42 Current start position is [     5.1145   0.0048132      2.4978]
Elapsed 5 days, 5:43:29 ===Episode_id 12 task_id 4 task_level=room===
SR: True, SPL: 0.8974090271222336, Object category: sink, goal type: sequence===

Elapsed 5 days, 5:43:29 [baseline] task_level=room scene=00814-p53SfW6mjZe episode=12 task=4 sec=227.070
Elapsed 5 days, 5:43:29 [BASELINE_LIVE_METRICS] rows=665 avg_sr=0.445113 avg_spl=0.279966 follower_error_count=15 levels=[object:n=163,sr=0.546012,spl=0.347888; room:n=164,sr=0.506098,spl=0.311706; region:n=194,sr=0.396907,spl=0.266199; instance:n=144,sr=0.326389,spl=0.185480] latest_scene=00814-p53SfW6mjZe latest_episode=12 latest_task=4 latest_level=room by_level={"instance": {"avg_spl": 0.18548019145426517, "avg_sr": 0.3263888888888889, "count": 144}, "object": {"avg_spl": 0.34788797379805914, "avg_sr": 0.5460122699386503, "count": 163}, "region": {"avg_spl": 0.26619890306795085, "avg_sr": 0.39690721649484534, "count": 194}, "room": {"avg_spl": 0.311706249410212, "avg_sr": 0.5060975609756098, "count": 164}}
Elapsed 5 days, 5:43:29 [Metrics] sequence count: 665, invalid_count: 0, follower_error_count: 15, avg_sr: 0.445113, avg_spl: 0.279966

=== Episode ===: 13it [18:41:56, 4274.38s/it][AElapsed 5 days, 5:43:39 

Begin to process [00814-p53SfW6mjZe_sequence_13_0] type: [instance], Question: [turquoise coffee machine on white countertop in kitchen with pantry cabinet with jars]

Elapsed 5 days, 5:43:39 Current start position is [    -15.826     0.00481      5.2368]
Elapsed 5 days, 6:06:07 ===Episode_id 13 task_id 0 task_level=instance===
SR: False, SPL: 0.0, Object category: coffee machine, goal type: sequence===

Elapsed 5 days, 6:06:07 [baseline] task_level=instance scene=00814-p53SfW6mjZe episode=13 task=0 sec=1348.138
Elapsed 5 days, 6:06:07 [BASELINE_LIVE_METRICS] rows=666 avg_sr=0.444444 avg_spl=0.279545 follower_error_count=15 levels=[object:n=163,sr=0.546012,spl=0.347888; room:n=164,sr=0.506098,spl=0.311706; region:n=194,sr=0.396907,spl=0.266199; instance:n=145,sr=0.324138,spl=0.184201] latest_scene=00814-p53SfW6mjZe latest_episode=13 latest_task=0 latest_level=instance by_level={"instance": {"avg_spl": 0.18420101772009784, "avg_sr": 0.32413793103448274, "count": 145}, "object": {"avg_spl": 0.34788797379805914, "avg_sr": 0.5460122699386503, "count": 163}, "region": {"avg_spl": 0.26619890306795085, "avg_sr": 0.39690721649484534, "count": 194}, "room": {"avg_spl": 0.311706249410212, "avg_sr": 0.5060975609756098, "count": 164}}
Elapsed 5 days, 6:06:07 

Begin to process [00814-p53SfW6mjZe_sequence_13_1] type: [object], Question: [bowl]

Elapsed 5 days, 6:06:07 Current start position is [    -12.577     0.01129      3.4401]
Elapsed 5 days, 6:06:52 ===Episode_id 13 task_id 1 task_level=object===
SR: False, SPL: 0.0, Object category: bowl, goal type: sequence===

Elapsed 5 days, 6:06:52 [baseline] task_level=object scene=00814-p53SfW6mjZe episode=13 task=1 sec=45.047
Elapsed 5 days, 6:06:52 [BASELINE_LIVE_METRICS] rows=667 avg_sr=0.443778 avg_spl=0.279126 follower_error_count=15 levels=[object:n=164,sr=0.542683,spl=0.345767; room:n=164,sr=0.506098,spl=0.311706; region:n=194,sr=0.396907,spl=0.266199; instance:n=145,sr=0.324138,spl=0.184201] latest_scene=00814-p53SfW6mjZe latest_episode=13 latest_task=1 latest_level=object by_level={"instance": {"avg_spl": 0.18420101772009784, "avg_sr": 0.32413793103448274, "count": 145}, "object": {"avg_spl": 0.3457667056651441, "avg_sr": 0.5426829268292683, "count": 164}, "region": {"avg_spl": 0.26619890306795085, "avg_sr": 0.39690721649484534, "count": 194}, "room": {"avg_spl": 0.311706249410212, "avg_sr": 0.5060975609756098, "count": 164}}
Elapsed 5 days, 6:06:52 

Begin to process [00814-p53SfW6mjZe_sequence_13_2] type: [region], Question: [cabinet in the bedroom that has black metal-framed bed with striped bedding beneath two circular mandala prints, white desk beside brown dresser, and gray upholstered armchair near the patterned curtain]

Elapsed 5 days, 6:06:52 Current start position is [    -12.911   0.0048132      4.3112]
Elapsed 5 days, 6:12:56 ===Episode_id 13 task_id 2 task_level=region===
SR: False, SPL: 0.0, Object category: cabinet, goal type: sequence===

Elapsed 5 days, 6:12:56 [baseline] task_level=region scene=00814-p53SfW6mjZe episode=13 task=2 sec=363.913
Elapsed 5 days, 6:12:56 [BASELINE_LIVE_METRICS] rows=668 avg_sr=0.443114 avg_spl=0.278709 follower_error_count=15 levels=[object:n=164,sr=0.542683,spl=0.345767; room:n=164,sr=0.506098,spl=0.311706; region:n=195,sr=0.394872,spl=0.264834; instance:n=145,sr=0.324138,spl=0.184201] latest_scene=00814-p53SfW6mjZe latest_episode=13 latest_task=2 latest_level=region by_level={"instance": {"avg_spl": 0.18420101772009784, "avg_sr": 0.32413793103448274, "count": 145}, "object": {"avg_spl": 0.3457667056651441, "avg_sr": 0.5426829268292683, "count": 164}, "region": {"avg_spl": 0.2648337804881152, "avg_sr": 0.39487179487179486, "count": 195}, "room": {"avg_spl": 0.311706249410212, "avg_sr": 0.5060975609756098, "count": 164}}
Elapsed 5 days, 6:12:56 

Begin to process [00814-p53SfW6mjZe_sequence_13_3] type: [object], Question: [bucket]

Elapsed 5 days, 6:12:56 Current start position is [     -14.14   0.0048132      2.3049]
Elapsed 5 days, 6:13:44 ===Episode_id 13 task_id 3 task_level=object===
SR: False, SPL: 0.0, Object category: bucket, goal type: sequence===

Elapsed 5 days, 6:13:44 [baseline] task_level=object scene=00814-p53SfW6mjZe episode=13 task=3 sec=47.345
Elapsed 5 days, 6:13:44 [BASELINE_LIVE_METRICS] rows=669 avg_sr=0.442451 avg_spl=0.278292 follower_error_count=15 levels=[object:n=165,sr=0.539394,spl=0.343671; room:n=164,sr=0.506098,spl=0.311706; region:n=195,sr=0.394872,spl=0.264834; instance:n=145,sr=0.324138,spl=0.184201] latest_scene=00814-p53SfW6mjZe latest_episode=13 latest_task=3 latest_level=object by_level={"instance": {"avg_spl": 0.18420101772009784, "avg_sr": 0.32413793103448274, "count": 145}, "object": {"avg_spl": 0.34367114987323416, "avg_sr": 0.5393939393939394, "count": 165}, "region": {"avg_spl": 0.2648337804881152, "avg_sr": 0.39487179487179486, "count": 195}, "room": {"avg_spl": 0.311706249410212, "avg_sr": 0.5060975609756098, "count": 164}}
Elapsed 5 days, 6:13:44 

Begin to process [00814-p53SfW6mjZe_sequence_13_4] type: [region], Question: [refrigerator in the kitchen that has white kitchen cabinets with marble countertop and stainless sink below window, stainless stove and oven, dark island with stools, and black sideboard with statue below lake map]

Elapsed 5 days, 6:13:44 Current start position is [    -11.351   0.0048132     -2.8268]
Elapsed 5 days, 6:16:19 ===Episode_id 13 task_id 4 task_level=region===
SR: False, SPL: 0.0, Object category: refrigerator, goal type: sequence===

Elapsed 5 days, 6:16:19 [baseline] task_level=region scene=00814-p53SfW6mjZe episode=13 task=4 sec=155.509
Elapsed 5 days, 6:16:19 [BASELINE_LIVE_METRICS] rows=670 avg_sr=0.441791 avg_spl=0.277877 follower_error_count=15 levels=[object:n=165,sr=0.539394,spl=0.343671; room:n=164,sr=0.506098,spl=0.311706; region:n=196,sr=0.392857,spl=0.263483; instance:n=145,sr=0.324138,spl=0.184201] latest_scene=00814-p53SfW6mjZe latest_episode=13 latest_task=4 latest_level=region by_level={"instance": {"avg_spl": 0.18420101772009784, "avg_sr": 0.32413793103448274, "count": 145}, "object": {"avg_spl": 0.34367114987323416, "avg_sr": 0.5393939393939394, "count": 165}, "region": {"avg_spl": 0.2634825877305228, "avg_sr": 0.39285714285714285, "count": 196}, "room": {"avg_spl": 0.311706249410212, "avg_sr": 0.5060975609756098, "count": 164}}
Elapsed 5 days, 6:16:19 [Metrics] sequence count: 670, invalid_count: 0, follower_error_count: 15, avg_sr: 0.441791, avg_spl: 0.277877

=== Episode ===: 14it [19:14:47, 3578.41s/it][AElapsed 5 days, 6:16:29 

Begin to process [00814-p53SfW6mjZe_sequence_14_0] type: [instance], Question: [turquoise board on white countertop of black cabinet in kitchen near pantry cabinet holding jars and boxes]

Elapsed 5 days, 6:16:29 Current start position is [    -11.367     0.00481     -1.1494]
Elapsed 5 days, 6:52:45 ===Episode_id 14 task_id 0 task_level=instance===
SR: False, SPL: 0.0, Object category: board, goal type: sequence===

Elapsed 5 days, 6:52:45 [baseline] task_level=instance scene=00814-p53SfW6mjZe episode=14 task=0 sec=2175.940
Elapsed 5 days, 6:52:45 [BASELINE_LIVE_METRICS] rows=671 avg_sr=0.441133 avg_spl=0.277462 follower_error_count=15 levels=[object:n=165,sr=0.539394,spl=0.343671; room:n=164,sr=0.506098,spl=0.311706; region:n=196,sr=0.392857,spl=0.263483; instance:n=146,sr=0.321918,spl=0.182939] latest_scene=00814-p53SfW6mjZe latest_episode=14 latest_task=0 latest_level=instance by_level={"instance": {"avg_spl": 0.18293936691379578, "avg_sr": 0.3219178082191781, "count": 146}, "object": {"avg_spl": 0.34367114987323416, "avg_sr": 0.5393939393939394, "count": 165}, "region": {"avg_spl": 0.2634825877305228, "avg_sr": 0.39285714285714285, "count": 196}, "room": {"avg_spl": 0.311706249410212, "avg_sr": 0.5060975609756098, "count": 164}}
Elapsed 5 days, 6:52:45 

Begin to process [00814-p53SfW6mjZe_sequence_14_1] type: [region], Question: [kitchen sink in the kitchen that has white kitchen cabinets with marble countertop and stainless sink below window, stainless stove and oven, dark island with stools, and black sideboard with statue below lake map]

Elapsed 5 days, 6:52:45 Current start position is [    -6.9044   0.0048132      6.8097]
Elapsed 5 days, 6:54:00 ===Episode_id 14 task_id 1 task_level=region===
SR: True, SPL: 0.30462136816350405, Object category: kitchen sink, goal type: sequence===

Elapsed 5 days, 6:54:00 [baseline] task_level=region scene=00814-p53SfW6mjZe episode=14 task=1 sec=74.850
Elapsed 5 days, 6:54:00 [BASELINE_LIVE_METRICS] rows=672 avg_sr=0.441964 avg_spl=0.277503 follower_error_count=15 levels=[object:n=165,sr=0.539394,spl=0.343671; room:n=164,sr=0.506098,spl=0.311706; region:n=197,sr=0.395939,spl=0.263691; instance:n=146,sr=0.321918,spl=0.182939] latest_scene=00814-p53SfW6mjZe latest_episode=14 latest_task=1 latest_level=region by_level={"instance": {"avg_spl": 0.18293936691379578, "avg_sr": 0.3219178082191781, "count": 146}, "object": {"avg_spl": 0.34367114987323416, "avg_sr": 0.5393939393939394, "count": 165}, "region": {"avg_spl": 0.26369141402713686, "avg_sr": 0.39593908629441626, "count": 197}, "room": {"avg_spl": 0.311706249410212, "avg_sr": 0.5060975609756098, "count": 164}}
Elapsed 5 days, 6:54:00 

Begin to process [00814-p53SfW6mjZe_sequence_14_2] type: [object], Question: [shelf]

Elapsed 5 days, 6:54:00 Current start position is [    -5.1836   0.0048132      6.8413]
Elapsed 5 days, 6:55:15 ===Episode_id 14 task_id 2 task_level=object===
SR: False, SPL: 0.0, Object category: shelf, goal type: sequence===

Elapsed 5 days, 6:55:15 [baseline] task_level=object scene=00814-p53SfW6mjZe episode=14 task=2 sec=75.158
Elapsed 5 days, 6:55:15 [BASELINE_LIVE_METRICS] rows=673 avg_sr=0.441308 avg_spl=0.277091 follower_error_count=15 levels=[object:n=166,sr=0.536145,spl=0.341601; room:n=164,sr=0.506098,spl=0.311706; region:n=197,sr=0.395939,spl=0.263691; instance:n=146,sr=0.321918,spl=0.182939] latest_scene=00814-p53SfW6mjZe latest_episode=14 latest_task=2 latest_level=object by_level={"instance": {"avg_spl": 0.18293936691379578, "avg_sr": 0.3219178082191781, "count": 146}, "object": {"avg_spl": 0.3416008417414677, "avg_sr": 0.536144578313253, "count": 166}, "region": {"avg_spl": 0.26369141402713686, "avg_sr": 0.39593908629441626, "count": 197}, "room": {"avg_spl": 0.311706249410212, "avg_sr": 0.5060975609756098, "count": 164}}
Elapsed 5 days, 6:55:15 

Begin to process [00814-p53SfW6mjZe_sequence_14_3] type: [room], Question: [nightstand in the bedroom]

Elapsed 5 days, 6:55:15 Current start position is [    -6.8569    0.043941     0.15677]
Elapsed 5 days, 7:00:01 ===Episode_id 14 task_id 3 task_level=room===
SR: True, SPL: 0.45273275454206185, Object category: nightstand, goal type: sequence===

Elapsed 5 days, 7:00:01 [baseline] task_level=room scene=00814-p53SfW6mjZe episode=14 task=3 sec=286.482
Elapsed 5 days, 7:00:01 [BASELINE_LIVE_METRICS] rows=674 avg_sr=0.442136 avg_spl=0.277351 follower_error_count=15 levels=[object:n=166,sr=0.536145,spl=0.341601; room:n=165,sr=0.509091,spl=0.312561; region:n=197,sr=0.395939,spl=0.263691; instance:n=146,sr=0.321918,spl=0.182939] latest_scene=00814-p53SfW6mjZe latest_episode=14 latest_task=3 latest_level=room by_level={"instance": {"avg_spl": 0.18293936691379578, "avg_sr": 0.3219178082191781, "count": 146}, "object": {"avg_spl": 0.3416008417414677, "avg_sr": 0.536144578313253, "count": 166}, "region": {"avg_spl": 0.26369141402713686, "avg_sr": 0.39593908629441626, "count": 197}, "room": {"avg_spl": 0.3125609555019202, "avg_sr": 0.509090909090909, "count": 165}}
Elapsed 5 days, 7:00:01 

Begin to process [00814-p53SfW6mjZe_sequence_14_4] type: [object], Question: [jar]

Elapsed 5 days, 7:00:01 Current start position is [    -13.011   0.0048132      3.8834]
Elapsed 5 days, 7:01:07 ===Episode_id 14 task_id 4 task_level=object===
SR: False, SPL: 0.0, Object category: jar, goal type: sequence===

Elapsed 5 days, 7:01:07 [baseline] task_level=object scene=00814-p53SfW6mjZe episode=14 task=4 sec=66.050
Elapsed 5 days, 7:01:07 [BASELINE_LIVE_METRICS] rows=675 avg_sr=0.441481 avg_spl=0.276940 follower_error_count=15 levels=[object:n=167,sr=0.532934,spl=0.339555; room:n=165,sr=0.509091,spl=0.312561; region:n=197,sr=0.395939,spl=0.263691; instance:n=146,sr=0.321918,spl=0.182939] latest_scene=00814-p53SfW6mjZe latest_episode=14 latest_task=4 latest_level=object by_level={"instance": {"avg_spl": 0.18293936691379578, "avg_sr": 0.3219178082191781, "count": 146}, "object": {"avg_spl": 0.3395553277190637, "avg_sr": 0.5329341317365269, "count": 167}, "region": {"avg_spl": 0.26369141402713686, "avg_sr": 0.39593908629441626, "count": 197}, "room": {"avg_spl": 0.3125609555019202, "avg_sr": 0.509090909090909, "count": 165}}
Elapsed 5 days, 7:01:07 [Metrics] sequence count: 675, invalid_count: 0, follower_error_count: 15, avg_sr: 0.441481, avg_spl: 0.276940

=== Episode ===: 15it [19:59:35, 3310.07s/it][AElapsed 5 days, 7:01:18 

Begin to process [00814-p53SfW6mjZe_sequence_15_0] type: [instance], Question: [white lower kitchen cabinet with marble countertop and black knobs just to the right of the stove near dark island with stools]

Elapsed 5 days, 7:01:18 Current start position is [    -13.284     0.00481      6.0993]
Elapsed 5 days, 7:20:14 ===Episode_id 15 task_id 0 task_level=instance===
SR: False, SPL: 0.0, Object category: kitchen cabinet, goal type: sequence===

Elapsed 5 days, 7:20:14 [baseline] task_level=instance scene=00814-p53SfW6mjZe episode=15 task=0 sec=1136.704
Elapsed 5 days, 7:20:14 [BASELINE_LIVE_METRICS] rows=676 avg_sr=0.440828 avg_spl=0.276531 follower_error_count=15 levels=[object:n=167,sr=0.532934,spl=0.339555; room:n=165,sr=0.509091,spl=0.312561; region:n=197,sr=0.395939,spl=0.263691; instance:n=147,sr=0.319728,spl=0.181695] latest_scene=00814-p53SfW6mjZe latest_episode=15 latest_task=0 latest_level=instance by_level={"instance": {"avg_spl": 0.18169488142458629, "avg_sr": 0.3197278911564626, "count": 147}, "object": {"avg_spl": 0.3395553277190637, "avg_sr": 0.5329341317365269, "count": 167}, "region": {"avg_spl": 0.26369141402713686, "avg_sr": 0.39593908629441626, "count": 197}, "room": {"avg_spl": 0.3125609555019202, "avg_sr": 0.509090909090909, "count": 165}}
Elapsed 5 days, 7:20:14 

Begin to process [00814-p53SfW6mjZe_sequence_15_1] type: [object], Question: [throw blanket]

Elapsed 5 days, 7:20:14 Current start position is [    -16.058   0.0048132     -1.6031]
Elapsed 5 days, 7:20:49 ===Episode_id 15 task_id 1 task_level=object===
SR: False, SPL: 0.0, Object category: throw blanket, goal type: sequence===

Elapsed 5 days, 7:20:49 [baseline] task_level=object scene=00814-p53SfW6mjZe episode=15 task=1 sec=34.927
Elapsed 5 days, 7:20:49 [BASELINE_LIVE_METRICS] rows=677 avg_sr=0.440177 avg_spl=0.276122 follower_error_count=15 levels=[object:n=168,sr=0.529762,spl=0.337534; room:n=165,sr=0.509091,spl=0.312561; region:n=197,sr=0.395939,spl=0.263691; instance:n=147,sr=0.319728,spl=0.181695] latest_scene=00814-p53SfW6mjZe latest_episode=15 latest_task=1 latest_level=object by_level={"instance": {"avg_spl": 0.18169488142458629, "avg_sr": 0.3197278911564626, "count": 147}, "object": {"avg_spl": 0.3375341650540693, "avg_sr": 0.5297619047619048, "count": 168}, "region": {"avg_spl": 0.26369141402713686, "avg_sr": 0.39593908629441626, "count": 197}, "room": {"avg_spl": 0.3125609555019202, "avg_sr": 0.509090909090909, "count": 165}}
Elapsed 5 days, 7:20:49 

Begin to process [00814-p53SfW6mjZe_sequence_15_2] type: [room], Question: [refrigerator in the laundry room]

Elapsed 5 days, 7:20:49 Current start position is [    -13.011   0.0048132      3.9295]
Elapsed 5 days, 7:30:07 ===Episode_id 15 task_id 2 task_level=room===
SR: True, SPL: 0.23663015908392837, Object category: refrigerator, goal type: sequence===

Elapsed 5 days, 7:30:07 [baseline] task_level=room scene=00814-p53SfW6mjZe episode=15 task=2 sec=557.955
Elapsed 5 days, 7:30:07 [BASELINE_LIVE_METRICS] rows=678 avg_sr=0.441003 avg_spl=0.276064 follower_error_count=15 levels=[object:n=168,sr=0.529762,spl=0.337534; room:n=166,sr=0.512048,spl=0.312104; region:n=197,sr=0.395939,spl=0.263691; instance:n=147,sr=0.319728,spl=0.181695] latest_scene=00814-p53SfW6mjZe latest_episode=15 latest_task=2 latest_level=room by_level={"instance": {"avg_spl": 0.18169488142458629, "avg_sr": 0.3197278911564626, "count": 147}, "object": {"avg_spl": 0.3375341650540693, "avg_sr": 0.5297619047619048, "count": 168}, "region": {"avg_spl": 0.26369141402713686, "avg_sr": 0.39593908629441626, "count": 197}, "room": {"avg_spl": 0.31210354106566723, "avg_sr": 0.5120481927710844, "count": 166}}
Elapsed 5 days, 7:30:07 

Begin to process [00814-p53SfW6mjZe_sequence_15_3] type: [object], Question: [kitchen cabinet]

Elapsed 5 days, 7:30:07 Current start position is [    -15.619   0.0048132     -1.2274]
Elapsed 5 days, 7:31:11 ===Episode_id 15 task_id 3 task_level=object===
SR: True, SPL: 0.691887125755007, Object category: kitchen cabinet, goal type: sequence===

Elapsed 5 days, 7:31:11 [baseline] task_level=object scene=00814-p53SfW6mjZe episode=15 task=3 sec=63.358
Elapsed 5 days, 7:31:11 [BASELINE_LIVE_METRICS] rows=679 avg_sr=0.441826 avg_spl=0.276676 follower_error_count=15 levels=[object:n=169,sr=0.532544,spl=0.339631; room:n=166,sr=0.512048,spl=0.312104; region:n=197,sr=0.395939,spl=0.263691; instance:n=147,sr=0.319728,spl=0.181695] latest_scene=00814-p53SfW6mjZe latest_episode=15 latest_task=3 latest_level=object by_level={"instance": {"avg_spl": 0.18169488142458629, "avg_sr": 0.3197278911564626, "count": 147}, "object": {"avg_spl": 0.33963092813513995, "avg_sr": 0.5325443786982249, "count": 169}, "region": {"avg_spl": 0.26369141402713686, "avg_sr": 0.39593908629441626, "count": 197}, "room": {"avg_spl": 0.31210354106566723, "avg_sr": 0.5120481927710844, "count": 166}}
Elapsed 5 days, 7:31:11 

Begin to process [00814-p53SfW6mjZe_sequence_15_4] type: [object], Question: [mantel]

Elapsed 5 days, 7:31:11 Current start position is [    -7.2934   0.0048132      6.8982]
Elapsed 5 days, 7:32:30 ===Episode_id 15 task_id 4 task_level=object===
SR: False, SPL: 0.0, Object category: mantel, goal type: sequence===

Elapsed 5 days, 7:32:30 [baseline] task_level=object scene=00814-p53SfW6mjZe episode=15 task=4 sec=79.333
Elapsed 5 days, 7:32:30 [BASELINE_LIVE_METRICS] rows=680 avg_sr=0.441176 avg_spl=0.276269 follower_error_count=15 levels=[object:n=170,sr=0.529412,spl=0.337633; room:n=166,sr=0.512048,spl=0.312104; region:n=197,sr=0.395939,spl=0.263691; instance:n=147,sr=0.319728,spl=0.181695] latest_scene=00814-p53SfW6mjZe latest_episode=15 latest_task=4 latest_level=object by_level={"instance": {"avg_spl": 0.18169488142458629, "avg_sr": 0.3197278911564626, "count": 147}, "object": {"avg_spl": 0.33763309914610967, "avg_sr": 0.5294117647058824, "count": 170}, "region": {"avg_spl": 0.26369141402713686, "avg_sr": 0.39593908629441626, "count": 197}, "room": {"avg_spl": 0.31210354106566723, "avg_sr": 0.5120481927710844, "count": 166}}
Elapsed 5 days, 7:32:30 [Metrics] sequence count: 680, invalid_count: 0, follower_error_count: 15, avg_sr: 0.441176, avg_spl: 0.276269

=== Episode ===: 16it [20:30:57, 2880.40s/it][AElapsed 5 days, 7:32:38 

Begin to process [00814-p53SfW6mjZe_sequence_16_0] type: [instance], Question: [white kitchen cabinet with marble countertop below a knife holder and kitchen utensil under upper cabinet]

Elapsed 5 days, 7:32:38 Current start position is [     1.0091     0.00481     0.42614]
Elapsed 5 days, 7:51:57 ===Episode_id 16 task_id 0 task_level=instance===
SR: False, SPL: 0.0, Object category: kitchen cabinet, goal type: sequence===

Elapsed 5 days, 7:51:57 [baseline] task_level=instance scene=00814-p53SfW6mjZe episode=16 task=0 sec=1158.120
Elapsed 5 days, 7:51:57 [BASELINE_LIVE_METRICS] rows=681 avg_sr=0.440529 avg_spl=0.275864 follower_error_count=15 levels=[object:n=170,sr=0.529412,spl=0.337633; room:n=166,sr=0.512048,spl=0.312104; region:n=197,sr=0.395939,spl=0.263691; instance:n=148,sr=0.317568,spl=0.180467] latest_scene=00814-p53SfW6mjZe latest_episode=16 latest_task=0 latest_level=instance by_level={"instance": {"avg_spl": 0.18046721330685261, "avg_sr": 0.31756756756756754, "count": 148}, "object": {"avg_spl": 0.33763309914610967, "avg_sr": 0.5294117647058824, "count": 170}, "region": {"avg_spl": 0.26369141402713686, "avg_sr": 0.39593908629441626, "count": 197}, "room": {"avg_spl": 0.31210354106566723, "avg_sr": 0.5120481927710844, "count": 166}}
Elapsed 5 days, 7:51:57 

Begin to process [00814-p53SfW6mjZe_sequence_16_1] type: [room], Question: [fireplace wall in the living room]

Elapsed 5 days, 7:51:57 Current start position is [    -4.7331   0.0048132      2.6411]
Elapsed 5 days, 7:52:46 ===Episode_id 16 task_id 1 task_level=room===
SR: True, SPL: 0.9150913809968032, Object category: fireplace wall, goal type: sequence===

Elapsed 5 days, 7:52:46 [baseline] task_level=room scene=00814-p53SfW6mjZe episode=16 task=1 sec=49.142
Elapsed 5 days, 7:52:46 [BASELINE_LIVE_METRICS] rows=682 avg_sr=0.441349 avg_spl=0.276801 follower_error_count=15 levels=[object:n=170,sr=0.529412,spl=0.337633; room:n=167,sr=0.514970,spl=0.315714; region:n=197,sr=0.395939,spl=0.263691; instance:n=148,sr=0.317568,spl=0.180467] latest_scene=00814-p53SfW6mjZe latest_episode=16 latest_task=1 latest_level=room by_level={"instance": {"avg_spl": 0.18046721330685261, "avg_sr": 0.31756756756756754, "count": 148}, "object": {"avg_spl": 0.33763309914610967, "avg_sr": 0.5294117647058824, "count": 170}, "region": {"avg_spl": 0.26369141402713686, "avg_sr": 0.39593908629441626, "count": 197}, "room": {"avg_spl": 0.3157142466939974, "avg_sr": 0.5149700598802395, "count": 167}}
Elapsed 5 days, 7:52:46 

Begin to process [00814-p53SfW6mjZe_sequence_16_2] type: [object], Question: [nightstand]

Elapsed 5 days, 7:52:46 Current start position is [     4.4218   0.0048132      4.5194]
Elapsed 5 days, 7:53:32 ===Episode_id 16 task_id 2 task_level=object===
SR: False, SPL: 0.0, Object category: nightstand, goal type: sequence===

Elapsed 5 days, 7:53:32 [baseline] task_level=object scene=00814-p53SfW6mjZe episode=16 task=2 sec=46.452
Elapsed 5 days, 7:53:32 [BASELINE_LIVE_METRICS] rows=683 avg_sr=0.440703 avg_spl=0.276396 follower_error_count=15 levels=[object:n=171,sr=0.526316,spl=0.335659; room:n=167,sr=0.514970,spl=0.315714; region:n=197,sr=0.395939,spl=0.263691; instance:n=148,sr=0.317568,spl=0.180467] latest_scene=00814-p53SfW6mjZe latest_episode=16 latest_task=2 latest_level=object by_level={"instance": {"avg_spl": 0.18046721330685261, "avg_sr": 0.31756756756756754, "count": 148}, "object": {"avg_spl": 0.33565863657800377, "avg_sr": 0.5263157894736842, "count": 171}, "region": {"avg_spl": 0.26369141402713686, "avg_sr": 0.39593908629441626, "count": 197}, "room": {"avg_spl": 0.3157142466939974, "avg_sr": 0.5149700598802395, "count": 167}}
Elapsed 5 days, 7:53:32 

Begin to process [00814-p53SfW6mjZe_sequence_16_3] type: [object], Question: [oven and stove]

Elapsed 5 days, 7:53:32 Current start position is [  -0.087751   0.0048132      1.6291]
Elapsed 5 days, 7:55:56 ===Episode_id 16 task_id 3 task_level=object===
SR: True, SPL: 0.7670932687106106, Object category: oven and stove, goal type: sequence===

Elapsed 5 days, 7:55:56 [baseline] task_level=object scene=00814-p53SfW6mjZe episode=16 task=3 sec=143.675
Elapsed 5 days, 7:55:56 [BASELINE_LIVE_METRICS] rows=684 avg_sr=0.441520 avg_spl=0.277113 follower_error_count=15 levels=[object:n=172,sr=0.529070,spl=0.338167; room:n=167,sr=0.514970,spl=0.315714; region:n=197,sr=0.395939,spl=0.263691; instance:n=148,sr=0.317568,spl=0.180467] latest_scene=00814-p53SfW6mjZe latest_episode=16 latest_task=3 latest_level=object by_level={"instance": {"avg_spl": 0.18046721330685261, "avg_sr": 0.31756756756756754, "count": 148}, "object": {"avg_spl": 0.3381669774624957, "avg_sr": 0.5290697674418605, "count": 172}, "region": {"avg_spl": 0.26369141402713686, "avg_sr": 0.39593908629441626, "count": 197}, "room": {"avg_spl": 0.3157142466939974, "avg_sr": 0.5149700598802395, "count": 167}}
Elapsed 5 days, 7:55:56 

Begin to process [00814-p53SfW6mjZe_sequence_16_4] type: [region], Question: [table in the bedroom that has black metal-framed bed with striped bedding beneath two circular mandala prints, white desk beside brown dresser, and gray upholstered armchair near the patterned curtain]

Elapsed 5 days, 7:55:56 Current start position is [    -6.6378   0.0048132      4.6723]
Elapsed 5 days, 7:59:12 ===Episode_id 16 task_id 4 task_level=region===
SR: False, SPL: 0.0, Object category: table, goal type: sequence===

Elapsed 5 days, 7:59:12 [baseline] task_level=region scene=00814-p53SfW6mjZe episode=16 task=4 sec=196.223
Elapsed 5 days, 7:59:12 [BASELINE_LIVE_METRICS] rows=685 avg_sr=0.440876 avg_spl=0.276709 follower_error_count=15 levels=[object:n=172,sr=0.529070,spl=0.338167; room:n=167,sr=0.514970,spl=0.315714; region:n=198,sr=0.393939,spl=0.262360; instance:n=148,sr=0.317568,spl=0.180467] latest_scene=00814-p53SfW6mjZe latest_episode=16 latest_task=4 latest_level=region by_level={"instance": {"avg_spl": 0.18046721330685261, "avg_sr": 0.31756756756756754, "count": 148}, "object": {"avg_spl": 0.3381669774624957, "avg_sr": 0.5290697674418605, "count": 172}, "region": {"avg_spl": 0.262359639208818, "avg_sr": 0.3939393939393939, "count": 198}, "room": {"avg_spl": 0.3157142466939974, "avg_sr": 0.5149700598802395, "count": 167}}
Elapsed 5 days, 7:59:12 [Metrics] sequence count: 685, invalid_count: 0, follower_error_count: 15, avg_sr: 0.440876, avg_spl: 0.276709

=== Episode ===: 17it [20:57:40, 2496.07s/it][AElapsed 5 days, 7:59:20 

Begin to process [00814-p53SfW6mjZe_sequence_17_0] type: [instance], Question: [stainless oven and stove with red knobs in kitchen near dark island beneath lake map and white cabinets]

Elapsed 5 days, 7:59:20 Current start position is [    -15.549      0.0239      2.2326]
Elapsed 5 days, 8:52:03 ===Episode_id 17 task_id 0 task_level=instance===
SR: True, SPL: 0.5606359234622692, Object category: oven and stove, goal type: sequence===

Elapsed 5 days, 8:52:03 [baseline] task_level=instance scene=00814-p53SfW6mjZe episode=17 task=0 sec=3162.261
Elapsed 5 days, 8:52:03 [BASELINE_LIVE_METRICS] rows=686 avg_sr=0.441691 avg_spl=0.277122 follower_error_count=15 levels=[object:n=172,sr=0.529070,spl=0.338167; room:n=167,sr=0.514970,spl=0.315714; region:n=198,sr=0.393939,spl=0.262360; instance:n=149,sr=0.322148,spl=0.183019] latest_scene=00814-p53SfW6mjZe latest_episode=17 latest_task=0 latest_level=instance by_level={"instance": {"avg_spl": 0.18301868116024464, "avg_sr": 0.3221476510067114, "count": 149}, "object": {"avg_spl": 0.3381669774624957, "avg_sr": 0.5290697674418605, "count": 172}, "region": {"avg_spl": 0.262359639208818, "avg_sr": 0.3939393939393939, "count": 198}, "room": {"avg_spl": 0.3157142466939974, "avg_sr": 0.5149700598802395, "count": 167}}
Elapsed 5 days, 8:52:03 

Begin to process [00814-p53SfW6mjZe_sequence_17_1] type: [region], Question: [table in the bedroom that has black metal-framed bed with striped bedding beneath two circular mandala prints, white desk beside brown dresser, and gray upholstered armchair near the patterned curtain]

Elapsed 5 days, 8:52:03 Current start position is [    -6.7612   0.0048132      4.6367]
Elapsed 5 days, 8:59:42 ===Episode_id 17 task_id 1 task_level=region===
SR: True, SPL: 0.3518650624029349, Object category: table, goal type: sequence===

Elapsed 5 days, 8:59:42 [baseline] task_level=region scene=00814-p53SfW6mjZe episode=17 task=1 sec=459.778
Elapsed 5 days, 8:59:43 [BASELINE_LIVE_METRICS] rows=687 avg_sr=0.442504 avg_spl=0.277231 follower_error_count=15 levels=[object:n=172,sr=0.529070,spl=0.338167; room:n=167,sr=0.514970,spl=0.315714; region:n=199,sr=0.396985,spl=0.262809; instance:n=149,sr=0.322148,spl=0.183019] latest_scene=00814-p53SfW6mjZe latest_episode=17 latest_task=1 latest_level=region by_level={"instance": {"avg_spl": 0.18301868116024464, "avg_sr": 0.3221476510067114, "count": 149}, "object": {"avg_spl": 0.3381669774624957, "avg_sr": 0.5290697674418605, "count": 172}, "region": {"avg_spl": 0.26280941520476836, "avg_sr": 0.3969849246231156, "count": 199}, "room": {"avg_spl": 0.3157142466939974, "avg_sr": 0.5149700598802395, "count": 167}}
Elapsed 5 days, 8:59:43 

Begin to process [00814-p53SfW6mjZe_sequence_17_2] type: [room], Question: [speaker in the living room]

Elapsed 5 days, 8:59:43 Current start position is [     -15.63   0.0048132      5.6257]
Elapsed 5 days, 9:00:54 ===Episode_id 17 task_id 2 task_level=room===
SR: True, SPL: 0.9442890474018165, Object category: speaker, goal type: sequence===

Elapsed 5 days, 9:00:54 [baseline] task_level=room scene=00814-p53SfW6mjZe episode=17 task=2 sec=71.002
Elapsed 5 days, 9:00:54 [BASELINE_LIVE_METRICS] rows=688 avg_sr=0.443314 avg_spl=0.278201 follower_error_count=15 levels=[object:n=172,sr=0.529070,spl=0.338167; room:n=168,sr=0.517857,spl=0.319456; region:n=199,sr=0.396985,spl=0.262809; instance:n=149,sr=0.322148,spl=0.183019] latest_scene=00814-p53SfW6mjZe latest_episode=17 latest_task=2 latest_level=room by_level={"instance": {"avg_spl": 0.18301868116024464, "avg_sr": 0.3221476510067114, "count": 149}, "object": {"avg_spl": 0.3381669774624957, "avg_sr": 0.5290697674418605, "count": 172}, "region": {"avg_spl": 0.26280941520476836, "avg_sr": 0.3969849246231156, "count": 199}, "room": {"avg_spl": 0.3194557633648773, "avg_sr": 0.5178571428571429, "count": 168}}
Elapsed 5 days, 9:00:54 

Begin to process [00814-p53SfW6mjZe_sequence_17_3] type: [room], Question: [sofa chair in the living room]

Elapsed 5 days, 9:00:54 Current start position is [     5.1888    0.037568       6.564]
Elapsed 5 days, 9:02:27 ===Episode_id 17 task_id 3 task_level=room===
SR: True, SPL: 0.3882351191991425, Object category: sofa chair, goal type: sequence===

Elapsed 5 days, 9:02:27 [baseline] task_level=room scene=00814-p53SfW6mjZe episode=17 task=3 sec=93.481
Elapsed 5 days, 9:02:27 [BASELINE_LIVE_METRICS] rows=689 avg_sr=0.444122 avg_spl=0.278360 follower_error_count=15 levels=[object:n=172,sr=0.529070,spl=0.338167; room:n=169,sr=0.520710,spl=0.319863; region:n=199,sr=0.396985,spl=0.262809; instance:n=149,sr=0.322148,spl=0.183019] latest_scene=00814-p53SfW6mjZe latest_episode=17 latest_task=3 latest_level=room by_level={"instance": {"avg_spl": 0.18301868116024464, "avg_sr": 0.3221476510067114, "count": 149}, "object": {"avg_spl": 0.3381669774624957, "avg_sr": 0.5290697674418605, "count": 172}, "region": {"avg_spl": 0.26280941520476836, "avg_sr": 0.3969849246231156, "count": 199}, "room": {"avg_spl": 0.31986274180176644, "avg_sr": 0.5207100591715976, "count": 169}}
Elapsed 5 days, 9:02:27 

Begin to process [00814-p53SfW6mjZe_sequence_17_4] type: [region], Question: [towel in the bathroom that has two framed floral prints on black vanity and toilet]

Elapsed 5 days, 9:02:27 Current start position is [     3.0615   0.0048132       2.059]
Elapsed 5 days, 9:04:38 ===Episode_id 17 task_id 4 task_level=region===
SR: False, SPL: 0.0, Object category: towel, goal type: sequence===

Elapsed 5 days, 9:04:38 [baseline] task_level=region scene=00814-p53SfW6mjZe episode=17 task=4 sec=131.147
Elapsed 5 days, 9:04:38 [BASELINE_LIVE_METRICS] rows=690 avg_sr=0.443478 avg_spl=0.277957 follower_error_count=15 levels=[object:n=172,sr=0.529070,spl=0.338167; room:n=169,sr=0.520710,spl=0.319863; region:n=200,sr=0.395000,spl=0.261495; instance:n=149,sr=0.322148,spl=0.183019] latest_scene=00814-p53SfW6mjZe latest_episode=17 latest_task=4 latest_level=region by_level={"instance": {"avg_spl": 0.18301868116024464, "avg_sr": 0.3221476510067114, "count": 149}, "object": {"avg_spl": 0.3381669774624957, "avg_sr": 0.5290697674418605, "count": 172}, "region": {"avg_spl": 0.2614953681287445, "avg_sr": 0.395, "count": 200}, "room": {"avg_spl": 0.31986274180176644, "avg_sr": 0.5207100591715976, "count": 169}}
Elapsed 5 days, 9:04:38 [Metrics] sequence count: 690, invalid_count: 0, follower_error_count: 15, avg_sr: 0.443478, avg_spl: 0.277957

=== Episode ===: 18it [22:03:06, 2925.74s/it][AElapsed 5 days, 9:04:48 

Begin to process [00814-p53SfW6mjZe_sequence_18_0] type: [instance], Question: [white kitchen cabinet above the toaster near oven and lake map]

Elapsed 5 days, 9:04:48 Current start position is [    -11.917     0.05277      2.5018]
Elapsed 5 days, 9:31:24 ===Episode_id 18 task_id 0 task_level=instance===
SR: False, SPL: 0.0, Object category: kitchen cabinet, goal type: sequence===

Elapsed 5 days, 9:31:24 [baseline] task_level=instance scene=00814-p53SfW6mjZe episode=18 task=0 sec=1595.290
Elapsed 5 days, 9:31:24 [BASELINE_LIVE_METRICS] rows=691 avg_sr=0.442836 avg_spl=0.277555 follower_error_count=15 levels=[object:n=172,sr=0.529070,spl=0.338167; room:n=169,sr=0.520710,spl=0.319863; region:n=200,sr=0.395000,spl=0.261495; instance:n=150,sr=0.320000,spl=0.181799] latest_scene=00814-p53SfW6mjZe latest_episode=18 latest_task=0 latest_level=instance by_level={"instance": {"avg_spl": 0.18179855661917635, "avg_sr": 0.32, "count": 150}, "object": {"avg_spl": 0.3381669774624957, "avg_sr": 0.5290697674418605, "count": 172}, "region": {"avg_spl": 0.2614953681287445, "avg_sr": 0.395, "count": 200}, "room": {"avg_spl": 0.31986274180176644, "avg_sr": 0.5207100591715976, "count": 169}}
Elapsed 5 days, 9:31:24 

Begin to process [00814-p53SfW6mjZe_sequence_18_1] type: [room], Question: [throw blanket in the living room]

Elapsed 5 days, 9:31:24 Current start position is [    -6.8505   0.0048132      5.3892]
Elapsed 5 days, 9:44:55 ===Episode_id 18 task_id 1 task_level=room===
SR: False, SPL: 0.0, Object category: throw blanket, goal type: sequence===

Elapsed 5 days, 9:44:55 [baseline] task_level=room scene=00814-p53SfW6mjZe episode=18 task=1 sec=811.378
Elapsed 5 days, 9:44:55 [BASELINE_LIVE_METRICS] rows=692 avg_sr=0.442197 avg_spl=0.277154 follower_error_count=15 levels=[object:n=172,sr=0.529070,spl=0.338167; room:n=170,sr=0.517647,spl=0.317981; region:n=200,sr=0.395000,spl=0.261495; instance:n=150,sr=0.320000,spl=0.181799] latest_scene=00814-p53SfW6mjZe latest_episode=18 latest_task=1 latest_level=room by_level={"instance": {"avg_spl": 0.18179855661917635, "avg_sr": 0.32, "count": 150}, "object": {"avg_spl": 0.3381669774624957, "avg_sr": 0.5290697674418605, "count": 172}, "region": {"avg_spl": 0.2614953681287445, "avg_sr": 0.395, "count": 200}, "room": {"avg_spl": 0.317981196261756, "avg_sr": 0.5176470588235295, "count": 170}}
Elapsed 5 days, 9:44:55 

Begin to process [00814-p53SfW6mjZe_sequence_18_2] type: [object], Question: [coffee machine]

Elapsed 5 days, 9:44:55 Current start position is [     4.7008   0.0048132      7.0221]
Elapsed 5 days, 9:46:23 ===Episode_id 18 task_id 2 task_level=object===
SR: False, SPL: 0.0, Object category: coffee machine, goal type: sequence===

Elapsed 5 days, 9:46:23 [baseline] task_level=object scene=00814-p53SfW6mjZe episode=18 task=2 sec=87.802
Elapsed 5 days, 9:46:23 [BASELINE_LIVE_METRICS] rows=693 avg_sr=0.441558 avg_spl=0.276754 follower_error_count=15 levels=[object:n=173,sr=0.526012,spl=0.336212; room:n=170,sr=0.517647,spl=0.317981; region:n=200,sr=0.395000,spl=0.261495; instance:n=150,sr=0.320000,spl=0.181799] latest_scene=00814-p53SfW6mjZe latest_episode=18 latest_task=2 latest_level=object by_level={"instance": {"avg_spl": 0.18179855661917635, "avg_sr": 0.32, "count": 150}, "object": {"avg_spl": 0.3362122550494177, "avg_sr": 0.5260115606936416, "count": 173}, "region": {"avg_spl": 0.2614953681287445, "avg_sr": 0.395, "count": 200}, "room": {"avg_spl": 0.317981196261756, "avg_sr": 0.5176470588235295, "count": 170}}
Elapsed 5 days, 9:46:23 

Begin to process [00814-p53SfW6mjZe_sequence_18_3] type: [object], Question: [book]

Elapsed 5 days, 9:46:23 Current start position is [    -15.503   0.0048132     -1.9865]
Elapsed 5 days, 9:47:45 ===Episode_id 18 task_id 3 task_level=object===
SR: False, SPL: 0.0, Object category: book, goal type: sequence===

Elapsed 5 days, 9:47:45 [baseline] task_level=object scene=00814-p53SfW6mjZe episode=18 task=3 sec=82.459
Elapsed 5 days, 9:47:45 [BASELINE_LIVE_METRICS] rows=694 avg_sr=0.440922 avg_spl=0.276355 follower_error_count=15 levels=[object:n=174,sr=0.522989,spl=0.334280; room:n=170,sr=0.517647,spl=0.317981; region:n=200,sr=0.395000,spl=0.261495; instance:n=150,sr=0.320000,spl=0.181799] latest_scene=00814-p53SfW6mjZe latest_episode=18 latest_task=3 latest_level=object by_level={"instance": {"avg_spl": 0.18179855661917635, "avg_sr": 0.32, "count": 150}, "object": {"avg_spl": 0.3342800007100532, "avg_sr": 0.5229885057471264, "count": 174}, "region": {"avg_spl": 0.2614953681287445, "avg_sr": 0.395, "count": 200}, "room": {"avg_spl": 0.317981196261756, "avg_sr": 0.5176470588235295, "count": 170}}
Elapsed 5 days, 9:47:45 

Begin to process [00814-p53SfW6mjZe_sequence_18_4] type: [room], Question: [refrigerator in the laundry room]

Elapsed 5 days, 9:47:45 Current start position is [    -6.3199    0.025729      1.0419]
Elapsed 5 days, 9:49:23 ===Episode_id 18 task_id 4 task_level=room===
SR: False, SPL: 0.0, Object category: refrigerator, goal type: sequence===

Elapsed 5 days, 9:49:23 [baseline] task_level=room scene=00814-p53SfW6mjZe episode=18 task=4 sec=97.715
Elapsed 5 days, 9:49:23 [BASELINE_LIVE_METRICS] rows=695 avg_sr=0.440288 avg_spl=0.275957 follower_error_count=15 levels=[object:n=174,sr=0.522989,spl=0.334280; room:n=171,sr=0.514620,spl=0.316122; region:n=200,sr=0.395000,spl=0.261495; instance:n=150,sr=0.320000,spl=0.181799] latest_scene=00814-p53SfW6mjZe latest_episode=18 latest_task=4 latest_level=room by_level={"instance": {"avg_spl": 0.18179855661917635, "avg_sr": 0.32, "count": 150}, "object": {"avg_spl": 0.3342800007100532, "avg_sr": 0.5229885057471264, "count": 174}, "region": {"avg_spl": 0.2614953681287445, "avg_sr": 0.395, "count": 200}, "room": {"avg_spl": 0.3161216571023306, "avg_sr": 0.5146198830409356, "count": 171}}
Elapsed 5 days, 9:49:23 [Metrics] sequence count: 695, invalid_count: 0, follower_error_count: 15, avg_sr: 0.440288, avg_spl: 0.275957

=== Episode ===: 19it [22:47:50, 2853.39s/it][AElapsed 5 days, 9:49:31 

Begin to process [00814-p53SfW6mjZe_sequence_19_0] type: [instance], Question: [hanging brown slatted grate in kitchen with dark island beneath lake map and stainless stove and oven]

Elapsed 5 days, 9:49:31 Current start position is [    -12.702     0.00481      5.4909]
Elapsed 5 days, 10:22:51 ===Episode_id 19 task_id 0 task_level=instance===
SR: False, SPL: 0.0, Object category: grate, goal type: sequence===

Elapsed 5 days, 10:22:51 [baseline] task_level=instance scene=00814-p53SfW6mjZe episode=19 task=0 sec=1999.951
Elapsed 5 days, 10:22:51 [BASELINE_LIVE_METRICS] rows=696 avg_sr=0.439655 avg_spl=0.275561 follower_error_count=15 levels=[object:n=174,sr=0.522989,spl=0.334280; room:n=171,sr=0.514620,spl=0.316122; region:n=200,sr=0.395000,spl=0.261495; instance:n=151,sr=0.317881,spl=0.180595] latest_scene=00814-p53SfW6mjZe latest_episode=19 latest_task=0 latest_level=instance by_level={"instance": {"avg_spl": 0.18059459266805597, "avg_sr": 0.31788079470198677, "count": 151}, "object": {"avg_spl": 0.3342800007100532, "avg_sr": 0.5229885057471264, "count": 174}, "region": {"avg_spl": 0.2614953681287445, "avg_sr": 0.395, "count": 200}, "room": {"avg_spl": 0.3161216571023306, "avg_sr": 0.5146198830409356, "count": 171}}
Elapsed 5 days, 10:22:51 

Begin to process [00814-p53SfW6mjZe_sequence_19_1] type: [region], Question: [table in the dining room that has wood dining table with bowl of fruit and carved chairs]

Elapsed 5 days, 10:22:51 Current start position is [    -6.2529   0.0048132      3.5887]
Elapsed 5 days, 10:24:05 ===Episode_id 19 task_id 1 task_level=region===
SR: True, SPL: 0.9011760949350599, Object category: table, goal type: sequence===

Elapsed 5 days, 10:24:05 [baseline] task_level=region scene=00814-p53SfW6mjZe episode=19 task=1 sec=73.871
Elapsed 5 days, 10:24:05 [BASELINE_LIVE_METRICS] rows=697 avg_sr=0.440459 avg_spl=0.276458 follower_error_count=15 levels=[object:n=174,sr=0.522989,spl=0.334280; room:n=171,sr=0.514620,spl=0.316122; region:n=201,sr=0.398010,spl=0.264678; instance:n=151,sr=0.317881,spl=0.180595] latest_scene=00814-p53SfW6mjZe latest_episode=19 latest_task=1 latest_level=region by_level={"instance": {"avg_spl": 0.18059459266805597, "avg_sr": 0.31788079470198677, "count": 151}, "object": {"avg_spl": 0.3342800007100532, "avg_sr": 0.5229885057471264, "count": 174}, "region": {"avg_spl": 0.26467785930688537, "avg_sr": 0.39800995024875624, "count": 201}, "room": {"avg_spl": 0.3161216571023306, "avg_sr": 0.5146198830409356, "count": 171}}
Elapsed 5 days, 10:24:05 

Begin to process [00814-p53SfW6mjZe_sequence_19_2] type: [object], Question: [board]

Elapsed 5 days, 10:24:05 Current start position is [    -1.9376   0.0048132      4.7168]
Elapsed 5 days, 10:35:06 ===Episode_id 19 task_id 2 task_level=object===
SR: False, SPL: 0.0, Object category: board, goal type: sequence===

Elapsed 5 days, 10:35:06 [baseline] task_level=object scene=00814-p53SfW6mjZe episode=19 task=2 sec=661.269
Elapsed 5 days, 10:35:06 [BASELINE_LIVE_METRICS] rows=698 avg_sr=0.439828 avg_spl=0.276062 follower_error_count=15 levels=[object:n=175,sr=0.520000,spl=0.332370; room:n=171,sr=0.514620,spl=0.316122; region:n=201,sr=0.398010,spl=0.264678; instance:n=151,sr=0.317881,spl=0.180595] latest_scene=00814-p53SfW6mjZe latest_episode=19 latest_task=2 latest_level=object by_level={"instance": {"avg_spl": 0.18059459266805597, "avg_sr": 0.31788079470198677, "count": 151}, "object": {"avg_spl": 0.3323698292774243, "avg_sr": 0.52, "count": 175}, "region": {"avg_spl": 0.26467785930688537, "avg_sr": 0.39800995024875624, "count": 201}, "room": {"avg_spl": 0.3161216571023306, "avg_sr": 0.5146198830409356, "count": 171}}
Elapsed 5 days, 10:35:06 

Begin to process [00814-p53SfW6mjZe_sequence_19_3] type: [room], Question: [mantel in the living room]

Elapsed 5 days, 10:35:06 Current start position is [     1.3242    0.054813      3.2339]
Elapsed 5 days, 10:51:00 ===Episode_id 19 task_id 3 task_level=room===
SR: True, SPL: 0.048898044798177276, Object category: mantel, goal type: sequence===

Elapsed 5 days, 10:51:00 [baseline] task_level=room scene=00814-p53SfW6mjZe episode=19 task=3 sec=953.466
Elapsed 5 days, 10:51:00 [BASELINE_LIVE_METRICS] rows=699 avg_sr=0.440629 avg_spl=0.275737 follower_error_count=15 levels=[object:n=175,sr=0.520000,spl=0.332370; room:n=172,sr=0.517442,spl=0.314568; region:n=201,sr=0.398010,spl=0.264678; instance:n=151,sr=0.317881,spl=0.180595] latest_scene=00814-p53SfW6mjZe latest_episode=19 latest_task=3 latest_level=room by_level={"instance": {"avg_spl": 0.18059459266805597, "avg_sr": 0.31788079470198677, "count": 151}, "object": {"avg_spl": 0.3323698292774243, "avg_sr": 0.52, "count": 175}, "region": {"avg_spl": 0.26467785930688537, "avg_sr": 0.39800995024875624, "count": 201}, "room": {"avg_spl": 0.31456803144939943, "avg_sr": 0.5174418604651163, "count": 172}}
Elapsed 5 days, 10:51:00 

Begin to process [00814-p53SfW6mjZe_sequence_19_4] type: [region], Question: [cabinet in the bathroom that has two framed floral prints on black vanity and toilet]

Elapsed 5 days, 10:51:00 Current start position is [     4.4987   0.0048132      4.7539]
Elapsed 5 days, 11:31:43 ===Episode_id 19 task_id 4 task_level=region===
SR: False, SPL: 0.0, Object category: cabinet, goal type: sequence===

Elapsed 5 days, 11:31:43 [baseline] task_level=region scene=00814-p53SfW6mjZe episode=19 task=4 sec=2443.643
Elapsed 5 days, 11:31:43 [BASELINE_LIVE_METRICS] rows=700 avg_sr=0.440000 avg_spl=0.275344 follower_error_count=15 levels=[object:n=175,sr=0.520000,spl=0.332370; room:n=172,sr=0.517442,spl=0.314568; region:n=202,sr=0.396040,spl=0.263368; instance:n=151,sr=0.317881,spl=0.180595] latest_scene=00814-p53SfW6mjZe latest_episode=19 latest_task=4 latest_level=region by_level={"instance": {"avg_spl": 0.18059459266805597, "avg_sr": 0.31788079470198677, "count": 151}, "object": {"avg_spl": 0.3323698292774243, "avg_sr": 0.52, "count": 175}, "region": {"avg_spl": 0.2633675728746731, "avg_sr": 0.39603960396039606, "count": 202}, "room": {"avg_spl": 0.31456803144939943, "avg_sr": 0.5174418604651163, "count": 172}}
Elapsed 5 days, 11:31:43 [Metrics] sequence count: 700, invalid_count: 0, follower_error_count: 15, avg_sr: 0.440000, avg_spl: 0.275344

=== Episode ===: 20it [24:30:11, 3840.25s/it][A=== Episode ===: 20it [24:30:11, 4410.56s/it]
Elapsed 5 days, 11:31:43 [Metrics] sequence count: 700, invalid_count: 0, follower_error_count: 15, avg_sr: 0.440000, avg_spl: 0.275344
*** Scene ***: 100%|##########| 7/7 [131:31:00<00:00, 68247.91s/it]   *** Scene ***: 100%|##########| 7/7 [131:31:00<00:00, 67637.19s/it]
Elapsed 5 days, 11:31:43 [Metrics] sequence count: 700, invalid_count: 0, follower_error_count: 15, avg_sr: 0.440000, avg_spl: 0.275344
Elapsed 5 days, 11:31:43 [Baseline] run finished, log saved -> /home/chenlin/krona/anchor-nav/output_logs/baseline_sam_all_0_0.2/20260524-010635-detailed-cuda3-rerun1/refhm3d-nav-sequence-baseline-20260524-010657-164216-pid423263.log
