Elapsed 0:00:00 [Baseline] logging enabled -> /home/chenlin/krona/anchor-nav/output_logs/baseline_all_0_0.2/20260513-112352-detailed/refhm3d-nav-sequence-baseline-20260513-112413-119890-pid1086119.log
Elapsed 0:00:00 [baseline] reproducibility_seed=1234
Elapsed 0:00:00 [baseline] 输出 JSON 每条记录含 task_level（object|room|region|instance），与 vlmcore refine 及 test_scripts/aggregate_shard_results.py --by-level 一致
Elapsed 0:00:00 [baseline] enabled_task_levels=['instance', 'object', 'region', 'room']
Elapsed 0:00:00 NUMBER OF BLACK IDS: 0
Elapsed 0:00:00 [baseline] live metrics log -> /home/chenlin/krona/anchor-nav/output_logs/baseline_all_0_0.2/20260513-112352-detailed/baseline_live_metrics_0.0_0.2.log
Elapsed 0:00:00 

Total selected number of scenes 7: ['00800-TEEsavR23oF.json.gz', '00802-wcojb4TFT35.json.gz', '00803-k1cupFYWXJ6.json.gz', '00808-y9hTuugGdiq.json.gz', '00810-CrMo8WxCyVb.json.gz', '00813-svBbv1Pavdk.json.gz', '00814-p53SfW6mjZe.json.gz']


/home/chenlin/krona/anchor-nav/hm3d-online/data_utils.py:314: UserWarning: 
The version_base parameter is not specified.
Please specify a compatability version level, or None.
Will assume defaults for version 1.1
  hydra.initialize(config_path=config_path)
Using PCDMask3DSegLevelEncoder module from Registry vision
Using ObjectEncoder module from Registry vision
Using QueryMaskEncoder module from Registry grounding
Using MaskHeadSegLevelWithBox module from Registry heads
Using OpenVocabHead module from Registry heads
/home/chenlin/krona/anchor-nav/hm3d-online/data_utils.py:326: UserWarning: 
The version_base parameter is not specified.
Please specify a compatability version level, or None.
Will assume defaults for version 1.1
  hydra.initialize(config_path=config_path)
Using CLIPLanguageEncoder module from Registry language
Using ObjectEncoder module from Registry vision
Using ObjectEncoder module from Registry vision
Using ObjectEncoder module from Registry vision
Using QueryMaskEncoder module from Registry grounding
Using GroundHead module from Registry heads
Using ClsHead module from Registry heads
Using DecisionHead module from Registry heads
*** Scene ***:   0%|          | 0/7 [00:00<?, ?it/s]Elapsed 0:00:10 




*************************** Processing 00800-TEEsavR23oF.json.gz, Total Episode 20 ***************************

=== Episode ===: 0it [00:00, ?it/s][AElapsed 0:00:17 

Begin to process [00800-TEEsavR23oF_sequence_0_0] type: [instance], Question: [tall brown wood wardrobe in bedroom with plain white sheets and light teal pillows on bed near Mickey Mouse plush toy]

Elapsed 0:00:17 Current start position is [     -4.039      3.1134    -0.06032]
Elapsed 0:19:24 ===Episode_id 0 task_id 0 task_level=instance===
SR: False, SPL: 0.0, Object category: wardrobe, goal type: sequence===

Elapsed 0:19:24 [baseline] task_level=instance scene=00800-TEEsavR23oF episode=0 task=0 sec=1147.623
Elapsed 0:19:24 [BASELINE_LIVE_METRICS] rows=1 avg_sr=0.000000 avg_spl=0.000000 follower_error_count=0 levels=[object:n=0,sr=0.000000,spl=0.000000; room:n=0,sr=0.000000,spl=0.000000; region:n=0,sr=0.000000,spl=0.000000; instance:n=1,sr=0.000000,spl=0.000000] latest_scene=00800-TEEsavR23oF latest_episode=0 latest_task=0 latest_level=instance by_level={"instance": {"avg_spl": 0.0, "avg_sr": 0.0, "count": 1}, "object": {"avg_spl": 0.0, "avg_sr": 0.0, "count": 0}, "region": {"avg_spl": 0.0, "avg_sr": 0.0, "count": 0}, "room": {"avg_spl": 0.0, "avg_sr": 0.0, "count": 0}}
Elapsed 0:19:24 

Begin to process [00800-TEEsavR23oF_sequence_0_1] type: [region], Question: [blanket in the office that has computer desk with printer and black PC tower, black office chair below colorful painting, rack with books and wicker basket, brown leather couch with diamond-patterned blanket by railing]

Elapsed 0:19:24 Current start position is [    -6.9065      3.1134     -5.6618]
Elapsed 0:21:06 ===Episode_id 0 task_id 1 task_level=region===
SR: False, SPL: 0.0, Object category: blanket, goal type: sequence===

Elapsed 0:21:06 [baseline] task_level=region scene=00800-TEEsavR23oF episode=0 task=1 sec=101.047
Elapsed 0:21:06 [BASELINE_LIVE_METRICS] rows=2 avg_sr=0.000000 avg_spl=0.000000 follower_error_count=0 levels=[object:n=0,sr=0.000000,spl=0.000000; room:n=0,sr=0.000000,spl=0.000000; region:n=1,sr=0.000000,spl=0.000000; instance:n=1,sr=0.000000,spl=0.000000] latest_scene=00800-TEEsavR23oF latest_episode=0 latest_task=1 latest_level=region by_level={"instance": {"avg_spl": 0.0, "avg_sr": 0.0, "count": 1}, "object": {"avg_spl": 0.0, "avg_sr": 0.0, "count": 0}, "region": {"avg_spl": 0.0, "avg_sr": 0.0, "count": 1}, "room": {"avg_spl": 0.0, "avg_sr": 0.0, "count": 0}}
Elapsed 0:21:06 

Begin to process [00800-TEEsavR23oF_sequence_0_2] type: [region], Question: [nightstand in the bedroom that has bed with plain white sheets and light teal pillows, tall wooden headboard, Mickey Mouse plush on dark wood nightstand, matching wardrobe and beige armchair, TV on wood cabinet]

Elapsed 0:21:06 Current start position is [    -3.7315      3.1134     -1.3249]
Elapsed 0:23:49 ===Episode_id 0 task_id 2 task_level=region===
SR: True, SPL: 0.8528518870108655, Object category: nightstand, goal type: sequence===

Elapsed 0:23:49 [baseline] task_level=region scene=00800-TEEsavR23oF episode=0 task=2 sec=163.035
Elapsed 0:23:49 [BASELINE_LIVE_METRICS] rows=3 avg_sr=0.333333 avg_spl=0.284284 follower_error_count=0 levels=[object:n=0,sr=0.000000,spl=0.000000; room:n=0,sr=0.000000,spl=0.000000; region:n=2,sr=0.500000,spl=0.426426; instance:n=1,sr=0.000000,spl=0.000000] latest_scene=00800-TEEsavR23oF latest_episode=0 latest_task=2 latest_level=region by_level={"instance": {"avg_spl": 0.0, "avg_sr": 0.0, "count": 1}, "object": {"avg_spl": 0.0, "avg_sr": 0.0, "count": 0}, "region": {"avg_spl": 0.4264259435054327, "avg_sr": 0.5, "count": 2}, "room": {"avg_spl": 0.0, "avg_sr": 0.0, "count": 0}}
Elapsed 0:23:49 

Begin to process [00800-TEEsavR23oF_sequence_0_3] type: [room], Question: [side table in the office]

Elapsed 0:23:49 Current start position is [    -1.8915      3.1634     -8.4412]
Elapsed 0:25:36 ===Episode_id 0 task_id 3 task_level=room===
SR: True, SPL: 0.620586783372296, Object category: side table, goal type: sequence===

Elapsed 0:25:36 [baseline] task_level=room scene=00800-TEEsavR23oF episode=0 task=3 sec=107.413
Elapsed 0:25:36 [BASELINE_LIVE_METRICS] rows=4 avg_sr=0.500000 avg_spl=0.368360 follower_error_count=0 levels=[object:n=0,sr=0.000000,spl=0.000000; room:n=1,sr=1.000000,spl=0.620587; region:n=2,sr=0.500000,spl=0.426426; instance:n=1,sr=0.000000,spl=0.000000] latest_scene=00800-TEEsavR23oF latest_episode=0 latest_task=3 latest_level=room by_level={"instance": {"avg_spl": 0.0, "avg_sr": 0.0, "count": 1}, "object": {"avg_spl": 0.0, "avg_sr": 0.0, "count": 0}, "region": {"avg_spl": 0.4264259435054327, "avg_sr": 0.5, "count": 2}, "room": {"avg_spl": 0.620586783372296, "avg_sr": 1.0, "count": 1}}
Elapsed 0:25:36 

Begin to process [00800-TEEsavR23oF_sequence_0_4] type: [region], Question: [bathroom cabinet in the bathroom that has toilet beside black toilet brush, dark wood single-sink vanity by dark blue bath mat, hanging beige towel, blue shower curtain with seashell, starfish, and coral motifs]

Elapsed 0:25:36 Current start position is [    -5.9397      3.1134   -0.025015]
Elapsed 0:28:17 ===Episode_id 0 task_id 4 task_level=region===
SR: True, SPL: 0.8875872732674863, Object category: bathroom cabinet, goal type: sequence===

Elapsed 0:28:17 [baseline] task_level=region scene=00800-TEEsavR23oF episode=0 task=4 sec=161.505
Elapsed 0:28:17 [BASELINE_LIVE_METRICS] rows=5 avg_sr=0.600000 avg_spl=0.472205 follower_error_count=0 levels=[object:n=0,sr=0.000000,spl=0.000000; room:n=1,sr=1.000000,spl=0.620587; region:n=3,sr=0.666667,spl=0.580146; instance:n=1,sr=0.000000,spl=0.000000] latest_scene=00800-TEEsavR23oF latest_episode=0 latest_task=4 latest_level=region by_level={"instance": {"avg_spl": 0.0, "avg_sr": 0.0, "count": 1}, "object": {"avg_spl": 0.0, "avg_sr": 0.0, "count": 0}, "region": {"avg_spl": 0.5801463867594506, "avg_sr": 0.6666666666666666, "count": 3}, "room": {"avg_spl": 0.620586783372296, "avg_sr": 1.0, "count": 1}}
Elapsed 0:28:17 [Metrics] sequence count: 5, invalid_count: 0, follower_error_count: 0, avg_sr: 0.600000, avg_spl: 0.472205

=== Episode ===: 1it [28:07, 1687.02s/it][AElapsed 0:28:25 

Begin to process [00800-TEEsavR23oF_sequence_1_0] type: [instance], Question: [wood dresser below TV in bedroom with bed with plain white sheets and light teal pillows near Mickey Mouse plush toy]

Elapsed 0:28:25 Current start position is [    -5.7018      3.1134    -0.97872]
Elapsed 0:37:58 ===Episode_id 1 task_id 0 task_level=instance===
SR: True, SPL: 0.3933276118636017, Object category: wardrobe, goal type: sequence===

Elapsed 0:37:58 [baseline] task_level=instance scene=00800-TEEsavR23oF episode=1 task=0 sec=572.884
Elapsed 0:37:58 [BASELINE_LIVE_METRICS] rows=6 avg_sr=0.666667 avg_spl=0.459059 follower_error_count=0 levels=[object:n=0,sr=0.000000,spl=0.000000; room:n=1,sr=1.000000,spl=0.620587; region:n=3,sr=0.666667,spl=0.580146; instance:n=2,sr=0.500000,spl=0.196664] latest_scene=00800-TEEsavR23oF latest_episode=1 latest_task=0 latest_level=instance by_level={"instance": {"avg_spl": 0.19666380593180086, "avg_sr": 0.5, "count": 2}, "object": {"avg_spl": 0.0, "avg_sr": 0.0, "count": 0}, "region": {"avg_spl": 0.5801463867594506, "avg_sr": 0.6666666666666666, "count": 3}, "room": {"avg_spl": 0.620586783372296, "avg_sr": 1.0, "count": 1}}
Elapsed 0:37:58 

Begin to process [00800-TEEsavR23oF_sequence_1_1] type: [room], Question: [picture in the hall]

Elapsed 0:37:58 Current start position is [   -0.17886      3.1134     -5.6406]
Elapsed 0:38:28 ===Episode_id 1 task_id 1 task_level=room===
SR: False, SPL: 0.0, Object category: picture, goal type: sequence===

Elapsed 0:38:28 [baseline] task_level=room scene=00800-TEEsavR23oF episode=1 task=1 sec=30.603
Elapsed 0:38:28 [BASELINE_LIVE_METRICS] rows=7 avg_sr=0.571429 avg_spl=0.393479 follower_error_count=0 levels=[object:n=0,sr=0.000000,spl=0.000000; room:n=2,sr=0.500000,spl=0.310293; region:n=3,sr=0.666667,spl=0.580146; instance:n=2,sr=0.500000,spl=0.196664] latest_scene=00800-TEEsavR23oF latest_episode=1 latest_task=1 latest_level=room by_level={"instance": {"avg_spl": 0.19666380593180086, "avg_sr": 0.5, "count": 2}, "object": {"avg_spl": 0.0, "avg_sr": 0.0, "count": 0}, "region": {"avg_spl": 0.5801463867594506, "avg_sr": 0.6666666666666666, "count": 3}, "room": {"avg_spl": 0.310293391686148, "avg_sr": 0.5, "count": 2}}
Elapsed 0:38:28 

Begin to process [00800-TEEsavR23oF_sequence_1_2] type: [room], Question: [pc tower in the office]

Elapsed 0:38:28 Current start position is [    -4.6396      3.1134   -0.082641]
Elapsed 0:39:05 ===Episode_id 1 task_id 2 task_level=room===
SR: False, SPL: 0.0, Object category: pc tower, goal type: sequence===

Elapsed 0:39:05 [baseline] task_level=room scene=00800-TEEsavR23oF episode=1 task=2 sec=36.867
Elapsed 0:39:05 [BASELINE_LIVE_METRICS] rows=8 avg_sr=0.500000 avg_spl=0.344294 follower_error_count=0 levels=[object:n=0,sr=0.000000,spl=0.000000; room:n=3,sr=0.333333,spl=0.206862; region:n=3,sr=0.666667,spl=0.580146; instance:n=2,sr=0.500000,spl=0.196664] latest_scene=00800-TEEsavR23oF latest_episode=1 latest_task=2 latest_level=room by_level={"instance": {"avg_spl": 0.19666380593180086, "avg_sr": 0.5, "count": 2}, "object": {"avg_spl": 0.0, "avg_sr": 0.0, "count": 0}, "region": {"avg_spl": 0.5801463867594506, "avg_sr": 0.6666666666666666, "count": 3}, "room": {"avg_spl": 0.20686226112409867, "avg_sr": 0.3333333333333333, "count": 3}}
Elapsed 0:39:05 

Begin to process [00800-TEEsavR23oF_sequence_1_3] type: [region], Question: [bed in the bedroom that has bed with plain white sheets and light teal pillows, tall wooden headboard, Mickey Mouse plush on dark wood nightstand, matching wardrobe and beige armchair, TV on wood cabinet]

Elapsed 0:39:05 Current start position is [    -3.8736        3.15     -4.9631]
Elapsed 0:39:55 ===Episode_id 1 task_id 3 task_level=region===
SR: True, SPL: 0.5872560249862968, Object category: bed, goal type: sequence===

Elapsed 0:39:55 [baseline] task_level=region scene=00800-TEEsavR23oF episode=1 task=3 sec=49.483
Elapsed 0:39:55 [BASELINE_LIVE_METRICS] rows=9 avg_sr=0.555556 avg_spl=0.371290 follower_error_count=0 levels=[object:n=0,sr=0.000000,spl=0.000000; room:n=3,sr=0.333333,spl=0.206862; region:n=4,sr=0.750000,spl=0.581924; instance:n=2,sr=0.500000,spl=0.196664] latest_scene=00800-TEEsavR23oF latest_episode=1 latest_task=3 latest_level=region by_level={"instance": {"avg_spl": 0.19666380593180086, "avg_sr": 0.5, "count": 2}, "object": {"avg_spl": 0.0, "avg_sr": 0.0, "count": 0}, "region": {"avg_spl": 0.5819237963161621, "avg_sr": 0.75, "count": 4}, "room": {"avg_spl": 0.20686226112409867, "avg_sr": 0.3333333333333333, "count": 3}}
Elapsed 0:39:55 

Begin to process [00800-TEEsavR23oF_sequence_1_4] type: [object], Question: [shower curtain]

Elapsed 0:39:55 Current start position is [    -1.0749        3.12     -7.5125]
Elapsed 0:41:12 ===Episode_id 1 task_id 4 task_level=object===
SR: True, SPL: 0.8291733459917128, Object category: shower curtain, goal type: sequence===

Elapsed 0:41:12 [baseline] task_level=object scene=00800-TEEsavR23oF episode=1 task=4 sec=76.829
Elapsed 0:41:12 [BASELINE_LIVE_METRICS] rows=10 avg_sr=0.600000 avg_spl=0.417078 follower_error_count=0 levels=[object:n=1,sr=1.000000,spl=0.829173; room:n=3,sr=0.333333,spl=0.206862; region:n=4,sr=0.750000,spl=0.581924; instance:n=2,sr=0.500000,spl=0.196664] latest_scene=00800-TEEsavR23oF latest_episode=1 latest_task=4 latest_level=object by_level={"instance": {"avg_spl": 0.19666380593180086, "avg_sr": 0.5, "count": 2}, "object": {"avg_spl": 0.8291733459917128, "avg_sr": 1.0, "count": 1}, "region": {"avg_spl": 0.5819237963161621, "avg_sr": 0.75, "count": 4}, "room": {"avg_spl": 0.20686226112409867, "avg_sr": 0.3333333333333333, "count": 3}}
Elapsed 0:41:12 [Metrics] sequence count: 10, invalid_count: 0, follower_error_count: 0, avg_sr: 0.600000, avg_spl: 0.417078

=== Episode ===: 2it [41:01, 1150.03s/it][AElapsed 0:41:18 

Begin to process [00800-TEEsavR23oF_sequence_2_0] type: [instance], Question: [white bed with mint pillows and wood headboard in bedroom with Mickey Mouse plush on dark wood nightstand and TV on wood cabinet]

Elapsed 0:41:18 Current start position is [    -5.1674      3.1134     -1.1771]
Elapsed 0:48:04 ===Episode_id 2 task_id 0 task_level=instance===
SR: False, SPL: 0.0, Object category: bed, goal type: sequence===

Elapsed 0:48:04 [baseline] task_level=instance scene=00800-TEEsavR23oF episode=2 task=0 sec=406.081
Elapsed 0:48:04 [BASELINE_LIVE_METRICS] rows=11 avg_sr=0.545455 avg_spl=0.379162 follower_error_count=0 levels=[object:n=1,sr=1.000000,spl=0.829173; room:n=3,sr=0.333333,spl=0.206862; region:n=4,sr=0.750000,spl=0.581924; instance:n=3,sr=0.333333,spl=0.131109] latest_scene=00800-TEEsavR23oF latest_episode=2 latest_task=0 latest_level=instance by_level={"instance": {"avg_spl": 0.1311092039545339, "avg_sr": 0.3333333333333333, "count": 3}, "object": {"avg_spl": 0.8291733459917128, "avg_sr": 1.0, "count": 1}, "region": {"avg_spl": 0.5819237963161621, "avg_sr": 0.75, "count": 4}, "room": {"avg_spl": 0.20686226112409867, "avg_sr": 0.3333333333333333, "count": 3}}
Elapsed 0:48:04 

Begin to process [00800-TEEsavR23oF_sequence_2_1] type: [room], Question: [wardrobe in the office]

Elapsed 0:48:04 Current start position is [    -1.0642      3.1158     -7.6066]
Elapsed 0:49:09 ===Episode_id 2 task_id 1 task_level=room===
SR: False, SPL: 0.0, Object category: wardrobe, goal type: sequence===

Elapsed 0:49:09 [baseline] task_level=room scene=00800-TEEsavR23oF episode=2 task=1 sec=65.334
Elapsed 0:49:09 [BASELINE_LIVE_METRICS] rows=12 avg_sr=0.500000 avg_spl=0.347565 follower_error_count=0 levels=[object:n=1,sr=1.000000,spl=0.829173; room:n=4,sr=0.250000,spl=0.155147; region:n=4,sr=0.750000,spl=0.581924; instance:n=3,sr=0.333333,spl=0.131109] latest_scene=00800-TEEsavR23oF latest_episode=2 latest_task=1 latest_level=room by_level={"instance": {"avg_spl": 0.1311092039545339, "avg_sr": 0.3333333333333333, "count": 3}, "object": {"avg_spl": 0.8291733459917128, "avg_sr": 1.0, "count": 1}, "region": {"avg_spl": 0.5819237963161621, "avg_sr": 0.75, "count": 4}, "room": {"avg_spl": 0.155146695843074, "avg_sr": 0.25, "count": 4}}
Elapsed 0:49:09 

Begin to process [00800-TEEsavR23oF_sequence_2_2] type: [object], Question: [shower curtain]

Elapsed 0:49:09 Current start position is [     -3.454      3.1134     -1.8659]
Elapsed 0:50:40 ===Episode_id 2 task_id 2 task_level=object===
SR: True, SPL: 0.8476801065263797, Object category: shower curtain, goal type: sequence===

Elapsed 0:50:40 [baseline] task_level=object scene=00800-TEEsavR23oF episode=2 task=2 sec=91.331
Elapsed 0:50:40 [BASELINE_LIVE_METRICS] rows=13 avg_sr=0.538462 avg_spl=0.386036 follower_error_count=0 levels=[object:n=2,sr=1.000000,spl=0.838427; room:n=4,sr=0.250000,spl=0.155147; region:n=4,sr=0.750000,spl=0.581924; instance:n=3,sr=0.333333,spl=0.131109] latest_scene=00800-TEEsavR23oF latest_episode=2 latest_task=2 latest_level=object by_level={"instance": {"avg_spl": 0.1311092039545339, "avg_sr": 0.3333333333333333, "count": 3}, "object": {"avg_spl": 0.8384267262590462, "avg_sr": 1.0, "count": 2}, "region": {"avg_spl": 0.5819237963161621, "avg_sr": 0.75, "count": 4}, "room": {"avg_spl": 0.155146695843074, "avg_sr": 0.25, "count": 4}}
Elapsed 0:50:40 

Begin to process [00800-TEEsavR23oF_sequence_2_3] type: [room], Question: [side table in the office]

Elapsed 0:50:40 Current start position is [    -6.0261      3.1134     -7.8177]
Elapsed 0:51:50 ===Episode_id 2 task_id 3 task_level=room===
SR: True, SPL: 0.5567057063333696, Object category: side table, goal type: sequence===

Elapsed 0:51:50 [baseline] task_level=room scene=00800-TEEsavR23oF episode=2 task=3 sec=69.778
Elapsed 0:51:50 [BASELINE_LIVE_METRICS] rows=14 avg_sr=0.571429 avg_spl=0.398226 follower_error_count=0 levels=[object:n=2,sr=1.000000,spl=0.838427; room:n=5,sr=0.400000,spl=0.235458; region:n=4,sr=0.750000,spl=0.581924; instance:n=3,sr=0.333333,spl=0.131109] latest_scene=00800-TEEsavR23oF latest_episode=2 latest_task=3 latest_level=room by_level={"instance": {"avg_spl": 0.1311092039545339, "avg_sr": 0.3333333333333333, "count": 3}, "object": {"avg_spl": 0.8384267262590462, "avg_sr": 1.0, "count": 2}, "region": {"avg_spl": 0.5819237963161621, "avg_sr": 0.75, "count": 4}, "room": {"avg_spl": 0.2354584979411331, "avg_sr": 0.4, "count": 5}}
Elapsed 0:51:50 

Begin to process [00800-TEEsavR23oF_sequence_2_4] type: [room], Question: [cross trainer in the office]

Elapsed 0:51:50 Current start position is [    -5.9288      3.1134     0.07712]
Elapsed 0:52:36 ===Episode_id 2 task_id 4 task_level=room===
SR: True, SPL: 0.5049607647051263, Object category: cross trainer, goal type: sequence===

Elapsed 0:52:36 [baseline] task_level=room scene=00800-TEEsavR23oF episode=2 task=4 sec=45.955
Elapsed 0:52:36 [BASELINE_LIVE_METRICS] rows=15 avg_sr=0.600000 avg_spl=0.405342 follower_error_count=0 levels=[object:n=2,sr=1.000000,spl=0.838427; room:n=6,sr=0.500000,spl=0.280376; region:n=4,sr=0.750000,spl=0.581924; instance:n=3,sr=0.333333,spl=0.131109] latest_scene=00800-TEEsavR23oF latest_episode=2 latest_task=4 latest_level=room by_level={"instance": {"avg_spl": 0.1311092039545339, "avg_sr": 0.3333333333333333, "count": 3}, "object": {"avg_spl": 0.8384267262590462, "avg_sr": 1.0, "count": 2}, "region": {"avg_spl": 0.5819237963161621, "avg_sr": 0.75, "count": 4}, "room": {"avg_spl": 0.2803755424017986, "avg_sr": 0.5, "count": 6}}
Elapsed 0:52:36 [Metrics] sequence count: 15, invalid_count: 0, follower_error_count: 0, avg_sr: 0.600000, avg_spl: 0.405342

=== Episode ===: 3it [52:25, 937.44s/it] [AElapsed 0:52:43 

Begin to process [00800-TEEsavR23oF_sequence_3_0] type: [instance], Question: [micky mouse plush toy in bedroom with bed having plain white sheets and light teal pillows and beige armchair]

Elapsed 0:52:43 Current start position is [     -5.834      3.1134     -2.6407]
Elapsed 0:57:39 ===Episode_id 3 task_id 0 task_level=instance===
SR: False, SPL: 0.0, Object category: plush toy, goal type: sequence===

Elapsed 0:57:39 [baseline] task_level=instance scene=00800-TEEsavR23oF episode=3 task=0 sec=295.930
Elapsed 0:57:39 [BASELINE_LIVE_METRICS] rows=16 avg_sr=0.562500 avg_spl=0.380008 follower_error_count=0 levels=[object:n=2,sr=1.000000,spl=0.838427; room:n=6,sr=0.500000,spl=0.280376; region:n=4,sr=0.750000,spl=0.581924; instance:n=4,sr=0.250000,spl=0.098332] latest_scene=00800-TEEsavR23oF latest_episode=3 latest_task=0 latest_level=instance by_level={"instance": {"avg_spl": 0.09833190296590043, "avg_sr": 0.25, "count": 4}, "object": {"avg_spl": 0.8384267262590462, "avg_sr": 1.0, "count": 2}, "region": {"avg_spl": 0.5819237963161621, "avg_sr": 0.75, "count": 4}, "room": {"avg_spl": 0.2803755424017986, "avg_sr": 0.5, "count": 6}}
Elapsed 0:57:39 

Begin to process [00800-TEEsavR23oF_sequence_3_1] type: [region], Question: [blanket in the office that has computer desk with printer and black PC tower, black office chair below colorful painting, rack with books and wicker basket, brown leather couch with diamond-patterned blanket by railing]

Elapsed 0:57:39 Current start position is [     -6.868      3.1134     -3.3517]
Elapsed 0:58:08 ===Episode_id 3 task_id 1 task_level=region===
SR: True, SPL: 0.26741532134261237, Object category: blanket, goal type: sequence===

Elapsed 0:58:08 [baseline] task_level=region scene=00800-TEEsavR23oF episode=3 task=1 sec=29.016
Elapsed 0:58:08 [BASELINE_LIVE_METRICS] rows=17 avg_sr=0.588235 avg_spl=0.373385 follower_error_count=0 levels=[object:n=2,sr=1.000000,spl=0.838427; room:n=6,sr=0.500000,spl=0.280376; region:n=5,sr=0.800000,spl=0.519022; instance:n=4,sr=0.250000,spl=0.098332] latest_scene=00800-TEEsavR23oF latest_episode=3 latest_task=1 latest_level=region by_level={"instance": {"avg_spl": 0.09833190296590043, "avg_sr": 0.25, "count": 4}, "object": {"avg_spl": 0.8384267262590462, "avg_sr": 1.0, "count": 2}, "region": {"avg_spl": 0.5190221013214521, "avg_sr": 0.8, "count": 5}, "room": {"avg_spl": 0.2803755424017986, "avg_sr": 0.5, "count": 6}}
Elapsed 0:58:08 

Begin to process [00800-TEEsavR23oF_sequence_3_2] type: [object], Question: [shower curtain]

Elapsed 0:58:08 Current start position is [    -5.7928      3.1134    -0.02672]
Elapsed 0:59:27 Target is not navigable
Elapsed 0:59:27 cannt find path
Elapsed 0:59:27 [baseline][follow-error] scene=00800-TEEsavR23oF episode_id=3 task_id=2 task_level=object final=True error=GreedyFollowerError path_found=False
Elapsed 0:59:27 ===Episode_id 3 task_id 2 task_level=object===
SR: 0, SPL: 0, Object category: shower curtain, goal type: sequence===

Elapsed 0:59:27 [baseline] task_level=object scene=00800-TEEsavR23oF episode=3 task=2 sec=78.713
Elapsed 0:59:27 [BASELINE_LIVE_METRICS] rows=18 avg_sr=0.555556 avg_spl=0.352641 follower_error_count=1 levels=[object:n=3,sr=0.666667,spl=0.558951; room:n=6,sr=0.500000,spl=0.280376; region:n=5,sr=0.800000,spl=0.519022; instance:n=4,sr=0.250000,spl=0.098332] latest_scene=00800-TEEsavR23oF latest_episode=3 latest_task=2 latest_level=object by_level={"instance": {"avg_spl": 0.09833190296590043, "avg_sr": 0.25, "count": 4}, "object": {"avg_spl": 0.5589511508393642, "avg_sr": 0.6666666666666666, "count": 3}, "region": {"avg_spl": 0.5190221013214521, "avg_sr": 0.8, "count": 5}, "room": {"avg_spl": 0.2803755424017986, "avg_sr": 0.5, "count": 6}}
Elapsed 0:59:27 

Begin to process [00800-TEEsavR23oF_sequence_3_3] type: [object], Question: [tv]

Elapsed 0:59:27 Current start position is [    -5.7928      3.1134    -0.02672]
Elapsed 1:02:28 ===Episode_id 3 task_id 3 task_level=object===
SR: True, SPL: 0.6576386847039571, Object category: tv, goal type: sequence===

Elapsed 1:02:28 [baseline] task_level=object scene=00800-TEEsavR23oF episode=3 task=3 sec=180.840
Elapsed 1:02:28 [BASELINE_LIVE_METRICS] rows=19 avg_sr=0.578947 avg_spl=0.368694 follower_error_count=1 levels=[object:n=4,sr=0.750000,spl=0.583623; room:n=6,sr=0.500000,spl=0.280376; region:n=5,sr=0.800000,spl=0.519022; instance:n=4,sr=0.250000,spl=0.098332] latest_scene=00800-TEEsavR23oF latest_episode=3 latest_task=3 latest_level=object by_level={"instance": {"avg_spl": 0.09833190296590043, "avg_sr": 0.25, "count": 4}, "object": {"avg_spl": 0.5836230343055124, "avg_sr": 0.75, "count": 4}, "region": {"avg_spl": 0.5190221013214521, "avg_sr": 0.8, "count": 5}, "room": {"avg_spl": 0.2803755424017986, "avg_sr": 0.5, "count": 6}}
Elapsed 1:02:28 

Begin to process [00800-TEEsavR23oF_sequence_3_4] type: [object], Question: [photo]

Elapsed 1:02:28 Current start position is [   -0.27136      3.1134     -5.6118]
Elapsed 1:04:02 ===Episode_id 3 task_id 4 task_level=object===
SR: False, SPL: 0.0, Object category: photo, goal type: sequence===

Elapsed 1:04:02 [baseline] task_level=object scene=00800-TEEsavR23oF episode=3 task=4 sec=94.493
Elapsed 1:04:02 [BASELINE_LIVE_METRICS] rows=20 avg_sr=0.550000 avg_spl=0.350259 follower_error_count=1 levels=[object:n=5,sr=0.600000,spl=0.466898; room:n=6,sr=0.500000,spl=0.280376; region:n=5,sr=0.800000,spl=0.519022; instance:n=4,sr=0.250000,spl=0.098332] latest_scene=00800-TEEsavR23oF latest_episode=3 latest_task=4 latest_level=object by_level={"instance": {"avg_spl": 0.09833190296590043, "avg_sr": 0.25, "count": 4}, "object": {"avg_spl": 0.46689842744440996, "avg_sr": 0.6, "count": 5}, "region": {"avg_spl": 0.5190221013214521, "avg_sr": 0.8, "count": 5}, "room": {"avg_spl": 0.2803755424017986, "avg_sr": 0.5, "count": 6}}
Elapsed 1:04:02 [Metrics] sequence count: 20, invalid_count: 0, follower_error_count: 1, avg_sr: 0.550000, avg_spl: 0.350259

=== Episode ===: 4it [1:03:51, 838.21s/it][AElapsed 1:04:08 

Begin to process [00800-TEEsavR23oF_sequence_4_0] type: [instance], Question: [beige bear plush toy beside Mickey Mouse plush toy on nightstand in bedroom with bed having plain white sheets and light teal pillows]

Elapsed 1:04:08 Current start position is [    -5.1054      3.1134     -1.5611]
Elapsed 1:10:51 ===Episode_id 4 task_id 0 task_level=instance===
SR: False, SPL: 0.0, Object category: plush toy, goal type: sequence===

Elapsed 1:10:51 [baseline] task_level=instance scene=00800-TEEsavR23oF episode=4 task=0 sec=402.233
Elapsed 1:10:51 [BASELINE_LIVE_METRICS] rows=21 avg_sr=0.523810 avg_spl=0.333580 follower_error_count=1 levels=[object:n=5,sr=0.600000,spl=0.466898; room:n=6,sr=0.500000,spl=0.280376; region:n=5,sr=0.800000,spl=0.519022; instance:n=5,sr=0.200000,spl=0.078666] latest_scene=00800-TEEsavR23oF latest_episode=4 latest_task=0 latest_level=instance by_level={"instance": {"avg_spl": 0.07866552237272034, "avg_sr": 0.2, "count": 5}, "object": {"avg_spl": 0.46689842744440996, "avg_sr": 0.6, "count": 5}, "region": {"avg_spl": 0.5190221013214521, "avg_sr": 0.8, "count": 5}, "room": {"avg_spl": 0.2803755424017986, "avg_sr": 0.5, "count": 6}}
Elapsed 1:10:51 

Begin to process [00800-TEEsavR23oF_sequence_4_1] type: [room], Question: [table in the office]

Elapsed 1:10:51 Current start position is [    -5.9168      3.1134    -0.25164]
Elapsed 1:12:16 ===Episode_id 4 task_id 1 task_level=room===
SR: True, SPL: 0.023620880401003533, Object category: table, goal type: sequence===

Elapsed 1:12:16 [baseline] task_level=room scene=00800-TEEsavR23oF episode=4 task=1 sec=85.148
Elapsed 1:12:16 [BASELINE_LIVE_METRICS] rows=22 avg_sr=0.545455 avg_spl=0.319491 follower_error_count=1 levels=[object:n=5,sr=0.600000,spl=0.466898; room:n=7,sr=0.571429,spl=0.243696; region:n=5,sr=0.800000,spl=0.519022; instance:n=5,sr=0.200000,spl=0.078666] latest_scene=00800-TEEsavR23oF latest_episode=4 latest_task=1 latest_level=room by_level={"instance": {"avg_spl": 0.07866552237272034, "avg_sr": 0.2, "count": 5}, "object": {"avg_spl": 0.46689842744440996, "avg_sr": 0.6, "count": 5}, "region": {"avg_spl": 0.5190221013214521, "avg_sr": 0.8, "count": 5}, "room": {"avg_spl": 0.24369630497311362, "avg_sr": 0.5714285714285714, "count": 7}}
Elapsed 1:12:16 

Begin to process [00800-TEEsavR23oF_sequence_4_2] type: [region], Question: [wardrobe in the bedroom that has bed with plain white sheets and light teal pillows, tall wooden headboard, Mickey Mouse plush on dark wood nightstand, matching wardrobe and beige armchair, TV on wood cabinet]

Elapsed 1:12:16 Current start position is [    -6.5608      3.1134     -3.3725]
Elapsed 1:20:45 ===Episode_id 4 task_id 2 task_level=region===
SR: False, SPL: 0.0, Object category: wardrobe, goal type: sequence===

Elapsed 1:20:45 [baseline] task_level=region scene=00800-TEEsavR23oF episode=4 task=2 sec=508.825
Elapsed 1:20:45 [BASELINE_LIVE_METRICS] rows=23 avg_sr=0.521739 avg_spl=0.305600 follower_error_count=1 levels=[object:n=5,sr=0.600000,spl=0.466898; room:n=7,sr=0.571429,spl=0.243696; region:n=6,sr=0.666667,spl=0.432518; instance:n=5,sr=0.200000,spl=0.078666] latest_scene=00800-TEEsavR23oF latest_episode=4 latest_task=2 latest_level=region by_level={"instance": {"avg_spl": 0.07866552237272034, "avg_sr": 0.2, "count": 5}, "object": {"avg_spl": 0.46689842744440996, "avg_sr": 0.6, "count": 5}, "region": {"avg_spl": 0.43251841776787675, "avg_sr": 0.6666666666666666, "count": 6}, "room": {"avg_spl": 0.24369630497311362, "avg_sr": 0.5714285714285714, "count": 7}}
Elapsed 1:20:45 

Begin to process [00800-TEEsavR23oF_sequence_4_3] type: [region], Question: [cabinet in the bathroom that has toilet beside black toilet brush, dark wood single-sink vanity by dark blue bath mat, hanging beige towel, blue shower curtain with seashell, starfish, and coral motifs]

Elapsed 1:20:45 Current start position is [    -1.1626      3.1175     -7.4747]
Elapsed 1:21:59 ===Episode_id 4 task_id 3 task_level=region===
SR: True, SPL: 0.8020028066544425, Object category: cabinet, goal type: sequence===

Elapsed 1:21:59 [baseline] task_level=region scene=00800-TEEsavR23oF episode=4 task=3 sec=74.489
Elapsed 1:21:59 [BASELINE_LIVE_METRICS] rows=24 avg_sr=0.541667 avg_spl=0.326284 follower_error_count=1 levels=[object:n=5,sr=0.600000,spl=0.466898; room:n=7,sr=0.571429,spl=0.243696; region:n=7,sr=0.714286,spl=0.485302; instance:n=5,sr=0.200000,spl=0.078666] latest_scene=00800-TEEsavR23oF latest_episode=4 latest_task=3 latest_level=region by_level={"instance": {"avg_spl": 0.07866552237272034, "avg_sr": 0.2, "count": 5}, "object": {"avg_spl": 0.46689842744440996, "avg_sr": 0.6, "count": 5}, "region": {"avg_spl": 0.485301901894529, "avg_sr": 0.7142857142857143, "count": 7}, "room": {"avg_spl": 0.24369630497311362, "avg_sr": 0.5714285714285714, "count": 7}}
Elapsed 1:21:59 

Begin to process [00800-TEEsavR23oF_sequence_4_4] type: [region], Question: [tv in the bedroom that has bed with plain white sheets and light teal pillows, tall wooden headboard, Mickey Mouse plush on dark wood nightstand, matching wardrobe and beige armchair, TV on wood cabinet]

Elapsed 1:21:59 Current start position is [     -4.391      3.1321     -7.9229]
Elapsed 1:23:31 ===Episode_id 4 task_id 4 task_level=region===
SR: True, SPL: 0.7290283169651903, Object category: tv, goal type: sequence===

Elapsed 1:23:31 [baseline] task_level=region scene=00800-TEEsavR23oF episode=4 task=4 sec=91.846
Elapsed 1:23:31 [BASELINE_LIVE_METRICS] rows=25 avg_sr=0.560000 avg_spl=0.342393 follower_error_count=1 levels=[object:n=5,sr=0.600000,spl=0.466898; room:n=7,sr=0.571429,spl=0.243696; region:n=8,sr=0.750000,spl=0.515768; instance:n=5,sr=0.200000,spl=0.078666] latest_scene=00800-TEEsavR23oF latest_episode=4 latest_task=4 latest_level=region by_level={"instance": {"avg_spl": 0.07866552237272034, "avg_sr": 0.2, "count": 5}, "object": {"avg_spl": 0.46689842744440996, "avg_sr": 0.6, "count": 5}, "region": {"avg_spl": 0.5157677037783617, "avg_sr": 0.75, "count": 8}, "room": {"avg_spl": 0.24369630497311362, "avg_sr": 0.5714285714285714, "count": 7}}
Elapsed 1:23:31 [Metrics] sequence count: 25, invalid_count: 0, follower_error_count: 1, avg_sr: 0.560000, avg_spl: 0.342393

=== Episode ===: 5it [1:23:20, 957.42s/it][AElapsed 1:23:36 

Begin to process [00800-TEEsavR23oF_sequence_5_0] type: [instance], Question: [beige bath towel on rack in bathroom with toilet, dark wood single-sink vanity, blue shower curtain with seashell, starfish, and coral motifs]

Elapsed 1:23:36 Current start position is [    -4.5575      3.1134    -0.97152]
Elapsed 1:23:48 geodesic_distance: 2.883424997329712
Elapsed 1:23:48 [baseline][follow-error] scene=00800-TEEsavR23oF episode_id=5 task_id=0 task_level=instance final=False error=GreedyFollowerError path_found=True
Elapsed 1:23:48 ===Episode_id 5 task_id 0 task_level=instance===
SR: 0, SPL: 0, Object category: towel, goal type: sequence===

Elapsed 1:23:48 [baseline] task_level=instance scene=00800-TEEsavR23oF episode=5 task=0 sec=12.173
Elapsed 1:23:48 [BASELINE_LIVE_METRICS] rows=26 avg_sr=0.538462 avg_spl=0.329224 follower_error_count=2 levels=[object:n=5,sr=0.600000,spl=0.466898; room:n=7,sr=0.571429,spl=0.243696; region:n=8,sr=0.750000,spl=0.515768; instance:n=6,sr=0.166667,spl=0.065555] latest_scene=00800-TEEsavR23oF latest_episode=5 latest_task=0 latest_level=instance by_level={"instance": {"avg_spl": 0.06555460197726695, "avg_sr": 0.16666666666666666, "count": 6}, "object": {"avg_spl": 0.46689842744440996, "avg_sr": 0.6, "count": 5}, "region": {"avg_spl": 0.5157677037783617, "avg_sr": 0.75, "count": 8}, "room": {"avg_spl": 0.24369630497311362, "avg_sr": 0.5714285714285714, "count": 7}}
Elapsed 1:23:48 

Begin to process [00800-TEEsavR23oF_sequence_5_1] type: [room], Question: [picture in the living room]

Elapsed 1:23:48 Current start position is [    -4.5575      3.1134    -0.97152]
Elapsed 1:24:07 ===Episode_id 5 task_id 1 task_level=room===
SR: False, SPL: 0.0, Object category: picture, goal type: sequence===

Elapsed 1:24:07 [baseline] task_level=room scene=00800-TEEsavR23oF episode=5 task=1 sec=19.206
Elapsed 1:24:07 [BASELINE_LIVE_METRICS] rows=27 avg_sr=0.518519 avg_spl=0.317031 follower_error_count=2 levels=[object:n=5,sr=0.600000,spl=0.466898; room:n=8,sr=0.500000,spl=0.213234; region:n=8,sr=0.750000,spl=0.515768; instance:n=6,sr=0.166667,spl=0.065555] latest_scene=00800-TEEsavR23oF latest_episode=5 latest_task=1 latest_level=room by_level={"instance": {"avg_spl": 0.06555460197726695, "avg_sr": 0.16666666666666666, "count": 6}, "object": {"avg_spl": 0.46689842744440996, "avg_sr": 0.6, "count": 5}, "region": {"avg_spl": 0.5157677037783617, "avg_sr": 0.75, "count": 8}, "room": {"avg_spl": 0.21323426685147442, "avg_sr": 0.5, "count": 8}}
Elapsed 1:24:07 

Begin to process [00800-TEEsavR23oF_sequence_5_2] type: [region], Question: [wardrobe in the bedroom that has bed with plain white sheets and light teal pillows, tall wooden headboard, Mickey Mouse plush on dark wood nightstand, matching wardrobe and beige armchair, TV on wood cabinet]

Elapsed 1:24:07 Current start position is [    -4.7302      3.1134   -0.074404]
Elapsed 1:24:39 ===Episode_id 5 task_id 2 task_level=region===
SR: False, SPL: 0.0, Object category: wardrobe, goal type: sequence===

Elapsed 1:24:39 [baseline] task_level=region scene=00800-TEEsavR23oF episode=5 task=2 sec=31.083
Elapsed 1:24:39 [BASELINE_LIVE_METRICS] rows=28 avg_sr=0.500000 avg_spl=0.305708 follower_error_count=2 levels=[object:n=5,sr=0.600000,spl=0.466898; room:n=8,sr=0.500000,spl=0.213234; region:n=9,sr=0.666667,spl=0.458460; instance:n=6,sr=0.166667,spl=0.065555] latest_scene=00800-TEEsavR23oF latest_episode=5 latest_task=2 latest_level=region by_level={"instance": {"avg_spl": 0.06555460197726695, "avg_sr": 0.16666666666666666, "count": 6}, "object": {"avg_spl": 0.46689842744440996, "avg_sr": 0.6, "count": 5}, "region": {"avg_spl": 0.4584601811363215, "avg_sr": 0.6666666666666666, "count": 9}, "room": {"avg_spl": 0.21323426685147442, "avg_sr": 0.5, "count": 8}}
Elapsed 1:24:39 

Begin to process [00800-TEEsavR23oF_sequence_5_3] type: [room], Question: [side table in the office]

Elapsed 1:24:39 Current start position is [    -3.4953      3.1134     -1.8246]
Elapsed 1:26:37 ===Episode_id 5 task_id 3 task_level=room===
SR: True, SPL: 0.17893479320853883, Object category: side table, goal type: sequence===

Elapsed 1:26:37 [baseline] task_level=room scene=00800-TEEsavR23oF episode=5 task=3 sec=118.546
Elapsed 1:26:37 [BASELINE_LIVE_METRICS] rows=29 avg_sr=0.517241 avg_spl=0.301337 follower_error_count=2 levels=[object:n=5,sr=0.600000,spl=0.466898; room:n=9,sr=0.555556,spl=0.209423; region:n=9,sr=0.666667,spl=0.458460; instance:n=6,sr=0.166667,spl=0.065555] latest_scene=00800-TEEsavR23oF latest_episode=5 latest_task=3 latest_level=room by_level={"instance": {"avg_spl": 0.06555460197726695, "avg_sr": 0.16666666666666666, "count": 6}, "object": {"avg_spl": 0.46689842744440996, "avg_sr": 0.6, "count": 5}, "region": {"avg_spl": 0.4584601811363215, "avg_sr": 0.6666666666666666, "count": 9}, "room": {"avg_spl": 0.20942321422448157, "avg_sr": 0.5555555555555556, "count": 9}}
Elapsed 1:26:37 

Begin to process [00800-TEEsavR23oF_sequence_5_4] type: [room], Question: [shower curtain in the bathroom]

Elapsed 1:26:37 Current start position is [    -5.8461      3.1134     0.07712]
Elapsed 1:27:23 ===Episode_id 5 task_id 4 task_level=room===
SR: False, SPL: 0.0, Object category: shower curtain, goal type: sequence===

Elapsed 1:27:23 [baseline] task_level=room scene=00800-TEEsavR23oF episode=5 task=4 sec=45.934
Elapsed 1:27:23 [BASELINE_LIVE_METRICS] rows=30 avg_sr=0.500000 avg_spl=0.291292 follower_error_count=2 levels=[object:n=5,sr=0.600000,spl=0.466898; room:n=10,sr=0.500000,spl=0.188481; region:n=9,sr=0.666667,spl=0.458460; instance:n=6,sr=0.166667,spl=0.065555] latest_scene=00800-TEEsavR23oF latest_episode=5 latest_task=4 latest_level=room by_level={"instance": {"avg_spl": 0.06555460197726695, "avg_sr": 0.16666666666666666, "count": 6}, "object": {"avg_spl": 0.46689842744440996, "avg_sr": 0.6, "count": 5}, "region": {"avg_spl": 0.4584601811363215, "avg_sr": 0.6666666666666666, "count": 9}, "room": {"avg_spl": 0.18848089280203342, "avg_sr": 0.5, "count": 10}}
Elapsed 1:27:23 [Metrics] sequence count: 30, invalid_count: 0, follower_error_count: 2, avg_sr: 0.500000, avg_spl: 0.291292

=== Episode ===: 6it [1:27:12, 710.81s/it][AElapsed 1:27:28 

Begin to process [00800-TEEsavR23oF_sequence_6_0] type: [instance], Question: [blue seashell-patterned shower curtain in bathroom with dark wood single-sink vanity]

Elapsed 1:27:28 Current start position is [    -4.0158      3.1134     -2.3666]
Elapsed 1:34:10 ===Episode_id 6 task_id 0 task_level=instance===
SR: True, SPL: 0.7125080612033741, Object category: shower curtain, goal type: sequence===

Elapsed 1:34:10 [baseline] task_level=instance scene=00800-TEEsavR23oF episode=6 task=0 sec=401.372
Elapsed 1:34:10 [BASELINE_LIVE_METRICS] rows=31 avg_sr=0.516129 avg_spl=0.304880 follower_error_count=2 levels=[object:n=5,sr=0.600000,spl=0.466898; room:n=10,sr=0.500000,spl=0.188481; region:n=9,sr=0.666667,spl=0.458460; instance:n=7,sr=0.285714,spl=0.157977] latest_scene=00800-TEEsavR23oF latest_episode=6 latest_task=0 latest_level=instance by_level={"instance": {"avg_spl": 0.15797652472385368, "avg_sr": 0.2857142857142857, "count": 7}, "object": {"avg_spl": 0.46689842744440996, "avg_sr": 0.6, "count": 5}, "region": {"avg_spl": 0.4584601811363215, "avg_sr": 0.6666666666666666, "count": 9}, "room": {"avg_spl": 0.18848089280203342, "avg_sr": 0.5, "count": 10}}
Elapsed 1:34:10 

Begin to process [00800-TEEsavR23oF_sequence_6_1] type: [object], Question: [couch]

Elapsed 1:34:10 Current start position is [     -6.047      3.1134     -7.8201]
Elapsed 1:35:19 ===Episode_id 6 task_id 1 task_level=object===
SR: True, SPL: 0.5837731629014763, Object category: couch, goal type: sequence===

Elapsed 1:35:19 [baseline] task_level=object scene=00800-TEEsavR23oF episode=6 task=1 sec=69.317
Elapsed 1:35:19 [BASELINE_LIVE_METRICS] rows=32 avg_sr=0.531250 avg_spl=0.313595 follower_error_count=2 levels=[object:n=6,sr=0.666667,spl=0.486378; room:n=10,sr=0.500000,spl=0.188481; region:n=9,sr=0.666667,spl=0.458460; instance:n=7,sr=0.285714,spl=0.157977] latest_scene=00800-TEEsavR23oF latest_episode=6 latest_task=1 latest_level=object by_level={"instance": {"avg_spl": 0.15797652472385368, "avg_sr": 0.2857142857142857, "count": 7}, "object": {"avg_spl": 0.48637755002058763, "avg_sr": 0.6666666666666666, "count": 6}, "region": {"avg_spl": 0.4584601811363215, "avg_sr": 0.6666666666666666, "count": 9}, "room": {"avg_spl": 0.18848089280203342, "avg_sr": 0.5, "count": 10}}
Elapsed 1:35:19 

Begin to process [00800-TEEsavR23oF_sequence_6_2] type: [region], Question: [plush toy in the bedroom that has bed with plain white sheets and light teal pillows, tall wooden headboard, Mickey Mouse plush on dark wood nightstand, matching wardrobe and beige armchair, TV on wood cabinet]

Elapsed 1:35:19 Current start position is [    -4.6548      3.1134     -2.6091]
Elapsed 1:40:46 ===Episode_id 6 task_id 2 task_level=region===
SR: False, SPL: 0.0, Object category: plush toy, goal type: sequence===

Elapsed 1:40:46 [baseline] task_level=region scene=00800-TEEsavR23oF episode=6 task=2 sec=326.503
Elapsed 1:40:46 [BASELINE_LIVE_METRICS] rows=33 avg_sr=0.515152 avg_spl=0.304092 follower_error_count=2 levels=[object:n=6,sr=0.666667,spl=0.486378; room:n=10,sr=0.500000,spl=0.188481; region:n=10,sr=0.600000,spl=0.412614; instance:n=7,sr=0.285714,spl=0.157977] latest_scene=00800-TEEsavR23oF latest_episode=6 latest_task=2 latest_level=region by_level={"instance": {"avg_spl": 0.15797652472385368, "avg_sr": 0.2857142857142857, "count": 7}, "object": {"avg_spl": 0.48637755002058763, "avg_sr": 0.6666666666666666, "count": 6}, "region": {"avg_spl": 0.41261416302268933, "avg_sr": 0.6, "count": 10}, "room": {"avg_spl": 0.18848089280203342, "avg_sr": 0.5, "count": 10}}
Elapsed 1:40:46 

Begin to process [00800-TEEsavR23oF_sequence_6_3] type: [region], Question: [computer desk in the office that has computer desk with printer and black PC tower, black office chair below colorful painting, rack with books and wicker basket, brown leather couch with diamond-patterned blanket by railing]

Elapsed 1:40:46 Current start position is [    -4.8382      3.1134     -2.5997]
Elapsed 1:43:02 ===Episode_id 6 task_id 3 task_level=region===
SR: True, SPL: 0.6940358847818021, Object category: computer desk, goal type: sequence===

Elapsed 1:43:02 [baseline] task_level=region scene=00800-TEEsavR23oF episode=6 task=3 sec=136.058
Elapsed 1:43:02 [BASELINE_LIVE_METRICS] rows=34 avg_sr=0.529412 avg_spl=0.315561 follower_error_count=2 levels=[object:n=6,sr=0.666667,spl=0.486378; room:n=10,sr=0.500000,spl=0.188481; region:n=11,sr=0.636364,spl=0.438198; instance:n=7,sr=0.285714,spl=0.157977] latest_scene=00800-TEEsavR23oF latest_episode=6 latest_task=3 latest_level=region by_level={"instance": {"avg_spl": 0.15797652472385368, "avg_sr": 0.2857142857142857, "count": 7}, "object": {"avg_spl": 0.48637755002058763, "avg_sr": 0.6666666666666666, "count": 6}, "region": {"avg_spl": 0.4381979559098814, "avg_sr": 0.6363636363636364, "count": 11}, "room": {"avg_spl": 0.18848089280203342, "avg_sr": 0.5, "count": 10}}
Elapsed 1:43:02 

Begin to process [00800-TEEsavR23oF_sequence_6_4] type: [region], Question: [bathroom cabinet in the bathroom that has toilet beside black toilet brush, dark wood single-sink vanity by dark blue bath mat, hanging beige towel, blue shower curtain with seashell, starfish, and coral motifs]

Elapsed 1:43:02 Current start position is [    -4.6406      3.1134    -0.13799]
Elapsed 1:44:46 ===Episode_id 6 task_id 4 task_level=region===
SR: True, SPL: 0.8939069259849367, Object category: bathroom cabinet, goal type: sequence===

Elapsed 1:44:46 [baseline] task_level=region scene=00800-TEEsavR23oF episode=6 task=4 sec=104.856
Elapsed 1:44:46 [BASELINE_LIVE_METRICS] rows=35 avg_sr=0.542857 avg_spl=0.332086 follower_error_count=2 levels=[object:n=6,sr=0.666667,spl=0.486378; room:n=10,sr=0.500000,spl=0.188481; region:n=12,sr=0.666667,spl=0.476174; instance:n=7,sr=0.285714,spl=0.157977] latest_scene=00800-TEEsavR23oF latest_episode=6 latest_task=4 latest_level=region by_level={"instance": {"avg_spl": 0.15797652472385368, "avg_sr": 0.2857142857142857, "count": 7}, "object": {"avg_spl": 0.48637755002058763, "avg_sr": 0.6666666666666666, "count": 6}, "region": {"avg_spl": 0.476173703416136, "avg_sr": 0.6666666666666666, "count": 12}, "room": {"avg_spl": 0.18848089280203342, "avg_sr": 0.5, "count": 10}}
Elapsed 1:44:47 [Metrics] sequence count: 35, invalid_count: 0, follower_error_count: 2, avg_sr: 0.542857, avg_spl: 0.332086

=== Episode ===: 7it [1:44:36, 819.55s/it][AElapsed 1:44:51 

Begin to process [00800-TEEsavR23oF_sequence_7_0] type: [instance], Question: [dark wood-framed blackboard leaning against white door below doorknob with yellow-and-blue toy]

Elapsed 1:44:51 Current start position is [    -3.8193      3.1134     -1.6744]
Elapsed 1:53:30 ===Episode_id 7 task_id 0 task_level=instance===
SR: False, SPL: 0.0, Object category: board, goal type: sequence===

Elapsed 1:53:30 [baseline] task_level=instance scene=00800-TEEsavR23oF episode=7 task=0 sec=518.972
Elapsed 1:53:30 [BASELINE_LIVE_METRICS] rows=36 avg_sr=0.527778 avg_spl=0.322861 follower_error_count=2 levels=[object:n=6,sr=0.666667,spl=0.486378; room:n=10,sr=0.500000,spl=0.188481; region:n=12,sr=0.666667,spl=0.476174; instance:n=8,sr=0.250000,spl=0.138229] latest_scene=00800-TEEsavR23oF latest_episode=7 latest_task=0 latest_level=instance by_level={"instance": {"avg_spl": 0.13822945913337198, "avg_sr": 0.25, "count": 8}, "object": {"avg_spl": 0.48637755002058763, "avg_sr": 0.6666666666666666, "count": 6}, "region": {"avg_spl": 0.476173703416136, "avg_sr": 0.6666666666666666, "count": 12}, "room": {"avg_spl": 0.18848089280203342, "avg_sr": 0.5, "count": 10}}
Elapsed 1:53:30 

Begin to process [00800-TEEsavR23oF_sequence_7_1] type: [region], Question: [wardrobe in the bedroom that has bed with plain white sheets and light teal pillows, tall wooden headboard, Mickey Mouse plush on dark wood nightstand, matching wardrobe and beige armchair, TV on wood cabinet]

Elapsed 1:53:30 Current start position is [    -3.6237      3.1134     -1.0156]
Elapsed 1:53:54 ===Episode_id 7 task_id 1 task_level=region===
SR: True, SPL: 0.7048000868504996, Object category: wardrobe, goal type: sequence===

Elapsed 1:53:54 [baseline] task_level=region scene=00800-TEEsavR23oF episode=7 task=1 sec=23.116
Elapsed 1:53:54 [BASELINE_LIVE_METRICS] rows=37 avg_sr=0.540541 avg_spl=0.333184 follower_error_count=2 levels=[object:n=6,sr=0.666667,spl=0.486378; room:n=10,sr=0.500000,spl=0.188481; region:n=13,sr=0.692308,spl=0.493760; instance:n=8,sr=0.250000,spl=0.138229] latest_scene=00800-TEEsavR23oF latest_episode=7 latest_task=1 latest_level=region by_level={"instance": {"avg_spl": 0.13822945913337198, "avg_sr": 0.25, "count": 8}, "object": {"avg_spl": 0.48637755002058763, "avg_sr": 0.6666666666666666, "count": 6}, "region": {"avg_spl": 0.4937603482957025, "avg_sr": 0.6923076923076923, "count": 13}, "room": {"avg_spl": 0.18848089280203342, "avg_sr": 0.5, "count": 10}}
Elapsed 1:53:54 

Begin to process [00800-TEEsavR23oF_sequence_7_2] type: [region], Question: [blanket in the office that has computer desk with printer and black PC tower, black office chair below colorful painting, rack with books and wicker basket, brown leather couch with diamond-patterned blanket by railing]

Elapsed 1:53:54 Current start position is [    -2.3809      3.1456     -7.4086]
Elapsed 1:54:15 ===Episode_id 7 task_id 2 task_level=region===
SR: True, SPL: 0.691533935136871, Object category: blanket, goal type: sequence===

Elapsed 1:54:15 [baseline] task_level=region scene=00800-TEEsavR23oF episode=7 task=2 sec=21.851
Elapsed 1:54:15 [BASELINE_LIVE_METRICS] rows=38 avg_sr=0.552632 avg_spl=0.342614 follower_error_count=2 levels=[object:n=6,sr=0.666667,spl=0.486378; room:n=10,sr=0.500000,spl=0.188481; region:n=14,sr=0.714286,spl=0.507887; instance:n=8,sr=0.250000,spl=0.138229] latest_scene=00800-TEEsavR23oF latest_episode=7 latest_task=2 latest_level=region by_level={"instance": {"avg_spl": 0.13822945913337198, "avg_sr": 0.25, "count": 8}, "object": {"avg_spl": 0.48637755002058763, "avg_sr": 0.6666666666666666, "count": 6}, "region": {"avg_spl": 0.5078870330700717, "avg_sr": 0.7142857142857143, "count": 14}, "room": {"avg_spl": 0.18848089280203342, "avg_sr": 0.5, "count": 10}}
Elapsed 1:54:15 

Begin to process [00800-TEEsavR23oF_sequence_7_3] type: [room], Question: [bath towel in the bathroom]

Elapsed 1:54:15 Current start position is [    -5.8669      3.1134    0.017338]
Elapsed 1:54:43 ===Episode_id 7 task_id 3 task_level=room===
SR: True, SPL: 0.8821465483265448, Object category: bath towel, goal type: sequence===

Elapsed 1:54:43 [baseline] task_level=room scene=00800-TEEsavR23oF episode=7 task=3 sec=27.210
Elapsed 1:54:43 [BASELINE_LIVE_METRICS] rows=39 avg_sr=0.564103 avg_spl=0.356448 follower_error_count=2 levels=[object:n=6,sr=0.666667,spl=0.486378; room:n=11,sr=0.545455,spl=0.251541; region:n=14,sr=0.714286,spl=0.507887; instance:n=8,sr=0.250000,spl=0.138229] latest_scene=00800-TEEsavR23oF latest_episode=7 latest_task=3 latest_level=room by_level={"instance": {"avg_spl": 0.13822945913337198, "avg_sr": 0.25, "count": 8}, "object": {"avg_spl": 0.48637755002058763, "avg_sr": 0.6666666666666666, "count": 6}, "region": {"avg_spl": 0.5078870330700717, "avg_sr": 0.7142857142857143, "count": 14}, "room": {"avg_spl": 0.2515414069406254, "avg_sr": 0.5454545454545454, "count": 11}}
Elapsed 1:54:43 

Begin to process [00800-TEEsavR23oF_sequence_7_4] type: [region], Question: [photo in the office that has computer desk with printer and black PC tower, black office chair below colorful painting, rack with books and wicker basket, brown leather couch with diamond-patterned blanket by railing]

Elapsed 1:54:43 Current start position is [    -3.8305      3.1634     -7.8443]
Elapsed 1:55:09 ===Episode_id 7 task_id 4 task_level=region===
SR: False, SPL: 0.0, Object category: photo, goal type: sequence===

Elapsed 1:55:09 [baseline] task_level=region scene=00800-TEEsavR23oF episode=7 task=4 sec=26.707
Elapsed 1:55:09 [BASELINE_LIVE_METRICS] rows=40 avg_sr=0.550000 avg_spl=0.347537 follower_error_count=2 levels=[object:n=6,sr=0.666667,spl=0.486378; room:n=11,sr=0.545455,spl=0.251541; region:n=15,sr=0.666667,spl=0.474028; instance:n=8,sr=0.250000,spl=0.138229] latest_scene=00800-TEEsavR23oF latest_episode=7 latest_task=4 latest_level=region by_level={"instance": {"avg_spl": 0.13822945913337198, "avg_sr": 0.25, "count": 8}, "object": {"avg_spl": 0.48637755002058763, "avg_sr": 0.6666666666666666, "count": 6}, "region": {"avg_spl": 0.47402789753206687, "avg_sr": 0.6666666666666666, "count": 15}, "room": {"avg_spl": 0.2515414069406254, "avg_sr": 0.5454545454545454, "count": 11}}
Elapsed 1:55:09 [Metrics] sequence count: 40, invalid_count: 0, follower_error_count: 2, avg_sr: 0.550000, avg_spl: 0.347537

=== Episode ===: 8it [1:54:58, 756.93s/it][AElapsed 1:55:15 

Begin to process [00800-TEEsavR23oF_sequence_8_0] type: [instance], Question: [black cross trainer in office with computer desk beside brown leather couch]

Elapsed 1:55:15 Current start position is [    -2.3795      3.1333     -7.8539]
Elapsed 1:58:38 ===Episode_id 8 task_id 0 task_level=instance===
SR: False, SPL: 0.0, Object category: bicycle, goal type: sequence===

Elapsed 1:58:38 [baseline] task_level=instance scene=00800-TEEsavR23oF episode=8 task=0 sec=203.548
Elapsed 1:58:38 [BASELINE_LIVE_METRICS] rows=41 avg_sr=0.536585 avg_spl=0.339060 follower_error_count=2 levels=[object:n=6,sr=0.666667,spl=0.486378; room:n=11,sr=0.545455,spl=0.251541; region:n=15,sr=0.666667,spl=0.474028; instance:n=9,sr=0.222222,spl=0.122871] latest_scene=00800-TEEsavR23oF latest_episode=8 latest_task=0 latest_level=instance by_level={"instance": {"avg_spl": 0.1228706303407751, "avg_sr": 0.2222222222222222, "count": 9}, "object": {"avg_spl": 0.48637755002058763, "avg_sr": 0.6666666666666666, "count": 6}, "region": {"avg_spl": 0.47402789753206687, "avg_sr": 0.6666666666666666, "count": 15}, "room": {"avg_spl": 0.2515414069406254, "avg_sr": 0.5454545454545454, "count": 11}}
Elapsed 1:58:38 

Begin to process [00800-TEEsavR23oF_sequence_8_1] type: [room], Question: [pc tower in the office]

Elapsed 1:58:38 Current start position is [    -3.5766      3.1134     -0.3555]
Elapsed 1:59:09 ===Episode_id 8 task_id 1 task_level=room===
SR: False, SPL: 0.0, Object category: pc tower, goal type: sequence===

Elapsed 1:59:09 [baseline] task_level=room scene=00800-TEEsavR23oF episode=8 task=1 sec=30.221
Elapsed 1:59:09 [BASELINE_LIVE_METRICS] rows=42 avg_sr=0.523810 avg_spl=0.330987 follower_error_count=2 levels=[object:n=6,sr=0.666667,spl=0.486378; room:n=12,sr=0.500000,spl=0.230580; region:n=15,sr=0.666667,spl=0.474028; instance:n=9,sr=0.222222,spl=0.122871] latest_scene=00800-TEEsavR23oF latest_episode=8 latest_task=1 latest_level=room by_level={"instance": {"avg_spl": 0.1228706303407751, "avg_sr": 0.2222222222222222, "count": 9}, "object": {"avg_spl": 0.48637755002058763, "avg_sr": 0.6666666666666666, "count": 6}, "region": {"avg_spl": 0.47402789753206687, "avg_sr": 0.6666666666666666, "count": 15}, "room": {"avg_spl": 0.23057962302890658, "avg_sr": 0.5, "count": 12}}
Elapsed 1:59:09 

Begin to process [00800-TEEsavR23oF_sequence_8_2] type: [region], Question: [bath towel in the bathroom that has toilet beside black toilet brush, dark wood single-sink vanity by dark blue bath mat, hanging beige towel, blue shower curtain with seashell, starfish, and coral motifs]

Elapsed 1:59:09 Current start position is [    -3.9114      3.1489     -4.9342]
Elapsed 2:00:49 ===Episode_id 8 task_id 2 task_level=region===
SR: True, SPL: 0.585713926356432, Object category: bath towel, goal type: sequence===

Elapsed 2:00:49 [baseline] task_level=region scene=00800-TEEsavR23oF episode=8 task=2 sec=100.324
Elapsed 2:00:49 [BASELINE_LIVE_METRICS] rows=43 avg_sr=0.534884 avg_spl=0.336911 follower_error_count=2 levels=[object:n=6,sr=0.666667,spl=0.486378; room:n=12,sr=0.500000,spl=0.230580; region:n=16,sr=0.687500,spl=0.481008; instance:n=9,sr=0.222222,spl=0.122871] latest_scene=00800-TEEsavR23oF latest_episode=8 latest_task=2 latest_level=region by_level={"instance": {"avg_spl": 0.1228706303407751, "avg_sr": 0.2222222222222222, "count": 9}, "object": {"avg_spl": 0.48637755002058763, "avg_sr": 0.6666666666666666, "count": 6}, "region": {"avg_spl": 0.48100827433358967, "avg_sr": 0.6875, "count": 16}, "room": {"avg_spl": 0.23057962302890658, "avg_sr": 0.5, "count": 12}}
Elapsed 2:00:49 

Begin to process [00800-TEEsavR23oF_sequence_8_3] type: [region], Question: [armchair in the bedroom that has bed with plain white sheets and light teal pillows, tall wooden headboard, Mickey Mouse plush on dark wood nightstand, matching wardrobe and beige armchair, TV on wood cabinet]

Elapsed 2:00:49 Current start position is [    -3.9335      3.1584       -7.84]
Elapsed 2:01:13 ===Episode_id 8 task_id 3 task_level=region===
SR: False, SPL: 0.0, Object category: armchair, goal type: sequence===

Elapsed 2:01:13 [baseline] task_level=region scene=00800-TEEsavR23oF episode=8 task=3 sec=23.846
Elapsed 2:01:13 [BASELINE_LIVE_METRICS] rows=44 avg_sr=0.522727 avg_spl=0.329254 follower_error_count=2 levels=[object:n=6,sr=0.666667,spl=0.486378; room:n=12,sr=0.500000,spl=0.230580; region:n=17,sr=0.647059,spl=0.452714; instance:n=9,sr=0.222222,spl=0.122871] latest_scene=00800-TEEsavR23oF latest_episode=8 latest_task=3 latest_level=region by_level={"instance": {"avg_spl": 0.1228706303407751, "avg_sr": 0.2222222222222222, "count": 9}, "object": {"avg_spl": 0.48637755002058763, "avg_sr": 0.6666666666666666, "count": 6}, "region": {"avg_spl": 0.4527136699610256, "avg_sr": 0.6470588235294118, "count": 17}, "room": {"avg_spl": 0.23057962302890658, "avg_sr": 0.5, "count": 12}}
Elapsed 2:01:13 

Begin to process [00800-TEEsavR23oF_sequence_8_4] type: [room], Question: [photo in the office]

Elapsed 2:01:13 Current start position is [    -1.0511      3.1154     -7.6274]
Elapsed 2:01:38 ===Episode_id 8 task_id 4 task_level=room===
SR: True, SPL: 0.9652480527287649, Object category: photo, goal type: sequence===

Elapsed 2:01:38 [baseline] task_level=room scene=00800-TEEsavR23oF episode=8 task=4 sec=25.063
Elapsed 2:01:38 [BASELINE_LIVE_METRICS] rows=45 avg_sr=0.533333 avg_spl=0.343387 follower_error_count=2 levels=[object:n=6,sr=0.666667,spl=0.486378; room:n=13,sr=0.538462,spl=0.287093; region:n=17,sr=0.647059,spl=0.452714; instance:n=9,sr=0.222222,spl=0.122871] latest_scene=00800-TEEsavR23oF latest_episode=8 latest_task=4 latest_level=room by_level={"instance": {"avg_spl": 0.1228706303407751, "avg_sr": 0.2222222222222222, "count": 9}, "object": {"avg_spl": 0.48637755002058763, "avg_sr": 0.6666666666666666, "count": 6}, "region": {"avg_spl": 0.4527136699610256, "avg_sr": 0.6470588235294118, "count": 17}, "room": {"avg_spl": 0.2870925791596649, "avg_sr": 0.5384615384615384, "count": 13}}
Elapsed 2:01:38 [Metrics] sequence count: 45, invalid_count: 0, follower_error_count: 2, avg_sr: 0.533333, avg_spl: 0.343387

=== Episode ===: 9it [2:01:27, 641.78s/it][AElapsed 2:01:44 

Begin to process [00800-TEEsavR23oF_sequence_9_0] type: [instance], Question: [blue toy cart beside pink bin and brown leather couch in office with computer desk]

Elapsed 2:01:44 Current start position is [    -2.1596      3.1397     -8.3785]
Elapsed 2:04:30 ===Episode_id 9 task_id 0 task_level=instance===
SR: False, SPL: 0.0, Object category: toy, goal type: sequence===

Elapsed 2:04:30 [baseline] task_level=instance scene=00800-TEEsavR23oF episode=9 task=0 sec=165.898
Elapsed 2:04:30 [BASELINE_LIVE_METRICS] rows=46 avg_sr=0.521739 avg_spl=0.335923 follower_error_count=2 levels=[object:n=6,sr=0.666667,spl=0.486378; room:n=13,sr=0.538462,spl=0.287093; region:n=17,sr=0.647059,spl=0.452714; instance:n=10,sr=0.200000,spl=0.110584] latest_scene=00800-TEEsavR23oF latest_episode=9 latest_task=0 latest_level=instance by_level={"instance": {"avg_spl": 0.11058356730669758, "avg_sr": 0.2, "count": 10}, "object": {"avg_spl": 0.48637755002058763, "avg_sr": 0.6666666666666666, "count": 6}, "region": {"avg_spl": 0.4527136699610256, "avg_sr": 0.6470588235294118, "count": 17}, "room": {"avg_spl": 0.2870925791596649, "avg_sr": 0.5384615384615384, "count": 13}}
Elapsed 2:04:30 

Begin to process [00800-TEEsavR23oF_sequence_9_1] type: [room], Question: [tv in the bedroom]

Elapsed 2:04:30 Current start position is [     -5.787      3.1134   -0.054764]
Elapsed 2:07:56 ===Episode_id 9 task_id 1 task_level=room===
SR: True, SPL: 0.6100894301479565, Object category: tv, goal type: sequence===

Elapsed 2:07:56 [baseline] task_level=room scene=00800-TEEsavR23oF episode=9 task=1 sec=206.733
Elapsed 2:07:56 [BASELINE_LIVE_METRICS] rows=47 avg_sr=0.531915 avg_spl=0.341756 follower_error_count=2 levels=[object:n=6,sr=0.666667,spl=0.486378; room:n=14,sr=0.571429,spl=0.310164; region:n=17,sr=0.647059,spl=0.452714; instance:n=10,sr=0.200000,spl=0.110584] latest_scene=00800-TEEsavR23oF latest_episode=9 latest_task=1 latest_level=room by_level={"instance": {"avg_spl": 0.11058356730669758, "avg_sr": 0.2, "count": 10}, "object": {"avg_spl": 0.48637755002058763, "avg_sr": 0.6666666666666666, "count": 6}, "region": {"avg_spl": 0.4527136699610256, "avg_sr": 0.6470588235294118, "count": 17}, "room": {"avg_spl": 0.3101637828016858, "avg_sr": 0.5714285714285714, "count": 14}}
Elapsed 2:07:56 

Begin to process [00800-TEEsavR23oF_sequence_9_2] type: [region], Question: [picture in the office that has computer desk with printer and black PC tower, black office chair below colorful painting, rack with books and wicker basket, brown leather couch with diamond-patterned blanket by railing]

Elapsed 2:07:56 Current start position is [   -0.25728      3.1134     -5.5595]
Elapsed 2:09:12 ===Episode_id 9 task_id 2 task_level=region===
SR: False, SPL: 0.0, Object category: picture, goal type: sequence===

Elapsed 2:09:12 [baseline] task_level=region scene=00800-TEEsavR23oF episode=9 task=2 sec=76.095
Elapsed 2:09:12 [BASELINE_LIVE_METRICS] rows=48 avg_sr=0.520833 avg_spl=0.334636 follower_error_count=2 levels=[object:n=6,sr=0.666667,spl=0.486378; room:n=14,sr=0.571429,spl=0.310164; region:n=18,sr=0.611111,spl=0.427563; instance:n=10,sr=0.200000,spl=0.110584] latest_scene=00800-TEEsavR23oF latest_episode=9 latest_task=2 latest_level=region by_level={"instance": {"avg_spl": 0.11058356730669758, "avg_sr": 0.2, "count": 10}, "object": {"avg_spl": 0.48637755002058763, "avg_sr": 0.6666666666666666, "count": 6}, "region": {"avg_spl": 0.4275629105187464, "avg_sr": 0.6111111111111112, "count": 18}, "room": {"avg_spl": 0.3101637828016858, "avg_sr": 0.5714285714285714, "count": 14}}
Elapsed 2:09:12 

Begin to process [00800-TEEsavR23oF_sequence_9_3] type: [region], Question: [nightstand in the bedroom that has bed with plain white sheets and light teal pillows, tall wooden headboard, Mickey Mouse plush on dark wood nightstand, matching wardrobe and beige armchair, TV on wood cabinet]

Elapsed 2:09:12 Current start position is [    -5.8099      3.1134    -0.13908]
Elapsed 2:10:40 ===Episode_id 9 task_id 3 task_level=region===
SR: True, SPL: 0.8806273765849633, Object category: nightstand, goal type: sequence===

Elapsed 2:10:40 [baseline] task_level=region scene=00800-TEEsavR23oF episode=9 task=3 sec=87.752
Elapsed 2:10:40 [BASELINE_LIVE_METRICS] rows=49 avg_sr=0.530612 avg_spl=0.345779 follower_error_count=2 levels=[object:n=6,sr=0.666667,spl=0.486378; room:n=14,sr=0.571429,spl=0.310164; region:n=19,sr=0.631579,spl=0.451408; instance:n=10,sr=0.200000,spl=0.110584] latest_scene=00800-TEEsavR23oF latest_episode=9 latest_task=3 latest_level=region by_level={"instance": {"avg_spl": 0.11058356730669758, "avg_sr": 0.2, "count": 10}, "object": {"avg_spl": 0.48637755002058763, "avg_sr": 0.6666666666666666, "count": 6}, "region": {"avg_spl": 0.45140840873275784, "avg_sr": 0.631578947368421, "count": 19}, "room": {"avg_spl": 0.3101637828016858, "avg_sr": 0.5714285714285714, "count": 14}}
Elapsed 2:10:40 

Begin to process [00800-TEEsavR23oF_sequence_9_4] type: [object], Question: [computer desk]

Elapsed 2:10:40 Current start position is [    -1.9195      3.1634     -8.2605]
Elapsed 2:12:36 ===Episode_id 9 task_id 4 task_level=object===
SR: True, SPL: 0.8703643449296171, Object category: computer desk, goal type: sequence===

Elapsed 2:12:36 [baseline] task_level=object scene=00800-TEEsavR23oF episode=9 task=4 sec=115.494
Elapsed 2:12:36 [BASELINE_LIVE_METRICS] rows=50 avg_sr=0.540000 avg_spl=0.356270 follower_error_count=2 levels=[object:n=7,sr=0.714286,spl=0.541233; room:n=14,sr=0.571429,spl=0.310164; region:n=19,sr=0.631579,spl=0.451408; instance:n=10,sr=0.200000,spl=0.110584] latest_scene=00800-TEEsavR23oF latest_episode=9 latest_task=4 latest_level=object by_level={"instance": {"avg_spl": 0.11058356730669758, "avg_sr": 0.2, "count": 10}, "object": {"avg_spl": 0.5412328064361633, "avg_sr": 0.7142857142857143, "count": 7}, "region": {"avg_spl": 0.45140840873275784, "avg_sr": 0.631578947368421, "count": 19}, "room": {"avg_spl": 0.3101637828016858, "avg_sr": 0.5714285714285714, "count": 14}}
Elapsed 2:12:36 [Metrics] sequence count: 50, invalid_count: 0, follower_error_count: 2, avg_sr: 0.540000, avg_spl: 0.356270

=== Episode ===: 10it [2:12:25, 646.70s/it][AElapsed 2:12:42 

Begin to process [00800-TEEsavR23oF_sequence_10_0] type: [instance], Question: [square wooden side table with plants to the right of computer desk in office with brown couch]

Elapsed 2:12:42 Current start position is [    -1.3524      3.1142     -5.6864]
Elapsed 2:17:36 ===Episode_id 10 task_id 0 task_level=instance===
SR: False, SPL: 0.0, Object category: table, goal type: sequence===

Elapsed 2:17:36 [baseline] task_level=instance scene=00800-TEEsavR23oF episode=10 task=0 sec=293.878
Elapsed 2:17:36 [BASELINE_LIVE_METRICS] rows=51 avg_sr=0.529412 avg_spl=0.349285 follower_error_count=2 levels=[object:n=7,sr=0.714286,spl=0.541233; room:n=14,sr=0.571429,spl=0.310164; region:n=19,sr=0.631579,spl=0.451408; instance:n=11,sr=0.181818,spl=0.100531] latest_scene=00800-TEEsavR23oF latest_episode=10 latest_task=0 latest_level=instance by_level={"instance": {"avg_spl": 0.10053051573336144, "avg_sr": 0.18181818181818182, "count": 11}, "object": {"avg_spl": 0.5412328064361633, "avg_sr": 0.7142857142857143, "count": 7}, "region": {"avg_spl": 0.45140840873275784, "avg_sr": 0.631578947368421, "count": 19}, "room": {"avg_spl": 0.3101637828016858, "avg_sr": 0.5714285714285714, "count": 14}}
Elapsed 2:17:36 

Begin to process [00800-TEEsavR23oF_sequence_10_1] type: [object], Question: [bed]

Elapsed 2:17:36 Current start position is [    -4.6873      3.1134    -0.16181]
Elapsed 2:18:06 ===Episode_id 10 task_id 1 task_level=object===
SR: True, SPL: 0.8220712532207921, Object category: bed, goal type: sequence===

Elapsed 2:18:06 [baseline] task_level=object scene=00800-TEEsavR23oF episode=10 task=1 sec=29.861
Elapsed 2:18:06 [BASELINE_LIVE_METRICS] rows=52 avg_sr=0.538462 avg_spl=0.358377 follower_error_count=2 levels=[object:n=8,sr=0.750000,spl=0.576338; room:n=14,sr=0.571429,spl=0.310164; region:n=19,sr=0.631579,spl=0.451408; instance:n=11,sr=0.181818,spl=0.100531] latest_scene=00800-TEEsavR23oF latest_episode=10 latest_task=1 latest_level=object by_level={"instance": {"avg_spl": 0.10053051573336144, "avg_sr": 0.18181818181818182, "count": 11}, "object": {"avg_spl": 0.5763376122842419, "avg_sr": 0.75, "count": 8}, "region": {"avg_spl": 0.45140840873275784, "avg_sr": 0.631578947368421, "count": 19}, "room": {"avg_spl": 0.3101637828016858, "avg_sr": 0.5714285714285714, "count": 14}}
Elapsed 2:18:06 

Begin to process [00800-TEEsavR23oF_sequence_10_2] type: [room], Question: [picture in the office]

Elapsed 2:18:06 Current start position is [    -1.1577      3.1189     -7.4517]
Elapsed 2:18:34 ===Episode_id 10 task_id 2 task_level=room===
SR: False, SPL: 0.0, Object category: picture, goal type: sequence===

Elapsed 2:18:34 [baseline] task_level=room scene=00800-TEEsavR23oF episode=10 task=2 sec=27.948
Elapsed 2:18:34 [BASELINE_LIVE_METRICS] rows=53 avg_sr=0.528302 avg_spl=0.351615 follower_error_count=2 levels=[object:n=8,sr=0.750000,spl=0.576338; room:n=15,sr=0.533333,spl=0.289486; region:n=19,sr=0.631579,spl=0.451408; instance:n=11,sr=0.181818,spl=0.100531] latest_scene=00800-TEEsavR23oF latest_episode=10 latest_task=2 latest_level=room by_level={"instance": {"avg_spl": 0.10053051573336144, "avg_sr": 0.18181818181818182, "count": 11}, "object": {"avg_spl": 0.5763376122842419, "avg_sr": 0.75, "count": 8}, "region": {"avg_spl": 0.45140840873275784, "avg_sr": 0.631578947368421, "count": 19}, "room": {"avg_spl": 0.2894861972815734, "avg_sr": 0.5333333333333333, "count": 15}}
Elapsed 2:18:34 

Begin to process [00800-TEEsavR23oF_sequence_10_3] type: [region], Question: [cross trainer in the office that has computer desk with printer and black PC tower, black office chair below colorful painting, rack with books and wicker basket, brown leather couch with diamond-patterned blanket by railing]

Elapsed 2:18:34 Current start position is [    -7.9254      3.1134     -4.5142]
Elapsed 2:19:17 ===Episode_id 10 task_id 3 task_level=region===
SR: True, SPL: 0.3831454392159339, Object category: cross trainer, goal type: sequence===

Elapsed 2:19:17 [baseline] task_level=region scene=00800-TEEsavR23oF episode=10 task=3 sec=43.572
Elapsed 2:19:17 [BASELINE_LIVE_METRICS] rows=54 avg_sr=0.537037 avg_spl=0.352199 follower_error_count=2 levels=[object:n=8,sr=0.750000,spl=0.576338; room:n=15,sr=0.533333,spl=0.289486; region:n=20,sr=0.650000,spl=0.447995; instance:n=11,sr=0.181818,spl=0.100531] latest_scene=00800-TEEsavR23oF latest_episode=10 latest_task=3 latest_level=region by_level={"instance": {"avg_spl": 0.10053051573336144, "avg_sr": 0.18181818181818182, "count": 11}, "object": {"avg_spl": 0.5763376122842419, "avg_sr": 0.75, "count": 8}, "region": {"avg_spl": 0.4479952602569166, "avg_sr": 0.65, "count": 20}, "room": {"avg_spl": 0.2894861972815734, "avg_sr": 0.5333333333333333, "count": 15}}
Elapsed 2:19:17 

Begin to process [00800-TEEsavR23oF_sequence_10_4] type: [room], Question: [computer desk in the office]

Elapsed 2:19:17 Current start position is [    -3.8523      3.1512     -5.0312]
Elapsed 2:20:39 ===Episode_id 10 task_id 4 task_level=room===
SR: True, SPL: 0.8149074890874523, Object category: computer desk, goal type: sequence===

Elapsed 2:20:39 [baseline] task_level=room scene=00800-TEEsavR23oF episode=10 task=4 sec=82.034
Elapsed 2:20:39 [BASELINE_LIVE_METRICS] rows=55 avg_sr=0.545455 avg_spl=0.360612 follower_error_count=2 levels=[object:n=8,sr=0.750000,spl=0.576338; room:n=16,sr=0.562500,spl=0.322325; region:n=20,sr=0.650000,spl=0.447995; instance:n=11,sr=0.181818,spl=0.100531] latest_scene=00800-TEEsavR23oF latest_episode=10 latest_task=4 latest_level=room by_level={"instance": {"avg_spl": 0.10053051573336144, "avg_sr": 0.18181818181818182, "count": 11}, "object": {"avg_spl": 0.5763376122842419, "avg_sr": 0.75, "count": 8}, "region": {"avg_spl": 0.4479952602569166, "avg_sr": 0.65, "count": 20}, "room": {"avg_spl": 0.3223250280194408, "avg_sr": 0.5625, "count": 16}}
Elapsed 2:20:39 [Metrics] sequence count: 55, invalid_count: 0, follower_error_count: 2, avg_sr: 0.545455, avg_spl: 0.360612

=== Episode ===: 11it [2:20:28, 596.75s/it][AElapsed 2:20:45 

Begin to process [00800-TEEsavR23oF_sequence_11_0] type: [instance], Question: [brown three-seater leather couch with diamond-patterned throw beside railing in office with computer desk beside couch]

Elapsed 2:20:45 Current start position is [    -5.9948      3.1134     -7.6873]
Elapsed 2:24:35 ===Episode_id 11 task_id 0 task_level=instance===
SR: False, SPL: 0.0, Object category: couch, goal type: sequence===

Elapsed 2:24:35 [baseline] task_level=instance scene=00800-TEEsavR23oF episode=11 task=0 sec=230.649
Elapsed 2:24:35 [BASELINE_LIVE_METRICS] rows=56 avg_sr=0.535714 avg_spl=0.354172 follower_error_count=2 levels=[object:n=8,sr=0.750000,spl=0.576338; room:n=16,sr=0.562500,spl=0.322325; region:n=20,sr=0.650000,spl=0.447995; instance:n=12,sr=0.166667,spl=0.092153] latest_scene=00800-TEEsavR23oF latest_episode=11 latest_task=0 latest_level=instance by_level={"instance": {"avg_spl": 0.09215297275558132, "avg_sr": 0.16666666666666666, "count": 12}, "object": {"avg_spl": 0.5763376122842419, "avg_sr": 0.75, "count": 8}, "region": {"avg_spl": 0.4479952602569166, "avg_sr": 0.65, "count": 20}, "room": {"avg_spl": 0.3223250280194408, "avg_sr": 0.5625, "count": 16}}
Elapsed 2:24:35 

Begin to process [00800-TEEsavR23oF_sequence_11_1] type: [object], Question: [bed]

Elapsed 2:24:35 Current start position is [     -4.322      3.1134     -2.6229]
Elapsed 2:25:06 ===Episode_id 11 task_id 1 task_level=object===
SR: False, SPL: 0.0, Object category: bed, goal type: sequence===

Elapsed 2:25:06 [baseline] task_level=object scene=00800-TEEsavR23oF episode=11 task=1 sec=30.303
Elapsed 2:25:06 [BASELINE_LIVE_METRICS] rows=57 avg_sr=0.526316 avg_spl=0.347959 follower_error_count=2 levels=[object:n=9,sr=0.666667,spl=0.512300; room:n=16,sr=0.562500,spl=0.322325; region:n=20,sr=0.650000,spl=0.447995; instance:n=12,sr=0.166667,spl=0.092153] latest_scene=00800-TEEsavR23oF latest_episode=11 latest_task=1 latest_level=object by_level={"instance": {"avg_spl": 0.09215297275558132, "avg_sr": 0.16666666666666666, "count": 12}, "object": {"avg_spl": 0.512300099808215, "avg_sr": 0.6666666666666666, "count": 9}, "region": {"avg_spl": 0.4479952602569166, "avg_sr": 0.65, "count": 20}, "room": {"avg_spl": 0.3223250280194408, "avg_sr": 0.5625, "count": 16}}
Elapsed 2:25:06 

Begin to process [00800-TEEsavR23oF_sequence_11_2] type: [region], Question: [side table in the office that has computer desk with printer and black PC tower, black office chair below colorful painting, rack with books and wicker basket, brown leather couch with diamond-patterned blanket by railing]

Elapsed 2:25:06 Current start position is [    -1.1314      3.1134     -7.5885]
Elapsed 2:25:33 ===Episode_id 11 task_id 2 task_level=region===
SR: True, SPL: 0.5629700830438379, Object category: side table, goal type: sequence===

Elapsed 2:25:33 [baseline] task_level=region scene=00800-TEEsavR23oF episode=11 task=2 sec=27.558
Elapsed 2:25:33 [BASELINE_LIVE_METRICS] rows=58 avg_sr=0.534483 avg_spl=0.351666 follower_error_count=2 levels=[object:n=9,sr=0.666667,spl=0.512300; room:n=16,sr=0.562500,spl=0.322325; region:n=21,sr=0.666667,spl=0.453470; instance:n=12,sr=0.166667,spl=0.092153] latest_scene=00800-TEEsavR23oF latest_episode=11 latest_task=2 latest_level=region by_level={"instance": {"avg_spl": 0.09215297275558132, "avg_sr": 0.16666666666666666, "count": 12}, "object": {"avg_spl": 0.512300099808215, "avg_sr": 0.6666666666666666, "count": 9}, "region": {"avg_spl": 0.4534702518181986, "avg_sr": 0.6666666666666666, "count": 21}, "room": {"avg_spl": 0.3223250280194408, "avg_sr": 0.5625, "count": 16}}
Elapsed 2:25:33 

Begin to process [00800-TEEsavR23oF_sequence_11_3] type: [object], Question: [plush toy]

Elapsed 2:25:33 Current start position is [    -3.7846      3.1134    0.033031]
Elapsed 2:26:02 ===Episode_id 11 task_id 3 task_level=object===
SR: True, SPL: 0.8626964296360711, Object category: plush toy, goal type: sequence===

Elapsed 2:26:02 [baseline] task_level=object scene=00800-TEEsavR23oF episode=11 task=3 sec=28.834
Elapsed 2:26:02 [BASELINE_LIVE_METRICS] rows=59 avg_sr=0.542373 avg_spl=0.360327 follower_error_count=2 levels=[object:n=10,sr=0.700000,spl=0.547340; room:n=16,sr=0.562500,spl=0.322325; region:n=21,sr=0.666667,spl=0.453470; instance:n=12,sr=0.166667,spl=0.092153] latest_scene=00800-TEEsavR23oF latest_episode=11 latest_task=3 latest_level=object by_level={"instance": {"avg_spl": 0.09215297275558132, "avg_sr": 0.16666666666666666, "count": 12}, "object": {"avg_spl": 0.5473397327910006, "avg_sr": 0.7, "count": 10}, "region": {"avg_spl": 0.4534702518181986, "avg_sr": 0.6666666666666666, "count": 21}, "room": {"avg_spl": 0.3223250280194408, "avg_sr": 0.5625, "count": 16}}
Elapsed 2:26:02 

Begin to process [00800-TEEsavR23oF_sequence_11_4] type: [region], Question: [picture in the office that has computer desk with printer and black PC tower, black office chair below colorful painting, rack with books and wicker basket, brown leather couch with diamond-patterned blanket by railing]

Elapsed 2:26:02 Current start position is [    -1.9545       3.158     -8.5048]
Elapsed 2:26:24 ===Episode_id 11 task_id 4 task_level=region===
SR: False, SPL: 0.0, Object category: picture, goal type: sequence===

Elapsed 2:26:24 [baseline] task_level=region scene=00800-TEEsavR23oF episode=11 task=4 sec=22.367
Elapsed 2:26:24 [BASELINE_LIVE_METRICS] rows=60 avg_sr=0.533333 avg_spl=0.354322 follower_error_count=2 levels=[object:n=10,sr=0.700000,spl=0.547340; room:n=16,sr=0.562500,spl=0.322325; region:n=22,sr=0.636364,spl=0.432858; instance:n=12,sr=0.166667,spl=0.092153] latest_scene=00800-TEEsavR23oF latest_episode=11 latest_task=4 latest_level=region by_level={"instance": {"avg_spl": 0.09215297275558132, "avg_sr": 0.16666666666666666, "count": 12}, "object": {"avg_spl": 0.5473397327910006, "avg_sr": 0.7, "count": 10}, "region": {"avg_spl": 0.4328579676446441, "avg_sr": 0.6363636363636364, "count": 22}, "room": {"avg_spl": 0.3223250280194408, "avg_sr": 0.5625, "count": 16}}
Elapsed 2:26:24 [Metrics] sequence count: 60, invalid_count: 0, follower_error_count: 2, avg_sr: 0.533333, avg_spl: 0.354322

=== Episode ===: 12it [2:26:13, 520.24s/it][AElapsed 2:26:31 

Begin to process [00800-TEEsavR23oF_sequence_12_0] type: [instance], Question: [black-framed black-and-white striped picture on beige wall above staircase]

Elapsed 2:26:31 Current start position is [    -1.7657      3.1634     -7.1749]
Elapsed 2:30:49 geodesic_distance: 5.179024696350098
Elapsed 2:30:49 [baseline][follow-error] scene=00800-TEEsavR23oF episode_id=12 task_id=0 task_level=instance final=True error=GreedyFollowerError path_found=True
Elapsed 2:30:49 ===Episode_id 12 task_id 0 task_level=instance===
SR: 0, SPL: 0, Object category: picture, goal type: sequence===

Elapsed 2:30:49 [baseline] task_level=instance scene=00800-TEEsavR23oF episode=12 task=0 sec=258.775
Elapsed 2:30:49 [BASELINE_LIVE_METRICS] rows=61 avg_sr=0.524590 avg_spl=0.348513 follower_error_count=3 levels=[object:n=10,sr=0.700000,spl=0.547340; room:n=16,sr=0.562500,spl=0.322325; region:n=22,sr=0.636364,spl=0.432858; instance:n=13,sr=0.153846,spl=0.085064] latest_scene=00800-TEEsavR23oF latest_episode=12 latest_task=0 latest_level=instance by_level={"instance": {"avg_spl": 0.08506428254361352, "avg_sr": 0.15384615384615385, "count": 13}, "object": {"avg_spl": 0.5473397327910006, "avg_sr": 0.7, "count": 10}, "region": {"avg_spl": 0.4328579676446441, "avg_sr": 0.6363636363636364, "count": 22}, "room": {"avg_spl": 0.3223250280194408, "avg_sr": 0.5625, "count": 16}}
Elapsed 2:30:49 

Begin to process [00800-TEEsavR23oF_sequence_12_1] type: [region], Question: [tv in the bedroom that has bed with plain white sheets and light teal pillows, tall wooden headboard, Mickey Mouse plush on dark wood nightstand, matching wardrobe and beige armchair, TV on wood cabinet]

Elapsed 2:30:49 Current start position is [    -4.8111      3.1134    -0.60252]
Elapsed 2:31:33 ===Episode_id 12 task_id 1 task_level=region===
SR: False, SPL: 0.0, Object category: tv, goal type: sequence===

Elapsed 2:31:33 [baseline] task_level=region scene=00800-TEEsavR23oF episode=12 task=1 sec=43.208
Elapsed 2:31:33 [BASELINE_LIVE_METRICS] rows=62 avg_sr=0.516129 avg_spl=0.342892 follower_error_count=3 levels=[object:n=10,sr=0.700000,spl=0.547340; room:n=16,sr=0.562500,spl=0.322325; region:n=23,sr=0.608696,spl=0.414038; instance:n=13,sr=0.153846,spl=0.085064] latest_scene=00800-TEEsavR23oF latest_episode=12 latest_task=1 latest_level=region by_level={"instance": {"avg_spl": 0.08506428254361352, "avg_sr": 0.15384615384615385, "count": 13}, "object": {"avg_spl": 0.5473397327910006, "avg_sr": 0.7, "count": 10}, "region": {"avg_spl": 0.4140380560079205, "avg_sr": 0.6086956521739131, "count": 23}, "room": {"avg_spl": 0.3223250280194408, "avg_sr": 0.5625, "count": 16}}
Elapsed 2:31:33 

Begin to process [00800-TEEsavR23oF_sequence_12_2] type: [region], Question: [table in the office that has computer desk with printer and black PC tower, black office chair below colorful painting, rack with books and wicker basket, brown leather couch with diamond-patterned blanket by railing]

Elapsed 2:31:33 Current start position is [    -1.0585      3.1191     -7.5465]
Elapsed 2:32:07 ===Episode_id 12 task_id 2 task_level=region===
SR: False, SPL: 0.0, Object category: table, goal type: sequence===

Elapsed 2:32:07 [baseline] task_level=region scene=00800-TEEsavR23oF episode=12 task=2 sec=34.159
Elapsed 2:32:07 [BASELINE_LIVE_METRICS] rows=63 avg_sr=0.507937 avg_spl=0.337449 follower_error_count=3 levels=[object:n=10,sr=0.700000,spl=0.547340; room:n=16,sr=0.562500,spl=0.322325; region:n=24,sr=0.583333,spl=0.396786; instance:n=13,sr=0.153846,spl=0.085064] latest_scene=00800-TEEsavR23oF latest_episode=12 latest_task=2 latest_level=region by_level={"instance": {"avg_spl": 0.08506428254361352, "avg_sr": 0.15384615384615385, "count": 13}, "object": {"avg_spl": 0.5473397327910006, "avg_sr": 0.7, "count": 10}, "region": {"avg_spl": 0.3967864703409238, "avg_sr": 0.5833333333333334, "count": 24}, "room": {"avg_spl": 0.3223250280194408, "avg_sr": 0.5625, "count": 16}}
Elapsed 2:32:07 

Begin to process [00800-TEEsavR23oF_sequence_12_3] type: [object], Question: [bed]

Elapsed 2:32:07 Current start position is [    -4.6461      3.1134    -0.21807]
Elapsed 2:32:44 ===Episode_id 12 task_id 3 task_level=object===
SR: False, SPL: 0.0, Object category: bed, goal type: sequence===

Elapsed 2:32:44 [baseline] task_level=object scene=00800-TEEsavR23oF episode=12 task=3 sec=37.548
Elapsed 2:32:44 [BASELINE_LIVE_METRICS] rows=64 avg_sr=0.500000 avg_spl=0.332177 follower_error_count=3 levels=[object:n=11,sr=0.636364,spl=0.497582; room:n=16,sr=0.562500,spl=0.322325; region:n=24,sr=0.583333,spl=0.396786; instance:n=13,sr=0.153846,spl=0.085064] latest_scene=00800-TEEsavR23oF latest_episode=12 latest_task=3 latest_level=object by_level={"instance": {"avg_spl": 0.08506428254361352, "avg_sr": 0.15384615384615385, "count": 13}, "object": {"avg_spl": 0.497581575264546, "avg_sr": 0.6363636363636364, "count": 11}, "region": {"avg_spl": 0.3967864703409238, "avg_sr": 0.5833333333333334, "count": 24}, "room": {"avg_spl": 0.3223250280194408, "avg_sr": 0.5625, "count": 16}}
Elapsed 2:32:44 

Begin to process [00800-TEEsavR23oF_sequence_12_4] type: [region], Question: [printer in the office that has computer desk with printer and black PC tower, black office chair below colorful painting, rack with books and wicker basket, brown leather couch with diamond-patterned blanket by railing]

Elapsed 2:32:44 Current start position is [    -1.0585      3.1191     -7.5465]
Elapsed 2:33:16 ===Episode_id 12 task_id 4 task_level=region===
SR: False, SPL: 0.0, Object category: printer, goal type: sequence===

Elapsed 2:33:16 [baseline] task_level=region scene=00800-TEEsavR23oF episode=12 task=4 sec=31.705
Elapsed 2:33:16 [BASELINE_LIVE_METRICS] rows=65 avg_sr=0.492308 avg_spl=0.327066 follower_error_count=3 levels=[object:n=11,sr=0.636364,spl=0.497582; room:n=16,sr=0.562500,spl=0.322325; region:n=25,sr=0.560000,spl=0.380915; instance:n=13,sr=0.153846,spl=0.085064] latest_scene=00800-TEEsavR23oF latest_episode=12 latest_task=4 latest_level=region by_level={"instance": {"avg_spl": 0.08506428254361352, "avg_sr": 0.15384615384615385, "count": 13}, "object": {"avg_spl": 0.497581575264546, "avg_sr": 0.6363636363636364, "count": 11}, "region": {"avg_spl": 0.3809150115272868, "avg_sr": 0.56, "count": 25}, "room": {"avg_spl": 0.3223250280194408, "avg_sr": 0.5625, "count": 16}}
Elapsed 2:33:16 [Metrics] sequence count: 65, invalid_count: 0, follower_error_count: 3, avg_sr: 0.492308, avg_spl: 0.327066

=== Episode ===: 13it [2:33:05, 487.35s/it][AElapsed 2:33:21 

Begin to process [00800-TEEsavR23oF_sequence_13_0] type: [instance], Question: [black wall-mounted tv above fireplace in tie: living room & hall with dark leather couch under staircase]

Elapsed 2:33:21 Current start position is [    -1.3286     0.01338     -1.6738]
Elapsed 2:37:00 ===Episode_id 13 task_id 0 task_level=instance===
SR: False, SPL: 0.0, Object category: tv, goal type: sequence===

Elapsed 2:37:00 [baseline] task_level=instance scene=00800-TEEsavR23oF episode=13 task=0 sec=218.338
Elapsed 2:37:00 [BASELINE_LIVE_METRICS] rows=66 avg_sr=0.484848 avg_spl=0.322111 follower_error_count=3 levels=[object:n=11,sr=0.636364,spl=0.497582; room:n=16,sr=0.562500,spl=0.322325; region:n=25,sr=0.560000,spl=0.380915; instance:n=14,sr=0.142857,spl=0.078988] latest_scene=00800-TEEsavR23oF latest_episode=13 latest_task=0 latest_level=instance by_level={"instance": {"avg_spl": 0.07898826236192684, "avg_sr": 0.14285714285714285, "count": 14}, "object": {"avg_spl": 0.497581575264546, "avg_sr": 0.6363636363636364, "count": 11}, "region": {"avg_spl": 0.3809150115272868, "avg_sr": 0.56, "count": 25}, "room": {"avg_spl": 0.3223250280194408, "avg_sr": 0.5625, "count": 16}}
Elapsed 2:37:00 

Begin to process [00800-TEEsavR23oF_sequence_13_1] type: [region], Question: [doormat in the hall that has brown-framed sailboats painting on wall, colorful floral door entry mat]

Elapsed 2:37:00 Current start position is [     1.4426    0.013378     -5.4616]
Elapsed 2:37:35 ===Episode_id 13 task_id 1 task_level=region===
SR: False, SPL: 0.0, Object category: doormat, goal type: sequence===

Elapsed 2:37:35 [baseline] task_level=region scene=00800-TEEsavR23oF episode=13 task=1 sec=35.332
Elapsed 2:37:35 [BASELINE_LIVE_METRICS] rows=67 avg_sr=0.477612 avg_spl=0.317303 follower_error_count=3 levels=[object:n=11,sr=0.636364,spl=0.497582; room:n=16,sr=0.562500,spl=0.322325; region:n=26,sr=0.538462,spl=0.366264; instance:n=14,sr=0.142857,spl=0.078988] latest_scene=00800-TEEsavR23oF latest_episode=13 latest_task=1 latest_level=region by_level={"instance": {"avg_spl": 0.07898826236192684, "avg_sr": 0.14285714285714285, "count": 14}, "object": {"avg_spl": 0.497581575264546, "avg_sr": 0.6363636363636364, "count": 11}, "region": {"avg_spl": 0.3662644341608527, "avg_sr": 0.5384615384615384, "count": 26}, "room": {"avg_spl": 0.3223250280194408, "avg_sr": 0.5625, "count": 16}}
Elapsed 2:37:35 

Begin to process [00800-TEEsavR23oF_sequence_13_2] type: [room], Question: [laundry basket in the bedroom]

Elapsed 2:37:35 Current start position is [    -1.4585    0.013378      -5.099]
Elapsed 2:38:03 ===Episode_id 13 task_id 2 task_level=room===
SR: True, SPL: 0.6880664942866878, Object category: laundry basket, goal type: sequence===

Elapsed 2:38:03 [baseline] task_level=room scene=00800-TEEsavR23oF episode=13 task=2 sec=27.460
Elapsed 2:38:03 [BASELINE_LIVE_METRICS] rows=68 avg_sr=0.485294 avg_spl=0.322756 follower_error_count=3 levels=[object:n=11,sr=0.636364,spl=0.497582; room:n=17,sr=0.588235,spl=0.343839; region:n=26,sr=0.538462,spl=0.366264; instance:n=14,sr=0.142857,spl=0.078988] latest_scene=00800-TEEsavR23oF latest_episode=13 latest_task=2 latest_level=room by_level={"instance": {"avg_spl": 0.07898826236192684, "avg_sr": 0.14285714285714285, "count": 14}, "object": {"avg_spl": 0.497581575264546, "avg_sr": 0.6363636363636364, "count": 11}, "region": {"avg_spl": 0.3662644341608527, "avg_sr": 0.5384615384615384, "count": 26}, "room": {"avg_spl": 0.34383923191751414, "avg_sr": 0.5882352941176471, "count": 17}}
Elapsed 2:38:03 

Begin to process [00800-TEEsavR23oF_sequence_13_3] type: [region], Question: [bath sink in the bathroom that has pedestal sink beneath oval mirror and hand towel, toilet below colorful tropical harbor picture, wire rack with bottle of cleaner, wooden flooring]

Elapsed 2:38:03 Current start position is [      3.005    0.013378     -4.9229]
Elapsed 2:38:28 ===Episode_id 13 task_id 3 task_level=region===
SR: False, SPL: 0.0, Object category: bath sink, goal type: sequence===

Elapsed 2:38:28 [baseline] task_level=region scene=00800-TEEsavR23oF episode=13 task=3 sec=25.357
Elapsed 2:38:28 [BASELINE_LIVE_METRICS] rows=69 avg_sr=0.478261 avg_spl=0.318078 follower_error_count=3 levels=[object:n=11,sr=0.636364,spl=0.497582; room:n=17,sr=0.588235,spl=0.343839; region:n=27,sr=0.518519,spl=0.352699; instance:n=14,sr=0.142857,spl=0.078988] latest_scene=00800-TEEsavR23oF latest_episode=13 latest_task=3 latest_level=region by_level={"instance": {"avg_spl": 0.07898826236192684, "avg_sr": 0.14285714285714285, "count": 14}, "object": {"avg_spl": 0.497581575264546, "avg_sr": 0.6363636363636364, "count": 11}, "region": {"avg_spl": 0.3526990847474878, "avg_sr": 0.5185185185185185, "count": 27}, "room": {"avg_spl": 0.34383923191751414, "avg_sr": 0.5882352941176471, "count": 17}}
Elapsed 2:38:28 

Begin to process [00800-TEEsavR23oF_sequence_13_4] type: [object], Question: [sideboard]

Elapsed 2:38:28 Current start position is [    -1.8873    0.013378     -6.6092]
Elapsed 2:39:01 ===Episode_id 13 task_id 4 task_level=object===
SR: False, SPL: 0.0, Object category: sideboard, goal type: sequence===

Elapsed 2:39:01 [baseline] task_level=object scene=00800-TEEsavR23oF episode=13 task=4 sec=32.903
Elapsed 2:39:01 [BASELINE_LIVE_METRICS] rows=70 avg_sr=0.471429 avg_spl=0.313534 follower_error_count=3 levels=[object:n=12,sr=0.583333,spl=0.456116; room:n=17,sr=0.588235,spl=0.343839; region:n=27,sr=0.518519,spl=0.352699; instance:n=14,sr=0.142857,spl=0.078988] latest_scene=00800-TEEsavR23oF latest_episode=13 latest_task=4 latest_level=object by_level={"instance": {"avg_spl": 0.07898826236192684, "avg_sr": 0.14285714285714285, "count": 14}, "object": {"avg_spl": 0.4561164439925005, "avg_sr": 0.5833333333333334, "count": 12}, "region": {"avg_spl": 0.3526990847474878, "avg_sr": 0.5185185185185185, "count": 27}, "room": {"avg_spl": 0.34383923191751414, "avg_sr": 0.5882352941176471, "count": 17}}
Elapsed 2:39:01 [Metrics] sequence count: 70, invalid_count: 0, follower_error_count: 3, avg_sr: 0.471429, avg_spl: 0.313534

=== Episode ===: 14it [2:38:50, 444.31s/it][AElapsed 2:39:07 

Begin to process [00800-TEEsavR23oF_sequence_14_0] type: [instance], Question: [white mantel fireplace below TV in living room with dark couch near staircase]

Elapsed 2:39:07 Current start position is [    -1.2395     0.01338    -0.12146]
Elapsed 2:48:40 ===Episode_id 14 task_id 0 task_level=instance===
SR: False, SPL: 0.0, Object category: fireplace, goal type: sequence===

Elapsed 2:48:40 [baseline] task_level=instance scene=00800-TEEsavR23oF episode=14 task=0 sec=573.389
Elapsed 2:48:40 [BASELINE_LIVE_METRICS] rows=71 avg_sr=0.464789 avg_spl=0.309118 follower_error_count=3 levels=[object:n=12,sr=0.583333,spl=0.456116; room:n=17,sr=0.588235,spl=0.343839; region:n=27,sr=0.518519,spl=0.352699; instance:n=15,sr=0.133333,spl=0.073722] latest_scene=00800-TEEsavR23oF latest_episode=14 latest_task=0 latest_level=instance by_level={"instance": {"avg_spl": 0.07372237820446506, "avg_sr": 0.13333333333333333, "count": 15}, "object": {"avg_spl": 0.4561164439925005, "avg_sr": 0.5833333333333334, "count": 12}, "region": {"avg_spl": 0.3526990847474878, "avg_sr": 0.5185185185185185, "count": 27}, "room": {"avg_spl": 0.34383923191751414, "avg_sr": 0.5882352941176471, "count": 17}}
Elapsed 2:48:40 

Begin to process [00800-TEEsavR23oF_sequence_14_1] type: [object], Question: [cabinet]

Elapsed 2:48:40 Current start position is [     1.6176    0.013378     -5.4882]
Elapsed 2:51:31 ===Episode_id 14 task_id 1 task_level=object===
SR: True, SPL: 0.010044662228063935, Object category: cabinet, goal type: sequence===

Elapsed 2:51:31 [baseline] task_level=object scene=00800-TEEsavR23oF episode=14 task=1 sec=170.944
Elapsed 2:51:31 [BASELINE_LIVE_METRICS] rows=72 avg_sr=0.472222 avg_spl=0.304964 follower_error_count=3 levels=[object:n=13,sr=0.615385,spl=0.421803; room:n=17,sr=0.588235,spl=0.343839; region:n=27,sr=0.518519,spl=0.352699; instance:n=15,sr=0.133333,spl=0.073722] latest_scene=00800-TEEsavR23oF latest_episode=14 latest_task=1 latest_level=object by_level={"instance": {"avg_spl": 0.07372237820446506, "avg_sr": 0.13333333333333333, "count": 15}, "object": {"avg_spl": 0.4218032300106208, "avg_sr": 0.6153846153846154, "count": 13}, "region": {"avg_spl": 0.3526990847474878, "avg_sr": 0.5185185185185185, "count": 27}, "room": {"avg_spl": 0.34383923191751414, "avg_sr": 0.5882352941176471, "count": 17}}
Elapsed 2:51:31 

Begin to process [00800-TEEsavR23oF_sequence_14_2] type: [room], Question: [armchair in the hall]

Elapsed 2:51:31 Current start position is [    -3.6704    0.013378    -0.38434]
Elapsed 2:53:13 ===Episode_id 14 task_id 2 task_level=room===
SR: True, SPL: 0.4961725704207503, Object category: armchair, goal type: sequence===

Elapsed 2:53:13 [baseline] task_level=room scene=00800-TEEsavR23oF episode=14 task=2 sec=101.569
Elapsed 2:53:13 [BASELINE_LIVE_METRICS] rows=73 avg_sr=0.479452 avg_spl=0.307583 follower_error_count=3 levels=[object:n=13,sr=0.615385,spl=0.421803; room:n=18,sr=0.611111,spl=0.352302; region:n=27,sr=0.518519,spl=0.352699; instance:n=15,sr=0.133333,spl=0.073722] latest_scene=00800-TEEsavR23oF latest_episode=14 latest_task=2 latest_level=room by_level={"instance": {"avg_spl": 0.07372237820446506, "avg_sr": 0.13333333333333333, "count": 15}, "object": {"avg_spl": 0.4218032300106208, "avg_sr": 0.6153846153846154, "count": 13}, "region": {"avg_spl": 0.3526990847474878, "avg_sr": 0.5185185185185185, "count": 27}, "room": {"avg_spl": 0.35230219516769395, "avg_sr": 0.6111111111111112, "count": 18}}
Elapsed 2:53:13 

Begin to process [00800-TEEsavR23oF_sequence_14_3] type: [room], Question: [bath towel in the bathroom]

Elapsed 2:53:13 Current start position is [    -8.5794    0.013378    -0.34588]
Elapsed 2:58:57 ===Episode_id 14 task_id 3 task_level=room===
SR: False, SPL: 0.0, Object category: bath towel, goal type: sequence===

Elapsed 2:58:57 [baseline] task_level=room scene=00800-TEEsavR23oF episode=14 task=3 sec=344.145
Elapsed 2:58:57 [BASELINE_LIVE_METRICS] rows=74 avg_sr=0.472973 avg_spl=0.303427 follower_error_count=3 levels=[object:n=13,sr=0.615385,spl=0.421803; room:n=19,sr=0.578947,spl=0.333760; region:n=27,sr=0.518519,spl=0.352699; instance:n=15,sr=0.133333,spl=0.073722] latest_scene=00800-TEEsavR23oF latest_episode=14 latest_task=3 latest_level=room by_level={"instance": {"avg_spl": 0.07372237820446506, "avg_sr": 0.13333333333333333, "count": 15}, "object": {"avg_spl": 0.4218032300106208, "avg_sr": 0.6153846153846154, "count": 13}, "region": {"avg_spl": 0.3526990847474878, "avg_sr": 0.5185185185185185, "count": 27}, "room": {"avg_spl": 0.33375997436939425, "avg_sr": 0.5789473684210527, "count": 19}}
Elapsed 2:58:57 

Begin to process [00800-TEEsavR23oF_sequence_14_4] type: [region], Question: [floor mat in the tie: hall & living room that has dark leather couch between lamps under staircase, white-mantled fireplace with wall-mounted TV above between windows, leather armchair]

Elapsed 2:58:57 Current start position is [    -1.5202    0.013378     -6.5992]
Elapsed 3:02:59 ===Episode_id 14 task_id 4 task_level=region===
SR: False, SPL: 0.0, Object category: floor mat, goal type: sequence===

Elapsed 3:02:59 [baseline] task_level=region scene=00800-TEEsavR23oF episode=14 task=4 sec=241.793
Elapsed 3:02:59 [BASELINE_LIVE_METRICS] rows=75 avg_sr=0.466667 avg_spl=0.299381 follower_error_count=3 levels=[object:n=13,sr=0.615385,spl=0.421803; room:n=19,sr=0.578947,spl=0.333760; region:n=28,sr=0.500000,spl=0.340103; instance:n=15,sr=0.133333,spl=0.073722] latest_scene=00800-TEEsavR23oF latest_episode=14 latest_task=4 latest_level=region by_level={"instance": {"avg_spl": 0.07372237820446506, "avg_sr": 0.13333333333333333, "count": 15}, "object": {"avg_spl": 0.4218032300106208, "avg_sr": 0.6153846153846154, "count": 13}, "region": {"avg_spl": 0.34010268886364897, "avg_sr": 0.5, "count": 28}, "room": {"avg_spl": 0.33375997436939425, "avg_sr": 0.5789473684210527, "count": 19}}
Elapsed 3:02:59 [Metrics] sequence count: 75, invalid_count: 0, follower_error_count: 3, avg_sr: 0.466667, avg_spl: 0.299381

=== Episode ===: 15it [3:02:48, 743.76s/it][AElapsed 3:03:04 

Begin to process [00800-TEEsavR23oF_sequence_15_0] type: [instance], Question: [dark two-seater leather couch beside fireplace with white mantel below TV]

Elapsed 3:03:04 Current start position is [    -4.4257     0.01338     -7.4543]
Elapsed 3:19:50 ===Episode_id 15 task_id 0 task_level=instance===
SR: False, SPL: 0.0, Object category: armchair, goal type: sequence===

Elapsed 3:19:50 [baseline] task_level=instance scene=00800-TEEsavR23oF episode=15 task=0 sec=1006.488
Elapsed 3:19:50 [BASELINE_LIVE_METRICS] rows=76 avg_sr=0.460526 avg_spl=0.295442 follower_error_count=3 levels=[object:n=13,sr=0.615385,spl=0.421803; room:n=19,sr=0.578947,spl=0.333760; region:n=28,sr=0.500000,spl=0.340103; instance:n=16,sr=0.125000,spl=0.069115] latest_scene=00800-TEEsavR23oF latest_episode=15 latest_task=0 latest_level=instance by_level={"instance": {"avg_spl": 0.06911472956668599, "avg_sr": 0.125, "count": 16}, "object": {"avg_spl": 0.4218032300106208, "avg_sr": 0.6153846153846154, "count": 13}, "region": {"avg_spl": 0.34010268886364897, "avg_sr": 0.5, "count": 28}, "room": {"avg_spl": 0.33375997436939425, "avg_sr": 0.5789473684210527, "count": 19}}
Elapsed 3:19:50 

Begin to process [00800-TEEsavR23oF_sequence_15_1] type: [region], Question: [pedestal sink in the bathroom that has pedestal sink beneath oval mirror and hand towel, toilet below colorful tropical harbor picture, wire rack with bottle of cleaner, wooden flooring]

Elapsed 3:19:50 Current start position is [    -8.7061    0.013378     -2.4259]
Elapsed 3:22:19 ===Episode_id 15 task_id 1 task_level=region===
SR: False, SPL: 0.0, Object category: pedestal sink, goal type: sequence===

Elapsed 3:22:19 [baseline] task_level=region scene=00800-TEEsavR23oF episode=15 task=1 sec=148.230
Elapsed 3:22:19 [BASELINE_LIVE_METRICS] rows=77 avg_sr=0.454545 avg_spl=0.291605 follower_error_count=3 levels=[object:n=13,sr=0.615385,spl=0.421803; room:n=19,sr=0.578947,spl=0.333760; region:n=29,sr=0.482759,spl=0.328375; instance:n=16,sr=0.125000,spl=0.069115] latest_scene=00800-TEEsavR23oF latest_episode=15 latest_task=1 latest_level=region by_level={"instance": {"avg_spl": 0.06911472956668599, "avg_sr": 0.125, "count": 16}, "object": {"avg_spl": 0.4218032300106208, "avg_sr": 0.6153846153846154, "count": 13}, "region": {"avg_spl": 0.3283750099373162, "avg_sr": 0.4827586206896552, "count": 29}, "room": {"avg_spl": 0.33375997436939425, "avg_sr": 0.5789473684210527, "count": 19}}
Elapsed 3:22:19 

Begin to process [00800-TEEsavR23oF_sequence_15_2] type: [room], Question: [tv in the hall]

Elapsed 3:22:19 Current start position is [    -1.4142    0.013378     -6.7214]
Elapsed 3:25:05 ===Episode_id 15 task_id 2 task_level=room===
SR: False, SPL: 0.0, Object category: tv, goal type: sequence===

Elapsed 3:25:05 [baseline] task_level=room scene=00800-TEEsavR23oF episode=15 task=2 sec=166.284
Elapsed 3:25:05 [BASELINE_LIVE_METRICS] rows=78 avg_sr=0.448718 avg_spl=0.287867 follower_error_count=3 levels=[object:n=13,sr=0.615385,spl=0.421803; room:n=20,sr=0.550000,spl=0.317072; region:n=29,sr=0.482759,spl=0.328375; instance:n=16,sr=0.125000,spl=0.069115] latest_scene=00800-TEEsavR23oF latest_episode=15 latest_task=2 latest_level=room by_level={"instance": {"avg_spl": 0.06911472956668599, "avg_sr": 0.125, "count": 16}, "object": {"avg_spl": 0.4218032300106208, "avg_sr": 0.6153846153846154, "count": 13}, "region": {"avg_spl": 0.3283750099373162, "avg_sr": 0.4827586206896552, "count": 29}, "room": {"avg_spl": 0.31707197565092454, "avg_sr": 0.55, "count": 20}}
Elapsed 3:25:05 

Begin to process [00800-TEEsavR23oF_sequence_15_3] type: [region], Question: [cabinet in the kitchen that has wood kitchen cabinets with granite countertop, stove above stainless oven with towel, silver dishwasher, microwave, coffee machine, stainless steel refrigerator, wall clock, wall-mounted US flag]

Elapsed 3:25:05 Current start position is [     1.7682    0.013378     -5.4491]
Elapsed 3:26:14 ===Episode_id 15 task_id 3 task_level=region===
SR: True, SPL: 0.599829214177328, Object category: cabinet, goal type: sequence===

Elapsed 3:26:14 [baseline] task_level=region scene=00800-TEEsavR23oF episode=15 task=3 sec=68.600
Elapsed 3:26:14 [BASELINE_LIVE_METRICS] rows=79 avg_sr=0.455696 avg_spl=0.291815 follower_error_count=3 levels=[object:n=13,sr=0.615385,spl=0.421803; room:n=20,sr=0.550000,spl=0.317072; region:n=30,sr=0.500000,spl=0.337423; instance:n=16,sr=0.125000,spl=0.069115] latest_scene=00800-TEEsavR23oF latest_episode=15 latest_task=3 latest_level=region by_level={"instance": {"avg_spl": 0.06911472956668599, "avg_sr": 0.125, "count": 16}, "object": {"avg_spl": 0.4218032300106208, "avg_sr": 0.6153846153846154, "count": 13}, "region": {"avg_spl": 0.3374234834119833, "avg_sr": 0.5, "count": 30}, "room": {"avg_spl": 0.31707197565092454, "avg_sr": 0.55, "count": 20}}
Elapsed 3:26:14 

Begin to process [00800-TEEsavR23oF_sequence_15_4] type: [region], Question: [bathroom cabinet in the bathroom that has dark wood double-sink bath vanity below rectangle mirror, built-in bathtub, grey bath mat, gray towel by white towel, connects to bedroom with striped bedding]

Elapsed 3:26:14 Current start position is [    -5.9717    0.013378    -0.20475]
Elapsed 3:29:17 ===Episode_id 15 task_id 4 task_level=region===
SR: True, SPL: 0.6672235247756332, Object category: bathroom cabinet, goal type: sequence===

Elapsed 3:29:17 [baseline] task_level=region scene=00800-TEEsavR23oF episode=15 task=4 sec=183.579
Elapsed 3:29:17 [BASELINE_LIVE_METRICS] rows=80 avg_sr=0.462500 avg_spl=0.296508 follower_error_count=3 levels=[object:n=13,sr=0.615385,spl=0.421803; room:n=20,sr=0.550000,spl=0.317072; region:n=31,sr=0.516129,spl=0.348062; instance:n=16,sr=0.125000,spl=0.069115] latest_scene=00800-TEEsavR23oF latest_episode=15 latest_task=4 latest_level=region by_level={"instance": {"avg_spl": 0.06911472956668599, "avg_sr": 0.125, "count": 16}, "object": {"avg_spl": 0.4218032300106208, "avg_sr": 0.6153846153846154, "count": 13}, "region": {"avg_spl": 0.3480621944237139, "avg_sr": 0.5161290322580645, "count": 31}, "room": {"avg_spl": 0.31707197565092454, "avg_sr": 0.55, "count": 20}}
Elapsed 3:29:17 [Metrics] sequence count: 80, invalid_count: 0, follower_error_count: 3, avg_sr: 0.462500, avg_spl: 0.296508

=== Episode ===: 16it [3:29:06, 995.04s/it][AElapsed 3:29:23 

Begin to process [00800-TEEsavR23oF_sequence_16_0] type: [instance], Question: [small wooden side table with remote between white fireplace and armchair in living room]

Elapsed 3:29:23 Current start position is [   -0.28228     0.01338     0.31235]
Elapsed 3:32:34 ===Episode_id 16 task_id 0 task_level=instance===
SR: False, SPL: 0.0, Object category: table, goal type: sequence===

Elapsed 3:32:34 [baseline] task_level=instance scene=00800-TEEsavR23oF episode=16 task=0 sec=191.327
Elapsed 3:32:34 [BASELINE_LIVE_METRICS] rows=81 avg_sr=0.456790 avg_spl=0.292847 follower_error_count=3 levels=[object:n=13,sr=0.615385,spl=0.421803; room:n=20,sr=0.550000,spl=0.317072; region:n=31,sr=0.516129,spl=0.348062; instance:n=17,sr=0.117647,spl=0.065049] latest_scene=00800-TEEsavR23oF latest_episode=16 latest_task=0 latest_level=instance by_level={"instance": {"avg_spl": 0.06504915723923388, "avg_sr": 0.11764705882352941, "count": 17}, "object": {"avg_spl": 0.4218032300106208, "avg_sr": 0.6153846153846154, "count": 13}, "region": {"avg_spl": 0.3480621944237139, "avg_sr": 0.5161290322580645, "count": 31}, "room": {"avg_spl": 0.31707197565092454, "avg_sr": 0.55, "count": 20}}
Elapsed 3:32:34 

Begin to process [00800-TEEsavR23oF_sequence_16_1] type: [region], Question: [doormat in the hall that has brown-framed sailboats painting on wall, colorful floral door entry mat]

Elapsed 3:32:34 Current start position is [    -8.5923    0.013378     -2.5012]
Elapsed 3:40:40 ===Episode_id 16 task_id 1 task_level=region===
SR: True, SPL: 0.5120912943296677, Object category: doormat, goal type: sequence===

Elapsed 3:40:40 [baseline] task_level=region scene=00800-TEEsavR23oF episode=16 task=1 sec=485.294
Elapsed 3:40:40 [BASELINE_LIVE_METRICS] rows=82 avg_sr=0.463415 avg_spl=0.295521 follower_error_count=3 levels=[object:n=13,sr=0.615385,spl=0.421803; room:n=20,sr=0.550000,spl=0.317072; region:n=32,sr=0.531250,spl=0.353188; instance:n=17,sr=0.117647,spl=0.065049] latest_scene=00800-TEEsavR23oF latest_episode=16 latest_task=1 latest_level=region by_level={"instance": {"avg_spl": 0.06504915723923388, "avg_sr": 0.11764705882352941, "count": 17}, "object": {"avg_spl": 0.4218032300106208, "avg_sr": 0.6153846153846154, "count": 13}, "region": {"avg_spl": 0.353188103795775, "avg_sr": 0.53125, "count": 32}, "room": {"avg_spl": 0.31707197565092454, "avg_sr": 0.55, "count": 20}}
Elapsed 3:40:40 

Begin to process [00800-TEEsavR23oF_sequence_16_2] type: [room], Question: [armchair in the living room]

Elapsed 3:40:40 Current start position is [    -1.3663    0.013378     -0.6852]
Elapsed 4:02:55 ===Episode_id 16 task_id 2 task_level=room===
SR: True, SPL: 0.23917997921989886, Object category: armchair, goal type: sequence===

Elapsed 4:02:55 [baseline] task_level=room scene=00800-TEEsavR23oF episode=16 task=2 sec=1335.642
Elapsed 4:02:55 [BASELINE_LIVE_METRICS] rows=83 avg_sr=0.469880 avg_spl=0.294842 follower_error_count=3 levels=[object:n=13,sr=0.615385,spl=0.421803; room:n=21,sr=0.571429,spl=0.313363; region:n=32,sr=0.531250,spl=0.353188; instance:n=17,sr=0.117647,spl=0.065049] latest_scene=00800-TEEsavR23oF latest_episode=16 latest_task=2 latest_level=room by_level={"instance": {"avg_spl": 0.06504915723923388, "avg_sr": 0.11764705882352941, "count": 17}, "object": {"avg_spl": 0.4218032300106208, "avg_sr": 0.6153846153846154, "count": 13}, "region": {"avg_spl": 0.353188103795775, "avg_sr": 0.53125, "count": 32}, "room": {"avg_spl": 0.31336283296373285, "avg_sr": 0.5714285714285714, "count": 21}}
Elapsed 4:02:55 

Begin to process [00800-TEEsavR23oF_sequence_16_3] type: [region], Question: [sideboard in the dining room that has rectangular wooden dining table with carved chairs, potted plant on side cabinet, large canal scene painting above]

Elapsed 4:02:55 Current start position is [    -7.3768    0.014856    -0.47568]
Elapsed 4:08:28 ===Episode_id 16 task_id 3 task_level=region===
SR: False, SPL: 0.0, Object category: sideboard, goal type: sequence===

Elapsed 4:08:28 [baseline] task_level=region scene=00800-TEEsavR23oF episode=16 task=3 sec=332.747
Elapsed 4:08:28 [BASELINE_LIVE_METRICS] rows=84 avg_sr=0.464286 avg_spl=0.291332 follower_error_count=3 levels=[object:n=13,sr=0.615385,spl=0.421803; room:n=21,sr=0.571429,spl=0.313363; region:n=33,sr=0.515152,spl=0.342485; instance:n=17,sr=0.117647,spl=0.065049] latest_scene=00800-TEEsavR23oF latest_episode=16 latest_task=3 latest_level=region by_level={"instance": {"avg_spl": 0.06504915723923388, "avg_sr": 0.11764705882352941, "count": 17}, "object": {"avg_spl": 0.4218032300106208, "avg_sr": 0.6153846153846154, "count": 13}, "region": {"avg_spl": 0.3424854339837818, "avg_sr": 0.5151515151515151, "count": 33}, "room": {"avg_spl": 0.31336283296373285, "avg_sr": 0.5714285714285714, "count": 21}}
Elapsed 4:08:28 

Begin to process [00800-TEEsavR23oF_sequence_16_4] type: [region], Question: [case in the walk-in closet that has ironing board and tightly packed clothes hanging above storage boxes]

Elapsed 4:08:28 Current start position is [    0.53725    0.013378     -3.6361]
Elapsed 4:23:17 ===Episode_id 16 task_id 4 task_level=region===
SR: True, SPL: 0.9206617363484045, Object category: case, goal type: sequence===

Elapsed 4:23:17 [baseline] task_level=region scene=00800-TEEsavR23oF episode=16 task=4 sec=888.892
Elapsed 4:23:17 [BASELINE_LIVE_METRICS] rows=85 avg_sr=0.470588 avg_spl=0.298736 follower_error_count=3 levels=[object:n=13,sr=0.615385,spl=0.421803; room:n=21,sr=0.571429,spl=0.313363; region:n=34,sr=0.529412,spl=0.359491; instance:n=17,sr=0.117647,spl=0.065049] latest_scene=00800-TEEsavR23oF latest_episode=16 latest_task=4 latest_level=region by_level={"instance": {"avg_spl": 0.06504915723923388, "avg_sr": 0.11764705882352941, "count": 17}, "object": {"avg_spl": 0.4218032300106208, "avg_sr": 0.6153846153846154, "count": 13}, "region": {"avg_spl": 0.3594906193474472, "avg_sr": 0.5294117647058824, "count": 34}, "room": {"avg_spl": 0.31336283296373285, "avg_sr": 0.5714285714285714, "count": 21}}
Elapsed 4:23:17 [Metrics] sequence count: 85, invalid_count: 0, follower_error_count: 3, avg_sr: 0.470588, avg_spl: 0.298736

=== Episode ===: 17it [4:23:06, 1670.00s/it][AElapsed 4:23:23 

Begin to process [00800-TEEsavR23oF_sequence_17_0] type: [instance], Question: [dark floor mat beside fireplace in tie: living room & hall with dark leather couch near staircase]

Elapsed 4:23:23 Current start position is [    -4.8219     0.05259     -7.7573]
Elapsed 4:51:14 ===Episode_id 17 task_id 0 task_level=instance===
SR: False, SPL: 0.0, Object category: floor mat, goal type: sequence===

Elapsed 4:51:14 [baseline] task_level=instance scene=00800-TEEsavR23oF episode=17 task=0 sec=1671.420
Elapsed 4:51:14 [BASELINE_LIVE_METRICS] rows=86 avg_sr=0.465116 avg_spl=0.295263 follower_error_count=3 levels=[object:n=13,sr=0.615385,spl=0.421803; room:n=21,sr=0.571429,spl=0.313363; region:n=34,sr=0.529412,spl=0.359491; instance:n=18,sr=0.111111,spl=0.061435] latest_scene=00800-TEEsavR23oF latest_episode=17 latest_task=0 latest_level=instance by_level={"instance": {"avg_spl": 0.06143531517038755, "avg_sr": 0.1111111111111111, "count": 18}, "object": {"avg_spl": 0.4218032300106208, "avg_sr": 0.6153846153846154, "count": 13}, "region": {"avg_spl": 0.3594906193474472, "avg_sr": 0.5294117647058824, "count": 34}, "room": {"avg_spl": 0.31336283296373285, "avg_sr": 0.5714285714285714, "count": 21}}
Elapsed 4:51:14 

Begin to process [00800-TEEsavR23oF_sequence_17_1] type: [room], Question: [kitchen cabinet in the kitchen]

Elapsed 4:51:14 Current start position is [    -2.1376    0.013378        -6.6]
Elapsed 4:54:43 ===Episode_id 17 task_id 1 task_level=room===
SR: True, SPL: 0.6869400130781917, Object category: kitchen cabinet, goal type: sequence===

Elapsed 4:54:43 [baseline] task_level=room scene=00800-TEEsavR23oF episode=17 task=1 sec=208.756
Elapsed 4:54:43 [BASELINE_LIVE_METRICS] rows=87 avg_sr=0.471264 avg_spl=0.299765 follower_error_count=3 levels=[object:n=13,sr=0.615385,spl=0.421803; room:n=22,sr=0.590909,spl=0.330344; region:n=34,sr=0.529412,spl=0.359491; instance:n=18,sr=0.111111,spl=0.061435] latest_scene=00800-TEEsavR23oF latest_episode=17 latest_task=1 latest_level=room by_level={"instance": {"avg_spl": 0.06143531517038755, "avg_sr": 0.1111111111111111, "count": 18}, "object": {"avg_spl": 0.4218032300106208, "avg_sr": 0.6153846153846154, "count": 13}, "region": {"avg_spl": 0.3594906193474472, "avg_sr": 0.5294117647058824, "count": 34}, "room": {"avg_spl": 0.33034361387802647, "avg_sr": 0.5909090909090909, "count": 22}}
Elapsed 4:54:43 

Begin to process [00800-TEEsavR23oF_sequence_17_2] type: [region], Question: [fireplace in the tie: hall & living room that has dark leather couch between lamps under staircase, white-mantled fireplace with wall-mounted TV above between windows, leather armchair]

Elapsed 4:54:43 Current start position is [    -4.8486    0.013378   -0.083365]
Elapsed 4:59:23 ===Episode_id 17 task_id 2 task_level=region===
SR: False, SPL: 0.0, Object category: fireplace, goal type: sequence===

Elapsed 4:59:23 [baseline] task_level=region scene=00800-TEEsavR23oF episode=17 task=2 sec=280.629
Elapsed 4:59:23 [BASELINE_LIVE_METRICS] rows=88 avg_sr=0.465909 avg_spl=0.296358 follower_error_count=3 levels=[object:n=13,sr=0.615385,spl=0.421803; room:n=22,sr=0.590909,spl=0.330344; region:n=35,sr=0.514286,spl=0.349219; instance:n=18,sr=0.111111,spl=0.061435] latest_scene=00800-TEEsavR23oF latest_episode=17 latest_task=2 latest_level=region by_level={"instance": {"avg_spl": 0.06143531517038755, "avg_sr": 0.1111111111111111, "count": 18}, "object": {"avg_spl": 0.4218032300106208, "avg_sr": 0.6153846153846154, "count": 13}, "region": {"avg_spl": 0.349219458794663, "avg_sr": 0.5142857142857142, "count": 35}, "room": {"avg_spl": 0.33034361387802647, "avg_sr": 0.5909090909090909, "count": 22}}
Elapsed 4:59:23 

Begin to process [00800-TEEsavR23oF_sequence_17_3] type: [region], Question: [doormat in the hall that has brown-framed sailboats painting on wall, colorful floral door entry mat]

Elapsed 4:59:23 Current start position is [     1.6803    0.013378     -5.4957]
Elapsed 5:04:36 ===Episode_id 17 task_id 3 task_level=region===
SR: False, SPL: 0.0, Object category: doormat, goal type: sequence===

Elapsed 5:04:36 [baseline] task_level=region scene=00800-TEEsavR23oF episode=17 task=3 sec=312.701
Elapsed 5:04:36 [BASELINE_LIVE_METRICS] rows=89 avg_sr=0.460674 avg_spl=0.293028 follower_error_count=3 levels=[object:n=13,sr=0.615385,spl=0.421803; room:n=22,sr=0.590909,spl=0.330344; region:n=36,sr=0.500000,spl=0.339519; instance:n=18,sr=0.111111,spl=0.061435] latest_scene=00800-TEEsavR23oF latest_episode=17 latest_task=3 latest_level=region by_level={"instance": {"avg_spl": 0.06143531517038755, "avg_sr": 0.1111111111111111, "count": 18}, "object": {"avg_spl": 0.4218032300106208, "avg_sr": 0.6153846153846154, "count": 13}, "region": {"avg_spl": 0.339518918272589, "avg_sr": 0.5, "count": 36}, "room": {"avg_spl": 0.33034361387802647, "avg_sr": 0.5909090909090909, "count": 22}}
Elapsed 5:04:36 

Begin to process [00800-TEEsavR23oF_sequence_17_4] type: [region], Question: [wardrobe in the bedroom that has wood bed with gray-striped bedding, lamp on nightstand, TV atop dresser, laundry basket, dark cabinet below wall decoration between windows]

Elapsed 5:04:36 Current start position is [    -2.0971    0.013378     -6.7277]
Elapsed 5:09:57 ===Episode_id 17 task_id 4 task_level=region===
SR: True, SPL: 0.6858947050153137, Object category: wardrobe, goal type: sequence===

Elapsed 5:09:57 [baseline] task_level=region scene=00800-TEEsavR23oF episode=17 task=4 sec=321.018
Elapsed 5:09:57 [BASELINE_LIVE_METRICS] rows=90 avg_sr=0.466667 avg_spl=0.297393 follower_error_count=3 levels=[object:n=13,sr=0.615385,spl=0.421803; room:n=22,sr=0.590909,spl=0.330344; region:n=37,sr=0.513514,spl=0.348880; instance:n=18,sr=0.111111,spl=0.061435] latest_scene=00800-TEEsavR23oF latest_episode=17 latest_task=4 latest_level=region by_level={"instance": {"avg_spl": 0.06143531517038755, "avg_sr": 0.1111111111111111, "count": 18}, "object": {"avg_spl": 0.4218032300106208, "avg_sr": 0.6153846153846154, "count": 13}, "region": {"avg_spl": 0.3488804260223924, "avg_sr": 0.5135135135135135, "count": 37}, "room": {"avg_spl": 0.33034361387802647, "avg_sr": 0.5909090909090909, "count": 22}}
Elapsed 5:09:57 [Metrics] sequence count: 90, invalid_count: 0, follower_error_count: 3, avg_sr: 0.466667, avg_spl: 0.297393

=== Episode ===: 18it [5:09:46, 2009.65s/it][AElapsed 5:10:04 

Begin to process [00800-TEEsavR23oF_sequence_18_0] type: [instance], Question: [green leafy plant in flowerpot left of black three-seater couch under staircase]

Elapsed 5:10:04 Current start position is [    -4.5729      0.0326     -7.7306]
Elapsed 5:21:31 ===Episode_id 18 task_id 0 task_level=instance===
SR: False, SPL: 0.0, Object category: plant, goal type: sequence===

Elapsed 5:21:31 [baseline] task_level=instance scene=00800-TEEsavR23oF episode=18 task=0 sec=687.507
Elapsed 5:21:31 [BASELINE_LIVE_METRICS] rows=91 avg_sr=0.461538 avg_spl=0.294125 follower_error_count=3 levels=[object:n=13,sr=0.615385,spl=0.421803; room:n=22,sr=0.590909,spl=0.330344; region:n=37,sr=0.513514,spl=0.348880; instance:n=19,sr=0.105263,spl=0.058202] latest_scene=00800-TEEsavR23oF latest_episode=18 latest_task=0 latest_level=instance by_level={"instance": {"avg_spl": 0.05820187752984083, "avg_sr": 0.10526315789473684, "count": 19}, "object": {"avg_spl": 0.4218032300106208, "avg_sr": 0.6153846153846154, "count": 13}, "region": {"avg_spl": 0.3488804260223924, "avg_sr": 0.5135135135135135, "count": 37}, "room": {"avg_spl": 0.33034361387802647, "avg_sr": 0.5909090909090909, "count": 22}}
Elapsed 5:21:31 

Begin to process [00800-TEEsavR23oF_sequence_18_1] type: [room], Question: [kitchen sink in the kitchen]

Elapsed 5:21:31 Current start position is [   -0.77678    0.013378    -0.58158]
Elapsed 5:23:28 ===Episode_id 18 task_id 1 task_level=room===
SR: False, SPL: 0.0, Object category: kitchen sink, goal type: sequence===

Elapsed 5:23:28 [baseline] task_level=room scene=00800-TEEsavR23oF episode=18 task=1 sec=116.333
Elapsed 5:23:28 [BASELINE_LIVE_METRICS] rows=92 avg_sr=0.456522 avg_spl=0.290928 follower_error_count=3 levels=[object:n=13,sr=0.615385,spl=0.421803; room:n=23,sr=0.565217,spl=0.315981; region:n=37,sr=0.513514,spl=0.348880; instance:n=19,sr=0.105263,spl=0.058202] latest_scene=00800-TEEsavR23oF latest_episode=18 latest_task=1 latest_level=room by_level={"instance": {"avg_spl": 0.05820187752984083, "avg_sr": 0.10526315789473684, "count": 19}, "object": {"avg_spl": 0.4218032300106208, "avg_sr": 0.6153846153846154, "count": 13}, "region": {"avg_spl": 0.3488804260223924, "avg_sr": 0.5135135135135135, "count": 37}, "room": {"avg_spl": 0.3159808480572427, "avg_sr": 0.5652173913043478, "count": 23}}
Elapsed 5:23:28 

Begin to process [00800-TEEsavR23oF_sequence_18_2] type: [object], Question: [sink]

Elapsed 5:23:28 Current start position is [    -2.1405    0.013378     -6.5729]
Elapsed 5:26:09 ===Episode_id 18 task_id 2 task_level=object===
SR: True, SPL: 1.0, Object category: sink, goal type: sequence===

Elapsed 5:26:09 [baseline] task_level=object scene=00800-TEEsavR23oF episode=18 task=2 sec=161.273
Elapsed 5:26:09 [BASELINE_LIVE_METRICS] rows=93 avg_sr=0.462366 avg_spl=0.298553 follower_error_count=3 levels=[object:n=14,sr=0.642857,spl=0.463103; room:n=23,sr=0.565217,spl=0.315981; region:n=37,sr=0.513514,spl=0.348880; instance:n=19,sr=0.105263,spl=0.058202] latest_scene=00800-TEEsavR23oF latest_episode=18 latest_task=2 latest_level=object by_level={"instance": {"avg_spl": 0.05820187752984083, "avg_sr": 0.10526315789473684, "count": 19}, "object": {"avg_spl": 0.46310299929557647, "avg_sr": 0.6428571428571429, "count": 14}, "region": {"avg_spl": 0.3488804260223924, "avg_sr": 0.5135135135135135, "count": 37}, "room": {"avg_spl": 0.3159808480572427, "avg_sr": 0.5652173913043478, "count": 23}}
Elapsed 5:26:09 

Begin to process [00800-TEEsavR23oF_sequence_18_3] type: [object], Question: [floor mat]

Elapsed 5:26:09 Current start position is [    -2.1405    0.013378     -6.5729]
Elapsed 5:28:26 ===Episode_id 18 task_id 3 task_level=object===
SR: False, SPL: 0.0, Object category: floor mat, goal type: sequence===

Elapsed 5:28:26 [baseline] task_level=object scene=00800-TEEsavR23oF episode=18 task=3 sec=136.706
Elapsed 5:28:26 [BASELINE_LIVE_METRICS] rows=94 avg_sr=0.457447 avg_spl=0.295377 follower_error_count=3 levels=[object:n=15,sr=0.600000,spl=0.432229; room:n=23,sr=0.565217,spl=0.315981; region:n=37,sr=0.513514,spl=0.348880; instance:n=19,sr=0.105263,spl=0.058202] latest_scene=00800-TEEsavR23oF latest_episode=18 latest_task=3 latest_level=object by_level={"instance": {"avg_spl": 0.05820187752984083, "avg_sr": 0.10526315789473684, "count": 19}, "object": {"avg_spl": 0.4322294660092047, "avg_sr": 0.6, "count": 15}, "region": {"avg_spl": 0.3488804260223924, "avg_sr": 0.5135135135135135, "count": 37}, "room": {"avg_spl": 0.3159808480572427, "avg_sr": 0.5652173913043478, "count": 23}}
Elapsed 5:28:26 

Begin to process [00800-TEEsavR23oF_sequence_18_4] type: [room], Question: [case in the walk-in closet]

Elapsed 5:28:26 Current start position is [    -2.1405    0.013378     -6.5729]
Elapsed 5:31:08 ===Episode_id 18 task_id 4 task_level=room===
SR: True, SPL: 0.8892733518736802, Object category: case, goal type: sequence===

Elapsed 5:31:08 [baseline] task_level=room scene=00800-TEEsavR23oF episode=18 task=4 sec=162.411
Elapsed 5:31:08 [BASELINE_LIVE_METRICS] rows=95 avg_sr=0.463158 avg_spl=0.301628 follower_error_count=3 levels=[object:n=15,sr=0.600000,spl=0.432229; room:n=24,sr=0.583333,spl=0.339868; region:n=37,sr=0.513514,spl=0.348880; instance:n=19,sr=0.105263,spl=0.058202] latest_scene=00800-TEEsavR23oF latest_episode=18 latest_task=4 latest_level=room by_level={"instance": {"avg_spl": 0.05820187752984083, "avg_sr": 0.10526315789473684, "count": 19}, "object": {"avg_spl": 0.4322294660092047, "avg_sr": 0.6, "count": 15}, "region": {"avg_spl": 0.3488804260223924, "avg_sr": 0.5135135135135135, "count": 37}, "room": {"avg_spl": 0.3398680357162609, "avg_sr": 0.5833333333333334, "count": 24}}
Elapsed 5:31:08 [Metrics] sequence count: 95, invalid_count: 0, follower_error_count: 3, avg_sr: 0.463158, avg_spl: 0.301628

=== Episode ===: 19it [5:30:57, 1787.81s/it][AElapsed 5:31:15 

Begin to process [00800-TEEsavR23oF_sequence_19_0] type: [instance], Question: [small dark wood side table with lamp and plant to the right of black three-seater couch under staircase in living room with fireplace]

Elapsed 5:31:15 Current start position is [    -4.9911     0.04042     -6.2274]
Elapsed 5:43:46 ===Episode_id 19 task_id 0 task_level=instance===
SR: False, SPL: 0.0, Object category: table, goal type: sequence===

Elapsed 5:43:46 [baseline] task_level=instance scene=00800-TEEsavR23oF episode=19 task=0 sec=750.778
Elapsed 5:43:46 [BASELINE_LIVE_METRICS] rows=96 avg_sr=0.458333 avg_spl=0.298486 follower_error_count=3 levels=[object:n=15,sr=0.600000,spl=0.432229; room:n=24,sr=0.583333,spl=0.339868; region:n=37,sr=0.513514,spl=0.348880; instance:n=20,sr=0.100000,spl=0.055292] latest_scene=00800-TEEsavR23oF latest_episode=19 latest_task=0 latest_level=instance by_level={"instance": {"avg_spl": 0.05529178365334879, "avg_sr": 0.1, "count": 20}, "object": {"avg_spl": 0.4322294660092047, "avg_sr": 0.6, "count": 15}, "region": {"avg_spl": 0.3488804260223924, "avg_sr": 0.5135135135135135, "count": 37}, "room": {"avg_spl": 0.3398680357162609, "avg_sr": 0.5833333333333334, "count": 24}}
Elapsed 5:43:46 

Begin to process [00800-TEEsavR23oF_sequence_19_1] type: [region], Question: [cabinet in the kitchen that has wood kitchen cabinets with granite countertop, stove above stainless oven with towel, silver dishwasher, microwave, coffee machine, stainless steel refrigerator, wall clock, wall-mounted US flag]

Elapsed 5:43:46 Current start position is [    -7.3693    0.013378     -3.3572]
Elapsed 5:51:42 ===Episode_id 19 task_id 1 task_level=region===
SR: True, SPL: 0.4313015665590107, Object category: cabinet, goal type: sequence===

Elapsed 5:51:42 [baseline] task_level=region scene=00800-TEEsavR23oF episode=19 task=1 sec=476.139
Elapsed 5:51:42 [BASELINE_LIVE_METRICS] rows=97 avg_sr=0.463918 avg_spl=0.299856 follower_error_count=3 levels=[object:n=15,sr=0.600000,spl=0.432229; room:n=24,sr=0.583333,spl=0.339868; region:n=38,sr=0.526316,spl=0.351049; instance:n=20,sr=0.100000,spl=0.055292] latest_scene=00800-TEEsavR23oF latest_episode=19 latest_task=1 latest_level=region by_level={"instance": {"avg_spl": 0.05529178365334879, "avg_sr": 0.1, "count": 20}, "object": {"avg_spl": 0.4322294660092047, "avg_sr": 0.6, "count": 15}, "region": {"avg_spl": 0.35104940340493496, "avg_sr": 0.5263157894736842, "count": 38}, "room": {"avg_spl": 0.3398680357162609, "avg_sr": 0.5833333333333334, "count": 24}}
Elapsed 5:51:42 

Begin to process [00800-TEEsavR23oF_sequence_19_2] type: [region], Question: [sideboard in the dining room that has rectangular wooden dining table with carved chairs, potted plant on side cabinet, large canal scene painting above]

Elapsed 5:51:42 Current start position is [    -3.6612    0.013378   -0.086391]
Elapsed 5:55:47 ===Episode_id 19 task_id 2 task_level=region===
SR: False, SPL: 0.0, Object category: sideboard, goal type: sequence===

Elapsed 5:55:47 [baseline] task_level=region scene=00800-TEEsavR23oF episode=19 task=2 sec=245.301
Elapsed 5:55:47 [BASELINE_LIVE_METRICS] rows=98 avg_sr=0.459184 avg_spl=0.296796 follower_error_count=3 levels=[object:n=15,sr=0.600000,spl=0.432229; room:n=24,sr=0.583333,spl=0.339868; region:n=39,sr=0.512821,spl=0.342048; instance:n=20,sr=0.100000,spl=0.055292] latest_scene=00800-TEEsavR23oF latest_episode=19 latest_task=2 latest_level=region by_level={"instance": {"avg_spl": 0.05529178365334879, "avg_sr": 0.1, "count": 20}, "object": {"avg_spl": 0.4322294660092047, "avg_sr": 0.6, "count": 15}, "region": {"avg_spl": 0.3420481366509623, "avg_sr": 0.5128205128205128, "count": 39}, "room": {"avg_spl": 0.3398680357162609, "avg_sr": 0.5833333333333334, "count": 24}}
Elapsed 5:55:47 

Begin to process [00800-TEEsavR23oF_sequence_19_3] type: [room], Question: [armchair in the living room]

Elapsed 5:55:47 Current start position is [    0.47636    0.013378      -3.641]
Elapsed 6:00:46 ===Episode_id 19 task_id 3 task_level=room===
SR: True, SPL: 0.815867729341565, Object category: armchair, goal type: sequence===

Elapsed 6:00:46 [baseline] task_level=room scene=00800-TEEsavR23oF episode=19 task=3 sec=298.810
Elapsed 6:00:46 [BASELINE_LIVE_METRICS] rows=99 avg_sr=0.464646 avg_spl=0.302039 follower_error_count=3 levels=[object:n=15,sr=0.600000,spl=0.432229; room:n=25,sr=0.600000,spl=0.358908; region:n=39,sr=0.512821,spl=0.342048; instance:n=20,sr=0.100000,spl=0.055292] latest_scene=00800-TEEsavR23oF latest_episode=19 latest_task=3 latest_level=room by_level={"instance": {"avg_spl": 0.05529178365334879, "avg_sr": 0.1, "count": 20}, "object": {"avg_spl": 0.4322294660092047, "avg_sr": 0.6, "count": 15}, "region": {"avg_spl": 0.3420481366509623, "avg_sr": 0.5128205128205128, "count": 39}, "room": {"avg_spl": 0.3589080234612731, "avg_sr": 0.6, "count": 25}}
Elapsed 6:00:46 

Begin to process [00800-TEEsavR23oF_sequence_19_4] type: [room], Question: [sink in the kitchen]

Elapsed 6:00:46 Current start position is [    -8.4222    0.013378    -0.58827]
Elapsed 6:07:06 ===Episode_id 19 task_id 4 task_level=room===
SR: False, SPL: 0.0, Object category: sink, goal type: sequence===

Elapsed 6:07:06 [baseline] task_level=room scene=00800-TEEsavR23oF episode=19 task=4 sec=379.895
Elapsed 6:07:06 [BASELINE_LIVE_METRICS] rows=100 avg_sr=0.460000 avg_spl=0.299019 follower_error_count=3 levels=[object:n=15,sr=0.600000,spl=0.432229; room:n=26,sr=0.576923,spl=0.345104; region:n=39,sr=0.512821,spl=0.342048; instance:n=20,sr=0.100000,spl=0.055292] latest_scene=00800-TEEsavR23oF latest_episode=19 latest_task=4 latest_level=room by_level={"instance": {"avg_spl": 0.05529178365334879, "avg_sr": 0.1, "count": 20}, "object": {"avg_spl": 0.4322294660092047, "avg_sr": 0.6, "count": 15}, "region": {"avg_spl": 0.3420481366509623, "avg_sr": 0.5128205128205128, "count": 39}, "room": {"avg_spl": 0.3451038687127626, "avg_sr": 0.5769230769230769, "count": 26}}
Elapsed 6:07:06 [Metrics] sequence count: 100, invalid_count: 0, follower_error_count: 3, avg_sr: 0.460000, avg_spl: 0.299019

=== Episode ===: 20it [6:06:55, 1898.83s/it][A=== Episode ===: 20it [6:06:55, 1100.77s/it]
Elapsed 6:07:06 [Metrics] sequence count: 100, invalid_count: 0, follower_error_count: 3, avg_sr: 0.460000, avg_spl: 0.299019
*** Scene ***:  14%|#4        | 1/7 [6:06:55<36:41:32, 22015.40s/it]Elapsed 6:07:06 




*************************** Processing 00802-wcojb4TFT35.json.gz, Total Episode 20 ***************************

=== Episode ===: 0it [00:00, ?it/s][AElapsed 6:07:16 

Begin to process [00802-wcojb4TFT35_sequence_0_0] type: [instance], Question: [bottom black-framed line drawing picture on gray wall between two others in bedroom with light gray bedding and red bookshelf]

Elapsed 6:07:16 Current start position is [    -3.1095      2.6949     -11.032]
Elapsed 6:11:53 geodesic_distance: 3.2107701301574707
Elapsed 6:11:53 [baseline][follow-error] scene=00802-wcojb4TFT35 episode_id=0 task_id=0 task_level=instance final=False error=GreedyFollowerError path_found=True
Elapsed 6:11:53 ===Episode_id 0 task_id 0 task_level=instance===
SR: 0, SPL: 0, Object category: picture, goal type: sequence===

Elapsed 6:11:53 [baseline] task_level=instance scene=00802-wcojb4TFT35 episode=0 task=0 sec=277.749
Elapsed 6:11:53 [BASELINE_LIVE_METRICS] rows=101 avg_sr=0.455446 avg_spl=0.296058 follower_error_count=4 levels=[object:n=15,sr=0.600000,spl=0.432229; room:n=26,sr=0.576923,spl=0.345104; region:n=39,sr=0.512821,spl=0.342048; instance:n=21,sr=0.095238,spl=0.052659] latest_scene=00802-wcojb4TFT35 latest_episode=0 latest_task=0 latest_level=instance by_level={"instance": {"avg_spl": 0.0526588415746179, "avg_sr": 0.09523809523809523, "count": 21}, "object": {"avg_spl": 0.4322294660092047, "avg_sr": 0.6, "count": 15}, "region": {"avg_spl": 0.3420481366509623, "avg_sr": 0.5128205128205128, "count": 39}, "room": {"avg_spl": 0.3451038687127626, "avg_sr": 0.5769230769230769, "count": 26}}
Elapsed 6:11:53 

Begin to process [00802-wcojb4TFT35_sequence_0_1] type: [room], Question: [blanket in the bedroom]

Elapsed 6:11:53 Current start position is [   -0.38449      2.6949     -6.8716]
Elapsed 6:13:05 geodesic_distance: 4.6331024169921875
Elapsed 6:13:05 [baseline][follow-error] scene=00802-wcojb4TFT35 episode_id=0 task_id=1 task_level=room final=True error=GreedyFollowerError path_found=True
Elapsed 6:13:05 ===Episode_id 0 task_id 1 task_level=room===
SR: 0, SPL: 0, Object category: blanket, goal type: sequence===

Elapsed 6:13:05 [baseline] task_level=room scene=00802-wcojb4TFT35 episode=0 task=1 sec=71.258
Elapsed 6:13:05 [BASELINE_LIVE_METRICS] rows=102 avg_sr=0.450980 avg_spl=0.293155 follower_error_count=5 levels=[object:n=15,sr=0.600000,spl=0.432229; room:n=27,sr=0.555556,spl=0.332322; region:n=39,sr=0.512821,spl=0.342048; instance:n=21,sr=0.095238,spl=0.052659] latest_scene=00802-wcojb4TFT35 latest_episode=0 latest_task=1 latest_level=room by_level={"instance": {"avg_spl": 0.0526588415746179, "avg_sr": 0.09523809523809523, "count": 21}, "object": {"avg_spl": 0.4322294660092047, "avg_sr": 0.6, "count": 15}, "region": {"avg_spl": 0.3420481366509623, "avg_sr": 0.5128205128205128, "count": 39}, "room": {"avg_spl": 0.3323222439456232, "avg_sr": 0.5555555555555556, "count": 27}}
Elapsed 6:13:05 

Begin to process [00802-wcojb4TFT35_sequence_0_2] type: [object], Question: [table]

Elapsed 6:13:05 Current start position is [   -0.38449      2.6949     -6.8716]
Elapsed 6:14:31 geodesic_distance: 4.400071144104004
Elapsed 6:14:31 [baseline][follow-error] scene=00802-wcojb4TFT35 episode_id=0 task_id=2 task_level=object final=True error=GreedyFollowerError path_found=True
Elapsed 6:14:31 ===Episode_id 0 task_id 2 task_level=object===
SR: 0, SPL: 0, Object category: table, goal type: sequence===

Elapsed 6:14:31 [baseline] task_level=object scene=00802-wcojb4TFT35 episode=0 task=2 sec=86.386
Elapsed 6:14:31 [BASELINE_LIVE_METRICS] rows=103 avg_sr=0.446602 avg_spl=0.290309 follower_error_count=6 levels=[object:n=16,sr=0.562500,spl=0.405215; room:n=27,sr=0.555556,spl=0.332322; region:n=39,sr=0.512821,spl=0.342048; instance:n=21,sr=0.095238,spl=0.052659] latest_scene=00802-wcojb4TFT35 latest_episode=0 latest_task=2 latest_level=object by_level={"instance": {"avg_spl": 0.0526588415746179, "avg_sr": 0.09523809523809523, "count": 21}, "object": {"avg_spl": 0.4052151243836294, "avg_sr": 0.5625, "count": 16}, "region": {"avg_spl": 0.3420481366509623, "avg_sr": 0.5128205128205128, "count": 39}, "room": {"avg_spl": 0.3323222439456232, "avg_sr": 0.5555555555555556, "count": 27}}
Elapsed 6:14:31 

Begin to process [00802-wcojb4TFT35_sequence_0_3] type: [region], Question: [nightstand in the bedroom that has bed with light gray bedding and white pillows, light wood nightstand, red bookshelf with books, wood-framed wall mirror, monochrome sketch prints, hanging clothes above white basket]

Elapsed 6:14:31 Current start position is [   -0.38449      2.6949     -6.8716]
Elapsed 6:29:18 ===Episode_id 0 task_id 3 task_level=region===
SR: True, SPL: 0.025197569287033338, Object category: nightstand, goal type: sequence===

Elapsed 6:29:18 [baseline] task_level=region scene=00802-wcojb4TFT35 episode=0 task=3 sec=886.622
Elapsed 6:29:18 [BASELINE_LIVE_METRICS] rows=104 avg_sr=0.451923 avg_spl=0.287760 follower_error_count=6 levels=[object:n=16,sr=0.562500,spl=0.405215; room:n=27,sr=0.555556,spl=0.332322; region:n=40,sr=0.525000,spl=0.334127; instance:n=21,sr=0.095238,spl=0.052659] latest_scene=00802-wcojb4TFT35 latest_episode=0 latest_task=3 latest_level=region by_level={"instance": {"avg_spl": 0.0526588415746179, "avg_sr": 0.09523809523809523, "count": 21}, "object": {"avg_spl": 0.4052151243836294, "avg_sr": 0.5625, "count": 16}, "region": {"avg_spl": 0.33412687246686407, "avg_sr": 0.525, "count": 40}, "room": {"avg_spl": 0.3323222439456232, "avg_sr": 0.5555555555555556, "count": 27}}
Elapsed 6:29:18 

Begin to process [00802-wcojb4TFT35_sequence_0_4] type: [region], Question: [shower curtain in the bathroom that has light-colored bath vanity below white framed mirror, blue picture on toilet, white tufted shower curtain, gray towel beside white towel, white-tiled lower wall below blue-painted upper wall]

Elapsed 6:29:18 Current start position is [   -0.34017      2.6949     -5.6322]
Elapsed 6:31:03 ===Episode_id 0 task_id 4 task_level=region===
SR: True, SPL: 0.7469222296563169, Object category: shower curtain, goal type: sequence===

Elapsed 6:31:03 [baseline] task_level=region scene=00802-wcojb4TFT35 episode=0 task=4 sec=105.365
Elapsed 6:31:03 [BASELINE_LIVE_METRICS] rows=105 avg_sr=0.457143 avg_spl=0.292133 follower_error_count=6 levels=[object:n=16,sr=0.562500,spl=0.405215; room:n=27,sr=0.555556,spl=0.332322; region:n=41,sr=0.536585,spl=0.344195; instance:n=21,sr=0.095238,spl=0.052659] latest_scene=00802-wcojb4TFT35 latest_episode=0 latest_task=4 latest_level=region by_level={"instance": {"avg_spl": 0.0526588415746179, "avg_sr": 0.09523809523809523, "count": 21}, "object": {"avg_spl": 0.4052151243836294, "avg_sr": 0.5625, "count": 16}, "region": {"avg_spl": 0.34419505191050925, "avg_sr": 0.5365853658536586, "count": 41}, "room": {"avg_spl": 0.3323222439456232, "avg_sr": 0.5555555555555556, "count": 27}}
Elapsed 6:31:03 [Metrics] sequence count: 105, invalid_count: 0, follower_error_count: 6, avg_sr: 0.457143, avg_spl: 0.292133

=== Episode ===: 1it [23:57, 1437.13s/it][AElapsed 6:31:12 

Begin to process [00802-wcojb4TFT35_sequence_1_0] type: [instance], Question: [white table with pink chair in bedroom with bed having brown quilt and teal blanket and white nightstands with lamps]

Elapsed 6:31:12 Current start position is [    -2.0953      2.6949     -10.344]
Elapsed 6:38:28 ===Episode_id 1 task_id 0 task_level=instance===
SR: True, SPL: 0.564534610860636, Object category: table, goal type: sequence===

Elapsed 6:38:28 [baseline] task_level=instance scene=00802-wcojb4TFT35 episode=1 task=0 sec=436.081
Elapsed 6:38:28 [BASELINE_LIVE_METRICS] rows=106 avg_sr=0.462264 avg_spl=0.294703 follower_error_count=6 levels=[object:n=16,sr=0.562500,spl=0.405215; room:n=27,sr=0.555556,spl=0.332322; region:n=41,sr=0.536585,spl=0.344195; instance:n=22,sr=0.136364,spl=0.075926] latest_scene=00802-wcojb4TFT35 latest_episode=1 latest_task=0 latest_level=instance by_level={"instance": {"avg_spl": 0.07592592199670962, "avg_sr": 0.13636363636363635, "count": 22}, "object": {"avg_spl": 0.4052151243836294, "avg_sr": 0.5625, "count": 16}, "region": {"avg_spl": 0.34419505191050925, "avg_sr": 0.5365853658536586, "count": 41}, "room": {"avg_spl": 0.3323222439456232, "avg_sr": 0.5555555555555556, "count": 27}}
Elapsed 6:38:28 

Begin to process [00802-wcojb4TFT35_sequence_1_1] type: [region], Question: [bookshelf in the bedroom that has wood-framed bed with striped bedding and white pillow, red nightstand by window, wood dresser with lamp, white desk with chair below abstract painting on blue wall, black bookshelf]

Elapsed 6:38:28 Current start position is [     2.1415      2.6949     -6.9555]
Elapsed 6:47:02 ===Episode_id 1 task_id 1 task_level=region===
SR: True, SPL: 0.40762668725684864, Object category: bookshelf, goal type: sequence===

Elapsed 6:47:02 [baseline] task_level=region scene=00802-wcojb4TFT35 episode=1 task=1 sec=513.361
Elapsed 6:47:02 [BASELINE_LIVE_METRICS] rows=107 avg_sr=0.467290 avg_spl=0.295758 follower_error_count=6 levels=[object:n=16,sr=0.562500,spl=0.405215; room:n=27,sr=0.555556,spl=0.332322; region:n=42,sr=0.547619,spl=0.345705; instance:n=22,sr=0.136364,spl=0.075926] latest_scene=00802-wcojb4TFT35 latest_episode=1 latest_task=1 latest_level=region by_level={"instance": {"avg_spl": 0.07592592199670962, "avg_sr": 0.13636363636363635, "count": 22}, "object": {"avg_spl": 0.4052151243836294, "avg_sr": 0.5625, "count": 16}, "region": {"avg_spl": 0.34570532894256495, "avg_sr": 0.5476190476190477, "count": 42}, "room": {"avg_spl": 0.3323222439456232, "avg_sr": 0.5555555555555556, "count": 27}}
Elapsed 6:47:02 

Begin to process [00802-wcojb4TFT35_sequence_1_2] type: [region], Question: [shower curtain in the bathroom that has light-colored bath vanity below white framed mirror, blue picture on toilet, white tufted shower curtain, gray towel beside white towel, white-tiled lower wall below blue-painted upper wall]

Elapsed 6:47:02 Current start position is [    -3.0643      2.6949     -10.985]
Elapsed 6:49:17 ===Episode_id 1 task_id 2 task_level=region===
SR: False, SPL: 0.0, Object category: shower curtain, goal type: sequence===

Elapsed 6:49:17 [baseline] task_level=region scene=00802-wcojb4TFT35 episode=1 task=2 sec=135.839
Elapsed 6:49:18 [BASELINE_LIVE_METRICS] rows=108 avg_sr=0.462963 avg_spl=0.293020 follower_error_count=6 levels=[object:n=16,sr=0.562500,spl=0.405215; room:n=27,sr=0.555556,spl=0.332322; region:n=43,sr=0.534884,spl=0.337666; instance:n=22,sr=0.136364,spl=0.075926] latest_scene=00802-wcojb4TFT35 latest_episode=1 latest_task=2 latest_level=region by_level={"instance": {"avg_spl": 0.07592592199670962, "avg_sr": 0.13636363636363635, "count": 22}, "object": {"avg_spl": 0.4052151243836294, "avg_sr": 0.5625, "count": 16}, "region": {"avg_spl": 0.3376656701299472, "avg_sr": 0.5348837209302325, "count": 43}, "room": {"avg_spl": 0.3323222439456232, "avg_sr": 0.5555555555555556, "count": 27}}
Elapsed 6:49:18 

Begin to process [00802-wcojb4TFT35_sequence_1_3] type: [room], Question: [cabinet in the bedroom]

Elapsed 6:49:18 Current start position is [     0.1433      2.6949     -8.3942]
Elapsed 6:51:34 ===Episode_id 1 task_id 3 task_level=room===
SR: False, SPL: 0.0, Object category: cabinet, goal type: sequence===

Elapsed 6:51:34 [baseline] task_level=room scene=00802-wcojb4TFT35 episode=1 task=3 sec=136.327
Elapsed 6:51:34 [BASELINE_LIVE_METRICS] rows=109 avg_sr=0.458716 avg_spl=0.290332 follower_error_count=6 levels=[object:n=16,sr=0.562500,spl=0.405215; room:n=28,sr=0.535714,spl=0.320454; region:n=43,sr=0.534884,spl=0.337666; instance:n=22,sr=0.136364,spl=0.075926] latest_scene=00802-wcojb4TFT35 latest_episode=1 latest_task=3 latest_level=room by_level={"instance": {"avg_spl": 0.07592592199670962, "avg_sr": 0.13636363636363635, "count": 22}, "object": {"avg_spl": 0.4052151243836294, "avg_sr": 0.5625, "count": 16}, "region": {"avg_spl": 0.3376656701299472, "avg_sr": 0.5348837209302325, "count": 43}, "room": {"avg_spl": 0.3204535923761367, "avg_sr": 0.5357142857142857, "count": 28}}
Elapsed 6:51:34 

Begin to process [00802-wcojb4TFT35_sequence_1_4] type: [region], Question: [picture in the bedroom that has wood-framed bed with striped bedding and white pillow, red nightstand by window, wood dresser with lamp, white desk with chair below abstract painting on blue wall, black bookshelf]

Elapsed 6:51:34 Current start position is [     1.9148      2.6949     -10.748]
Elapsed 6:53:54 ===Episode_id 1 task_id 4 task_level=region===
SR: False, SPL: 0.0, Object category: picture, goal type: sequence===

Elapsed 6:53:54 [baseline] task_level=region scene=00802-wcojb4TFT35 episode=1 task=4 sec=140.212
Elapsed 6:53:54 [BASELINE_LIVE_METRICS] rows=110 avg_sr=0.454545 avg_spl=0.287692 follower_error_count=6 levels=[object:n=16,sr=0.562500,spl=0.405215; room:n=28,sr=0.535714,spl=0.320454; region:n=44,sr=0.522727,spl=0.329991; instance:n=22,sr=0.136364,spl=0.075926] latest_scene=00802-wcojb4TFT35 latest_episode=1 latest_task=4 latest_level=region by_level={"instance": {"avg_spl": 0.07592592199670962, "avg_sr": 0.13636363636363635, "count": 22}, "object": {"avg_spl": 0.4052151243836294, "avg_sr": 0.5625, "count": 16}, "region": {"avg_spl": 0.3299914503542665, "avg_sr": 0.5227272727272727, "count": 44}, "room": {"avg_spl": 0.3204535923761367, "avg_sr": 0.5357142857142857, "count": 28}}
Elapsed 6:53:54 [Metrics] sequence count: 110, invalid_count: 0, follower_error_count: 6, avg_sr: 0.454545, avg_spl: 0.287692

=== Episode ===: 2it [46:48, 1398.27s/it][AElapsed 6:54:02 

Begin to process [00802-wcojb4TFT35_sequence_2_0] type: [instance], Question: [gray ribbed hand towel beside white towel below framed text in bathroom with light-colored vanity below white-framed mirror and white tufted shower curtain]

Elapsed 6:54:02 Current start position is [    -2.4313      2.6949     -7.1823]
Elapsed 7:02:32 ===Episode_id 2 task_id 0 task_level=instance===
SR: False, SPL: 0.0, Object category: towel, goal type: sequence===

Elapsed 7:02:32 [baseline] task_level=instance scene=00802-wcojb4TFT35 episode=2 task=0 sec=510.890
Elapsed 7:02:32 [BASELINE_LIVE_METRICS] rows=111 avg_sr=0.450450 avg_spl=0.285100 follower_error_count=6 levels=[object:n=16,sr=0.562500,spl=0.405215; room:n=28,sr=0.535714,spl=0.320454; region:n=44,sr=0.522727,spl=0.329991; instance:n=23,sr=0.130435,spl=0.072625] latest_scene=00802-wcojb4TFT35 latest_episode=2 latest_task=0 latest_level=instance by_level={"instance": {"avg_spl": 0.07262479495337443, "avg_sr": 0.13043478260869565, "count": 23}, "object": {"avg_spl": 0.4052151243836294, "avg_sr": 0.5625, "count": 16}, "region": {"avg_spl": 0.3299914503542665, "avg_sr": 0.5227272727272727, "count": 44}, "room": {"avg_spl": 0.3204535923761367, "avg_sr": 0.5357142857142857, "count": 28}}
Elapsed 7:02:32 

Begin to process [00802-wcojb4TFT35_sequence_2_1] type: [object], Question: [nightstand]

Elapsed 7:02:32 Current start position is [     2.7905      2.6949     -10.575]
Elapsed 7:03:55 ===Episode_id 2 task_id 1 task_level=object===
SR: True, SPL: 0.687098253276034, Object category: nightstand, goal type: sequence===

Elapsed 7:03:55 [baseline] task_level=object scene=00802-wcojb4TFT35 episode=2 task=1 sec=82.257
Elapsed 7:03:55 [BASELINE_LIVE_METRICS] rows=112 avg_sr=0.455357 avg_spl=0.288690 follower_error_count=6 levels=[object:n=17,sr=0.588235,spl=0.421796; room:n=28,sr=0.535714,spl=0.320454; region:n=44,sr=0.522727,spl=0.329991; instance:n=23,sr=0.130435,spl=0.072625] latest_scene=00802-wcojb4TFT35 latest_episode=2 latest_task=1 latest_level=object by_level={"instance": {"avg_spl": 0.07262479495337443, "avg_sr": 0.13043478260869565, "count": 23}, "object": {"avg_spl": 0.421796484906712, "avg_sr": 0.5882352941176471, "count": 17}, "region": {"avg_spl": 0.3299914503542665, "avg_sr": 0.5227272727272727, "count": 44}, "room": {"avg_spl": 0.3204535923761367, "avg_sr": 0.5357142857142857, "count": 28}}
Elapsed 7:03:55 

Begin to process [00802-wcojb4TFT35_sequence_2_2] type: [room], Question: [picture in the bedroom]

Elapsed 7:03:55 Current start position is [   -0.42304      2.6949     -5.4923]
Elapsed 7:05:04 ===Episode_id 2 task_id 2 task_level=room===
SR: True, SPL: 0.6468812718957558, Object category: picture, goal type: sequence===

Elapsed 7:05:04 [baseline] task_level=room scene=00802-wcojb4TFT35 episode=2 task=2 sec=69.366
Elapsed 7:05:04 [BASELINE_LIVE_METRICS] rows=113 avg_sr=0.460177 avg_spl=0.291859 follower_error_count=6 levels=[object:n=17,sr=0.588235,spl=0.421796; room:n=29,sr=0.551724,spl=0.331710; region:n=44,sr=0.522727,spl=0.329991; instance:n=23,sr=0.130435,spl=0.072625] latest_scene=00802-wcojb4TFT35 latest_episode=2 latest_task=2 latest_level=room by_level={"instance": {"avg_spl": 0.07262479495337443, "avg_sr": 0.13043478260869565, "count": 23}, "object": {"avg_spl": 0.421796484906712, "avg_sr": 0.5882352941176471, "count": 17}, "region": {"avg_spl": 0.3299914503542665, "avg_sr": 0.5227272727272727, "count": 44}, "room": {"avg_spl": 0.3317097192561236, "avg_sr": 0.5517241379310345, "count": 29}}
Elapsed 7:05:04 

Begin to process [00802-wcojb4TFT35_sequence_2_3] type: [region], Question: [blanket in the bedroom that has bed with brown quilt and teal blanket, white desk with pink chair beside window, tightly packed clothes, white nightstands with lamps, and exercise mat on wall hooks below mirror]

Elapsed 7:05:04 Current start position is [   -0.33646      2.6949     -7.7407]
Elapsed 7:17:55 ===Episode_id 2 task_id 3 task_level=region===
SR: True, SPL: 0.15430157034799585, Object category: blanket, goal type: sequence===

Elapsed 7:17:55 [baseline] task_level=region scene=00802-wcojb4TFT35 episode=2 task=3 sec=771.097
Elapsed 7:17:55 [BASELINE_LIVE_METRICS] rows=114 avg_sr=0.464912 avg_spl=0.290653 follower_error_count=6 levels=[object:n=17,sr=0.588235,spl=0.421796; room:n=29,sr=0.551724,spl=0.331710; region:n=45,sr=0.533333,spl=0.326087; instance:n=23,sr=0.130435,spl=0.072625] latest_scene=00802-wcojb4TFT35 latest_episode=2 latest_task=3 latest_level=region by_level={"instance": {"avg_spl": 0.07262479495337443, "avg_sr": 0.13043478260869565, "count": 23}, "object": {"avg_spl": 0.421796484906712, "avg_sr": 0.5882352941176471, "count": 17}, "region": {"avg_spl": 0.32608723079857166, "avg_sr": 0.5333333333333333, "count": 45}, "room": {"avg_spl": 0.3317097192561236, "avg_sr": 0.5517241379310345, "count": 29}}
Elapsed 7:17:55 

Begin to process [00802-wcojb4TFT35_sequence_2_4] type: [region], Question: [shelf in the bedroom that has wood-framed bed with striped bedding and white pillow, red nightstand by window, wood dresser with lamp, white desk with chair below abstract painting on blue wall, black bookshelf]

Elapsed 7:17:55 Current start position is [      1.712      2.6949     -6.8752]
Elapsed 7:20:57 ===Episode_id 2 task_id 4 task_level=region===
SR: False, SPL: 0.0, Object category: shelf, goal type: sequence===

Elapsed 7:20:57 [baseline] task_level=region scene=00802-wcojb4TFT35 episode=2 task=4 sec=181.565
Elapsed 7:20:57 [BASELINE_LIVE_METRICS] rows=115 avg_sr=0.460870 avg_spl=0.288125 follower_error_count=6 levels=[object:n=17,sr=0.588235,spl=0.421796; room:n=29,sr=0.551724,spl=0.331710; region:n=46,sr=0.521739,spl=0.318998; instance:n=23,sr=0.130435,spl=0.072625] latest_scene=00802-wcojb4TFT35 latest_episode=2 latest_task=4 latest_level=region by_level={"instance": {"avg_spl": 0.07262479495337443, "avg_sr": 0.13043478260869565, "count": 23}, "object": {"avg_spl": 0.421796484906712, "avg_sr": 0.5882352941176471, "count": 17}, "region": {"avg_spl": 0.3189983779551245, "avg_sr": 0.5217391304347826, "count": 46}, "room": {"avg_spl": 0.3317097192561236, "avg_sr": 0.5517241379310345, "count": 29}}
Elapsed 7:20:57 [Metrics] sequence count: 115, invalid_count: 0, follower_error_count: 6, avg_sr: 0.460870, avg_spl: 0.288125

=== Episode ===: 3it [1:13:50, 1500.74s/it][AElapsed 7:21:06 

Begin to process [00802-wcojb4TFT35_sequence_3_0] type: [instance], Question: [framed text picture in bathroom with light-colored vanity and white tufted shower curtain]

Elapsed 7:21:06 Current start position is [    -2.8954      2.6949     -6.9704]
Elapsed 7:26:16 ===Episode_id 3 task_id 0 task_level=instance===
SR: False, SPL: 0.0, Object category: picture, goal type: sequence===

Elapsed 7:26:16 [baseline] task_level=instance scene=00802-wcojb4TFT35 episode=3 task=0 sec=309.459
Elapsed 7:26:16 [BASELINE_LIVE_METRICS] rows=116 avg_sr=0.456897 avg_spl=0.285642 follower_error_count=6 levels=[object:n=17,sr=0.588235,spl=0.421796; room:n=29,sr=0.551724,spl=0.331710; region:n=46,sr=0.521739,spl=0.318998; instance:n=24,sr=0.125000,spl=0.069599] latest_scene=00802-wcojb4TFT35 latest_episode=3 latest_task=0 latest_level=instance by_level={"instance": {"avg_spl": 0.06959876183031716, "avg_sr": 0.125, "count": 24}, "object": {"avg_spl": 0.421796484906712, "avg_sr": 0.5882352941176471, "count": 17}, "region": {"avg_spl": 0.3189983779551245, "avg_sr": 0.5217391304347826, "count": 46}, "room": {"avg_spl": 0.3317097192561236, "avg_sr": 0.5517241379310345, "count": 29}}
Elapsed 7:26:16 

Begin to process [00802-wcojb4TFT35_sequence_3_1] type: [room], Question: [nightstand in the bedroom]

Elapsed 7:26:16 Current start position is [    -0.5135      2.6949     -8.3027]
Elapsed 7:32:04 ===Episode_id 3 task_id 1 task_level=room===
SR: True, SPL: 0.152864960519875, Object category: nightstand, goal type: sequence===

Elapsed 7:32:04 [baseline] task_level=room scene=00802-wcojb4TFT35 episode=3 task=1 sec=348.039
Elapsed 7:32:04 [BASELINE_LIVE_METRICS] rows=117 avg_sr=0.461538 avg_spl=0.284507 follower_error_count=6 levels=[object:n=17,sr=0.588235,spl=0.421796; room:n=30,sr=0.566667,spl=0.325748; region:n=46,sr=0.521739,spl=0.318998; instance:n=24,sr=0.125000,spl=0.069599] latest_scene=00802-wcojb4TFT35 latest_episode=3 latest_task=1 latest_level=room by_level={"instance": {"avg_spl": 0.06959876183031716, "avg_sr": 0.125, "count": 24}, "object": {"avg_spl": 0.421796484906712, "avg_sr": 0.5882352941176471, "count": 17}, "region": {"avg_spl": 0.3189983779551245, "avg_sr": 0.5217391304347826, "count": 46}, "room": {"avg_spl": 0.3257482272982486, "avg_sr": 0.5666666666666667, "count": 30}}
Elapsed 7:32:04 

Begin to process [00802-wcojb4TFT35_sequence_3_2] type: [object], Question: [bath towel]

Elapsed 7:32:04 Current start position is [   -0.49269      2.6949     -5.4923]
Elapsed 7:33:32 ===Episode_id 3 task_id 2 task_level=object===
SR: True, SPL: 0.8629082655535362, Object category: bath towel, goal type: sequence===

Elapsed 7:33:32 [baseline] task_level=object scene=00802-wcojb4TFT35 episode=3 task=2 sec=88.180
Elapsed 7:33:32 [BASELINE_LIVE_METRICS] rows=118 avg_sr=0.466102 avg_spl=0.289408 follower_error_count=6 levels=[object:n=18,sr=0.611111,spl=0.446303; room:n=30,sr=0.566667,spl=0.325748; region:n=46,sr=0.521739,spl=0.318998; instance:n=24,sr=0.125000,spl=0.069599] latest_scene=00802-wcojb4TFT35 latest_episode=3 latest_task=2 latest_level=object by_level={"instance": {"avg_spl": 0.06959876183031716, "avg_sr": 0.125, "count": 24}, "object": {"avg_spl": 0.4463026949426466, "avg_sr": 0.6111111111111112, "count": 18}, "region": {"avg_spl": 0.3189983779551245, "avg_sr": 0.5217391304347826, "count": 46}, "room": {"avg_spl": 0.3257482272982486, "avg_sr": 0.5666666666666667, "count": 30}}
Elapsed 7:33:32 

Begin to process [00802-wcojb4TFT35_sequence_3_3] type: [room], Question: [book in the bedroom]

Elapsed 7:33:32 Current start position is [     2.7957      2.6949     -10.539]
Elapsed 7:35:21 ===Episode_id 3 task_id 3 task_level=room===
SR: True, SPL: 0.8839174573872721, Object category: book, goal type: sequence===

Elapsed 7:35:21 [baseline] task_level=room scene=00802-wcojb4TFT35 episode=3 task=3 sec=108.825
Elapsed 7:35:21 [BASELINE_LIVE_METRICS] rows=119 avg_sr=0.470588 avg_spl=0.294404 follower_error_count=6 levels=[object:n=18,sr=0.611111,spl=0.446303; room:n=31,sr=0.580645,spl=0.343754; region:n=46,sr=0.521739,spl=0.318998; instance:n=24,sr=0.125000,spl=0.069599] latest_scene=00802-wcojb4TFT35 latest_episode=3 latest_task=3 latest_level=room by_level={"instance": {"avg_spl": 0.06959876183031716, "avg_sr": 0.125, "count": 24}, "object": {"avg_spl": 0.4463026949426466, "avg_sr": 0.6111111111111112, "count": 18}, "region": {"avg_spl": 0.3189983779551245, "avg_sr": 0.5217391304347826, "count": 46}, "room": {"avg_spl": 0.3437536863333784, "avg_sr": 0.5806451612903226, "count": 31}}
Elapsed 7:35:21 

Begin to process [00802-wcojb4TFT35_sequence_3_4] type: [object], Question: [shower curtain]

Elapsed 7:35:21 Current start position is [     -2.841      2.6949     -5.8147]
Elapsed 7:37:36 ===Episode_id 3 task_id 4 task_level=object===
SR: True, SPL: 0.7905474767807966, Object category: shower curtain, goal type: sequence===

Elapsed 7:37:36 [baseline] task_level=object scene=00802-wcojb4TFT35 episode=3 task=4 sec=134.741
Elapsed 7:37:36 [BASELINE_LIVE_METRICS] rows=120 avg_sr=0.475000 avg_spl=0.298539 follower_error_count=6 levels=[object:n=19,sr=0.631579,spl=0.464421; room:n=31,sr=0.580645,spl=0.343754; region:n=46,sr=0.521739,spl=0.318998; instance:n=24,sr=0.125000,spl=0.069599] latest_scene=00802-wcojb4TFT35 latest_episode=3 latest_task=4 latest_level=object by_level={"instance": {"avg_spl": 0.06959876183031716, "avg_sr": 0.125, "count": 24}, "object": {"avg_spl": 0.46442084135518086, "avg_sr": 0.631578947368421, "count": 19}, "region": {"avg_spl": 0.3189983779551245, "avg_sr": 0.5217391304347826, "count": 46}, "room": {"avg_spl": 0.3437536863333784, "avg_sr": 0.5806451612903226, "count": 31}}
Elapsed 7:37:36 [Metrics] sequence count: 120, invalid_count: 0, follower_error_count: 6, avg_sr: 0.475000, avg_spl: 0.298539

=== Episode ===: 4it [1:30:29, 1302.65s/it][AElapsed 7:37:45 

Begin to process [00802-wcojb4TFT35_sequence_4_0] type: [instance], Question: [white toilet with seascape print in bathroom with light-colored vanity below white framed mirror and white tufted shower curtain]

Elapsed 7:37:45 Current start position is [    -1.2002      2.6949     -7.5796]
Elapsed 7:42:21 ===Episode_id 4 task_id 0 task_level=instance===
SR: False, SPL: 0.0, Object category: toilet, goal type: sequence===

Elapsed 7:42:21 [baseline] task_level=instance scene=00802-wcojb4TFT35 episode=4 task=0 sec=275.806
Elapsed 7:42:21 [BASELINE_LIVE_METRICS] rows=121 avg_sr=0.471074 avg_spl=0.296072 follower_error_count=6 levels=[object:n=19,sr=0.631579,spl=0.464421; room:n=31,sr=0.580645,spl=0.343754; region:n=46,sr=0.521739,spl=0.318998; instance:n=25,sr=0.120000,spl=0.066815] latest_scene=00802-wcojb4TFT35 latest_episode=4 latest_task=0 latest_level=instance by_level={"instance": {"avg_spl": 0.06681481135710447, "avg_sr": 0.12, "count": 25}, "object": {"avg_spl": 0.46442084135518086, "avg_sr": 0.631578947368421, "count": 19}, "region": {"avg_spl": 0.3189983779551245, "avg_sr": 0.5217391304347826, "count": 46}, "room": {"avg_spl": 0.3437536863333784, "avg_sr": 0.5806451612903226, "count": 31}}
Elapsed 7:42:21 

Begin to process [00802-wcojb4TFT35_sequence_4_1] type: [object], Question: [picture]

Elapsed 7:42:21 Current start position is [    0.39171      2.6949     -6.8832]
Elapsed 7:43:30 ===Episode_id 4 task_id 1 task_level=object===
SR: True, SPL: 0.6939607177823927, Object category: picture, goal type: sequence===

Elapsed 7:43:30 [baseline] task_level=object scene=00802-wcojb4TFT35 episode=4 task=1 sec=69.804
Elapsed 7:43:30 [BASELINE_LIVE_METRICS] rows=122 avg_sr=0.475410 avg_spl=0.299333 follower_error_count=6 levels=[object:n=20,sr=0.650000,spl=0.475898; room:n=31,sr=0.580645,spl=0.343754; region:n=46,sr=0.521739,spl=0.318998; instance:n=25,sr=0.120000,spl=0.066815] latest_scene=00802-wcojb4TFT35 latest_episode=4 latest_task=1 latest_level=object by_level={"instance": {"avg_spl": 0.06681481135710447, "avg_sr": 0.12, "count": 25}, "object": {"avg_spl": 0.4758978351765414, "avg_sr": 0.65, "count": 20}, "region": {"avg_spl": 0.3189983779551245, "avg_sr": 0.5217391304347826, "count": 46}, "room": {"avg_spl": 0.3437536863333784, "avg_sr": 0.5806451612903226, "count": 31}}
Elapsed 7:43:30 

Begin to process [00802-wcojb4TFT35_sequence_4_2] type: [room], Question: [bath towel in the bathroom]

Elapsed 7:43:30 Current start position is [   -0.67923      2.6949     -8.2675]
Elapsed 7:47:21 ===Episode_id 4 task_id 2 task_level=room===
SR: True, SPL: 0.8246010368412573, Object category: bath towel, goal type: sequence===

Elapsed 7:47:21 [baseline] task_level=room scene=00802-wcojb4TFT35 episode=4 task=2 sec=230.979
Elapsed 7:47:21 [BASELINE_LIVE_METRICS] rows=123 avg_sr=0.479675 avg_spl=0.303603 follower_error_count=6 levels=[object:n=20,sr=0.650000,spl=0.475898; room:n=32,sr=0.593750,spl=0.358780; region:n=46,sr=0.521739,spl=0.318998; instance:n=25,sr=0.120000,spl=0.066815] latest_scene=00802-wcojb4TFT35 latest_episode=4 latest_task=2 latest_level=room by_level={"instance": {"avg_spl": 0.06681481135710447, "avg_sr": 0.12, "count": 25}, "object": {"avg_spl": 0.4758978351765414, "avg_sr": 0.65, "count": 20}, "region": {"avg_spl": 0.3189983779551245, "avg_sr": 0.5217391304347826, "count": 46}, "room": {"avg_spl": 0.35878016603674956, "avg_sr": 0.59375, "count": 32}}
Elapsed 7:47:21 

Begin to process [00802-wcojb4TFT35_sequence_4_3] type: [region], Question: [shelf in the bedroom that has wood-framed bed with striped bedding and white pillow, red nightstand by window, wood dresser with lamp, white desk with chair below abstract painting on blue wall, black bookshelf]

Elapsed 7:47:21 Current start position is [     2.7537      2.6949     -10.507]
Elapsed 7:54:50 ===Episode_id 4 task_id 3 task_level=region===
SR: False, SPL: 0.0, Object category: shelf, goal type: sequence===

Elapsed 7:54:50 [baseline] task_level=region scene=00802-wcojb4TFT35 episode=4 task=3 sec=448.608
Elapsed 7:54:50 [BASELINE_LIVE_METRICS] rows=124 avg_sr=0.475806 avg_spl=0.301155 follower_error_count=6 levels=[object:n=20,sr=0.650000,spl=0.475898; room:n=32,sr=0.593750,spl=0.358780; region:n=47,sr=0.510638,spl=0.312211; instance:n=25,sr=0.120000,spl=0.066815] latest_scene=00802-wcojb4TFT35 latest_episode=4 latest_task=3 latest_level=region by_level={"instance": {"avg_spl": 0.06681481135710447, "avg_sr": 0.12, "count": 25}, "object": {"avg_spl": 0.4758978351765414, "avg_sr": 0.65, "count": 20}, "region": {"avg_spl": 0.31221117842416435, "avg_sr": 0.5106382978723404, "count": 47}, "room": {"avg_spl": 0.35878016603674956, "avg_sr": 0.59375, "count": 32}}
Elapsed 7:54:50 

Begin to process [00802-wcojb4TFT35_sequence_4_4] type: [region], Question: [cabinet in the bedroom that has bed with brown quilt and teal blanket, white desk with pink chair beside window, tightly packed clothes, white nightstands with lamps, and exercise mat on wall hooks below mirror]

Elapsed 7:54:50 Current start position is [    0.34477      2.6949     -7.4859]
Elapsed 7:55:55 ===Episode_id 4 task_id 4 task_level=region===
SR: False, SPL: 0.0, Object category: cabinet, goal type: sequence===

Elapsed 7:55:55 [baseline] task_level=region scene=00802-wcojb4TFT35 episode=4 task=4 sec=65.320
Elapsed 7:55:55 [BASELINE_LIVE_METRICS] rows=125 avg_sr=0.472000 avg_spl=0.298746 follower_error_count=6 levels=[object:n=20,sr=0.650000,spl=0.475898; room:n=32,sr=0.593750,spl=0.358780; region:n=48,sr=0.500000,spl=0.305707; instance:n=25,sr=0.120000,spl=0.066815] latest_scene=00802-wcojb4TFT35 latest_episode=4 latest_task=4 latest_level=region by_level={"instance": {"avg_spl": 0.06681481135710447, "avg_sr": 0.12, "count": 25}, "object": {"avg_spl": 0.4758978351765414, "avg_sr": 0.65, "count": 20}, "region": {"avg_spl": 0.30570677887366093, "avg_sr": 0.5, "count": 48}, "room": {"avg_spl": 0.35878016603674956, "avg_sr": 0.59375, "count": 32}}
Elapsed 7:55:55 [Metrics] sequence count: 125, invalid_count: 0, follower_error_count: 6, avg_sr: 0.472000, avg_spl: 0.298746

=== Episode ===: 5it [1:48:49, 1229.42s/it][AElapsed 7:56:04 

Begin to process [00802-wcojb4TFT35_sequence_5_0] type: [instance], Question: [light brown wooden sewing box in bedroom with bed with purple-and-grey bedding and white nightstand with lamp]

Elapsed 7:56:04 Current start position is [     1.4837      2.4949     -15.618]
Elapsed 8:00:47 ===Episode_id 5 task_id 0 task_level=instance===
SR: False, SPL: 0.0, Object category: sewing box, goal type: sequence===

Elapsed 8:00:47 [baseline] task_level=instance scene=00802-wcojb4TFT35 episode=5 task=0 sec=283.186
Elapsed 8:00:47 [BASELINE_LIVE_METRICS] rows=126 avg_sr=0.468254 avg_spl=0.296375 follower_error_count=6 levels=[object:n=20,sr=0.650000,spl=0.475898; room:n=32,sr=0.593750,spl=0.358780; region:n=48,sr=0.500000,spl=0.305707; instance:n=26,sr=0.115385,spl=0.064245] latest_scene=00802-wcojb4TFT35 latest_episode=5 latest_task=0 latest_level=instance by_level={"instance": {"avg_spl": 0.06424501092029276, "avg_sr": 0.11538461538461539, "count": 26}, "object": {"avg_spl": 0.4758978351765414, "avg_sr": 0.65, "count": 20}, "region": {"avg_spl": 0.30570677887366093, "avg_sr": 0.5, "count": 48}, "room": {"avg_spl": 0.35878016603674956, "avg_sr": 0.59375, "count": 32}}
Elapsed 8:00:47 

Begin to process [00802-wcojb4TFT35_sequence_5_1] type: [region], Question: [laundry basket in the walk-in closet that has tightly packed clothes, shoe rack, white baskets, near bed with purple-and-white bedding and bathtub]

Elapsed 8:00:47 Current start position is [   -0.13609      2.4949     -17.474]
Elapsed 8:01:35 ===Episode_id 5 task_id 1 task_level=region===
SR: True, SPL: 0.7094968437177154, Object category: laundry basket, goal type: sequence===

Elapsed 8:01:35 [baseline] task_level=region scene=00802-wcojb4TFT35 episode=5 task=1 sec=47.952
Elapsed 8:01:35 [BASELINE_LIVE_METRICS] rows=127 avg_sr=0.472441 avg_spl=0.299628 follower_error_count=6 levels=[object:n=20,sr=0.650000,spl=0.475898; room:n=32,sr=0.593750,spl=0.358780; region:n=49,sr=0.510204,spl=0.313947; instance:n=26,sr=0.115385,spl=0.064245] latest_scene=00802-wcojb4TFT35 latest_episode=5 latest_task=1 latest_level=region by_level={"instance": {"avg_spl": 0.06424501092029276, "avg_sr": 0.11538461538461539, "count": 26}, "object": {"avg_spl": 0.4758978351765414, "avg_sr": 0.65, "count": 20}, "region": {"avg_spl": 0.31394739244190695, "avg_sr": 0.5102040816326531, "count": 49}, "room": {"avg_spl": 0.35878016603674956, "avg_sr": 0.59375, "count": 32}}
Elapsed 8:01:35 

Begin to process [00802-wcojb4TFT35_sequence_5_2] type: [room], Question: [cabinet in the bedroom]

Elapsed 8:01:35 Current start position is [     2.2375      2.4949     -17.518]
Elapsed 8:02:14 ===Episode_id 5 task_id 2 task_level=room===
SR: False, SPL: 0.0, Object category: cabinet, goal type: sequence===

Elapsed 8:02:14 [baseline] task_level=room scene=00802-wcojb4TFT35 episode=5 task=2 sec=39.308
Elapsed 8:02:14 [BASELINE_LIVE_METRICS] rows=128 avg_sr=0.468750 avg_spl=0.297287 follower_error_count=6 levels=[object:n=20,sr=0.650000,spl=0.475898; room:n=33,sr=0.575758,spl=0.347908; region:n=49,sr=0.510204,spl=0.313947; instance:n=26,sr=0.115385,spl=0.064245] latest_scene=00802-wcojb4TFT35 latest_episode=5 latest_task=2 latest_level=room by_level={"instance": {"avg_spl": 0.06424501092029276, "avg_sr": 0.11538461538461539, "count": 26}, "object": {"avg_spl": 0.4758978351765414, "avg_sr": 0.65, "count": 20}, "region": {"avg_spl": 0.31394739244190695, "avg_sr": 0.5102040816326531, "count": 49}, "room": {"avg_spl": 0.3479080397932117, "avg_sr": 0.5757575757575758, "count": 33}}
Elapsed 8:02:14 

Begin to process [00802-wcojb4TFT35_sequence_5_3] type: [object], Question: [towel]

Elapsed 8:02:14 Current start position is [   0.097055      2.4949     -14.821]
Elapsed 8:02:36 ===Episode_id 5 task_id 3 task_level=object===
SR: False, SPL: 0.0, Object category: towel, goal type: sequence===

Elapsed 8:02:36 [baseline] task_level=object scene=00802-wcojb4TFT35 episode=5 task=3 sec=22.070
Elapsed 8:02:36 [BASELINE_LIVE_METRICS] rows=129 avg_sr=0.465116 avg_spl=0.294982 follower_error_count=6 levels=[object:n=21,sr=0.619048,spl=0.453236; room:n=33,sr=0.575758,spl=0.347908; region:n=49,sr=0.510204,spl=0.313947; instance:n=26,sr=0.115385,spl=0.064245] latest_scene=00802-wcojb4TFT35 latest_episode=5 latest_task=3 latest_level=object by_level={"instance": {"avg_spl": 0.06424501092029276, "avg_sr": 0.11538461538461539, "count": 26}, "object": {"avg_spl": 0.453236033501468, "avg_sr": 0.6190476190476191, "count": 21}, "region": {"avg_spl": 0.31394739244190695, "avg_sr": 0.5102040816326531, "count": 49}, "room": {"avg_spl": 0.3479080397932117, "avg_sr": 0.5757575757575758, "count": 33}}
Elapsed 8:02:36 

Begin to process [00802-wcojb4TFT35_sequence_5_4] type: [region], Question: [bed in the bedroom that has bed with purple-and-gray bedding, white nightstands with lamps, light beige carpet]

Elapsed 8:02:36 Current start position is [     1.9086      2.4949     -14.101]
Elapsed 8:03:05 ===Episode_id 5 task_id 4 task_level=region===
SR: True, SPL: 0.7783596181769209, Object category: bed, goal type: sequence===

Elapsed 8:03:05 [baseline] task_level=region scene=00802-wcojb4TFT35 episode=5 task=4 sec=28.333
Elapsed 8:03:05 [BASELINE_LIVE_METRICS] rows=130 avg_sr=0.469231 avg_spl=0.298701 follower_error_count=6 levels=[object:n=21,sr=0.619048,spl=0.453236; room:n=33,sr=0.575758,spl=0.347908; region:n=50,sr=0.520000,spl=0.323236; instance:n=26,sr=0.115385,spl=0.064245] latest_scene=00802-wcojb4TFT35 latest_episode=5 latest_task=4 latest_level=region by_level={"instance": {"avg_spl": 0.06424501092029276, "avg_sr": 0.11538461538461539, "count": 26}, "object": {"avg_spl": 0.453236033501468, "avg_sr": 0.6190476190476191, "count": 21}, "region": {"avg_spl": 0.32323563695660723, "avg_sr": 0.52, "count": 50}, "room": {"avg_spl": 0.3479080397932117, "avg_sr": 0.5757575757575758, "count": 33}}
Elapsed 8:03:05 [Metrics] sequence count: 130, invalid_count: 0, follower_error_count: 6, avg_sr: 0.469231, avg_spl: 0.298701

=== Episode ===: 6it [1:55:58, 957.45s/it] [AElapsed 8:03:14 

Begin to process [00802-wcojb4TFT35_sequence_6_0] type: [instance], Question: [purple-accented bed in bedroom with white nightstand with lamp and light beige carpet]

Elapsed 8:03:14 Current start position is [     1.3089      2.4949     -15.552]
Elapsed 8:06:13 ===Episode_id 6 task_id 0 task_level=instance===
SR: True, SPL: 0.1952132120273118, Object category: bed, goal type: sequence===

Elapsed 8:06:13 [baseline] task_level=instance scene=00802-wcojb4TFT35 episode=6 task=0 sec=179.260
Elapsed 8:06:13 [BASELINE_LIVE_METRICS] rows=131 avg_sr=0.473282 avg_spl=0.297911 follower_error_count=6 levels=[object:n=21,sr=0.619048,spl=0.453236; room:n=33,sr=0.575758,spl=0.347908; region:n=50,sr=0.520000,spl=0.323236; instance:n=27,sr=0.148148,spl=0.069096] latest_scene=00802-wcojb4TFT35 latest_episode=6 latest_task=0 latest_level=instance by_level={"instance": {"avg_spl": 0.06909568503536755, "avg_sr": 0.14814814814814814, "count": 27}, "object": {"avg_spl": 0.453236033501468, "avg_sr": 0.6190476190476191, "count": 21}, "region": {"avg_spl": 0.32323563695660723, "avg_sr": 0.52, "count": 50}, "room": {"avg_spl": 0.3479080397932117, "avg_sr": 0.5757575757575758, "count": 33}}
Elapsed 8:06:13 

Begin to process [00802-wcojb4TFT35_sequence_6_1] type: [region], Question: [towel in the bathroom that has beige-tiled bathtub with striped towel below window, toilet below wood wall cabinet, white bath vanity with beige countertop below rectangular mirror]

Elapsed 8:06:13 Current start position is [    -2.5392      2.4949     -17.565]
Elapsed 8:06:27 ===Episode_id 6 task_id 1 task_level=region===
SR: False, SPL: 0.0, Object category: towel, goal type: sequence===

Elapsed 8:06:27 [baseline] task_level=region scene=00802-wcojb4TFT35 episode=6 task=1 sec=13.781
Elapsed 8:06:27 [BASELINE_LIVE_METRICS] rows=132 avg_sr=0.469697 avg_spl=0.295654 follower_error_count=6 levels=[object:n=21,sr=0.619048,spl=0.453236; room:n=33,sr=0.575758,spl=0.347908; region:n=51,sr=0.509804,spl=0.316898; instance:n=27,sr=0.148148,spl=0.069096] latest_scene=00802-wcojb4TFT35 latest_episode=6 latest_task=1 latest_level=region by_level={"instance": {"avg_spl": 0.06909568503536755, "avg_sr": 0.14814814814814814, "count": 27}, "object": {"avg_spl": 0.453236033501468, "avg_sr": 0.6190476190476191, "count": 21}, "region": {"avg_spl": 0.31689768329079143, "avg_sr": 0.5098039215686274, "count": 51}, "room": {"avg_spl": 0.3479080397932117, "avg_sr": 0.5757575757575758, "count": 33}}
Elapsed 8:06:27 

Begin to process [00802-wcojb4TFT35_sequence_6_2] type: [room], Question: [cabinet in the bedroom]

Elapsed 8:06:27 Current start position is [     1.9733      2.4949     -14.202]
Elapsed 8:06:49 ===Episode_id 6 task_id 2 task_level=room===
SR: False, SPL: 0.0, Object category: cabinet, goal type: sequence===

Elapsed 8:06:49 [baseline] task_level=room scene=00802-wcojb4TFT35 episode=6 task=2 sec=22.634
Elapsed 8:06:49 [BASELINE_LIVE_METRICS] rows=133 avg_sr=0.466165 avg_spl=0.293431 follower_error_count=6 levels=[object:n=21,sr=0.619048,spl=0.453236; room:n=34,sr=0.558824,spl=0.337675; region:n=51,sr=0.509804,spl=0.316898; instance:n=27,sr=0.148148,spl=0.069096] latest_scene=00802-wcojb4TFT35 latest_episode=6 latest_task=2 latest_level=room by_level={"instance": {"avg_spl": 0.06909568503536755, "avg_sr": 0.14814814814814814, "count": 27}, "object": {"avg_spl": 0.453236033501468, "avg_sr": 0.6190476190476191, "count": 21}, "region": {"avg_spl": 0.31689768329079143, "avg_sr": 0.5098039215686274, "count": 51}, "room": {"avg_spl": 0.337675450387529, "avg_sr": 0.5588235294117647, "count": 34}}
Elapsed 8:06:49 

Begin to process [00802-wcojb4TFT35_sequence_6_3] type: [object], Question: [shelf]

Elapsed 8:06:49 Current start position is [   0.093149      2.4949     -14.656]
Elapsed 8:07:09 ===Episode_id 6 task_id 3 task_level=object===
SR: True, SPL: 0.6362303406564221, Object category: shelf, goal type: sequence===

Elapsed 8:07:09 [baseline] task_level=object scene=00802-wcojb4TFT35 episode=6 task=3 sec=19.216
Elapsed 8:07:09 [BASELINE_LIVE_METRICS] rows=134 avg_sr=0.470149 avg_spl=0.295989 follower_error_count=6 levels=[object:n=22,sr=0.636364,spl=0.461554; room:n=34,sr=0.558824,spl=0.337675; region:n=51,sr=0.509804,spl=0.316898; instance:n=27,sr=0.148148,spl=0.069096] latest_scene=00802-wcojb4TFT35 latest_episode=6 latest_task=3 latest_level=object by_level={"instance": {"avg_spl": 0.06909568503536755, "avg_sr": 0.14814814814814814, "count": 27}, "object": {"avg_spl": 0.4615539565539659, "avg_sr": 0.6363636363636364, "count": 22}, "region": {"avg_spl": 0.31689768329079143, "avg_sr": 0.5098039215686274, "count": 51}, "room": {"avg_spl": 0.337675450387529, "avg_sr": 0.5588235294117647, "count": 34}}
Elapsed 8:07:09 

Begin to process [00802-wcojb4TFT35_sequence_6_4] type: [region], Question: [laundry basket in the walk-in closet that has tightly packed clothes, shoe rack, white baskets, near bed with purple-and-white bedding and bathtub]

Elapsed 8:07:09 Current start position is [     1.1568      2.4949     -17.687]
Elapsed 8:07:50 ===Episode_id 6 task_id 4 task_level=region===
SR: True, SPL: 0.46088189352966624, Object category: laundry basket, goal type: sequence===

Elapsed 8:07:50 [baseline] task_level=region scene=00802-wcojb4TFT35 episode=6 task=4 sec=41.248
Elapsed 8:07:50 [BASELINE_LIVE_METRICS] rows=135 avg_sr=0.474074 avg_spl=0.297210 follower_error_count=6 levels=[object:n=22,sr=0.636364,spl=0.461554; room:n=34,sr=0.558824,spl=0.337675; region:n=52,sr=0.519231,spl=0.319667; instance:n=27,sr=0.148148,spl=0.069096] latest_scene=00802-wcojb4TFT35 latest_episode=6 latest_task=4 latest_level=region by_level={"instance": {"avg_spl": 0.06909568503536755, "avg_sr": 0.14814814814814814, "count": 27}, "object": {"avg_spl": 0.4615539565539659, "avg_sr": 0.6363636363636364, "count": 22}, "region": {"avg_spl": 0.31966661041076977, "avg_sr": 0.5192307692307693, "count": 52}, "room": {"avg_spl": 0.337675450387529, "avg_sr": 0.5588235294117647, "count": 34}}
Elapsed 8:07:50 [Metrics] sequence count: 135, invalid_count: 0, follower_error_count: 6, avg_sr: 0.474074, avg_spl: 0.297210

=== Episode ===: 7it [2:00:44, 737.67s/it][AElapsed 8:08:00 

Begin to process [00802-wcojb4TFT35_sequence_7_0] type: [instance], Question: [brown three-seater couch with patterned pillows beside window in living room with TV above fireplace]

Elapsed 8:08:00 Current start position is [    -2.5625     0.02715     -10.592]
Elapsed 8:11:20 ===Episode_id 7 task_id 0 task_level=instance===
SR: True, SPL: 0.5229971602975645, Object category: couch, goal type: sequence===

Elapsed 8:11:20 [baseline] task_level=instance scene=00802-wcojb4TFT35 episode=7 task=0 sec=200.373
Elapsed 8:11:20 [BASELINE_LIVE_METRICS] rows=136 avg_sr=0.477941 avg_spl=0.298871 follower_error_count=6 levels=[object:n=22,sr=0.636364,spl=0.461554; room:n=34,sr=0.558824,spl=0.337675; region:n=52,sr=0.519231,spl=0.319667; instance:n=28,sr=0.178571,spl=0.085306] latest_scene=00802-wcojb4TFT35 latest_episode=7 latest_task=0 latest_level=instance by_level={"instance": {"avg_spl": 0.08530645200901743, "avg_sr": 0.17857142857142858, "count": 28}, "object": {"avg_spl": 0.4615539565539659, "avg_sr": 0.6363636363636364, "count": 22}, "region": {"avg_spl": 0.31966661041076977, "avg_sr": 0.5192307692307693, "count": 52}, "room": {"avg_spl": 0.337675450387529, "avg_sr": 0.5588235294117647, "count": 34}}
Elapsed 8:11:20 

Begin to process [00802-wcojb4TFT35_sequence_7_1] type: [room], Question: [armchair in the living room]

Elapsed 8:11:20 Current start position is [   -0.95537     0.04492     -2.1824]
Elapsed 8:11:50 ===Episode_id 7 task_id 1 task_level=room===
SR: True, SPL: 0.03563165538494569, Object category: armchair, goal type: sequence===

Elapsed 8:11:50 [baseline] task_level=room scene=00802-wcojb4TFT35 episode=7 task=1 sec=30.195
Elapsed 8:11:50 [BASELINE_LIVE_METRICS] rows=137 avg_sr=0.481752 avg_spl=0.296949 follower_error_count=6 levels=[object:n=22,sr=0.636364,spl=0.461554; room:n=35,sr=0.571429,spl=0.329046; region:n=52,sr=0.519231,spl=0.319667; instance:n=28,sr=0.178571,spl=0.085306] latest_scene=00802-wcojb4TFT35 latest_episode=7 latest_task=1 latest_level=room by_level={"instance": {"avg_spl": 0.08530645200901743, "avg_sr": 0.17857142857142858, "count": 28}, "object": {"avg_spl": 0.4615539565539659, "avg_sr": 0.6363636363636364, "count": 22}, "region": {"avg_spl": 0.31966661041076977, "avg_sr": 0.5192307692307693, "count": 52}, "room": {"avg_spl": 0.32904562767316947, "avg_sr": 0.5714285714285714, "count": 35}}
Elapsed 8:11:50 

Begin to process [00802-wcojb4TFT35_sequence_7_2] type: [room], Question: [kitchen sink in the kitchen]

Elapsed 8:11:50 Current start position is [    -2.1274    -0.00508     -6.7961]
Elapsed 8:12:20 ===Episode_id 7 task_id 2 task_level=room===
SR: True, SPL: 0.7744763235581715, Object category: kitchen sink, goal type: sequence===

Elapsed 8:12:20 [baseline] task_level=room scene=00802-wcojb4TFT35 episode=7 task=2 sec=30.037
Elapsed 8:12:20 [BASELINE_LIVE_METRICS] rows=138 avg_sr=0.485507 avg_spl=0.300409 follower_error_count=6 levels=[object:n=22,sr=0.636364,spl=0.461554; room:n=36,sr=0.583333,spl=0.341419; region:n=52,sr=0.519231,spl=0.319667; instance:n=28,sr=0.178571,spl=0.085306] latest_scene=00802-wcojb4TFT35 latest_episode=7 latest_task=2 latest_level=room by_level={"instance": {"avg_spl": 0.08530645200901743, "avg_sr": 0.17857142857142858, "count": 28}, "object": {"avg_spl": 0.4615539565539659, "avg_sr": 0.6363636363636364, "count": 22}, "region": {"avg_spl": 0.31966661041076977, "avg_sr": 0.5192307692307693, "count": 52}, "room": {"avg_spl": 0.341418702558864, "avg_sr": 0.5833333333333334, "count": 36}}
Elapsed 8:12:20 

Begin to process [00802-wcojb4TFT35_sequence_7_3] type: [region], Question: [figure in the living room that has tan three-seater couch by window, fabric armchair with ottoman, tall brown bookshelf with board games, table with black printer, potted plant in corner, and TV mounted above fireplace]

Elapsed 8:12:20 Current start position is [     2.1597     0.04492     -10.305]
Elapsed 8:12:59 ===Episode_id 7 task_id 3 task_level=region===
SR: False, SPL: 0.0, Object category: figure, goal type: sequence===

Elapsed 8:12:59 [baseline] task_level=region scene=00802-wcojb4TFT35 episode=7 task=3 sec=38.550
Elapsed 8:12:59 [BASELINE_LIVE_METRICS] rows=139 avg_sr=0.482014 avg_spl=0.298248 follower_error_count=6 levels=[object:n=22,sr=0.636364,spl=0.461554; room:n=36,sr=0.583333,spl=0.341419; region:n=53,sr=0.509434,spl=0.313635; instance:n=28,sr=0.178571,spl=0.085306] latest_scene=00802-wcojb4TFT35 latest_episode=7 latest_task=3 latest_level=region by_level={"instance": {"avg_spl": 0.08530645200901743, "avg_sr": 0.17857142857142858, "count": 28}, "object": {"avg_spl": 0.4615539565539659, "avg_sr": 0.6363636363636364, "count": 22}, "region": {"avg_spl": 0.3136351649313213, "avg_sr": 0.5094339622641509, "count": 53}, "room": {"avg_spl": 0.341418702558864, "avg_sr": 0.5833333333333334, "count": 36}}
Elapsed 8:12:59 

Begin to process [00802-wcojb4TFT35_sequence_7_4] type: [region], Question: [bathroom cabinet in the bathroom that has dark bath vanity with white vessel sink, black-framed mirror, gray hanging towel, toilet with tray against blue walls, floral framed wall art]

Elapsed 8:12:59 Current start position is [   -0.17807     0.04492     0.60767]
Elapsed 8:16:44 ===Episode_id 7 task_id 4 task_level=region===
SR: False, SPL: 0.0, Object category: bathroom cabinet, goal type: sequence===

Elapsed 8:16:44 [baseline] task_level=region scene=00802-wcojb4TFT35 episode=7 task=4 sec=224.894
Elapsed 8:16:44 [BASELINE_LIVE_METRICS] rows=140 avg_sr=0.478571 avg_spl=0.296118 follower_error_count=6 levels=[object:n=22,sr=0.636364,spl=0.461554; room:n=36,sr=0.583333,spl=0.341419; region:n=54,sr=0.500000,spl=0.307827; instance:n=28,sr=0.178571,spl=0.085306] latest_scene=00802-wcojb4TFT35 latest_episode=7 latest_task=4 latest_level=region by_level={"instance": {"avg_spl": 0.08530645200901743, "avg_sr": 0.17857142857142858, "count": 28}, "object": {"avg_spl": 0.4615539565539659, "avg_sr": 0.6363636363636364, "count": 22}, "region": {"avg_spl": 0.307827106321482, "avg_sr": 0.5, "count": 54}, "room": {"avg_spl": 0.341418702558864, "avg_sr": 0.5833333333333334, "count": 36}}
Elapsed 8:16:44 [Metrics] sequence count: 140, invalid_count: 0, follower_error_count: 6, avg_sr: 0.478571, avg_spl: 0.296118

=== Episode ===: 8it [2:09:37, 672.72s/it][AElapsed 8:16:53 

Begin to process [00802-wcojb4TFT35_sequence_8_0] type: [instance], Question: [flowerpot with green plant below corner windows beside fireplace below TV in living room with tan couch]

Elapsed 8:16:53 Current start position is [   -0.96706    -0.00508     -5.6859]
Elapsed 8:19:31 ===Episode_id 8 task_id 0 task_level=instance===
SR: False, SPL: 0.0, Object category: flowerpot, goal type: sequence===

Elapsed 8:19:31 [baseline] task_level=instance scene=00802-wcojb4TFT35 episode=8 task=0 sec=157.590
Elapsed 8:19:31 [BASELINE_LIVE_METRICS] rows=141 avg_sr=0.475177 avg_spl=0.294018 follower_error_count=6 levels=[object:n=22,sr=0.636364,spl=0.461554; room:n=36,sr=0.583333,spl=0.341419; region:n=54,sr=0.500000,spl=0.307827; instance:n=29,sr=0.172414,spl=0.082365] latest_scene=00802-wcojb4TFT35 latest_episode=8 latest_task=0 latest_level=instance by_level={"instance": {"avg_spl": 0.08236485021560304, "avg_sr": 0.1724137931034483, "count": 29}, "object": {"avg_spl": 0.4615539565539659, "avg_sr": 0.6363636363636364, "count": 22}, "region": {"avg_spl": 0.307827106321482, "avg_sr": 0.5, "count": 54}, "room": {"avg_spl": 0.341418702558864, "avg_sr": 0.5833333333333334, "count": 36}}
Elapsed 8:19:31 

Begin to process [00802-wcojb4TFT35_sequence_8_1] type: [room], Question: [bench in the living room]

Elapsed 8:19:31 Current start position is [   -0.25751     0.04492     0.54774]
Elapsed 8:19:57 ===Episode_id 8 task_id 1 task_level=room===
SR: False, SPL: 0.0, Object category: bench, goal type: sequence===

Elapsed 8:19:57 [baseline] task_level=room scene=00802-wcojb4TFT35 episode=8 task=1 sec=26.532
Elapsed 8:19:57 [BASELINE_LIVE_METRICS] rows=142 avg_sr=0.471831 avg_spl=0.291947 follower_error_count=6 levels=[object:n=22,sr=0.636364,spl=0.461554; room:n=37,sr=0.567568,spl=0.332191; region:n=54,sr=0.500000,spl=0.307827; instance:n=29,sr=0.172414,spl=0.082365] latest_scene=00802-wcojb4TFT35 latest_episode=8 latest_task=1 latest_level=room by_level={"instance": {"avg_spl": 0.08236485021560304, "avg_sr": 0.1724137931034483, "count": 29}, "object": {"avg_spl": 0.4615539565539659, "avg_sr": 0.6363636363636364, "count": 22}, "region": {"avg_spl": 0.307827106321482, "avg_sr": 0.5, "count": 54}, "room": {"avg_spl": 0.33219117005727306, "avg_sr": 0.5675675675675675, "count": 37}}
Elapsed 8:19:57 

Begin to process [00802-wcojb4TFT35_sequence_8_2] type: [object], Question: [fireplace]

Elapsed 8:19:57 Current start position is [    0.75347     0.04492    -0.11554]
Elapsed 8:20:26 ===Episode_id 8 task_id 2 task_level=object===
SR: True, SPL: 0.06354466813270233, Object category: fireplace, goal type: sequence===

Elapsed 8:20:26 [baseline] task_level=object scene=00802-wcojb4TFT35 episode=8 task=2 sec=28.266
Elapsed 8:20:26 [BASELINE_LIVE_METRICS] rows=143 avg_sr=0.475524 avg_spl=0.290350 follower_error_count=6 levels=[object:n=23,sr=0.652174,spl=0.444249; room:n=37,sr=0.567568,spl=0.332191; region:n=54,sr=0.500000,spl=0.307827; instance:n=29,sr=0.172414,spl=0.082365] latest_scene=00802-wcojb4TFT35 latest_episode=8 latest_task=2 latest_level=object by_level={"instance": {"avg_spl": 0.08236485021560304, "avg_sr": 0.1724137931034483, "count": 29}, "object": {"avg_spl": 0.4442492048834762, "avg_sr": 0.6521739130434783, "count": 23}, "region": {"avg_spl": 0.307827106321482, "avg_sr": 0.5, "count": 54}, "room": {"avg_spl": 0.33219117005727306, "avg_sr": 0.5675675675675675, "count": 37}}
Elapsed 8:20:26 

Begin to process [00802-wcojb4TFT35_sequence_8_3] type: [room], Question: [piano bench in the living room]

Elapsed 8:20:26 Current start position is [   -0.02464     0.04492     0.45679]
Elapsed 8:20:51 ===Episode_id 8 task_id 3 task_level=room===
SR: False, SPL: 0.0, Object category: piano bench, goal type: sequence===

Elapsed 8:20:51 [baseline] task_level=room scene=00802-wcojb4TFT35 episode=8 task=3 sec=25.302
Elapsed 8:20:51 [BASELINE_LIVE_METRICS] rows=144 avg_sr=0.472222 avg_spl=0.288334 follower_error_count=6 levels=[object:n=23,sr=0.652174,spl=0.444249; room:n=38,sr=0.552632,spl=0.323449; region:n=54,sr=0.500000,spl=0.307827; instance:n=29,sr=0.172414,spl=0.082365] latest_scene=00802-wcojb4TFT35 latest_episode=8 latest_task=3 latest_level=room by_level={"instance": {"avg_spl": 0.08236485021560304, "avg_sr": 0.1724137931034483, "count": 29}, "object": {"avg_spl": 0.4442492048834762, "avg_sr": 0.6521739130434783, "count": 23}, "region": {"avg_spl": 0.307827106321482, "avg_sr": 0.5, "count": 54}, "room": {"avg_spl": 0.32344929716102905, "avg_sr": 0.5526315789473685, "count": 38}}
Elapsed 8:20:51 

Begin to process [00802-wcojb4TFT35_sequence_8_4] type: [region], Question: [dishwasher in the kitchen that has white kitchen cabinets with stainless sink below window, microwave above stove and oven, built-in dishwasher, coffee machine in corner, and stainless steel refrigerator]

Elapsed 8:20:51 Current start position is [   -0.02464     0.04492     0.45679]
Elapsed 8:23:29 ===Episode_id 8 task_id 4 task_level=region===
SR: True, SPL: 0.5645504080591858, Object category: dishwasher, goal type: sequence===

Elapsed 8:23:29 [baseline] task_level=region scene=00802-wcojb4TFT35 episode=8 task=4 sec=157.777
Elapsed 8:23:29 [BASELINE_LIVE_METRICS] rows=145 avg_sr=0.475862 avg_spl=0.290239 follower_error_count=6 levels=[object:n=23,sr=0.652174,spl=0.444249; room:n=38,sr=0.552632,spl=0.323449; region:n=55,sr=0.509091,spl=0.312495; instance:n=29,sr=0.172414,spl=0.082365] latest_scene=00802-wcojb4TFT35 latest_episode=8 latest_task=4 latest_level=region by_level={"instance": {"avg_spl": 0.08236485021560304, "avg_sr": 0.1724137931034483, "count": 29}, "object": {"avg_spl": 0.4442492048834762, "avg_sr": 0.6521739130434783, "count": 23}, "region": {"avg_spl": 0.31249480271671304, "avg_sr": 0.509090909090909, "count": 55}, "room": {"avg_spl": 0.32344929716102905, "avg_sr": 0.5526315789473685, "count": 38}}
Elapsed 8:23:29 [Metrics] sequence count: 145, invalid_count: 0, follower_error_count: 6, avg_sr: 0.475862, avg_spl: 0.290239

=== Episode ===: 9it [2:16:22, 589.09s/it][AElapsed 8:23:39 

Begin to process [00802-wcojb4TFT35_sequence_9_0] type: [instance], Question: [black flat-screen tv above fireplace in living room with tan three-seater couch by window and potted plant in corner]

Elapsed 8:23:39 Current start position is [     1.3227     0.02997     -9.4091]
Elapsed 8:28:54 ===Episode_id 9 task_id 0 task_level=instance===
SR: False, SPL: 0.0, Object category: tv, goal type: sequence===

Elapsed 8:28:54 [baseline] task_level=instance scene=00802-wcojb4TFT35 episode=9 task=0 sec=314.471
Elapsed 8:28:54 [BASELINE_LIVE_METRICS] rows=146 avg_sr=0.472603 avg_spl=0.288251 follower_error_count=6 levels=[object:n=23,sr=0.652174,spl=0.444249; room:n=38,sr=0.552632,spl=0.323449; region:n=55,sr=0.509091,spl=0.312495; instance:n=30,sr=0.166667,spl=0.079619] latest_scene=00802-wcojb4TFT35 latest_episode=9 latest_task=0 latest_level=instance by_level={"instance": {"avg_spl": 0.07961935520841627, "avg_sr": 0.16666666666666666, "count": 30}, "object": {"avg_spl": 0.4442492048834762, "avg_sr": 0.6521739130434783, "count": 23}, "region": {"avg_spl": 0.31249480271671304, "avg_sr": 0.509090909090909, "count": 55}, "room": {"avg_spl": 0.32344929716102905, "avg_sr": 0.5526315789473685, "count": 38}}
Elapsed 8:28:54 

Begin to process [00802-wcojb4TFT35_sequence_9_1] type: [object], Question: [piano]

Elapsed 8:28:54 Current start position is [     -0.831     0.04492      -2.016]
Elapsed 8:29:28 ===Episode_id 9 task_id 1 task_level=object===
SR: True, SPL: 0.589748539582235, Object category: piano, goal type: sequence===

Elapsed 8:29:28 [baseline] task_level=object scene=00802-wcojb4TFT35 episode=9 task=1 sec=34.265
Elapsed 8:29:28 [BASELINE_LIVE_METRICS] rows=147 avg_sr=0.476190 avg_spl=0.290302 follower_error_count=6 levels=[object:n=24,sr=0.666667,spl=0.450312; room:n=38,sr=0.552632,spl=0.323449; region:n=55,sr=0.509091,spl=0.312495; instance:n=30,sr=0.166667,spl=0.079619] latest_scene=00802-wcojb4TFT35 latest_episode=9 latest_task=1 latest_level=object by_level={"instance": {"avg_spl": 0.07961935520841627, "avg_sr": 0.16666666666666666, "count": 30}, "object": {"avg_spl": 0.4503116771625912, "avg_sr": 0.6666666666666666, "count": 24}, "region": {"avg_spl": 0.31249480271671304, "avg_sr": 0.509090909090909, "count": 55}, "room": {"avg_spl": 0.32344929716102905, "avg_sr": 0.5526315789473685, "count": 38}}
Elapsed 8:29:28 

Begin to process [00802-wcojb4TFT35_sequence_9_2] type: [object], Question: [flowerpot]

Elapsed 8:29:28 Current start position is [    -1.2641    -0.00508     -5.4688]
Elapsed 8:30:08 ===Episode_id 9 task_id 2 task_level=object===
SR: False, SPL: 0.0, Object category: flowerpot, goal type: sequence===

Elapsed 8:30:08 [baseline] task_level=object scene=00802-wcojb4TFT35 episode=9 task=2 sec=40.222
Elapsed 8:30:08 [BASELINE_LIVE_METRICS] rows=148 avg_sr=0.472973 avg_spl=0.288340 follower_error_count=6 levels=[object:n=25,sr=0.640000,spl=0.432299; room:n=38,sr=0.552632,spl=0.323449; region:n=55,sr=0.509091,spl=0.312495; instance:n=30,sr=0.166667,spl=0.079619] latest_scene=00802-wcojb4TFT35 latest_episode=9 latest_task=2 latest_level=object by_level={"instance": {"avg_spl": 0.07961935520841627, "avg_sr": 0.16666666666666666, "count": 30}, "object": {"avg_spl": 0.4322992100760875, "avg_sr": 0.64, "count": 25}, "region": {"avg_spl": 0.31249480271671304, "avg_sr": 0.509090909090909, "count": 55}, "room": {"avg_spl": 0.32344929716102905, "avg_sr": 0.5526315789473685, "count": 38}}
Elapsed 8:30:08 

Begin to process [00802-wcojb4TFT35_sequence_9_3] type: [room], Question: [art frame in the living room]

Elapsed 8:30:08 Current start position is [     1.4703    -0.00508     -6.8768]
Elapsed 8:30:44 ===Episode_id 9 task_id 3 task_level=room===
SR: False, SPL: 0.0, Object category: art frame, goal type: sequence===

Elapsed 8:30:44 [baseline] task_level=room scene=00802-wcojb4TFT35 episode=9 task=3 sec=35.896
Elapsed 8:30:44 [BASELINE_LIVE_METRICS] rows=149 avg_sr=0.469799 avg_spl=0.286405 follower_error_count=6 levels=[object:n=25,sr=0.640000,spl=0.432299; room:n=39,sr=0.538462,spl=0.315156; region:n=55,sr=0.509091,spl=0.312495; instance:n=30,sr=0.166667,spl=0.079619] latest_scene=00802-wcojb4TFT35 latest_episode=9 latest_task=3 latest_level=room by_level={"instance": {"avg_spl": 0.07961935520841627, "avg_sr": 0.16666666666666666, "count": 30}, "object": {"avg_spl": 0.4322992100760875, "avg_sr": 0.64, "count": 25}, "region": {"avg_spl": 0.31249480271671304, "avg_sr": 0.509090909090909, "count": 55}, "room": {"avg_spl": 0.3151557254389514, "avg_sr": 0.5384615384615384, "count": 39}}
Elapsed 8:30:44 

Begin to process [00802-wcojb4TFT35_sequence_9_4] type: [object], Question: [stove]

Elapsed 8:30:44 Current start position is [    -2.7927     0.04492     -11.792]
Elapsed 8:31:18 ===Episode_id 9 task_id 4 task_level=object===
SR: True, SPL: 0.5176076826284236, Object category: stove, goal type: sequence===

Elapsed 8:31:18 [baseline] task_level=object scene=00802-wcojb4TFT35 episode=9 task=4 sec=33.548
Elapsed 8:31:18 [BASELINE_LIVE_METRICS] rows=150 avg_sr=0.473333 avg_spl=0.287946 follower_error_count=6 levels=[object:n=26,sr=0.653846,spl=0.435580; room:n=39,sr=0.538462,spl=0.315156; region:n=55,sr=0.509091,spl=0.312495; instance:n=30,sr=0.166667,spl=0.079619] latest_scene=00802-wcojb4TFT35 latest_episode=9 latest_task=4 latest_level=object by_level={"instance": {"avg_spl": 0.07961935520841627, "avg_sr": 0.16666666666666666, "count": 30}, "object": {"avg_spl": 0.4355803051742543, "avg_sr": 0.6538461538461539, "count": 26}, "region": {"avg_spl": 0.31249480271671304, "avg_sr": 0.509090909090909, "count": 55}, "room": {"avg_spl": 0.3151557254389514, "avg_sr": 0.5384615384615384, "count": 39}}
Elapsed 8:31:18 [Metrics] sequence count: 150, invalid_count: 0, follower_error_count: 6, avg_sr: 0.473333, avg_spl: 0.287946

=== Episode ===: 10it [2:24:11, 551.97s/it][AElapsed 8:31:27 

Begin to process [00802-wcojb4TFT35_sequence_10_0] type: [instance], Question: [brick fireplace with white mantel in living room with tan couch and TV]

Elapsed 8:31:27 Current start position is [     -2.708    -0.00508      -6.116]
Elapsed 8:33:43 ===Episode_id 10 task_id 0 task_level=instance===
SR: False, SPL: 0.0, Object category: fireplace, goal type: sequence===

Elapsed 8:33:43 [baseline] task_level=instance scene=00802-wcojb4TFT35 episode=10 task=0 sec=135.929
Elapsed 8:33:43 [BASELINE_LIVE_METRICS] rows=151 avg_sr=0.470199 avg_spl=0.286039 follower_error_count=6 levels=[object:n=26,sr=0.653846,spl=0.435580; room:n=39,sr=0.538462,spl=0.315156; region:n=55,sr=0.509091,spl=0.312495; instance:n=31,sr=0.161290,spl=0.077051] latest_scene=00802-wcojb4TFT35 latest_episode=10 latest_task=0 latest_level=instance by_level={"instance": {"avg_spl": 0.07705098891137058, "avg_sr": 0.16129032258064516, "count": 31}, "object": {"avg_spl": 0.4355803051742543, "avg_sr": 0.6538461538461539, "count": 26}, "region": {"avg_spl": 0.31249480271671304, "avg_sr": 0.509090909090909, "count": 55}, "room": {"avg_spl": 0.3151557254389514, "avg_sr": 0.5384615384615384, "count": 39}}
Elapsed 8:33:43 

Begin to process [00802-wcojb4TFT35_sequence_10_1] type: [room], Question: [piano bench in the living room]

Elapsed 8:33:43 Current start position is [   -0.95031     0.04492     -1.7834]
Elapsed 8:34:09 ===Episode_id 10 task_id 1 task_level=room===
SR: False, SPL: 0.0, Object category: piano bench, goal type: sequence===

Elapsed 8:34:09 [baseline] task_level=room scene=00802-wcojb4TFT35 episode=10 task=1 sec=26.507
Elapsed 8:34:09 [BASELINE_LIVE_METRICS] rows=152 avg_sr=0.467105 avg_spl=0.284158 follower_error_count=6 levels=[object:n=26,sr=0.653846,spl=0.435580; room:n=40,sr=0.525000,spl=0.307277; region:n=55,sr=0.509091,spl=0.312495; instance:n=31,sr=0.161290,spl=0.077051] latest_scene=00802-wcojb4TFT35 latest_episode=10 latest_task=1 latest_level=room by_level={"instance": {"avg_spl": 0.07705098891137058, "avg_sr": 0.16129032258064516, "count": 31}, "object": {"avg_spl": 0.4355803051742543, "avg_sr": 0.6538461538461539, "count": 26}, "region": {"avg_spl": 0.31249480271671304, "avg_sr": 0.509090909090909, "count": 55}, "room": {"avg_spl": 0.3072768323029776, "avg_sr": 0.525, "count": 40}}
Elapsed 8:34:09 

Begin to process [00802-wcojb4TFT35_sequence_10_2] type: [region], Question: [sink in the bathroom that has dark bath vanity with white vessel sink, black-framed mirror, gray hanging towel, toilet with tray against blue walls, floral framed wall art]

Elapsed 8:34:09 Current start position is [    0.81475     0.04492    -0.17729]
Elapsed 8:45:45 ===Episode_id 10 task_id 2 task_level=region===
SR: False, SPL: 0.0, Object category: sink, goal type: sequence===

Elapsed 8:45:45 [baseline] task_level=region scene=00802-wcojb4TFT35 episode=10 task=2 sec=695.973
Elapsed 8:45:45 [BASELINE_LIVE_METRICS] rows=153 avg_sr=0.464052 avg_spl=0.282300 follower_error_count=6 levels=[object:n=26,sr=0.653846,spl=0.435580; room:n=40,sr=0.525000,spl=0.307277; region:n=56,sr=0.500000,spl=0.306915; instance:n=31,sr=0.161290,spl=0.077051] latest_scene=00802-wcojb4TFT35 latest_episode=10 latest_task=2 latest_level=region by_level={"instance": {"avg_spl": 0.07705098891137058, "avg_sr": 0.16129032258064516, "count": 31}, "object": {"avg_spl": 0.4355803051742543, "avg_sr": 0.6538461538461539, "count": 26}, "region": {"avg_spl": 0.306914538382486, "avg_sr": 0.5, "count": 56}, "room": {"avg_spl": 0.3072768323029776, "avg_sr": 0.525, "count": 40}}
Elapsed 8:45:45 

Begin to process [00802-wcojb4TFT35_sequence_10_3] type: [room], Question: [printer in the living room]

Elapsed 8:45:45 Current start position is [   -0.95101     0.04492     -3.8032]
Elapsed 8:46:45 ===Episode_id 10 task_id 3 task_level=room===
SR: True, SPL: 0.550760919584358, Object category: printer, goal type: sequence===

Elapsed 8:46:45 [baseline] task_level=room scene=00802-wcojb4TFT35 episode=10 task=3 sec=59.144
Elapsed 8:46:45 [BASELINE_LIVE_METRICS] rows=154 avg_sr=0.467532 avg_spl=0.284044 follower_error_count=6 levels=[object:n=26,sr=0.653846,spl=0.435580; room:n=41,sr=0.536585,spl=0.313215; region:n=56,sr=0.500000,spl=0.306915; instance:n=31,sr=0.161290,spl=0.077051] latest_scene=00802-wcojb4TFT35 latest_episode=10 latest_task=3 latest_level=room by_level={"instance": {"avg_spl": 0.07705098891137058, "avg_sr": 0.16129032258064516, "count": 31}, "object": {"avg_spl": 0.4355803051742543, "avg_sr": 0.6538461538461539, "count": 26}, "region": {"avg_spl": 0.306914538382486, "avg_sr": 0.5, "count": 56}, "room": {"avg_spl": 0.3132154685781332, "avg_sr": 0.5365853658536586, "count": 41}}
Elapsed 8:46:45 

Begin to process [00802-wcojb4TFT35_sequence_10_4] type: [room], Question: [stove in the kitchen]

Elapsed 8:46:45 Current start position is [     1.7566     0.04492     -4.5554]
Elapsed 8:47:34 ===Episode_id 10 task_id 4 task_level=room===
SR: True, SPL: 0.7696080676640525, Object category: stove, goal type: sequence===

Elapsed 8:47:34 [baseline] task_level=room scene=00802-wcojb4TFT35 episode=10 task=4 sec=49.275
Elapsed 8:47:34 [BASELINE_LIVE_METRICS] rows=155 avg_sr=0.470968 avg_spl=0.287176 follower_error_count=6 levels=[object:n=26,sr=0.653846,spl=0.435580; room:n=42,sr=0.547619,spl=0.324082; region:n=56,sr=0.500000,spl=0.306915; instance:n=31,sr=0.161290,spl=0.077051] latest_scene=00802-wcojb4TFT35 latest_episode=10 latest_task=4 latest_level=room by_level={"instance": {"avg_spl": 0.07705098891137058, "avg_sr": 0.16129032258064516, "count": 31}, "object": {"avg_spl": 0.4355803051742543, "avg_sr": 0.6538461538461539, "count": 26}, "region": {"avg_spl": 0.306914538382486, "avg_sr": 0.5, "count": 56}, "room": {"avg_spl": 0.3240819590325598, "avg_sr": 0.5476190476190477, "count": 42}}
Elapsed 8:47:34 [Metrics] sequence count: 155, invalid_count: 0, follower_error_count: 6, avg_sr: 0.470968, avg_spl: 0.287176

=== Episode ===: 11it [2:40:27, 681.79s/it][AElapsed 8:47:43 

Begin to process [00802-wcojb4TFT35_sequence_11_0] type: [instance], Question: [wooden black-and-tan checkered chessboard on shelf in living room with TV above fireplace]

Elapsed 8:47:43 Current start position is [     -1.999     0.00851     -10.003]
Elapsed 8:52:08 ===Episode_id 11 task_id 0 task_level=instance===
SR: False, SPL: 0.0, Object category: chess, goal type: sequence===

Elapsed 8:52:08 [baseline] task_level=instance scene=00802-wcojb4TFT35 episode=11 task=0 sec=264.800
Elapsed 8:52:08 [BASELINE_LIVE_METRICS] rows=156 avg_sr=0.467949 avg_spl=0.285335 follower_error_count=6 levels=[object:n=26,sr=0.653846,spl=0.435580; room:n=42,sr=0.547619,spl=0.324082; region:n=56,sr=0.500000,spl=0.306915; instance:n=32,sr=0.156250,spl=0.074643] latest_scene=00802-wcojb4TFT35 latest_episode=11 latest_task=0 latest_level=instance by_level={"instance": {"avg_spl": 0.07464314550789025, "avg_sr": 0.15625, "count": 32}, "object": {"avg_spl": 0.4355803051742543, "avg_sr": 0.6538461538461539, "count": 26}, "region": {"avg_spl": 0.306914538382486, "avg_sr": 0.5, "count": 56}, "room": {"avg_spl": 0.3240819590325598, "avg_sr": 0.5476190476190477, "count": 42}}
Elapsed 8:52:08 

Begin to process [00802-wcojb4TFT35_sequence_11_1] type: [room], Question: [stove in the kitchen]

Elapsed 8:52:08 Current start position is [   -0.21874     0.04492      0.5944]
Elapsed 8:52:38 ===Episode_id 11 task_id 1 task_level=room===
SR: True, SPL: 0.7584798507398132, Object category: stove, goal type: sequence===

Elapsed 8:52:38 [baseline] task_level=room scene=00802-wcojb4TFT35 episode=11 task=1 sec=30.101
Elapsed 8:52:38 [BASELINE_LIVE_METRICS] rows=157 avg_sr=0.471338 avg_spl=0.288349 follower_error_count=6 levels=[object:n=26,sr=0.653846,spl=0.435580; room:n=43,sr=0.558140,spl=0.334184; region:n=56,sr=0.500000,spl=0.306915; instance:n=32,sr=0.156250,spl=0.074643] latest_scene=00802-wcojb4TFT35 latest_episode=11 latest_task=1 latest_level=room by_level={"instance": {"avg_spl": 0.07464314550789025, "avg_sr": 0.15625, "count": 32}, "object": {"avg_spl": 0.4355803051742543, "avg_sr": 0.6538461538461539, "count": 26}, "region": {"avg_spl": 0.306914538382486, "avg_sr": 0.5, "count": 56}, "room": {"avg_spl": 0.3341842355838913, "avg_sr": 0.5581395348837209, "count": 43}}
Elapsed 8:52:38 

Begin to process [00802-wcojb4TFT35_sequence_11_2] type: [region], Question: [art frame in the living room that has tan three-seater couch by window, fabric armchair with ottoman, tall brown bookshelf with board games, table with black printer, potted plant in corner, and TV mounted above fireplace]

Elapsed 8:52:38 Current start position is [     0.4554    0.017199      -10.37]
Elapsed 8:53:12 ===Episode_id 11 task_id 2 task_level=region===
SR: False, SPL: 0.0, Object category: art frame, goal type: sequence===

Elapsed 8:53:12 [baseline] task_level=region scene=00802-wcojb4TFT35 episode=11 task=2 sec=33.657
Elapsed 8:53:12 [BASELINE_LIVE_METRICS] rows=158 avg_sr=0.468354 avg_spl=0.286524 follower_error_count=6 levels=[object:n=26,sr=0.653846,spl=0.435580; room:n=43,sr=0.558140,spl=0.334184; region:n=57,sr=0.491228,spl=0.301530; instance:n=32,sr=0.156250,spl=0.074643] latest_scene=00802-wcojb4TFT35 latest_episode=11 latest_task=2 latest_level=region by_level={"instance": {"avg_spl": 0.07464314550789025, "avg_sr": 0.15625, "count": 32}, "object": {"avg_spl": 0.4355803051742543, "avg_sr": 0.6538461538461539, "count": 26}, "region": {"avg_spl": 0.30153007279682836, "avg_sr": 0.49122807017543857, "count": 57}, "room": {"avg_spl": 0.3341842355838913, "avg_sr": 0.5581395348837209, "count": 43}}
Elapsed 8:53:12 

Begin to process [00802-wcojb4TFT35_sequence_11_3] type: [object], Question: [bath sink]

Elapsed 8:53:12 Current start position is [   -0.18533     0.04492     0.60767]
Elapsed 8:53:45 ===Episode_id 11 task_id 3 task_level=object===
SR: False, SPL: 0.0, Object category: bath sink, goal type: sequence===

Elapsed 8:53:45 [baseline] task_level=object scene=00802-wcojb4TFT35 episode=11 task=3 sec=33.641
Elapsed 8:53:45 [BASELINE_LIVE_METRICS] rows=159 avg_sr=0.465409 avg_spl=0.284722 follower_error_count=6 levels=[object:n=27,sr=0.629630,spl=0.419448; room:n=43,sr=0.558140,spl=0.334184; region:n=57,sr=0.491228,spl=0.301530; instance:n=32,sr=0.156250,spl=0.074643] latest_scene=00802-wcojb4TFT35 latest_episode=11 latest_task=3 latest_level=object by_level={"instance": {"avg_spl": 0.07464314550789025, "avg_sr": 0.15625, "count": 32}, "object": {"avg_spl": 0.4194477012789115, "avg_sr": 0.6296296296296297, "count": 27}, "region": {"avg_spl": 0.30153007279682836, "avg_sr": 0.49122807017543857, "count": 57}, "room": {"avg_spl": 0.3341842355838913, "avg_sr": 0.5581395348837209, "count": 43}}
Elapsed 8:53:45 

Begin to process [00802-wcojb4TFT35_sequence_11_4] type: [object], Question: [fireplace]

Elapsed 8:53:45 Current start position is [     2.1508     0.04492     -9.9193]
Elapsed 8:54:23 ===Episode_id 11 task_id 4 task_level=object===
SR: True, SPL: 0.8830303074381046, Object category: fireplace, goal type: sequence===

Elapsed 8:54:23 [baseline] task_level=object scene=00802-wcojb4TFT35 episode=11 task=4 sec=37.358
Elapsed 8:54:23 [BASELINE_LIVE_METRICS] rows=160 avg_sr=0.468750 avg_spl=0.288461 follower_error_count=6 levels=[object:n=28,sr=0.642857,spl=0.436004; room:n=43,sr=0.558140,spl=0.334184; region:n=57,sr=0.491228,spl=0.301530; instance:n=32,sr=0.156250,spl=0.074643] latest_scene=00802-wcojb4TFT35 latest_episode=11 latest_task=4 latest_level=object by_level={"instance": {"avg_spl": 0.07464314550789025, "avg_sr": 0.15625, "count": 32}, "object": {"avg_spl": 0.43600422292745417, "avg_sr": 0.6428571428571429, "count": 28}, "region": {"avg_spl": 0.30153007279682836, "avg_sr": 0.49122807017543857, "count": 57}, "room": {"avg_spl": 0.3341842355838913, "avg_sr": 0.5581395348837209, "count": 43}}
Elapsed 8:54:23 [Metrics] sequence count: 160, invalid_count: 0, follower_error_count: 6, avg_sr: 0.468750, avg_spl: 0.288461

=== Episode ===: 12it [2:47:16, 598.76s/it][AElapsed 8:54:33 

Begin to process [00802-wcojb4TFT35_sequence_12_0] type: [instance], Question: [wooden bookshelf in living room with tan couch and TV above fireplace]

Elapsed 8:54:33 Current start position is [      1.232     0.04492     -10.265]
Elapsed 8:57:06 ===Episode_id 12 task_id 0 task_level=instance===
SR: False, SPL: 0.0, Object category: bookshelf, goal type: sequence===

Elapsed 8:57:06 [baseline] task_level=instance scene=00802-wcojb4TFT35 episode=12 task=0 sec=153.670
Elapsed 8:57:06 [BASELINE_LIVE_METRICS] rows=161 avg_sr=0.465839 avg_spl=0.286670 follower_error_count=6 levels=[object:n=28,sr=0.642857,spl=0.436004; room:n=43,sr=0.558140,spl=0.334184; region:n=57,sr=0.491228,spl=0.301530; instance:n=33,sr=0.151515,spl=0.072381] latest_scene=00802-wcojb4TFT35 latest_episode=12 latest_task=0 latest_level=instance by_level={"instance": {"avg_spl": 0.07238123200765115, "avg_sr": 0.15151515151515152, "count": 33}, "object": {"avg_spl": 0.43600422292745417, "avg_sr": 0.6428571428571429, "count": 28}, "region": {"avg_spl": 0.30153007279682836, "avg_sr": 0.49122807017543857, "count": 57}, "room": {"avg_spl": 0.3341842355838913, "avg_sr": 0.5581395348837209, "count": 43}}
Elapsed 8:57:06 

Begin to process [00802-wcojb4TFT35_sequence_12_1] type: [object], Question: [stove]

Elapsed 8:57:06 Current start position is [   -0.88981     0.04492      -2.089]
Elapsed 8:57:36 ===Episode_id 12 task_id 1 task_level=object===
SR: True, SPL: 0.8044923416362, Object category: stove, goal type: sequence===

Elapsed 8:57:36 [baseline] task_level=object scene=00802-wcojb4TFT35 episode=12 task=1 sec=29.595
Elapsed 8:57:36 [BASELINE_LIVE_METRICS] rows=162 avg_sr=0.469136 avg_spl=0.289866 follower_error_count=6 levels=[object:n=29,sr=0.655172,spl=0.448711; room:n=43,sr=0.558140,spl=0.334184; region:n=57,sr=0.491228,spl=0.301530; instance:n=33,sr=0.151515,spl=0.072381] latest_scene=00802-wcojb4TFT35 latest_episode=12 latest_task=1 latest_level=object by_level={"instance": {"avg_spl": 0.07238123200765115, "avg_sr": 0.15151515151515152, "count": 33}, "object": {"avg_spl": 0.44871070977947985, "avg_sr": 0.6551724137931034, "count": 29}, "region": {"avg_spl": 0.30153007279682836, "avg_sr": 0.49122807017543857, "count": 57}, "room": {"avg_spl": 0.3341842355838913, "avg_sr": 0.5581395348837209, "count": 43}}
Elapsed 8:57:36 

Begin to process [00802-wcojb4TFT35_sequence_12_2] type: [room], Question: [book in the living room]

Elapsed 8:57:36 Current start position is [     1.0881    0.028201     -9.5907]
Elapsed 8:58:15 ===Episode_id 12 task_id 2 task_level=room===
SR: True, SPL: 0.7265121616827197, Object category: book, goal type: sequence===

Elapsed 8:58:15 [baseline] task_level=room scene=00802-wcojb4TFT35 episode=12 task=2 sec=39.362
Elapsed 8:58:15 [BASELINE_LIVE_METRICS] rows=163 avg_sr=0.472393 avg_spl=0.292545 follower_error_count=6 levels=[object:n=29,sr=0.655172,spl=0.448711; room:n=44,sr=0.568182,spl=0.343101; region:n=57,sr=0.491228,spl=0.301530; instance:n=33,sr=0.151515,spl=0.072381] latest_scene=00802-wcojb4TFT35 latest_episode=12 latest_task=2 latest_level=room by_level={"instance": {"avg_spl": 0.07238123200765115, "avg_sr": 0.15151515151515152, "count": 33}, "object": {"avg_spl": 0.44871070977947985, "avg_sr": 0.6551724137931034, "count": 29}, "region": {"avg_spl": 0.30153007279682836, "avg_sr": 0.49122807017543857, "count": 57}, "room": {"avg_spl": 0.3431007793588647, "avg_sr": 0.5681818181818182, "count": 44}}
Elapsed 8:58:15 

Begin to process [00802-wcojb4TFT35_sequence_12_3] type: [object], Question: [bathroom cabinet]

Elapsed 8:58:15 Current start position is [    -1.9682     0.04492     -3.8303]
Elapsed 9:04:31 ===Episode_id 12 task_id 3 task_level=object===
SR: False, SPL: 0.0, Object category: bathroom cabinet, goal type: sequence===

Elapsed 9:04:31 [baseline] task_level=object scene=00802-wcojb4TFT35 episode=12 task=3 sec=375.964
Elapsed 9:04:31 [BASELINE_LIVE_METRICS] rows=164 avg_sr=0.469512 avg_spl=0.290761 follower_error_count=6 levels=[object:n=30,sr=0.633333,spl=0.433754; room:n=44,sr=0.568182,spl=0.343101; region:n=57,sr=0.491228,spl=0.301530; instance:n=33,sr=0.151515,spl=0.072381] latest_scene=00802-wcojb4TFT35 latest_episode=12 latest_task=3 latest_level=object by_level={"instance": {"avg_spl": 0.07238123200765115, "avg_sr": 0.15151515151515152, "count": 33}, "object": {"avg_spl": 0.43375368612016385, "avg_sr": 0.6333333333333333, "count": 30}, "region": {"avg_spl": 0.30153007279682836, "avg_sr": 0.49122807017543857, "count": 57}, "room": {"avg_spl": 0.3431007793588647, "avg_sr": 0.5681818181818182, "count": 44}}
Elapsed 9:04:31 

Begin to process [00802-wcojb4TFT35_sequence_12_4] type: [object], Question: [printer]

Elapsed 9:04:31 Current start position is [     2.0841     0.04492     -10.497]
Elapsed 9:05:14 ===Episode_id 12 task_id 4 task_level=object===
SR: True, SPL: 0.9457526213736678, Object category: printer, goal type: sequence===

Elapsed 9:05:14 [baseline] task_level=object scene=00802-wcojb4TFT35 episode=12 task=4 sec=42.708
Elapsed 9:05:14 [BASELINE_LIVE_METRICS] rows=165 avg_sr=0.472727 avg_spl=0.294731 follower_error_count=6 levels=[object:n=31,sr=0.645161,spl=0.450270; room:n=44,sr=0.568182,spl=0.343101; region:n=57,sr=0.491228,spl=0.301530; instance:n=33,sr=0.151515,spl=0.072381] latest_scene=00802-wcojb4TFT35 latest_episode=12 latest_task=4 latest_level=object by_level={"instance": {"avg_spl": 0.07238123200765115, "avg_sr": 0.15151515151515152, "count": 33}, "object": {"avg_spl": 0.45026978080576074, "avg_sr": 0.6451612903225806, "count": 31}, "region": {"avg_spl": 0.30153007279682836, "avg_sr": 0.49122807017543857, "count": 57}, "room": {"avg_spl": 0.3431007793588647, "avg_sr": 0.5681818181818182, "count": 44}}
Elapsed 9:05:14 [Metrics] sequence count: 165, invalid_count: 0, follower_error_count: 6, avg_sr: 0.472727, avg_spl: 0.294731

=== Episode ===: 13it [2:58:08, 614.69s/it][AElapsed 9:05:23 

Begin to process [00802-wcojb4TFT35_sequence_13_0] type: [instance], Question: [light brown oval dining table with flowers in dining room]

Elapsed 9:05:23 Current start position is [     1.4036     0.04492     0.53939]
Elapsed 9:07:47 ===Episode_id 13 task_id 0 task_level=instance===
SR: True, SPL: 0.634061913323123, Object category: table, goal type: sequence===

Elapsed 9:07:47 [baseline] task_level=instance scene=00802-wcojb4TFT35 episode=13 task=0 sec=144.364
Elapsed 9:07:47 [BASELINE_LIVE_METRICS] rows=166 avg_sr=0.475904 avg_spl=0.296775 follower_error_count=6 levels=[object:n=31,sr=0.645161,spl=0.450270; room:n=44,sr=0.568182,spl=0.343101; region:n=57,sr=0.491228,spl=0.301530; instance:n=34,sr=0.176471,spl=0.088901] latest_scene=00802-wcojb4TFT35 latest_episode=13 latest_task=0 latest_level=instance by_level={"instance": {"avg_spl": 0.0889012520463415, "avg_sr": 0.17647058823529413, "count": 34}, "object": {"avg_spl": 0.45026978080576074, "avg_sr": 0.6451612903225806, "count": 31}, "region": {"avg_spl": 0.30153007279682836, "avg_sr": 0.49122807017543857, "count": 57}, "room": {"avg_spl": 0.3431007793588647, "avg_sr": 0.5681818181818182, "count": 44}}
Elapsed 9:07:47 

Begin to process [00802-wcojb4TFT35_sequence_13_1] type: [region], Question: [picture in the bathroom that has dark bath vanity with white vessel sink, black-framed mirror, gray hanging towel, toilet with tray against blue walls, floral framed wall art]

Elapsed 9:07:47 Current start position is [    0.61304    -0.00508     -5.3817]
Elapsed 9:14:50 ===Episode_id 13 task_id 1 task_level=region===
SR: False, SPL: 0.0, Object category: picture, goal type: sequence===

Elapsed 9:14:50 [baseline] task_level=region scene=00802-wcojb4TFT35 episode=13 task=1 sec=422.167
Elapsed 9:14:50 [BASELINE_LIVE_METRICS] rows=167 avg_sr=0.473054 avg_spl=0.294998 follower_error_count=6 levels=[object:n=31,sr=0.645161,spl=0.450270; room:n=44,sr=0.568182,spl=0.343101; region:n=58,sr=0.482759,spl=0.296331; instance:n=34,sr=0.176471,spl=0.088901] latest_scene=00802-wcojb4TFT35 latest_episode=13 latest_task=1 latest_level=region by_level={"instance": {"avg_spl": 0.0889012520463415, "avg_sr": 0.17647058823529413, "count": 34}, "object": {"avg_spl": 0.45026978080576074, "avg_sr": 0.6451612903225806, "count": 31}, "region": {"avg_spl": 0.29633127843826235, "avg_sr": 0.4827586206896552, "count": 58}, "room": {"avg_spl": 0.3431007793588647, "avg_sr": 0.5681818181818182, "count": 44}}
Elapsed 9:14:50 

Begin to process [00802-wcojb4TFT35_sequence_13_2] type: [room], Question: [art frame in the living room]

Elapsed 9:14:50 Current start position is [    -1.8577     0.04492     -3.8029]
Elapsed 9:15:41 ===Episode_id 13 task_id 2 task_level=room===
SR: False, SPL: 0.0, Object category: art frame, goal type: sequence===

Elapsed 9:15:41 [baseline] task_level=room scene=00802-wcojb4TFT35 episode=13 task=2 sec=51.750
Elapsed 9:15:41 [BASELINE_LIVE_METRICS] rows=168 avg_sr=0.470238 avg_spl=0.293242 follower_error_count=6 levels=[object:n=31,sr=0.645161,spl=0.450270; room:n=45,sr=0.555556,spl=0.335476; region:n=58,sr=0.482759,spl=0.296331; instance:n=34,sr=0.176471,spl=0.088901] latest_scene=00802-wcojb4TFT35 latest_episode=13 latest_task=2 latest_level=room by_level={"instance": {"avg_spl": 0.0889012520463415, "avg_sr": 0.17647058823529413, "count": 34}, "object": {"avg_spl": 0.45026978080576074, "avg_sr": 0.6451612903225806, "count": 31}, "region": {"avg_spl": 0.29633127843826235, "avg_sr": 0.4827586206896552, "count": 58}, "room": {"avg_spl": 0.33547631759533436, "avg_sr": 0.5555555555555556, "count": 45}}
Elapsed 9:15:41 

Begin to process [00802-wcojb4TFT35_sequence_13_3] type: [room], Question: [sink in the kitchen]

Elapsed 9:15:41 Current start position is [   -0.15688     0.04492     -3.7544]
Elapsed 9:16:28 ===Episode_id 13 task_id 3 task_level=room===
SR: True, SPL: 0.7621561175520083, Object category: sink, goal type: sequence===

Elapsed 9:16:28 [baseline] task_level=room scene=00802-wcojb4TFT35 episode=13 task=3 sec=46.212
Elapsed 9:16:28 [BASELINE_LIVE_METRICS] rows=169 avg_sr=0.473373 avg_spl=0.296017 follower_error_count=6 levels=[object:n=31,sr=0.645161,spl=0.450270; room:n=46,sr=0.565217,spl=0.344752; region:n=58,sr=0.482759,spl=0.296331; instance:n=34,sr=0.176471,spl=0.088901] latest_scene=00802-wcojb4TFT35 latest_episode=13 latest_task=3 latest_level=room by_level={"instance": {"avg_spl": 0.0889012520463415, "avg_sr": 0.17647058823529413, "count": 34}, "object": {"avg_spl": 0.45026978080576074, "avg_sr": 0.6451612903225806, "count": 31}, "region": {"avg_spl": 0.29633127843826235, "avg_sr": 0.4827586206896552, "count": 58}, "room": {"avg_spl": 0.3447519654204795, "avg_sr": 0.5652173913043478, "count": 46}}
Elapsed 9:16:28 

Begin to process [00802-wcojb4TFT35_sequence_13_4] type: [region], Question: [figure in the living room that has tan three-seater couch by window, fabric armchair with ottoman, tall brown bookshelf with board games, table with black printer, potted plant in corner, and TV mounted above fireplace]

Elapsed 9:16:28 Current start position is [     2.1634     0.04492     -9.8291]
Elapsed 9:17:19 ===Episode_id 13 task_id 4 task_level=region===
SR: False, SPL: 0.0, Object category: figure, goal type: sequence===

Elapsed 9:17:19 [baseline] task_level=region scene=00802-wcojb4TFT35 episode=13 task=4 sec=51.328
Elapsed 9:17:19 [BASELINE_LIVE_METRICS] rows=170 avg_sr=0.470588 avg_spl=0.294275 follower_error_count=6 levels=[object:n=31,sr=0.645161,spl=0.450270; room:n=46,sr=0.565217,spl=0.344752; region:n=59,sr=0.474576,spl=0.291309; instance:n=34,sr=0.176471,spl=0.088901] latest_scene=00802-wcojb4TFT35 latest_episode=13 latest_task=4 latest_level=region by_level={"instance": {"avg_spl": 0.0889012520463415, "avg_sr": 0.17647058823529413, "count": 34}, "object": {"avg_spl": 0.45026978080576074, "avg_sr": 0.6451612903225806, "count": 31}, "region": {"avg_spl": 0.29130871439693584, "avg_sr": 0.4745762711864407, "count": 59}, "room": {"avg_spl": 0.3447519654204795, "avg_sr": 0.5652173913043478, "count": 46}}
Elapsed 9:17:19 [Metrics] sequence count: 170, invalid_count: 0, follower_error_count: 6, avg_sr: 0.470588, avg_spl: 0.294275

=== Episode ===: 14it [3:10:13, 647.98s/it][AElapsed 9:17:28 

Begin to process [00802-wcojb4TFT35_sequence_14_0] type: [instance], Question: [tall dried twig beside wooden upright piano beneath cityscape prints in living room with black-and-beige leaf-patterned armchairs by window]

Elapsed 9:17:28 Current start position is [     1.4122     0.04492     0.46227]
Elapsed 9:19:47 ===Episode_id 14 task_id 0 task_level=instance===
SR: False, SPL: 0.0, Object category: decorative plant, goal type: sequence===

Elapsed 9:19:47 [baseline] task_level=instance scene=00802-wcojb4TFT35 episode=14 task=0 sec=138.289
Elapsed 9:19:47 [BASELINE_LIVE_METRICS] rows=171 avg_sr=0.467836 avg_spl=0.292554 follower_error_count=6 levels=[object:n=31,sr=0.645161,spl=0.450270; room:n=46,sr=0.565217,spl=0.344752; region:n=59,sr=0.474576,spl=0.291309; instance:n=35,sr=0.171429,spl=0.086361] latest_scene=00802-wcojb4TFT35 latest_episode=14 latest_task=0 latest_level=instance by_level={"instance": {"avg_spl": 0.08636121627358888, "avg_sr": 0.17142857142857143, "count": 35}, "object": {"avg_spl": 0.45026978080576074, "avg_sr": 0.6451612903225806, "count": 31}, "region": {"avg_spl": 0.29130871439693584, "avg_sr": 0.4745762711864407, "count": 59}, "room": {"avg_spl": 0.3447519654204795, "avg_sr": 0.5652173913043478, "count": 46}}
Elapsed 9:19:47 

Begin to process [00802-wcojb4TFT35_sequence_14_1] type: [room], Question: [kitchen counter in the kitchen]

Elapsed 9:19:47 Current start position is [   -0.89074     0.04492     0.45281]
Elapsed 9:20:09 ===Episode_id 14 task_id 1 task_level=room===
SR: True, SPL: 0.7593569339150877, Object category: kitchen counter, goal type: sequence===

Elapsed 9:20:09 [baseline] task_level=room scene=00802-wcojb4TFT35 episode=14 task=1 sec=22.338
Elapsed 9:20:09 [BASELINE_LIVE_METRICS] rows=172 avg_sr=0.470930 avg_spl=0.295268 follower_error_count=6 levels=[object:n=31,sr=0.645161,spl=0.450270; room:n=47,sr=0.574468,spl=0.353573; region:n=59,sr=0.474576,spl=0.291309; instance:n=35,sr=0.171429,spl=0.086361] latest_scene=00802-wcojb4TFT35 latest_episode=14 latest_task=1 latest_level=room by_level={"instance": {"avg_spl": 0.08636121627358888, "avg_sr": 0.17142857142857143, "count": 35}, "object": {"avg_spl": 0.45026978080576074, "avg_sr": 0.6451612903225806, "count": 31}, "region": {"avg_spl": 0.29130871439693584, "avg_sr": 0.4745762711864407, "count": 59}, "room": {"avg_spl": 0.3535733477288754, "avg_sr": 0.574468085106383, "count": 47}}
Elapsed 9:20:09 

Begin to process [00802-wcojb4TFT35_sequence_14_2] type: [room], Question: [tv in the living room]

Elapsed 9:20:09 Current start position is [     2.1735     0.04492     -9.8343]
Elapsed 9:20:37 ===Episode_id 14 task_id 2 task_level=room===
SR: True, SPL: 0.8791529393657477, Object category: tv, goal type: sequence===

Elapsed 9:20:37 [baseline] task_level=room scene=00802-wcojb4TFT35 episode=14 task=2 sec=27.690
Elapsed 9:20:37 [BASELINE_LIVE_METRICS] rows=173 avg_sr=0.473988 avg_spl=0.298643 follower_error_count=6 levels=[object:n=31,sr=0.645161,spl=0.450270; room:n=48,sr=0.583333,spl=0.364523; region:n=59,sr=0.474576,spl=0.291309; instance:n=35,sr=0.171429,spl=0.086361] latest_scene=00802-wcojb4TFT35 latest_episode=14 latest_task=2 latest_level=room by_level={"instance": {"avg_spl": 0.08636121627358888, "avg_sr": 0.17142857142857143, "count": 35}, "object": {"avg_spl": 0.45026978080576074, "avg_sr": 0.6451612903225806, "count": 31}, "region": {"avg_spl": 0.29130871439693584, "avg_sr": 0.4745762711864407, "count": 59}, "room": {"avg_spl": 0.3645229225546436, "avg_sr": 0.5833333333333334, "count": 48}}
Elapsed 9:20:37 

Begin to process [00802-wcojb4TFT35_sequence_14_3] type: [room], Question: [table in the living room]

Elapsed 9:20:37 Current start position is [   -0.20751     0.04492     0.50541]
Elapsed 9:21:06 ===Episode_id 14 task_id 3 task_level=room===
SR: True, SPL: 0.06729853633016067, Object category: table, goal type: sequence===

Elapsed 9:21:06 [baseline] task_level=room scene=00802-wcojb4TFT35 episode=14 task=3 sec=29.109
Elapsed 9:21:06 [BASELINE_LIVE_METRICS] rows=174 avg_sr=0.477011 avg_spl=0.297314 follower_error_count=6 levels=[object:n=31,sr=0.645161,spl=0.450270; room:n=49,sr=0.591837,spl=0.358457; region:n=59,sr=0.474576,spl=0.291309; instance:n=35,sr=0.171429,spl=0.086361] latest_scene=00802-wcojb4TFT35 latest_episode=14 latest_task=3 latest_level=room by_level={"instance": {"avg_spl": 0.08636121627358888, "avg_sr": 0.17142857142857143, "count": 35}, "object": {"avg_spl": 0.45026978080576074, "avg_sr": 0.6451612903225806, "count": 31}, "region": {"avg_spl": 0.29130871439693584, "avg_sr": 0.4745762711864407, "count": 59}, "room": {"avg_spl": 0.35845711875414393, "avg_sr": 0.5918367346938775, "count": 49}}
Elapsed 9:21:06 

Begin to process [00802-wcojb4TFT35_sequence_14_4] type: [region], Question: [printer in the living room that has tan three-seater couch by window, fabric armchair with ottoman, tall brown bookshelf with board games, table with black printer, potted plant in corner, and TV mounted above fireplace]

Elapsed 9:21:06 Current start position is [     1.3636    0.014655     -4.8584]
Elapsed 9:21:38 ===Episode_id 14 task_id 4 task_level=region===
SR: False, SPL: 0.0, Object category: printer, goal type: sequence===

Elapsed 9:21:38 [baseline] task_level=region scene=00802-wcojb4TFT35 episode=14 task=4 sec=31.755
Elapsed 9:21:38 [BASELINE_LIVE_METRICS] rows=175 avg_sr=0.474286 avg_spl=0.295615 follower_error_count=6 levels=[object:n=31,sr=0.645161,spl=0.450270; room:n=49,sr=0.591837,spl=0.358457; region:n=60,sr=0.466667,spl=0.286454; instance:n=35,sr=0.171429,spl=0.086361] latest_scene=00802-wcojb4TFT35 latest_episode=14 latest_task=4 latest_level=region by_level={"instance": {"avg_spl": 0.08636121627358888, "avg_sr": 0.17142857142857143, "count": 35}, "object": {"avg_spl": 0.45026978080576074, "avg_sr": 0.6451612903225806, "count": 31}, "region": {"avg_spl": 0.28645356915698694, "avg_sr": 0.4666666666666667, "count": 60}, "room": {"avg_spl": 0.35845711875414393, "avg_sr": 0.5918367346938775, "count": 49}}
Elapsed 9:21:38 [Metrics] sequence count: 175, invalid_count: 0, follower_error_count: 6, avg_sr: 0.474286, avg_spl: 0.295615

=== Episode ===: 15it [3:14:31, 530.64s/it][AElapsed 9:21:47 

Begin to process [00802-wcojb4TFT35_sequence_15_0] type: [instance], Question: [brown wooden upright piano beneath cityscape prints in living room with black-and-beige leaf-patterned armchairs by window]

Elapsed 9:21:47 Current start position is [    0.62729      0.0447     -10.527]
Elapsed 9:25:21 ===Episode_id 15 task_id 0 task_level=instance===
SR: False, SPL: 0.0, Object category: piano, goal type: sequence===

Elapsed 9:25:21 [baseline] task_level=instance scene=00802-wcojb4TFT35 episode=15 task=0 sec=214.318
Elapsed 9:25:21 [BASELINE_LIVE_METRICS] rows=176 avg_sr=0.471591 avg_spl=0.293935 follower_error_count=6 levels=[object:n=31,sr=0.645161,spl=0.450270; room:n=49,sr=0.591837,spl=0.358457; region:n=60,sr=0.466667,spl=0.286454; instance:n=36,sr=0.166667,spl=0.083962] latest_scene=00802-wcojb4TFT35 latest_episode=15 latest_task=0 latest_level=instance by_level={"instance": {"avg_spl": 0.08396229359932253, "avg_sr": 0.16666666666666666, "count": 36}, "object": {"avg_spl": 0.45026978080576074, "avg_sr": 0.6451612903225806, "count": 31}, "region": {"avg_spl": 0.28645356915698694, "avg_sr": 0.4666666666666667, "count": 60}, "room": {"avg_spl": 0.35845711875414393, "avg_sr": 0.5918367346938775, "count": 49}}
Elapsed 9:25:21 

Begin to process [00802-wcojb4TFT35_sequence_15_1] type: [object], Question: [coffee machine]

Elapsed 9:25:21 Current start position is [    -2.5538   -0.003782     -9.4751]
Elapsed 9:25:55 ===Episode_id 15 task_id 1 task_level=object===
SR: True, SPL: 0.892895636103873, Object category: coffee machine, goal type: sequence===

Elapsed 9:25:55 [baseline] task_level=object scene=00802-wcojb4TFT35 episode=15 task=1 sec=34.133
Elapsed 9:25:55 [BASELINE_LIVE_METRICS] rows=177 avg_sr=0.474576 avg_spl=0.297319 follower_error_count=6 levels=[object:n=32,sr=0.656250,spl=0.464102; room:n=49,sr=0.591837,spl=0.358457; region:n=60,sr=0.466667,spl=0.286454; instance:n=36,sr=0.166667,spl=0.083962] latest_scene=00802-wcojb4TFT35 latest_episode=15 latest_task=1 latest_level=object by_level={"instance": {"avg_spl": 0.08396229359932253, "avg_sr": 0.16666666666666666, "count": 36}, "object": {"avg_spl": 0.46410183878382677, "avg_sr": 0.65625, "count": 32}, "region": {"avg_spl": 0.28645356915698694, "avg_sr": 0.4666666666666667, "count": 60}, "room": {"avg_spl": 0.35845711875414393, "avg_sr": 0.5918367346938775, "count": 49}}
Elapsed 9:25:55 

Begin to process [00802-wcojb4TFT35_sequence_15_2] type: [room], Question: [decorative plant in the living room]

Elapsed 9:25:55 Current start position is [     2.0689    0.044571      -9.101]
Elapsed 9:26:31 ===Episode_id 15 task_id 2 task_level=room===
SR: True, SPL: 0.8039897954045786, Object category: decorative plant, goal type: sequence===

Elapsed 9:26:31 [baseline] task_level=room scene=00802-wcojb4TFT35 episode=15 task=2 sec=35.774
Elapsed 9:26:31 [BASELINE_LIVE_METRICS] rows=178 avg_sr=0.477528 avg_spl=0.300166 follower_error_count=6 levels=[object:n=32,sr=0.656250,spl=0.464102; room:n=50,sr=0.600000,spl=0.367368; region:n=60,sr=0.466667,spl=0.286454; instance:n=36,sr=0.166667,spl=0.083962] latest_scene=00802-wcojb4TFT35 latest_episode=15 latest_task=2 latest_level=room by_level={"instance": {"avg_spl": 0.08396229359932253, "avg_sr": 0.16666666666666666, "count": 36}, "object": {"avg_spl": 0.46410183878382677, "avg_sr": 0.65625, "count": 32}, "region": {"avg_spl": 0.28645356915698694, "avg_sr": 0.4666666666666667, "count": 60}, "room": {"avg_spl": 0.3673677722871526, "avg_sr": 0.6, "count": 50}}
Elapsed 9:26:31 

Begin to process [00802-wcojb4TFT35_sequence_15_3] type: [room], Question: [tv in the living room]

Elapsed 9:26:31 Current start position is [    -3.1011    -0.00508     -5.5072]
Elapsed 9:27:08 ===Episode_id 15 task_id 3 task_level=room===
SR: True, SPL: 0.8668356117792421, Object category: tv, goal type: sequence===

Elapsed 9:27:08 [baseline] task_level=room scene=00802-wcojb4TFT35 episode=15 task=3 sec=36.668
Elapsed 9:27:08 [BASELINE_LIVE_METRICS] rows=179 avg_sr=0.480447 avg_spl=0.303332 follower_error_count=6 levels=[object:n=32,sr=0.656250,spl=0.464102; room:n=51,sr=0.607843,spl=0.377161; region:n=60,sr=0.466667,spl=0.286454; instance:n=36,sr=0.166667,spl=0.083962] latest_scene=00802-wcojb4TFT35 latest_episode=15 latest_task=3 latest_level=room by_level={"instance": {"avg_spl": 0.08396229359932253, "avg_sr": 0.16666666666666666, "count": 36}, "object": {"avg_spl": 0.46410183878382677, "avg_sr": 0.65625, "count": 32}, "region": {"avg_spl": 0.28645356915698694, "avg_sr": 0.4666666666666667, "count": 60}, "room": {"avg_spl": 0.3771612593360171, "avg_sr": 0.6078431372549019, "count": 51}}
Elapsed 9:27:08 

Begin to process [00802-wcojb4TFT35_sequence_15_4] type: [region], Question: [printer in the living room that has tan three-seater couch by window, fabric armchair with ottoman, tall brown bookshelf with board games, table with black printer, potted plant in corner, and TV mounted above fireplace]

Elapsed 9:27:08 Current start position is [   -0.21494     0.04492     0.50894]
Elapsed 9:27:44 ===Episode_id 15 task_id 4 task_level=region===
SR: False, SPL: 0.0, Object category: printer, goal type: sequence===

Elapsed 9:27:44 [baseline] task_level=region scene=00802-wcojb4TFT35 episode=15 task=4 sec=36.171
Elapsed 9:27:44 [BASELINE_LIVE_METRICS] rows=180 avg_sr=0.477778 avg_spl=0.301646 follower_error_count=6 levels=[object:n=32,sr=0.656250,spl=0.464102; room:n=51,sr=0.607843,spl=0.377161; region:n=61,sr=0.459016,spl=0.281758; instance:n=36,sr=0.166667,spl=0.083962] latest_scene=00802-wcojb4TFT35 latest_episode=15 latest_task=4 latest_level=region by_level={"instance": {"avg_spl": 0.08396229359932253, "avg_sr": 0.16666666666666666, "count": 36}, "object": {"avg_spl": 0.46410183878382677, "avg_sr": 0.65625, "count": 32}, "region": {"avg_spl": 0.2817576090068724, "avg_sr": 0.45901639344262296, "count": 61}, "room": {"avg_spl": 0.3771612593360171, "avg_sr": 0.6078431372549019, "count": 51}}
Elapsed 9:27:44 [Metrics] sequence count: 180, invalid_count: 0, follower_error_count: 6, avg_sr: 0.477778, avg_spl: 0.301646

=== Episode ===: 16it [3:20:38, 481.20s/it][AElapsed 9:27:54 

Begin to process [00802-wcojb4TFT35_sequence_16_0] type: [instance], Question: [left beige-and-black fabric armchair with leaf pattern in living room with wooden upright piano beneath cityscape prints]

Elapsed 9:27:54 Current start position is [     0.6602     0.04492     0.19554]
Elapsed 9:30:05 ===Episode_id 16 task_id 0 task_level=instance===
SR: False, SPL: 0.0, Object category: armchair, goal type: sequence===

Elapsed 9:30:05 [baseline] task_level=instance scene=00802-wcojb4TFT35 episode=16 task=0 sec=131.699
Elapsed 9:30:05 [BASELINE_LIVE_METRICS] rows=181 avg_sr=0.475138 avg_spl=0.299980 follower_error_count=6 levels=[object:n=32,sr=0.656250,spl=0.464102; room:n=51,sr=0.607843,spl=0.377161; region:n=61,sr=0.459016,spl=0.281758; instance:n=37,sr=0.162162,spl=0.081693] latest_scene=00802-wcojb4TFT35 latest_episode=16 latest_task=0 latest_level=instance by_level={"instance": {"avg_spl": 0.08169304242096245, "avg_sr": 0.16216216216216217, "count": 37}, "object": {"avg_spl": 0.46410183878382677, "avg_sr": 0.65625, "count": 32}, "region": {"avg_spl": 0.2817576090068724, "avg_sr": 0.45901639344262296, "count": 61}, "room": {"avg_spl": 0.3771612593360171, "avg_sr": 0.6078431372549019, "count": 51}}
Elapsed 9:30:05 

Begin to process [00802-wcojb4TFT35_sequence_16_1] type: [object], Question: [shelf]

Elapsed 9:30:05 Current start position is [   -0.88046     0.04492     -2.0226]
Elapsed 9:30:29 Goal is not navigable: 00802-wcojb4TFT35_sequence_16_1
Elapsed 9:30:29 ===Episode_id 16 task_id 1 task_level=object===
SR: 0, SPL: 0, Object category: shelf, goal type: sequence===

Elapsed 9:30:29 [baseline] task_level=object scene=00802-wcojb4TFT35 episode=16 task=1 sec=23.515
Elapsed 9:30:29 [BASELINE_LIVE_METRICS] rows=182 avg_sr=0.472527 avg_spl=0.298332 follower_error_count=6 levels=[object:n=33,sr=0.636364,spl=0.450038; room:n=51,sr=0.607843,spl=0.377161; region:n=61,sr=0.459016,spl=0.281758; instance:n=37,sr=0.162162,spl=0.081693] latest_scene=00802-wcojb4TFT35 latest_episode=16 latest_task=1 latest_level=object by_level={"instance": {"avg_spl": 0.08169304242096245, "avg_sr": 0.16216216216216217, "count": 37}, "object": {"avg_spl": 0.4500381466994684, "avg_sr": 0.6363636363636364, "count": 33}, "region": {"avg_spl": 0.2817576090068724, "avg_sr": 0.45901639344262296, "count": 61}, "room": {"avg_spl": 0.3771612593360171, "avg_sr": 0.6078431372549019, "count": 51}}
Elapsed 9:30:29 

Begin to process [00802-wcojb4TFT35_sequence_16_2] type: [object], Question: [bookshelf]

Elapsed 9:30:29 Current start position is [   -0.55514     0.04492     0.60767]
Elapsed 9:30:54 ===Episode_id 16 task_id 2 task_level=object===
SR: True, SPL: 0.8299495826501027, Object category: bookshelf, goal type: sequence===

Elapsed 9:30:54 [baseline] task_level=object scene=00802-wcojb4TFT35 episode=16 task=2 sec=25.601
Elapsed 9:30:54 [BASELINE_LIVE_METRICS] rows=183 avg_sr=0.475410 avg_spl=0.301237 follower_error_count=6 levels=[object:n=34,sr=0.647059,spl=0.461212; room:n=51,sr=0.607843,spl=0.377161; region:n=61,sr=0.459016,spl=0.281758; instance:n=37,sr=0.162162,spl=0.081693] latest_scene=00802-wcojb4TFT35 latest_episode=16 latest_task=2 latest_level=object by_level={"instance": {"avg_spl": 0.08169304242096245, "avg_sr": 0.16216216216216217, "count": 37}, "object": {"avg_spl": 0.46121201246272236, "avg_sr": 0.6470588235294118, "count": 34}, "region": {"avg_spl": 0.2817576090068724, "avg_sr": 0.45901639344262296, "count": 61}, "room": {"avg_spl": 0.3771612593360171, "avg_sr": 0.6078431372549019, "count": 51}}
Elapsed 9:30:54 

Begin to process [00802-wcojb4TFT35_sequence_16_3] type: [region], Question: [coffee machine in the kitchen that has white kitchen cabinets with stainless sink below window, microwave above stove and oven, built-in dishwasher, coffee machine in corner, and stainless steel refrigerator]

Elapsed 9:30:54 Current start position is [    -1.0239     0.04492     -3.7214]
Elapsed 9:33:34 ===Episode_id 16 task_id 3 task_level=region===
SR: False, SPL: 0.0, Object category: coffee machine, goal type: sequence===

Elapsed 9:33:34 [baseline] task_level=region scene=00802-wcojb4TFT35 episode=16 task=3 sec=159.544
Elapsed 9:33:34 [BASELINE_LIVE_METRICS] rows=184 avg_sr=0.472826 avg_spl=0.299599 follower_error_count=6 levels=[object:n=34,sr=0.647059,spl=0.461212; room:n=51,sr=0.607843,spl=0.377161; region:n=62,sr=0.451613,spl=0.277213; instance:n=37,sr=0.162162,spl=0.081693] latest_scene=00802-wcojb4TFT35 latest_episode=16 latest_task=3 latest_level=region by_level={"instance": {"avg_spl": 0.08169304242096245, "avg_sr": 0.16216216216216217, "count": 37}, "object": {"avg_spl": 0.46121201246272236, "avg_sr": 0.6470588235294118, "count": 34}, "region": {"avg_spl": 0.2772131314422454, "avg_sr": 0.45161290322580644, "count": 62}, "room": {"avg_spl": 0.3771612593360171, "avg_sr": 0.6078431372549019, "count": 51}}
Elapsed 9:33:34 

Begin to process [00802-wcojb4TFT35_sequence_16_4] type: [object], Question: [piano bench]

Elapsed 9:33:34 Current start position is [     0.6503    0.038913     -10.425]
Elapsed 9:34:14 ===Episode_id 16 task_id 4 task_level=object===
SR: False, SPL: 0.0, Object category: piano bench, goal type: sequence===

Elapsed 9:34:14 [baseline] task_level=object scene=00802-wcojb4TFT35 episode=16 task=4 sec=39.765
Elapsed 9:34:14 [BASELINE_LIVE_METRICS] rows=185 avg_sr=0.470270 avg_spl=0.297980 follower_error_count=6 levels=[object:n=35,sr=0.628571,spl=0.448035; room:n=51,sr=0.607843,spl=0.377161; region:n=62,sr=0.451613,spl=0.277213; instance:n=37,sr=0.162162,spl=0.081693] latest_scene=00802-wcojb4TFT35 latest_episode=16 latest_task=4 latest_level=object by_level={"instance": {"avg_spl": 0.08169304242096245, "avg_sr": 0.16216216216216217, "count": 37}, "object": {"avg_spl": 0.44803452639235886, "avg_sr": 0.6285714285714286, "count": 35}, "region": {"avg_spl": 0.2772131314422454, "avg_sr": 0.45161290322580644, "count": 62}, "room": {"avg_spl": 0.3771612593360171, "avg_sr": 0.6078431372549019, "count": 51}}
Elapsed 9:34:14 [Metrics] sequence count: 185, invalid_count: 0, follower_error_count: 6, avg_sr: 0.470270, avg_spl: 0.297980

=== Episode ===: 17it [3:27:07, 453.69s/it][AElapsed 9:34:22 

Begin to process [00802-wcojb4TFT35_sequence_17_0] type: [instance], Question: [black side table with lamp between black-and-beige leaf-patterned armchairs in living room with wooden piano beneath cityscape prints]

Elapsed 9:34:22 Current start position is [    0.42604     0.04492     0.46181]
Elapsed 9:36:52 ===Episode_id 17 task_id 0 task_level=instance===
SR: False, SPL: 0.0, Object category: table, goal type: sequence===

Elapsed 9:36:52 [baseline] task_level=instance scene=00802-wcojb4TFT35 episode=17 task=0 sec=150.134
Elapsed 9:36:52 [BASELINE_LIVE_METRICS] rows=186 avg_sr=0.467742 avg_spl=0.296378 follower_error_count=6 levels=[object:n=35,sr=0.628571,spl=0.448035; room:n=51,sr=0.607843,spl=0.377161; region:n=62,sr=0.451613,spl=0.277213; instance:n=38,sr=0.157895,spl=0.079543] latest_scene=00802-wcojb4TFT35 latest_episode=17 latest_task=0 latest_level=instance by_level={"instance": {"avg_spl": 0.07954322551514766, "avg_sr": 0.15789473684210525, "count": 38}, "object": {"avg_spl": 0.44803452639235886, "avg_sr": 0.6285714285714286, "count": 35}, "region": {"avg_spl": 0.2772131314422454, "avg_sr": 0.45161290322580644, "count": 62}, "room": {"avg_spl": 0.3771612593360171, "avg_sr": 0.6078431372549019, "count": 51}}
Elapsed 9:36:52 

Begin to process [00802-wcojb4TFT35_sequence_17_1] type: [object], Question: [cabinet]

Elapsed 9:36:52 Current start position is [    -1.1107     0.04492    -0.44704]
Elapsed 9:37:14 ===Episode_id 17 task_id 1 task_level=object===
SR: False, SPL: 0.0, Object category: cabinet, goal type: sequence===

Elapsed 9:37:14 [baseline] task_level=object scene=00802-wcojb4TFT35 episode=17 task=1 sec=21.216
Elapsed 9:37:14 [BASELINE_LIVE_METRICS] rows=187 avg_sr=0.465241 avg_spl=0.294793 follower_error_count=6 levels=[object:n=36,sr=0.611111,spl=0.435589; room:n=51,sr=0.607843,spl=0.377161; region:n=62,sr=0.451613,spl=0.277213; instance:n=38,sr=0.157895,spl=0.079543] latest_scene=00802-wcojb4TFT35 latest_episode=17 latest_task=1 latest_level=object by_level={"instance": {"avg_spl": 0.07954322551514766, "avg_sr": 0.15789473684210525, "count": 38}, "object": {"avg_spl": 0.43558912288146, "avg_sr": 0.6111111111111112, "count": 36}, "region": {"avg_spl": 0.2772131314422454, "avg_sr": 0.45161290322580644, "count": 62}, "room": {"avg_spl": 0.3771612593360171, "avg_sr": 0.6078431372549019, "count": 51}}
Elapsed 9:37:14 

Begin to process [00802-wcojb4TFT35_sequence_17_2] type: [region], Question: [decorative plant in the living room that has wooden upright piano below three framed cityscape prints, four-seasons tree prints above console cabinet, vase of bare branches in corner, and black-and-beige leaf-patterned armchairs by window]

Elapsed 9:37:14 Current start position is [    -1.9483     0.04492     -3.8423]
Elapsed 9:37:40 ===Episode_id 17 task_id 2 task_level=region===
SR: False, SPL: 0.0, Object category: decorative plant, goal type: sequence===

Elapsed 9:37:40 [baseline] task_level=region scene=00802-wcojb4TFT35 episode=17 task=2 sec=25.980
Elapsed 9:37:40 [BASELINE_LIVE_METRICS] rows=188 avg_sr=0.462766 avg_spl=0.293225 follower_error_count=6 levels=[object:n=36,sr=0.611111,spl=0.435589; room:n=51,sr=0.607843,spl=0.377161; region:n=63,sr=0.444444,spl=0.272813; instance:n=38,sr=0.157895,spl=0.079543] latest_scene=00802-wcojb4TFT35 latest_episode=17 latest_task=2 latest_level=region by_level={"instance": {"avg_spl": 0.07954322551514766, "avg_sr": 0.15789473684210525, "count": 38}, "object": {"avg_spl": 0.43558912288146, "avg_sr": 0.6111111111111112, "count": 36}, "region": {"avg_spl": 0.2728129230066542, "avg_sr": 0.4444444444444444, "count": 63}, "room": {"avg_spl": 0.3771612593360171, "avg_sr": 0.6078431372549019, "count": 51}}
Elapsed 9:37:40 

Begin to process [00802-wcojb4TFT35_sequence_17_3] type: [region], Question: [dishwasher in the kitchen that has white kitchen cabinets with stainless sink below window, microwave above stove and oven, built-in dishwasher, coffee machine in corner, and stainless steel refrigerator]

Elapsed 9:37:40 Current start position is [     1.5521     0.04492     0.66633]
Elapsed 9:40:28 ===Episode_id 17 task_id 3 task_level=region===
SR: False, SPL: 0.0, Object category: dishwasher, goal type: sequence===

Elapsed 9:40:28 [baseline] task_level=region scene=00802-wcojb4TFT35 episode=17 task=3 sec=168.277
Elapsed 9:40:28 [BASELINE_LIVE_METRICS] rows=189 avg_sr=0.460317 avg_spl=0.291673 follower_error_count=6 levels=[object:n=36,sr=0.611111,spl=0.435589; room:n=51,sr=0.607843,spl=0.377161; region:n=64,sr=0.437500,spl=0.268550; instance:n=38,sr=0.157895,spl=0.079543] latest_scene=00802-wcojb4TFT35 latest_episode=17 latest_task=3 latest_level=region by_level={"instance": {"avg_spl": 0.07954322551514766, "avg_sr": 0.15789473684210525, "count": 38}, "object": {"avg_spl": 0.43558912288146, "avg_sr": 0.6111111111111112, "count": 36}, "region": {"avg_spl": 0.26855022108467524, "avg_sr": 0.4375, "count": 64}, "room": {"avg_spl": 0.3771612593360171, "avg_sr": 0.6078431372549019, "count": 51}}
Elapsed 9:40:28 

Begin to process [00802-wcojb4TFT35_sequence_17_4] type: [room], Question: [piano in the living room]

Elapsed 9:40:28 Current start position is [     1.1397    0.032491     -9.6678]
Elapsed 9:41:01 ===Episode_id 17 task_id 4 task_level=room===
SR: False, SPL: 0.0, Object category: piano, goal type: sequence===

Elapsed 9:41:01 [baseline] task_level=room scene=00802-wcojb4TFT35 episode=17 task=4 sec=33.280
Elapsed 9:41:01 [BASELINE_LIVE_METRICS] rows=190 avg_sr=0.457895 avg_spl=0.290138 follower_error_count=6 levels=[object:n=36,sr=0.611111,spl=0.435589; room:n=52,sr=0.596154,spl=0.369908; region:n=64,sr=0.437500,spl=0.268550; instance:n=38,sr=0.157895,spl=0.079543] latest_scene=00802-wcojb4TFT35 latest_episode=17 latest_task=4 latest_level=room by_level={"instance": {"avg_spl": 0.07954322551514766, "avg_sr": 0.15789473684210525, "count": 38}, "object": {"avg_spl": 0.43558912288146, "avg_sr": 0.6111111111111112, "count": 36}, "region": {"avg_spl": 0.26855022108467524, "avg_sr": 0.4375, "count": 64}, "room": {"avg_spl": 0.36990815819493983, "avg_sr": 0.5961538461538461, "count": 52}}
Elapsed 9:41:01 [Metrics] sequence count: 190, invalid_count: 0, follower_error_count: 6, avg_sr: 0.457895, avg_spl: 0.290138

=== Episode ===: 18it [3:33:55, 439.80s/it][AElapsed 9:41:11 

Begin to process [00802-wcojb4TFT35_sequence_18_0] type: [instance], Question: [yellow banana under white cabinets in kitchen with stainless refrigerator and built-in dishwasher]

Elapsed 9:41:11 Current start position is [    0.78546     0.04492     0.23157]
Elapsed 9:45:08 ===Episode_id 18 task_id 0 task_level=instance===
SR: False, SPL: 0.0, Object category: fruit, goal type: sequence===

Elapsed 9:45:08 [baseline] task_level=instance scene=00802-wcojb4TFT35 episode=18 task=0 sec=237.436
Elapsed 9:45:08 [BASELINE_LIVE_METRICS] rows=191 avg_sr=0.455497 avg_spl=0.288619 follower_error_count=6 levels=[object:n=36,sr=0.611111,spl=0.435589; room:n=52,sr=0.596154,spl=0.369908; region:n=64,sr=0.437500,spl=0.268550; instance:n=39,sr=0.153846,spl=0.077504] latest_scene=00802-wcojb4TFT35 latest_episode=18 latest_task=0 latest_level=instance by_level={"instance": {"avg_spl": 0.07750365563014387, "avg_sr": 0.15384615384615385, "count": 39}, "object": {"avg_spl": 0.43558912288146, "avg_sr": 0.6111111111111112, "count": 36}, "region": {"avg_spl": 0.26855022108467524, "avg_sr": 0.4375, "count": 64}, "room": {"avg_spl": 0.36990815819493983, "avg_sr": 0.5961538461538461, "count": 52}}
Elapsed 9:45:08 

Begin to process [00802-wcojb4TFT35_sequence_18_1] type: [object], Question: [printer]

Elapsed 9:45:08 Current start position is [     1.2462     0.04492     -11.247]
Elapsed 9:45:43 ===Episode_id 18 task_id 1 task_level=object===
SR: True, SPL: 0.9291424879227781, Object category: printer, goal type: sequence===

Elapsed 9:45:43 [baseline] task_level=object scene=00802-wcojb4TFT35 episode=18 task=1 sec=35.238
Elapsed 9:45:43 [BASELINE_LIVE_METRICS] rows=192 avg_sr=0.458333 avg_spl=0.291955 follower_error_count=6 levels=[object:n=37,sr=0.621622,spl=0.448928; room:n=52,sr=0.596154,spl=0.369908; region:n=64,sr=0.437500,spl=0.268550; instance:n=39,sr=0.153846,spl=0.077504] latest_scene=00802-wcojb4TFT35 latest_episode=18 latest_task=1 latest_level=object by_level={"instance": {"avg_spl": 0.07750365563014387, "avg_sr": 0.15384615384615385, "count": 39}, "object": {"avg_spl": 0.44892840301771186, "avg_sr": 0.6216216216216216, "count": 37}, "region": {"avg_spl": 0.26855022108467524, "avg_sr": 0.4375, "count": 64}, "room": {"avg_spl": 0.36990815819493983, "avg_sr": 0.5961538461538461, "count": 52}}
Elapsed 9:45:43 

Begin to process [00802-wcojb4TFT35_sequence_18_2] type: [region], Question: [worktop in the kitchen that has white kitchen cabinets with stainless sink below window, microwave above stove and oven, built-in dishwasher, coffee machine in corner, and stainless steel refrigerator]

Elapsed 9:45:43 Current start position is [     1.9161     0.04492     -4.5774]
Elapsed 9:46:19 ===Episode_id 18 task_id 2 task_level=region===
SR: False, SPL: 0.0, Object category: worktop, goal type: sequence===

Elapsed 9:46:19 [baseline] task_level=region scene=00802-wcojb4TFT35 episode=18 task=2 sec=35.894
Elapsed 9:46:19 [BASELINE_LIVE_METRICS] rows=193 avg_sr=0.455959 avg_spl=0.290443 follower_error_count=6 levels=[object:n=37,sr=0.621622,spl=0.448928; room:n=52,sr=0.596154,spl=0.369908; region:n=65,sr=0.430769,spl=0.264419; instance:n=39,sr=0.153846,spl=0.077504] latest_scene=00802-wcojb4TFT35 latest_episode=18 latest_task=2 latest_level=region by_level={"instance": {"avg_spl": 0.07750365563014387, "avg_sr": 0.15384615384615385, "count": 39}, "object": {"avg_spl": 0.44892840301771186, "avg_sr": 0.6216216216216216, "count": 37}, "region": {"avg_spl": 0.2644186792218341, "avg_sr": 0.4307692307692308, "count": 65}, "room": {"avg_spl": 0.36990815819493983, "avg_sr": 0.5961538461538461, "count": 52}}
Elapsed 9:46:19 

Begin to process [00802-wcojb4TFT35_sequence_18_3] type: [room], Question: [art frame in the living room]

Elapsed 9:46:19 Current start position is [      1.106    0.028089     -9.5694]
Elapsed 9:47:04 ===Episode_id 18 task_id 3 task_level=room===
SR: False, SPL: 0.0, Object category: art frame, goal type: sequence===

Elapsed 9:47:04 [baseline] task_level=room scene=00802-wcojb4TFT35 episode=18 task=3 sec=44.497
Elapsed 9:47:04 [BASELINE_LIVE_METRICS] rows=194 avg_sr=0.453608 avg_spl=0.288946 follower_error_count=6 levels=[object:n=37,sr=0.621622,spl=0.448928; room:n=53,sr=0.584906,spl=0.362929; region:n=65,sr=0.430769,spl=0.264419; instance:n=39,sr=0.153846,spl=0.077504] latest_scene=00802-wcojb4TFT35 latest_episode=18 latest_task=3 latest_level=room by_level={"instance": {"avg_spl": 0.07750365563014387, "avg_sr": 0.15384615384615385, "count": 39}, "object": {"avg_spl": 0.44892840301771186, "avg_sr": 0.6216216216216216, "count": 37}, "region": {"avg_spl": 0.2644186792218341, "avg_sr": 0.4307692307692308, "count": 65}, "room": {"avg_spl": 0.36292875898371457, "avg_sr": 0.5849056603773585, "count": 53}}
Elapsed 9:47:04 

Begin to process [00802-wcojb4TFT35_sequence_18_4] type: [region], Question: [bath sink in the bathroom that has dark bath vanity with white vessel sink, black-framed mirror, gray hanging towel, toilet with tray against blue walls, floral framed wall art]

Elapsed 9:47:04 Current start position is [    -2.8123     0.04492     -11.755]
Elapsed 9:51:36 ===Episode_id 18 task_id 4 task_level=region===
SR: False, SPL: 0.0, Object category: bath sink, goal type: sequence===

Elapsed 9:51:36 [baseline] task_level=region scene=00802-wcojb4TFT35 episode=18 task=4 sec=271.933
Elapsed 9:51:36 [BASELINE_LIVE_METRICS] rows=195 avg_sr=0.451282 avg_spl=0.287464 follower_error_count=6 levels=[object:n=37,sr=0.621622,spl=0.448928; room:n=53,sr=0.584906,spl=0.362929; region:n=66,sr=0.424242,spl=0.260412; instance:n=39,sr=0.153846,spl=0.077504] latest_scene=00802-wcojb4TFT35 latest_episode=18 latest_task=4 latest_level=region by_level={"instance": {"avg_spl": 0.07750365563014387, "avg_sr": 0.15384615384615385, "count": 39}, "object": {"avg_spl": 0.44892840301771186, "avg_sr": 0.6216216216216216, "count": 37}, "region": {"avg_spl": 0.26041233559726085, "avg_sr": 0.42424242424242425, "count": 66}, "room": {"avg_spl": 0.36292875898371457, "avg_sr": 0.5849056603773585, "count": 53}}
Elapsed 9:51:36 [Metrics] sequence count: 195, invalid_count: 0, follower_error_count: 6, avg_sr: 0.451282, avg_spl: 0.287464

=== Episode ===: 19it [3:44:29, 498.28s/it][AElapsed 9:51:45 

Begin to process [00802-wcojb4TFT35_sequence_19_0] type: [instance], Question: [white kitchen counter with a bunch of bananas against tiled backsplash near microwave above stove and oven and stainless sink]

Elapsed 9:51:45 Current start position is [    -2.0145     0.04492     -3.4751]
Elapsed 9:54:39 ===Episode_id 19 task_id 0 task_level=instance===
SR: True, SPL: 0.8437080064813494, Object category: worktop, goal type: sequence===

Elapsed 9:54:39 [baseline] task_level=instance scene=00802-wcojb4TFT35 episode=19 task=0 sec=173.489
Elapsed 9:54:39 [BASELINE_LIVE_METRICS] rows=196 avg_sr=0.454082 avg_spl=0.290302 follower_error_count=6 levels=[object:n=37,sr=0.621622,spl=0.448928; room:n=53,sr=0.584906,spl=0.362929; region:n=66,sr=0.424242,spl=0.260412; instance:n=40,sr=0.175000,spl=0.096659] latest_scene=00802-wcojb4TFT35 latest_episode=19 latest_task=0 latest_level=instance by_level={"instance": {"avg_spl": 0.096658764401424, "avg_sr": 0.175, "count": 40}, "object": {"avg_spl": 0.44892840301771186, "avg_sr": 0.6216216216216216, "count": 37}, "region": {"avg_spl": 0.26041233559726085, "avg_sr": 0.42424242424242425, "count": 66}, "room": {"avg_spl": 0.36292875898371457, "avg_sr": 0.5849056603773585, "count": 53}}
Elapsed 9:54:39 

Begin to process [00802-wcojb4TFT35_sequence_19_1] type: [room], Question: [table in the living room]

Elapsed 9:54:39 Current start position is [     2.1666     0.04492     -10.642]
Elapsed 9:55:15 ===Episode_id 19 task_id 1 task_level=room===
SR: False, SPL: 0.0, Object category: table, goal type: sequence===

Elapsed 9:55:15 [baseline] task_level=room scene=00802-wcojb4TFT35 episode=19 task=1 sec=36.952
Elapsed 9:55:15 [BASELINE_LIVE_METRICS] rows=197 avg_sr=0.451777 avg_spl=0.288828 follower_error_count=6 levels=[object:n=37,sr=0.621622,spl=0.448928; room:n=54,sr=0.574074,spl=0.356208; region:n=66,sr=0.424242,spl=0.260412; instance:n=40,sr=0.175000,spl=0.096659] latest_scene=00802-wcojb4TFT35 latest_episode=19 latest_task=1 latest_level=room by_level={"instance": {"avg_spl": 0.096658764401424, "avg_sr": 0.175, "count": 40}, "object": {"avg_spl": 0.44892840301771186, "avg_sr": 0.6216216216216216, "count": 37}, "region": {"avg_spl": 0.26041233559726085, "avg_sr": 0.42424242424242425, "count": 66}, "room": {"avg_spl": 0.35620785603957167, "avg_sr": 0.5740740740740741, "count": 54}}
Elapsed 9:55:15 

Begin to process [00802-wcojb4TFT35_sequence_19_2] type: [region], Question: [coffee machine in the kitchen that has white kitchen cabinets with stainless sink below window, microwave above stove and oven, built-in dishwasher, coffee machine in corner, and stainless steel refrigerator]

Elapsed 9:55:15 Current start position is [    0.59709    -0.00508     -5.3409]
Elapsed 9:55:50 ===Episode_id 19 task_id 2 task_level=region===
SR: False, SPL: 0.0, Object category: coffee machine, goal type: sequence===

Elapsed 9:55:50 [baseline] task_level=region scene=00802-wcojb4TFT35 episode=19 task=2 sec=34.673
Elapsed 9:55:50 [BASELINE_LIVE_METRICS] rows=198 avg_sr=0.449495 avg_spl=0.287369 follower_error_count=6 levels=[object:n=37,sr=0.621622,spl=0.448928; room:n=54,sr=0.574074,spl=0.356208; region:n=67,sr=0.417910,spl=0.256526; instance:n=40,sr=0.175000,spl=0.096659] latest_scene=00802-wcojb4TFT35 latest_episode=19 latest_task=2 latest_level=region by_level={"instance": {"avg_spl": 0.096658764401424, "avg_sr": 0.175, "count": 40}, "object": {"avg_spl": 0.44892840301771186, "avg_sr": 0.6216216216216216, "count": 37}, "region": {"avg_spl": 0.2565255843196898, "avg_sr": 0.417910447761194, "count": 67}, "room": {"avg_spl": 0.35620785603957167, "avg_sr": 0.5740740740740741, "count": 54}}
Elapsed 9:55:50 

Begin to process [00802-wcojb4TFT35_sequence_19_3] type: [room], Question: [piano in the living room]

Elapsed 9:55:50 Current start position is [     1.1306    0.031314     -9.6416]
Elapsed 9:56:33 ===Episode_id 19 task_id 3 task_level=room===
SR: True, SPL: 0.7774874981261847, Object category: piano, goal type: sequence===

Elapsed 9:56:33 [baseline] task_level=room scene=00802-wcojb4TFT35 episode=19 task=3 sec=42.935
Elapsed 9:56:33 [BASELINE_LIVE_METRICS] rows=199 avg_sr=0.452261 avg_spl=0.289832 follower_error_count=6 levels=[object:n=37,sr=0.621622,spl=0.448928; room:n=55,sr=0.581818,spl=0.363867; region:n=67,sr=0.417910,spl=0.256526; instance:n=40,sr=0.175000,spl=0.096659] latest_scene=00802-wcojb4TFT35 latest_episode=19 latest_task=3 latest_level=room by_level={"instance": {"avg_spl": 0.096658764401424, "avg_sr": 0.175, "count": 40}, "object": {"avg_spl": 0.44892840301771186, "avg_sr": 0.6216216216216216, "count": 37}, "region": {"avg_spl": 0.2565255843196898, "avg_sr": 0.417910447761194, "count": 67}, "room": {"avg_spl": 0.36386748589569196, "avg_sr": 0.5818181818181818, "count": 55}}
Elapsed 9:56:33 

Begin to process [00802-wcojb4TFT35_sequence_19_4] type: [room], Question: [sink in the kitchen]

Elapsed 9:56:33 Current start position is [    -1.1166    -0.00508     -5.4222]
Elapsed 9:57:12 ===Episode_id 19 task_id 4 task_level=room===
SR: True, SPL: 0.7464885018920493, Object category: sink, goal type: sequence===

Elapsed 9:57:12 [baseline] task_level=room scene=00802-wcojb4TFT35 episode=19 task=4 sec=38.905
Elapsed 9:57:12 [BASELINE_LIVE_METRICS] rows=200 avg_sr=0.455000 avg_spl=0.292116 follower_error_count=6 levels=[object:n=37,sr=0.621622,spl=0.448928; room:n=56,sr=0.589286,spl=0.370700; region:n=67,sr=0.417910,spl=0.256526; instance:n=40,sr=0.175000,spl=0.096659] latest_scene=00802-wcojb4TFT35 latest_episode=19 latest_task=4 latest_level=room by_level={"instance": {"avg_spl": 0.096658764401424, "avg_sr": 0.175, "count": 40}, "object": {"avg_spl": 0.44892840301771186, "avg_sr": 0.6216216216216216, "count": 37}, "region": {"avg_spl": 0.2565255843196898, "avg_sr": 0.417910447761194, "count": 67}, "room": {"avg_spl": 0.370700004038484, "avg_sr": 0.5892857142857143, "count": 56}}
Elapsed 9:57:12 [Metrics] sequence count: 200, invalid_count: 0, follower_error_count: 6, avg_sr: 0.455000, avg_spl: 0.292116

=== Episode ===: 20it [3:50:06, 449.66s/it][A=== Episode ===: 20it [3:50:06, 690.31s/it]
Elapsed 9:57:12 [Metrics] sequence count: 200, invalid_count: 0, follower_error_count: 6, avg_sr: 0.455000, avg_spl: 0.292116
*** Scene ***:  29%|##8       | 2/7 [9:57:01<23:52:12, 17186.48s/it]Elapsed 9:57:12 




*************************** Processing 00803-k1cupFYWXJ6.json.gz, Total Episode 20 ***************************

=== Episode ===: 0it [00:00, ?it/s][AElapsed 9:57:22 

Begin to process [00803-k1cupFYWXJ6_sequence_0_0] type: [instance], Question: [teal carpet with white swirls covering floor]

Elapsed 9:57:22 Current start position is [     5.4972     -14.923     0.43487]
Elapsed 10:03:27 ===Episode_id 0 task_id 0 task_level=instance===
SR: True, SPL: 0.2242683254789152, Object category: carpet, goal type: sequence===

Elapsed 10:03:27 [baseline] task_level=instance scene=00803-k1cupFYWXJ6 episode=0 task=0 sec=364.852
Elapsed 10:03:27 [BASELINE_LIVE_METRICS] rows=201 avg_sr=0.457711 avg_spl=0.291778 follower_error_count=6 levels=[object:n=37,sr=0.621622,spl=0.448928; room:n=56,sr=0.589286,spl=0.370700; region:n=67,sr=0.417910,spl=0.256526; instance:n=41,sr=0.195122,spl=0.099771] latest_scene=00803-k1cupFYWXJ6 latest_episode=0 latest_task=0 latest_level=instance by_level={"instance": {"avg_spl": 0.0997711927203872, "avg_sr": 0.1951219512195122, "count": 41}, "object": {"avg_spl": 0.44892840301771186, "avg_sr": 0.6216216216216216, "count": 37}, "region": {"avg_spl": 0.2565255843196898, "avg_sr": 0.417910447761194, "count": 67}, "room": {"avg_spl": 0.370700004038484, "avg_sr": 0.5892857142857143, "count": 56}}
Elapsed 10:03:27 

Begin to process [00803-k1cupFYWXJ6_sequence_0_1] type: [region], Question: [picture in the hall that has purple patterned armchairs and ornate plant in sculpted pot beside carved arch and stairs]

Elapsed 10:03:27 Current start position is [     -2.773     -14.873     -7.3365]
Elapsed 10:03:44 ===Episode_id 0 task_id 1 task_level=region===
SR: False, SPL: 0.0, Object category: picture, goal type: sequence===

Elapsed 10:03:44 [baseline] task_level=region scene=00803-k1cupFYWXJ6 episode=0 task=1 sec=16.879
Elapsed 10:03:44 [BASELINE_LIVE_METRICS] rows=202 avg_sr=0.455446 avg_spl=0.290334 follower_error_count=6 levels=[object:n=37,sr=0.621622,spl=0.448928; room:n=56,sr=0.589286,spl=0.370700; region:n=68,sr=0.411765,spl=0.252753; instance:n=41,sr=0.195122,spl=0.099771] latest_scene=00803-k1cupFYWXJ6 latest_episode=0 latest_task=1 latest_level=region by_level={"instance": {"avg_spl": 0.0997711927203872, "avg_sr": 0.1951219512195122, "count": 41}, "object": {"avg_spl": 0.44892840301771186, "avg_sr": 0.6216216216216216, "count": 37}, "region": {"avg_spl": 0.25275314925616493, "avg_sr": 0.4117647058823529, "count": 68}, "room": {"avg_spl": 0.370700004038484, "avg_sr": 0.5892857142857143, "count": 56}}
Elapsed 10:03:44 

Begin to process [00803-k1cupFYWXJ6_sequence_0_2] type: [object], Question: [radiator]

Elapsed 10:03:44 Current start position is [    -1.4098     -14.923     -2.7123]
Elapsed 10:04:15 ===Episode_id 0 task_id 2 task_level=object===
SR: False, SPL: 0.0, Object category: radiator, goal type: sequence===

Elapsed 10:04:15 [baseline] task_level=object scene=00803-k1cupFYWXJ6 episode=0 task=2 sec=30.475
Elapsed 10:04:15 [BASELINE_LIVE_METRICS] rows=203 avg_sr=0.453202 avg_spl=0.288903 follower_error_count=6 levels=[object:n=38,sr=0.605263,spl=0.437114; room:n=56,sr=0.589286,spl=0.370700; region:n=68,sr=0.411765,spl=0.252753; instance:n=41,sr=0.195122,spl=0.099771] latest_scene=00803-k1cupFYWXJ6 latest_episode=0 latest_task=2 latest_level=object by_level={"instance": {"avg_spl": 0.0997711927203872, "avg_sr": 0.1951219512195122, "count": 41}, "object": {"avg_spl": 0.4371144976751405, "avg_sr": 0.6052631578947368, "count": 38}, "region": {"avg_spl": 0.25275314925616493, "avg_sr": 0.4117647058823529, "count": 68}, "room": {"avg_spl": 0.370700004038484, "avg_sr": 0.5892857142857143, "count": 56}}
Elapsed 10:04:15 

Begin to process [00803-k1cupFYWXJ6_sequence_0_3] type: [object], Question: [table]

Elapsed 10:04:15 Current start position is [    -2.6801     -14.917      2.2121]
Elapsed 10:04:41 ===Episode_id 0 task_id 3 task_level=object===
SR: True, SPL: 0.7906386338116318, Object category: table, goal type: sequence===

Elapsed 10:04:41 [baseline] task_level=object scene=00803-k1cupFYWXJ6 episode=0 task=3 sec=25.838
Elapsed 10:04:41 [BASELINE_LIVE_METRICS] rows=204 avg_sr=0.455882 avg_spl=0.291363 follower_error_count=6 levels=[object:n=39,sr=0.615385,spl=0.446179; room:n=56,sr=0.589286,spl=0.370700; region:n=68,sr=0.411765,spl=0.252753; instance:n=41,sr=0.195122,spl=0.099771] latest_scene=00803-k1cupFYWXJ6 latest_episode=0 latest_task=3 latest_level=object by_level={"instance": {"avg_spl": 0.0997711927203872, "avg_sr": 0.1951219512195122, "count": 41}, "object": {"avg_spl": 0.4461792191145377, "avg_sr": 0.6153846153846154, "count": 39}, "region": {"avg_spl": 0.25275314925616493, "avg_sr": 0.4117647058823529, "count": 68}, "room": {"avg_spl": 0.370700004038484, "avg_sr": 0.5892857142857143, "count": 56}}
Elapsed 10:04:41 

Begin to process [00803-k1cupFYWXJ6_sequence_0_4] type: [region], Question: [table in the hall that has purple patterned armchairs and ornate plant in sculpted pot beside carved arch and stairs]

Elapsed 10:04:41 Current start position is [     2.7415     -14.923     0.87287]
Elapsed 10:05:27 ===Episode_id 0 task_id 4 task_level=region===
SR: False, SPL: 0.0, Object category: table, goal type: sequence===

Elapsed 10:05:27 [baseline] task_level=region scene=00803-k1cupFYWXJ6 episode=0 task=4 sec=46.698
Elapsed 10:05:27 [BASELINE_LIVE_METRICS] rows=205 avg_sr=0.453659 avg_spl=0.289942 follower_error_count=6 levels=[object:n=39,sr=0.615385,spl=0.446179; room:n=56,sr=0.589286,spl=0.370700; region:n=69,sr=0.405797,spl=0.249090; instance:n=41,sr=0.195122,spl=0.099771] latest_scene=00803-k1cupFYWXJ6 latest_episode=0 latest_task=4 latest_level=region by_level={"instance": {"avg_spl": 0.0997711927203872, "avg_sr": 0.1951219512195122, "count": 41}, "object": {"avg_spl": 0.4461792191145377, "avg_sr": 0.6153846153846154, "count": 39}, "region": {"avg_spl": 0.24909006013651036, "avg_sr": 0.4057971014492754, "count": 69}, "room": {"avg_spl": 0.370700004038484, "avg_sr": 0.5892857142857143, "count": 56}}
Elapsed 10:05:27 [Metrics] sequence count: 205, invalid_count: 0, follower_error_count: 6, avg_sr: 0.453659, avg_spl: 0.289942

=== Episode ===: 1it [08:15, 495.14s/it][AElapsed 10:05:37 

Begin to process [00803-k1cupFYWXJ6_sequence_1_0] type: [instance], Question: [the right purple damask armchair against mirrored wall beside ornate plant in sculpted pot near carved arch and stairs]

Elapsed 10:05:37 Current start position is [     5.1139     -14.923     0.81751]
Elapsed 10:08:15 ===Episode_id 1 task_id 0 task_level=instance===
SR: False, SPL: 0.0, Object category: armchair, goal type: sequence===

Elapsed 10:08:15 [baseline] task_level=instance scene=00803-k1cupFYWXJ6 episode=1 task=0 sec=158.106
Elapsed 10:08:15 [BASELINE_LIVE_METRICS] rows=206 avg_sr=0.451456 avg_spl=0.288534 follower_error_count=6 levels=[object:n=39,sr=0.615385,spl=0.446179; room:n=56,sr=0.589286,spl=0.370700; region:n=69,sr=0.405797,spl=0.249090; instance:n=42,sr=0.190476,spl=0.097396] latest_scene=00803-k1cupFYWXJ6 latest_episode=1 latest_task=0 latest_level=instance by_level={"instance": {"avg_spl": 0.09739568813180656, "avg_sr": 0.19047619047619047, "count": 42}, "object": {"avg_spl": 0.4461792191145377, "avg_sr": 0.6153846153846154, "count": 39}, "region": {"avg_spl": 0.24909006013651036, "avg_sr": 0.4057971014492754, "count": 69}, "room": {"avg_spl": 0.370700004038484, "avg_sr": 0.5892857142857143, "count": 56}}
Elapsed 10:08:15 

Begin to process [00803-k1cupFYWXJ6_sequence_1_1] type: [region], Question: [decorative plant in the hall that has beige patterned armchairs and round wooden table below colorful patterned ceiling]

Elapsed 10:08:15 Current start position is [     2.6189     -14.923      2.0655]
Elapsed 10:09:18 ===Episode_id 1 task_id 1 task_level=region===
SR: False, SPL: 0.0, Object category: decorative plant, goal type: sequence===

Elapsed 10:09:18 [baseline] task_level=region scene=00803-k1cupFYWXJ6 episode=1 task=1 sec=63.681
Elapsed 10:09:18 [BASELINE_LIVE_METRICS] rows=207 avg_sr=0.449275 avg_spl=0.287140 follower_error_count=6 levels=[object:n=39,sr=0.615385,spl=0.446179; room:n=56,sr=0.589286,spl=0.370700; region:n=70,sr=0.400000,spl=0.245532; instance:n=42,sr=0.190476,spl=0.097396] latest_scene=00803-k1cupFYWXJ6 latest_episode=1 latest_task=1 latest_level=region by_level={"instance": {"avg_spl": 0.09739568813180656, "avg_sr": 0.19047619047619047, "count": 42}, "object": {"avg_spl": 0.4461792191145377, "avg_sr": 0.6153846153846154, "count": 39}, "region": {"avg_spl": 0.2455316307059888, "avg_sr": 0.4, "count": 70}, "room": {"avg_spl": 0.370700004038484, "avg_sr": 0.5892857142857143, "count": 56}}
Elapsed 10:09:18 

Begin to process [00803-k1cupFYWXJ6_sequence_1_2] type: [object], Question: [decorative plant]

Elapsed 10:09:18 Current start position is [    -1.7656     -14.923     -2.9358]
Elapsed 10:09:57 ===Episode_id 1 task_id 2 task_level=object===
SR: True, SPL: 1.0, Object category: decorative plant, goal type: sequence===

Elapsed 10:09:57 [baseline] task_level=object scene=00803-k1cupFYWXJ6 episode=1 task=2 sec=38.821
Elapsed 10:09:57 [BASELINE_LIVE_METRICS] rows=208 avg_sr=0.451923 avg_spl=0.290567 follower_error_count=6 levels=[object:n=40,sr=0.625000,spl=0.460025; room:n=56,sr=0.589286,spl=0.370700; region:n=70,sr=0.400000,spl=0.245532; instance:n=42,sr=0.190476,spl=0.097396] latest_scene=00803-k1cupFYWXJ6 latest_episode=1 latest_task=2 latest_level=object by_level={"instance": {"avg_spl": 0.09739568813180656, "avg_sr": 0.19047619047619047, "count": 42}, "object": {"avg_spl": 0.46002473863667426, "avg_sr": 0.625, "count": 40}, "region": {"avg_spl": 0.2455316307059888, "avg_sr": 0.4, "count": 70}, "room": {"avg_spl": 0.370700004038484, "avg_sr": 0.5892857142857143, "count": 56}}
Elapsed 10:09:57 

Begin to process [00803-k1cupFYWXJ6_sequence_1_3] type: [room], Question: [armchair in the hall]

Elapsed 10:09:57 Current start position is [    -1.7656     -14.923     -2.9358]
Elapsed 10:10:45 ===Episode_id 1 task_id 3 task_level=room===
SR: True, SPL: 0.007545772958089763, Object category: armchair, goal type: sequence===

Elapsed 10:10:45 [baseline] task_level=room scene=00803-k1cupFYWXJ6 episode=1 task=3 sec=47.775
Elapsed 10:10:45 [BASELINE_LIVE_METRICS] rows=209 avg_sr=0.454545 avg_spl=0.289213 follower_error_count=6 levels=[object:n=40,sr=0.625000,spl=0.460025; room:n=57,sr=0.596491,spl=0.364329; region:n=70,sr=0.400000,spl=0.245532; instance:n=42,sr=0.190476,spl=0.097396] latest_scene=00803-k1cupFYWXJ6 latest_episode=1 latest_task=3 latest_level=room by_level={"instance": {"avg_spl": 0.09739568813180656, "avg_sr": 0.19047619047619047, "count": 42}, "object": {"avg_spl": 0.46002473863667426, "avg_sr": 0.625, "count": 40}, "region": {"avg_spl": 0.2455316307059888, "avg_sr": 0.4, "count": 70}, "room": {"avg_spl": 0.36432887717742446, "avg_sr": 0.5964912280701754, "count": 57}}
Elapsed 10:10:45 

Begin to process [00803-k1cupFYWXJ6_sequence_1_4] type: [region], Question: [bin in the hall that has purple patterned armchairs and ornate plant in sculpted pot beside carved arch and stairs]

Elapsed 10:10:45 Current start position is [     2.7451     -14.923      2.1277]
Elapsed 10:13:25 ===Episode_id 1 task_id 4 task_level=region===
SR: False, SPL: 0.0, Object category: bin, goal type: sequence===

Elapsed 10:13:25 [baseline] task_level=region scene=00803-k1cupFYWXJ6 episode=1 task=4 sec=160.185
Elapsed 10:13:25 [BASELINE_LIVE_METRICS] rows=210 avg_sr=0.452381 avg_spl=0.287836 follower_error_count=6 levels=[object:n=40,sr=0.625000,spl=0.460025; room:n=57,sr=0.596491,spl=0.364329; region:n=71,sr=0.394366,spl=0.242073; instance:n=42,sr=0.190476,spl=0.097396] latest_scene=00803-k1cupFYWXJ6 latest_episode=1 latest_task=4 latest_level=region by_level={"instance": {"avg_spl": 0.09739568813180656, "avg_sr": 0.19047619047619047, "count": 42}, "object": {"avg_spl": 0.46002473863667426, "avg_sr": 0.625, "count": 40}, "region": {"avg_spl": 0.2420734387242143, "avg_sr": 0.39436619718309857, "count": 71}, "room": {"avg_spl": 0.36432887717742446, "avg_sr": 0.5964912280701754, "count": 57}}
Elapsed 10:13:25 [Metrics] sequence count: 210, invalid_count: 0, follower_error_count: 6, avg_sr: 0.452381, avg_spl: 0.287836

=== Episode ===: 2it [16:13, 485.04s/it][AElapsed 10:13:34 

Begin to process [00803-k1cupFYWXJ6_sequence_2_0] type: [instance], Question: [the left purple damask armchair against mirrored wall beside ornate plant in sculpted pot near carved arch and stairs]

Elapsed 10:13:34 Current start position is [     5.3151     -14.923     0.34909]
Elapsed 10:18:07 ===Episode_id 2 task_id 0 task_level=instance===
SR: True, SPL: 0.17863765260824502, Object category: armchair, goal type: sequence===

Elapsed 10:18:07 [baseline] task_level=instance scene=00803-k1cupFYWXJ6 episode=2 task=0 sec=272.525
Elapsed 10:18:07 [BASELINE_LIVE_METRICS] rows=211 avg_sr=0.454976 avg_spl=0.287319 follower_error_count=6 levels=[object:n=40,sr=0.625000,spl=0.460025; room:n=57,sr=0.596491,spl=0.364329; region:n=71,sr=0.394366,spl=0.242073; instance:n=43,sr=0.209302,spl=0.099285] latest_scene=00803-k1cupFYWXJ6 latest_episode=2 latest_task=0 latest_level=instance by_level={"instance": {"avg_spl": 0.09928503614288652, "avg_sr": 0.20930232558139536, "count": 43}, "object": {"avg_spl": 0.46002473863667426, "avg_sr": 0.625, "count": 40}, "region": {"avg_spl": 0.2420734387242143, "avg_sr": 0.39436619718309857, "count": 71}, "room": {"avg_spl": 0.36432887717742446, "avg_sr": 0.5964912280701754, "count": 57}}
Elapsed 10:18:07 

Begin to process [00803-k1cupFYWXJ6_sequence_2_1] type: [region], Question: [decorative plant in the hall that has beige patterned armchairs and round wooden table below colorful patterned ceiling]

Elapsed 10:18:07 Current start position is [    -1.4126     -14.923     -1.6889]
Elapsed 10:18:37 ===Episode_id 2 task_id 1 task_level=region===
SR: False, SPL: 0.0, Object category: decorative plant, goal type: sequence===

Elapsed 10:18:37 [baseline] task_level=region scene=00803-k1cupFYWXJ6 episode=2 task=1 sec=30.067
Elapsed 10:18:37 [BASELINE_LIVE_METRICS] rows=212 avg_sr=0.452830 avg_spl=0.285963 follower_error_count=6 levels=[object:n=40,sr=0.625000,spl=0.460025; room:n=57,sr=0.596491,spl=0.364329; region:n=72,sr=0.388889,spl=0.238711; instance:n=43,sr=0.209302,spl=0.099285] latest_scene=00803-k1cupFYWXJ6 latest_episode=2 latest_task=1 latest_level=region by_level={"instance": {"avg_spl": 0.09928503614288652, "avg_sr": 0.20930232558139536, "count": 43}, "object": {"avg_spl": 0.46002473863667426, "avg_sr": 0.625, "count": 40}, "region": {"avg_spl": 0.23871130763082243, "avg_sr": 0.3888888888888889, "count": 72}, "room": {"avg_spl": 0.36432887717742446, "avg_sr": 0.5964912280701754, "count": 57}}
Elapsed 10:18:37 

Begin to process [00803-k1cupFYWXJ6_sequence_2_2] type: [room], Question: [armchair in the hall]

Elapsed 10:18:37 Current start position is [    -1.9137     -14.923     -2.9908]
Elapsed 10:19:07 ===Episode_id 2 task_id 2 task_level=room===
SR: False, SPL: 0.0, Object category: armchair, goal type: sequence===

Elapsed 10:19:07 [baseline] task_level=room scene=00803-k1cupFYWXJ6 episode=2 task=2 sec=29.853
Elapsed 10:19:07 [BASELINE_LIVE_METRICS] rows=213 avg_sr=0.450704 avg_spl=0.284621 follower_error_count=6 levels=[object:n=40,sr=0.625000,spl=0.460025; room:n=58,sr=0.586207,spl=0.358047; region:n=72,sr=0.388889,spl=0.238711; instance:n=43,sr=0.209302,spl=0.099285] latest_scene=00803-k1cupFYWXJ6 latest_episode=2 latest_task=2 latest_level=room by_level={"instance": {"avg_spl": 0.09928503614288652, "avg_sr": 0.20930232558139536, "count": 43}, "object": {"avg_spl": 0.46002473863667426, "avg_sr": 0.625, "count": 40}, "region": {"avg_spl": 0.23871130763082243, "avg_sr": 0.3888888888888889, "count": 72}, "room": {"avg_spl": 0.35804734481229644, "avg_sr": 0.5862068965517241, "count": 58}}
Elapsed 10:19:07 

Begin to process [00803-k1cupFYWXJ6_sequence_2_3] type: [region], Question: [bust in the hall that has beige patterned armchairs and round wooden table below colorful patterned ceiling]

Elapsed 10:19:07 Current start position is [    -1.4846     -14.923     -1.6009]
Elapsed 10:19:29 ===Episode_id 2 task_id 3 task_level=region===
SR: False, SPL: 0.0, Object category: bust, goal type: sequence===

Elapsed 10:19:29 [baseline] task_level=region scene=00803-k1cupFYWXJ6 episode=2 task=3 sec=21.779
Elapsed 10:19:29 [BASELINE_LIVE_METRICS] rows=214 avg_sr=0.448598 avg_spl=0.283291 follower_error_count=6 levels=[object:n=40,sr=0.625000,spl=0.460025; room:n=58,sr=0.586207,spl=0.358047; region:n=73,sr=0.383562,spl=0.235441; instance:n=43,sr=0.209302,spl=0.099285] latest_scene=00803-k1cupFYWXJ6 latest_episode=2 latest_task=3 latest_level=region by_level={"instance": {"avg_spl": 0.09928503614288652, "avg_sr": 0.20930232558139536, "count": 43}, "object": {"avg_spl": 0.46002473863667426, "avg_sr": 0.625, "count": 40}, "region": {"avg_spl": 0.23544128971807143, "avg_sr": 0.3835616438356164, "count": 73}, "room": {"avg_spl": 0.35804734481229644, "avg_sr": 0.5862068965517241, "count": 58}}
Elapsed 10:19:29 

Begin to process [00803-k1cupFYWXJ6_sequence_2_4] type: [room], Question: [bin in the hall]

Elapsed 10:19:29 Current start position is [    -1.4769     -14.923      2.4628]
Elapsed 10:19:53 ===Episode_id 2 task_id 4 task_level=room===
SR: False, SPL: 0.0, Object category: bin, goal type: sequence===

Elapsed 10:19:53 [baseline] task_level=room scene=00803-k1cupFYWXJ6 episode=2 task=4 sec=23.954
Elapsed 10:19:53 [BASELINE_LIVE_METRICS] rows=215 avg_sr=0.446512 avg_spl=0.281973 follower_error_count=6 levels=[object:n=40,sr=0.625000,spl=0.460025; room:n=59,sr=0.576271,spl=0.351979; region:n=73,sr=0.383562,spl=0.235441; instance:n=43,sr=0.209302,spl=0.099285] latest_scene=00803-k1cupFYWXJ6 latest_episode=2 latest_task=4 latest_level=room by_level={"instance": {"avg_spl": 0.09928503614288652, "avg_sr": 0.20930232558139536, "count": 43}, "object": {"avg_spl": 0.46002473863667426, "avg_sr": 0.625, "count": 40}, "region": {"avg_spl": 0.23544128971807143, "avg_sr": 0.3835616438356164, "count": 73}, "room": {"avg_spl": 0.35197874574768123, "avg_sr": 0.576271186440678, "count": 59}}
Elapsed 10:19:53 [Metrics] sequence count: 215, invalid_count: 0, follower_error_count: 6, avg_sr: 0.446512, avg_spl: 0.281973

=== Episode ===: 3it [22:40, 440.43s/it][AElapsed 10:20:01 

Begin to process [00803-k1cupFYWXJ6_sequence_3_0] type: [instance], Question: [silver cylindrical bin below fire alarm in hall with purple patterned armchair and decorative plant beside carved arch above stairs]

Elapsed 10:20:01 Current start position is [     4.8151     -14.923    -0.07909]
Elapsed 10:24:13 ===Episode_id 3 task_id 0 task_level=instance===
SR: False, SPL: 0.0, Object category: bin, goal type: sequence===

Elapsed 10:24:13 [baseline] task_level=instance scene=00803-k1cupFYWXJ6 episode=3 task=0 sec=252.323
Elapsed 10:24:13 [BASELINE_LIVE_METRICS] rows=216 avg_sr=0.444444 avg_spl=0.280668 follower_error_count=6 levels=[object:n=40,sr=0.625000,spl=0.460025; room:n=59,sr=0.576271,spl=0.351979; region:n=73,sr=0.383562,spl=0.235441; instance:n=44,sr=0.204545,spl=0.097029] latest_scene=00803-k1cupFYWXJ6 latest_episode=3 latest_task=0 latest_level=instance by_level={"instance": {"avg_spl": 0.09702855804873001, "avg_sr": 0.20454545454545456, "count": 44}, "object": {"avg_spl": 0.46002473863667426, "avg_sr": 0.625, "count": 40}, "region": {"avg_spl": 0.23544128971807143, "avg_sr": 0.3835616438356164, "count": 73}, "room": {"avg_spl": 0.35197874574768123, "avg_sr": 0.576271186440678, "count": 59}}
Elapsed 10:24:13 

Begin to process [00803-k1cupFYWXJ6_sequence_3_1] type: [object], Question: [armchair]

Elapsed 10:24:13 Current start position is [     -3.165     -14.923     -10.843]
Elapsed 10:24:24 ===Episode_id 3 task_id 1 task_level=object===
SR: True, SPL: 1.0, Object category: armchair, goal type: sequence===

Elapsed 10:24:24 [baseline] task_level=object scene=00803-k1cupFYWXJ6 episode=3 task=1 sec=10.984
Elapsed 10:24:24 [BASELINE_LIVE_METRICS] rows=217 avg_sr=0.447005 avg_spl=0.283983 follower_error_count=6 levels=[object:n=41,sr=0.634146,spl=0.473195; room:n=59,sr=0.576271,spl=0.351979; region:n=73,sr=0.383562,spl=0.235441; instance:n=44,sr=0.204545,spl=0.097029] latest_scene=00803-k1cupFYWXJ6 latest_episode=3 latest_task=1 latest_level=object by_level={"instance": {"avg_spl": 0.09702855804873001, "avg_sr": 0.20454545454545456, "count": 44}, "object": {"avg_spl": 0.47319486696260904, "avg_sr": 0.6341463414634146, "count": 41}, "region": {"avg_spl": 0.23544128971807143, "avg_sr": 0.3835616438356164, "count": 73}, "room": {"avg_spl": 0.35197874574768123, "avg_sr": 0.576271186440678, "count": 59}}
Elapsed 10:24:24 

Begin to process [00803-k1cupFYWXJ6_sequence_3_2] type: [room], Question: [armchair in the hall]

Elapsed 10:24:24 Current start position is [     -3.165     -14.923     -10.843]
Elapsed 10:24:36 ===Episode_id 3 task_id 2 task_level=room===
SR: True, SPL: 0.014404794400040555, Object category: armchair, goal type: sequence===

Elapsed 10:24:36 [baseline] task_level=room scene=00803-k1cupFYWXJ6 episode=3 task=2 sec=12.290
Elapsed 10:24:36 [BASELINE_LIVE_METRICS] rows=218 avg_sr=0.449541 avg_spl=0.282746 follower_error_count=6 levels=[object:n=41,sr=0.634146,spl=0.473195; room:n=60,sr=0.583333,spl=0.346353; region:n=73,sr=0.383562,spl=0.235441; instance:n=44,sr=0.204545,spl=0.097029] latest_scene=00803-k1cupFYWXJ6 latest_episode=3 latest_task=2 latest_level=room by_level={"instance": {"avg_spl": 0.09702855804873001, "avg_sr": 0.20454545454545456, "count": 44}, "object": {"avg_spl": 0.47319486696260904, "avg_sr": 0.6341463414634146, "count": 41}, "region": {"avg_spl": 0.23544128971807143, "avg_sr": 0.3835616438356164, "count": 73}, "room": {"avg_spl": 0.3463525132252206, "avg_sr": 0.5833333333333334, "count": 60}}
Elapsed 10:24:36 

Begin to process [00803-k1cupFYWXJ6_sequence_3_3] type: [room], Question: [table in the hall]

Elapsed 10:24:36 Current start position is [     -1.483     -14.923      -2.712]
Elapsed 10:24:58 ===Episode_id 3 task_id 3 task_level=room===
SR: True, SPL: 0.022995450553181657, Object category: table, goal type: sequence===

Elapsed 10:24:58 [baseline] task_level=room scene=00803-k1cupFYWXJ6 episode=3 task=3 sec=21.183
Elapsed 10:24:58 [BASELINE_LIVE_METRICS] rows=219 avg_sr=0.452055 avg_spl=0.281560 follower_error_count=6 levels=[object:n=41,sr=0.634146,spl=0.473195; room:n=61,sr=0.590164,spl=0.341052; region:n=73,sr=0.383562,spl=0.235441; instance:n=44,sr=0.204545,spl=0.097029] latest_scene=00803-k1cupFYWXJ6 latest_episode=3 latest_task=3 latest_level=room by_level={"instance": {"avg_spl": 0.09702855804873001, "avg_sr": 0.20454545454545456, "count": 44}, "object": {"avg_spl": 0.47319486696260904, "avg_sr": 0.6341463414634146, "count": 41}, "region": {"avg_spl": 0.23544128971807143, "avg_sr": 0.3835616438356164, "count": 73}, "room": {"avg_spl": 0.34105157777158057, "avg_sr": 0.5901639344262295, "count": 61}}
Elapsed 10:24:58 

Begin to process [00803-k1cupFYWXJ6_sequence_3_4] type: [region], Question: [table in the hall that has purple patterned armchairs and ornate plant in sculpted pot beside carved arch and stairs]

Elapsed 10:24:58 Current start position is [     2.9528     -14.923    -0.73862]
Elapsed 10:25:28 ===Episode_id 3 task_id 4 task_level=region===
SR: False, SPL: 0.0, Object category: table, goal type: sequence===

Elapsed 10:25:28 [baseline] task_level=region scene=00803-k1cupFYWXJ6 episode=3 task=4 sec=30.141
Elapsed 10:25:28 [BASELINE_LIVE_METRICS] rows=220 avg_sr=0.450000 avg_spl=0.280280 follower_error_count=6 levels=[object:n=41,sr=0.634146,spl=0.473195; room:n=61,sr=0.590164,spl=0.341052; region:n=74,sr=0.378378,spl=0.232260; instance:n=44,sr=0.204545,spl=0.097029] latest_scene=00803-k1cupFYWXJ6 latest_episode=3 latest_task=4 latest_level=region by_level={"instance": {"avg_spl": 0.09702855804873001, "avg_sr": 0.20454545454545456, "count": 44}, "object": {"avg_spl": 0.47319486696260904, "avg_sr": 0.6341463414634146, "count": 41}, "region": {"avg_spl": 0.23225965066782725, "avg_sr": 0.3783783783783784, "count": 74}, "room": {"avg_spl": 0.34105157777158057, "avg_sr": 0.5901639344262295, "count": 61}}
Elapsed 10:25:28 [Metrics] sequence count: 220, invalid_count: 0, follower_error_count: 6, avg_sr: 0.450000, avg_spl: 0.280280

=== Episode ===: 4it [28:15, 398.90s/it][AElapsed 10:25:36 

Begin to process [00803-k1cupFYWXJ6_sequence_4_0] type: [instance], Question: [decorative plant in flowerpot on round wooden table in hall beside beige patterned armchairs under colorful patterned ceiling]

Elapsed 10:25:36 Current start position is [    -1.1337     -14.873     -7.1597]
Elapsed 10:29:12 ===Episode_id 4 task_id 0 task_level=instance===
SR: False, SPL: 0.0, Object category: decorative plant, goal type: sequence===

Elapsed 10:29:12 [baseline] task_level=instance scene=00803-k1cupFYWXJ6 episode=4 task=0 sec=216.052
Elapsed 10:29:12 [BASELINE_LIVE_METRICS] rows=221 avg_sr=0.447964 avg_spl=0.279012 follower_error_count=6 levels=[object:n=41,sr=0.634146,spl=0.473195; room:n=61,sr=0.590164,spl=0.341052; region:n=74,sr=0.378378,spl=0.232260; instance:n=45,sr=0.200000,spl=0.094872] latest_scene=00803-k1cupFYWXJ6 latest_episode=4 latest_task=0 latest_level=instance by_level={"instance": {"avg_spl": 0.09487236786986934, "avg_sr": 0.2, "count": 45}, "object": {"avg_spl": 0.47319486696260904, "avg_sr": 0.6341463414634146, "count": 41}, "region": {"avg_spl": 0.23225965066782725, "avg_sr": 0.3783783783783784, "count": 74}, "room": {"avg_spl": 0.34105157777158057, "avg_sr": 0.5901639344262295, "count": 61}}
Elapsed 10:29:12 

Begin to process [00803-k1cupFYWXJ6_sequence_4_1] type: [region], Question: [armchair in the hall that has purple patterned armchairs and ornate plant in sculpted pot beside carved arch and stairs]

Elapsed 10:29:12 Current start position is [    -4.2233     -14.923     -8.9254]
Elapsed 10:31:27 ===Episode_id 4 task_id 1 task_level=region===
SR: True, SPL: 0.15106660639316388, Object category: armchair, goal type: sequence===

Elapsed 10:31:27 [baseline] task_level=region scene=00803-k1cupFYWXJ6 episode=4 task=1 sec=134.081
Elapsed 10:31:27 [BASELINE_LIVE_METRICS] rows=222 avg_sr=0.450450 avg_spl=0.278435 follower_error_count=6 levels=[object:n=41,sr=0.634146,spl=0.473195; room:n=61,sr=0.590164,spl=0.341052; region:n=75,sr=0.386667,spl=0.231177; instance:n=45,sr=0.200000,spl=0.094872] latest_scene=00803-k1cupFYWXJ6 latest_episode=4 latest_task=1 latest_level=region by_level={"instance": {"avg_spl": 0.09487236786986934, "avg_sr": 0.2, "count": 45}, "object": {"avg_spl": 0.47319486696260904, "avg_sr": 0.6341463414634146, "count": 41}, "region": {"avg_spl": 0.23117707674416507, "avg_sr": 0.38666666666666666, "count": 75}, "room": {"avg_spl": 0.34105157777158057, "avg_sr": 0.5901639344262295, "count": 61}}
Elapsed 10:31:27 

Begin to process [00803-k1cupFYWXJ6_sequence_4_2] type: [region], Question: [radiator in the hall that has beige patterned armchairs and round wooden table below colorful patterned ceiling]

Elapsed 10:31:27 Current start position is [    -1.4004     -14.923     -2.6582]
Elapsed 10:31:55 ===Episode_id 4 task_id 2 task_level=region===
SR: False, SPL: 0.0, Object category: radiator, goal type: sequence===

Elapsed 10:31:55 [baseline] task_level=region scene=00803-k1cupFYWXJ6 episode=4 task=2 sec=28.546
Elapsed 10:31:55 [BASELINE_LIVE_METRICS] rows=223 avg_sr=0.448430 avg_spl=0.277187 follower_error_count=6 levels=[object:n=41,sr=0.634146,spl=0.473195; room:n=61,sr=0.590164,spl=0.341052; region:n=76,sr=0.381579,spl=0.228135; instance:n=45,sr=0.200000,spl=0.094872] latest_scene=00803-k1cupFYWXJ6 latest_episode=4 latest_task=2 latest_level=region by_level={"instance": {"avg_spl": 0.09487236786986934, "avg_sr": 0.2, "count": 45}, "object": {"avg_spl": 0.47319486696260904, "avg_sr": 0.6341463414634146, "count": 41}, "region": {"avg_spl": 0.2281352731027945, "avg_sr": 0.3815789473684211, "count": 76}, "room": {"avg_spl": 0.34105157777158057, "avg_sr": 0.5901639344262295, "count": 61}}
Elapsed 10:31:55 

Begin to process [00803-k1cupFYWXJ6_sequence_4_3] type: [region], Question: [table in the hall that has beige patterned armchairs and round wooden table below colorful patterned ceiling]

Elapsed 10:31:55 Current start position is [     5.6208     -14.923     0.11138]
Elapsed 10:32:25 ===Episode_id 4 task_id 3 task_level=region===
SR: True, SPL: 0.05022181761353147, Object category: table, goal type: sequence===

Elapsed 10:32:25 [baseline] task_level=region scene=00803-k1cupFYWXJ6 episode=4 task=3 sec=29.447
Elapsed 10:32:25 [BASELINE_LIVE_METRICS] rows=224 avg_sr=0.450893 avg_spl=0.276174 follower_error_count=6 levels=[object:n=41,sr=0.634146,spl=0.473195; room:n=61,sr=0.590164,spl=0.341052; region:n=77,sr=0.389610,spl=0.225825; instance:n=45,sr=0.200000,spl=0.094872] latest_scene=00803-k1cupFYWXJ6 latest_episode=4 latest_task=3 latest_level=region by_level={"instance": {"avg_spl": 0.09487236786986934, "avg_sr": 0.2, "count": 45}, "object": {"avg_spl": 0.47319486696260904, "avg_sr": 0.6341463414634146, "count": 41}, "region": {"avg_spl": 0.22582470874579108, "avg_sr": 0.38961038961038963, "count": 77}, "room": {"avg_spl": 0.34105157777158057, "avg_sr": 0.5901639344262295, "count": 61}}
Elapsed 10:32:25 

Begin to process [00803-k1cupFYWXJ6_sequence_4_4] type: [room], Question: [bust in the hall]

Elapsed 10:32:25 Current start position is [     2.8072     -14.923    -0.71371]
Elapsed 10:32:55 ===Episode_id 4 task_id 4 task_level=room===
SR: False, SPL: 0.0, Object category: bust, goal type: sequence===

Elapsed 10:32:55 [baseline] task_level=room scene=00803-k1cupFYWXJ6 episode=4 task=4 sec=30.906
Elapsed 10:32:55 [BASELINE_LIVE_METRICS] rows=225 avg_sr=0.448889 avg_spl=0.274946 follower_error_count=6 levels=[object:n=41,sr=0.634146,spl=0.473195; room:n=62,sr=0.580645,spl=0.335551; region:n=77,sr=0.389610,spl=0.225825; instance:n=45,sr=0.200000,spl=0.094872] latest_scene=00803-k1cupFYWXJ6 latest_episode=4 latest_task=4 latest_level=room by_level={"instance": {"avg_spl": 0.09487236786986934, "avg_sr": 0.2, "count": 45}, "object": {"avg_spl": 0.47319486696260904, "avg_sr": 0.6341463414634146, "count": 41}, "region": {"avg_spl": 0.22582470874579108, "avg_sr": 0.38961038961038963, "count": 77}, "room": {"avg_spl": 0.335550745872039, "avg_sr": 0.5806451612903226, "count": 62}}
Elapsed 10:32:56 [Metrics] sequence count: 225, invalid_count: 0, follower_error_count: 6, avg_sr: 0.448889, avg_spl: 0.274946

=== Episode ===: 5it [35:43, 416.50s/it][AElapsed 10:33:07 

Begin to process [00803-k1cupFYWXJ6_sequence_5_0] type: [instance], Question: [white square side table with black base between purple chairs under yellow-framed wall maps near exhibition table with ship model]

Elapsed 10:33:07 Current start position is [     3.9937      6.4774    -0.00427]
Elapsed 10:38:19 ===Episode_id 5 task_id 0 task_level=instance===
SR: False, SPL: 0.0, Object category: coffee table, goal type: sequence===

Elapsed 10:38:19 [baseline] task_level=instance scene=00803-k1cupFYWXJ6 episode=5 task=0 sec=311.992
Elapsed 10:38:19 [BASELINE_LIVE_METRICS] rows=226 avg_sr=0.446903 avg_spl=0.273730 follower_error_count=6 levels=[object:n=41,sr=0.634146,spl=0.473195; room:n=62,sr=0.580645,spl=0.335551; region:n=77,sr=0.389610,spl=0.225825; instance:n=46,sr=0.195652,spl=0.092810] latest_scene=00803-k1cupFYWXJ6 latest_episode=5 latest_task=0 latest_level=instance by_level={"instance": {"avg_spl": 0.09280992509008958, "avg_sr": 0.1956521739130435, "count": 46}, "object": {"avg_spl": 0.47319486696260904, "avg_sr": 0.6341463414634146, "count": 41}, "region": {"avg_spl": 0.22582470874579108, "avg_sr": 0.38961038961038963, "count": 77}, "room": {"avg_spl": 0.335550745872039, "avg_sr": 0.5806451612903226, "count": 62}}
Elapsed 10:38:19 

Begin to process [00803-k1cupFYWXJ6_sequence_5_1] type: [room], Question: [map in the hall]

Elapsed 10:38:19 Current start position is [     6.4173      6.4775      2.0217]
Elapsed 10:38:50 ===Episode_id 5 task_id 1 task_level=room===
SR: False, SPL: 0.0, Object category: map, goal type: sequence===

Elapsed 10:38:50 [baseline] task_level=room scene=00803-k1cupFYWXJ6 episode=5 task=1 sec=30.779
Elapsed 10:38:50 [BASELINE_LIVE_METRICS] rows=227 avg_sr=0.444934 avg_spl=0.272524 follower_error_count=6 levels=[object:n=41,sr=0.634146,spl=0.473195; room:n=63,sr=0.571429,spl=0.330225; region:n=77,sr=0.389610,spl=0.225825; instance:n=46,sr=0.195652,spl=0.092810] latest_scene=00803-k1cupFYWXJ6 latest_episode=5 latest_task=1 latest_level=room by_level={"instance": {"avg_spl": 0.09280992509008958, "avg_sr": 0.1956521739130435, "count": 46}, "object": {"avg_spl": 0.47319486696260904, "avg_sr": 0.6341463414634146, "count": 41}, "region": {"avg_spl": 0.22582470874579108, "avg_sr": 0.38961038961038963, "count": 77}, "room": {"avg_spl": 0.3302245435566098, "avg_sr": 0.5714285714285714, "count": 63}}
Elapsed 10:38:50 

Begin to process [00803-k1cupFYWXJ6_sequence_5_2] type: [object], Question: [exhibition picture]

Elapsed 10:38:50 Current start position is [     6.1373      6.5077      3.1711]
Elapsed 10:39:29 ===Episode_id 5 task_id 2 task_level=object===
SR: False, SPL: 0.0, Object category: exhibition picture, goal type: sequence===

Elapsed 10:39:29 [baseline] task_level=object scene=00803-k1cupFYWXJ6 episode=5 task=2 sec=39.256
Elapsed 10:39:29 [BASELINE_LIVE_METRICS] rows=228 avg_sr=0.442982 avg_spl=0.271328 follower_error_count=6 levels=[object:n=42,sr=0.619048,spl=0.461928; room:n=63,sr=0.571429,spl=0.330225; region:n=77,sr=0.389610,spl=0.225825; instance:n=46,sr=0.195652,spl=0.092810] latest_scene=00803-k1cupFYWXJ6 latest_episode=5 latest_task=2 latest_level=object by_level={"instance": {"avg_spl": 0.09280992509008958, "avg_sr": 0.1956521739130435, "count": 46}, "object": {"avg_spl": 0.4619283225111183, "avg_sr": 0.6190476190476191, "count": 42}, "region": {"avg_spl": 0.22582470874579108, "avg_sr": 0.38961038961038963, "count": 77}, "room": {"avg_spl": 0.3302245435566098, "avg_sr": 0.5714285714285714, "count": 63}}
Elapsed 10:39:29 

Begin to process [00803-k1cupFYWXJ6_sequence_5_3] type: [region], Question: [armchair in the hall that has purple armchairs beneath wall maps, exhibition table with ship model, white countertop coffee table, and sewing machine]

Elapsed 10:39:29 Current start position is [     5.0401      6.4775     -2.3594]
Elapsed 10:39:56 ===Episode_id 5 task_id 3 task_level=region===
SR: False, SPL: 0.0, Object category: armchair, goal type: sequence===

Elapsed 10:39:56 [baseline] task_level=region scene=00803-k1cupFYWXJ6 episode=5 task=3 sec=26.865
Elapsed 10:39:56 [BASELINE_LIVE_METRICS] rows=229 avg_sr=0.441048 avg_spl=0.270144 follower_error_count=6 levels=[object:n=42,sr=0.619048,spl=0.461928; room:n=63,sr=0.571429,spl=0.330225; region:n=78,sr=0.384615,spl=0.222930; instance:n=46,sr=0.195652,spl=0.092810] latest_scene=00803-k1cupFYWXJ6 latest_episode=5 latest_task=3 latest_level=region by_level={"instance": {"avg_spl": 0.09280992509008958, "avg_sr": 0.1956521739130435, "count": 46}, "object": {"avg_spl": 0.4619283225111183, "avg_sr": 0.6190476190476191, "count": 42}, "region": {"avg_spl": 0.2229295201721271, "avg_sr": 0.38461538461538464, "count": 78}, "room": {"avg_spl": 0.3302245435566098, "avg_sr": 0.5714285714285714, "count": 63}}
Elapsed 10:39:56 

Begin to process [00803-k1cupFYWXJ6_sequence_5_4] type: [room], Question: [exhibition table in the hall]

Elapsed 10:39:56 Current start position is [     1.2209      6.4775      0.1907]
Elapsed 10:40:25 ===Episode_id 5 task_id 4 task_level=room===
SR: False, SPL: 0.0, Object category: exhibition table, goal type: sequence===

Elapsed 10:40:25 [baseline] task_level=room scene=00803-k1cupFYWXJ6 episode=5 task=4 sec=28.754
Elapsed 10:40:25 [BASELINE_LIVE_METRICS] rows=230 avg_sr=0.439130 avg_spl=0.268969 follower_error_count=6 levels=[object:n=42,sr=0.619048,spl=0.461928; room:n=64,sr=0.562500,spl=0.325065; region:n=78,sr=0.384615,spl=0.222930; instance:n=46,sr=0.195652,spl=0.092810] latest_scene=00803-k1cupFYWXJ6 latest_episode=5 latest_task=4 latest_level=room by_level={"instance": {"avg_spl": 0.09280992509008958, "avg_sr": 0.1956521739130435, "count": 46}, "object": {"avg_spl": 0.4619283225111183, "avg_sr": 0.6190476190476191, "count": 42}, "region": {"avg_spl": 0.2229295201721271, "avg_sr": 0.38461538461538464, "count": 78}, "room": {"avg_spl": 0.32506478506353775, "avg_sr": 0.5625, "count": 64}}
Elapsed 10:40:25 [Metrics] sequence count: 230, invalid_count: 0, follower_error_count: 6, avg_sr: 0.439130, avg_spl: 0.268969

=== Episode ===: 6it [43:12, 427.59s/it][AElapsed 10:40:34 

Begin to process [00803-k1cupFYWXJ6_sequence_6_0] type: [instance], Question: [white exhibition table with ship model in hall with purple armchairs and wall maps]

Elapsed 10:40:34 Current start position is [     2.7337      6.4774    -0.83161]
Elapsed 10:45:56 ===Episode_id 6 task_id 0 task_level=instance===
SR: True, SPL: 0.3035788490002746, Object category: exhibition table, goal type: sequence===

Elapsed 10:45:56 [baseline] task_level=instance scene=00803-k1cupFYWXJ6 episode=6 task=0 sec=321.909
Elapsed 10:45:56 [BASELINE_LIVE_METRICS] rows=231 avg_sr=0.441558 avg_spl=0.269119 follower_error_count=6 levels=[object:n=42,sr=0.619048,spl=0.461928; room:n=64,sr=0.562500,spl=0.325065; region:n=78,sr=0.384615,spl=0.222930; instance:n=47,sr=0.212766,spl=0.097294] latest_scene=00803-k1cupFYWXJ6 latest_episode=6 latest_task=0 latest_level=instance by_level={"instance": {"avg_spl": 0.09729437027966797, "avg_sr": 0.2127659574468085, "count": 47}, "object": {"avg_spl": 0.4619283225111183, "avg_sr": 0.6190476190476191, "count": 42}, "region": {"avg_spl": 0.2229295201721271, "avg_sr": 0.38461538461538464, "count": 78}, "room": {"avg_spl": 0.32506478506353775, "avg_sr": 0.5625, "count": 64}}
Elapsed 10:45:56 

Begin to process [00803-k1cupFYWXJ6_sequence_6_1] type: [region], Question: [armchair in the hall that has purple armchairs beneath wall maps, exhibition table with ship model, white countertop coffee table, and sewing machine]

Elapsed 10:45:56 Current start position is [     6.1686      6.5165      3.1839]
Elapsed 10:46:32 ===Episode_id 6 task_id 1 task_level=region===
SR: True, SPL: 0.8345752165677515, Object category: armchair, goal type: sequence===

Elapsed 10:46:32 [baseline] task_level=region scene=00803-k1cupFYWXJ6 episode=6 task=1 sec=36.289
Elapsed 10:46:32 [BASELINE_LIVE_METRICS] rows=232 avg_sr=0.443966 avg_spl=0.271556 follower_error_count=6 levels=[object:n=42,sr=0.619048,spl=0.461928; room:n=64,sr=0.562500,spl=0.325065; region:n=79,sr=0.392405,spl=0.230672; instance:n=47,sr=0.212766,spl=0.097294] latest_scene=00803-k1cupFYWXJ6 latest_episode=6 latest_task=1 latest_level=region by_level={"instance": {"avg_spl": 0.09729437027966797, "avg_sr": 0.2127659574468085, "count": 47}, "object": {"avg_spl": 0.4619283225111183, "avg_sr": 0.6190476190476191, "count": 42}, "region": {"avg_spl": 0.2306718707594135, "avg_sr": 0.3924050632911392, "count": 79}, "room": {"avg_spl": 0.32506478506353775, "avg_sr": 0.5625, "count": 64}}
Elapsed 10:46:32 

Begin to process [00803-k1cupFYWXJ6_sequence_6_2] type: [object], Question: [ship model]

Elapsed 10:46:32 Current start position is [     6.5629      6.4775     -1.8723]
Elapsed 10:47:12 ===Episode_id 6 task_id 2 task_level=object===
SR: False, SPL: 0.0, Object category: ship model, goal type: sequence===

Elapsed 10:47:12 [baseline] task_level=object scene=00803-k1cupFYWXJ6 episode=6 task=2 sec=39.830
Elapsed 10:47:12 [BASELINE_LIVE_METRICS] rows=233 avg_sr=0.442060 avg_spl=0.270391 follower_error_count=6 levels=[object:n=43,sr=0.604651,spl=0.451186; room:n=64,sr=0.562500,spl=0.325065; region:n=79,sr=0.392405,spl=0.230672; instance:n=47,sr=0.212766,spl=0.097294] latest_scene=00803-k1cupFYWXJ6 latest_episode=6 latest_task=2 latest_level=object by_level={"instance": {"avg_spl": 0.09729437027966797, "avg_sr": 0.2127659574468085, "count": 47}, "object": {"avg_spl": 0.4511858033829528, "avg_sr": 0.6046511627906976, "count": 43}, "region": {"avg_spl": 0.2306718707594135, "avg_sr": 0.3924050632911392, "count": 79}, "room": {"avg_spl": 0.32506478506353775, "avg_sr": 0.5625, "count": 64}}
Elapsed 10:47:12 

Begin to process [00803-k1cupFYWXJ6_sequence_6_3] type: [object], Question: [map]

Elapsed 10:47:12 Current start position is [     4.8711      6.4775      1.2757]
Elapsed 10:47:58 ===Episode_id 6 task_id 3 task_level=object===
SR: False, SPL: 0.0, Object category: map, goal type: sequence===

Elapsed 10:47:58 [baseline] task_level=object scene=00803-k1cupFYWXJ6 episode=6 task=3 sec=45.749
Elapsed 10:47:58 [BASELINE_LIVE_METRICS] rows=234 avg_sr=0.440171 avg_spl=0.269235 follower_error_count=6 levels=[object:n=44,sr=0.590909,spl=0.440932; room:n=64,sr=0.562500,spl=0.325065; region:n=79,sr=0.392405,spl=0.230672; instance:n=47,sr=0.212766,spl=0.097294] latest_scene=00803-k1cupFYWXJ6 latest_episode=6 latest_task=3 latest_level=object by_level={"instance": {"avg_spl": 0.09729437027966797, "avg_sr": 0.2127659574468085, "count": 47}, "object": {"avg_spl": 0.4409315805787948, "avg_sr": 0.5909090909090909, "count": 44}, "region": {"avg_spl": 0.2306718707594135, "avg_sr": 0.3924050632911392, "count": 79}, "room": {"avg_spl": 0.32506478506353775, "avg_sr": 0.5625, "count": 64}}
Elapsed 10:47:58 

Begin to process [00803-k1cupFYWXJ6_sequence_6_4] type: [region], Question: [radiator in the hall that has purple armchairs beneath wall maps, exhibition table with ship model, white countertop coffee table, and sewing machine]

Elapsed 10:47:58 Current start position is [     6.1232      6.4775      3.0813]
Elapsed 10:48:32 ===Episode_id 6 task_id 4 task_level=region===
SR: True, SPL: 0.7416367809099614, Object category: radiator, goal type: sequence===

Elapsed 10:48:32 [baseline] task_level=region scene=00803-k1cupFYWXJ6 episode=6 task=4 sec=34.276
Elapsed 10:48:32 [BASELINE_LIVE_METRICS] rows=235 avg_sr=0.442553 avg_spl=0.271245 follower_error_count=6 levels=[object:n=44,sr=0.590909,spl=0.440932; room:n=64,sr=0.562500,spl=0.325065; region:n=80,sr=0.400000,spl=0.237059; instance:n=47,sr=0.212766,spl=0.097294] latest_scene=00803-k1cupFYWXJ6 latest_episode=6 latest_task=4 latest_level=region by_level={"instance": {"avg_spl": 0.09729437027966797, "avg_sr": 0.2127659574468085, "count": 47}, "object": {"avg_spl": 0.4409315805787948, "avg_sr": 0.5909090909090909, "count": 44}, "region": {"avg_spl": 0.23705893213629534, "avg_sr": 0.4, "count": 80}, "room": {"avg_spl": 0.32506478506353775, "avg_sr": 0.5625, "count": 64}}
Elapsed 10:48:32 [Metrics] sequence count: 235, invalid_count: 0, follower_error_count: 6, avg_sr: 0.442553, avg_spl: 0.271245

=== Episode ===: 7it [51:19, 447.15s/it][AElapsed 10:48:41 

Begin to process [00803-k1cupFYWXJ6_sequence_7_0] type: [instance], Question: [white square side table with black base under a white frameless map between purple armchairs in a hall with a ship model]

Elapsed 10:48:41 Current start position is [     4.7282      6.4774      1.5096]
Elapsed 10:52:38 ===Episode_id 7 task_id 0 task_level=instance===
SR: False, SPL: 0.0, Object category: table, goal type: sequence===

Elapsed 10:52:38 [baseline] task_level=instance scene=00803-k1cupFYWXJ6 episode=7 task=0 sec=237.248
Elapsed 10:52:38 [BASELINE_LIVE_METRICS] rows=236 avg_sr=0.440678 avg_spl=0.270096 follower_error_count=6 levels=[object:n=44,sr=0.590909,spl=0.440932; room:n=64,sr=0.562500,spl=0.325065; region:n=80,sr=0.400000,spl=0.237059; instance:n=48,sr=0.208333,spl=0.095267] latest_scene=00803-k1cupFYWXJ6 latest_episode=7 latest_task=0 latest_level=instance by_level={"instance": {"avg_spl": 0.09526740423217489, "avg_sr": 0.20833333333333334, "count": 48}, "object": {"avg_spl": 0.4409315805787948, "avg_sr": 0.5909090909090909, "count": 44}, "region": {"avg_spl": 0.23705893213629534, "avg_sr": 0.4, "count": 80}, "room": {"avg_spl": 0.32506478506353775, "avg_sr": 0.5625, "count": 64}}
Elapsed 10:52:38 

Begin to process [00803-k1cupFYWXJ6_sequence_7_1] type: [room], Question: [table in the hall]

Elapsed 10:52:38 Current start position is [     1.2176      6.4775     0.23262]
Elapsed 10:53:07 ===Episode_id 7 task_id 1 task_level=room===
SR: True, SPL: 0.03302215457712908, Object category: table, goal type: sequence===

Elapsed 10:53:07 [baseline] task_level=room scene=00803-k1cupFYWXJ6 episode=7 task=1 sec=29.374
Elapsed 10:53:07 [BASELINE_LIVE_METRICS] rows=237 avg_sr=0.443038 avg_spl=0.269096 follower_error_count=6 levels=[object:n=44,sr=0.590909,spl=0.440932; room:n=65,sr=0.569231,spl=0.320572; region:n=80,sr=0.400000,spl=0.237059; instance:n=48,sr=0.208333,spl=0.095267] latest_scene=00803-k1cupFYWXJ6 latest_episode=7 latest_task=1 latest_level=room by_level={"instance": {"avg_spl": 0.09526740423217489, "avg_sr": 0.20833333333333334, "count": 48}, "object": {"avg_spl": 0.4409315805787948, "avg_sr": 0.5909090909090909, "count": 44}, "region": {"avg_spl": 0.23705893213629534, "avg_sr": 0.4, "count": 80}, "room": {"avg_spl": 0.320571821517593, "avg_sr": 0.5692307692307692, "count": 65}}
Elapsed 10:53:07 

Begin to process [00803-k1cupFYWXJ6_sequence_7_2] type: [room], Question: [map in the hall]

Elapsed 10:53:07 Current start position is [     6.2956      6.4775       2.121]
Elapsed 10:53:41 ===Episode_id 7 task_id 2 task_level=room===
SR: False, SPL: 0.0, Object category: map, goal type: sequence===

Elapsed 10:53:41 [baseline] task_level=room scene=00803-k1cupFYWXJ6 episode=7 task=2 sec=34.109
Elapsed 10:53:41 [BASELINE_LIVE_METRICS] rows=238 avg_sr=0.441176 avg_spl=0.267965 follower_error_count=6 levels=[object:n=44,sr=0.590909,spl=0.440932; room:n=66,sr=0.560606,spl=0.315715; region:n=80,sr=0.400000,spl=0.237059; instance:n=48,sr=0.208333,spl=0.095267] latest_scene=00803-k1cupFYWXJ6 latest_episode=7 latest_task=2 latest_level=room by_level={"instance": {"avg_spl": 0.09526740423217489, "avg_sr": 0.20833333333333334, "count": 48}, "object": {"avg_spl": 0.4409315805787948, "avg_sr": 0.5909090909090909, "count": 44}, "region": {"avg_spl": 0.23705893213629534, "avg_sr": 0.4, "count": 80}, "room": {"avg_spl": 0.3157146727067204, "avg_sr": 0.5606060606060606, "count": 66}}
Elapsed 10:53:41 

Begin to process [00803-k1cupFYWXJ6_sequence_7_3] type: [room], Question: [radiator in the hall]

Elapsed 10:53:41 Current start position is [     5.6993      6.4775     0.28345]
Elapsed 10:54:02 ===Episode_id 7 task_id 3 task_level=room===
SR: True, SPL: 0.7799700892513522, Object category: radiator, goal type: sequence===

Elapsed 10:54:02 [baseline] task_level=room scene=00803-k1cupFYWXJ6 episode=7 task=3 sec=20.481
Elapsed 10:54:02 [BASELINE_LIVE_METRICS] rows=239 avg_sr=0.443515 avg_spl=0.270107 follower_error_count=6 levels=[object:n=44,sr=0.590909,spl=0.440932; room:n=67,sr=0.567164,spl=0.322644; region:n=80,sr=0.400000,spl=0.237059; instance:n=48,sr=0.208333,spl=0.095267] latest_scene=00803-k1cupFYWXJ6 latest_episode=7 latest_task=3 latest_level=room by_level={"instance": {"avg_spl": 0.09526740423217489, "avg_sr": 0.20833333333333334, "count": 48}, "object": {"avg_spl": 0.4409315805787948, "avg_sr": 0.5909090909090909, "count": 44}, "region": {"avg_spl": 0.23705893213629534, "avg_sr": 0.4, "count": 80}, "room": {"avg_spl": 0.32264385802828205, "avg_sr": 0.5671641791044776, "count": 67}}
Elapsed 10:54:02 

Begin to process [00803-k1cupFYWXJ6_sequence_7_4] type: [object], Question: [sewing machine]

Elapsed 10:54:02 Current start position is [     2.7413      6.5183      3.0568]
Elapsed 10:54:31 geodesic_distance: 5.26414680480957
Elapsed 10:54:31 [baseline][follow-error] scene=00803-k1cupFYWXJ6 episode_id=7 task_id=4 task_level=object final=True error=GreedyFollowerError path_found=True
Elapsed 10:54:31 ===Episode_id 7 task_id 4 task_level=object===
SR: 0, SPL: 0, Object category: sewing machine, goal type: sequence===

Elapsed 10:54:31 [baseline] task_level=object scene=00803-k1cupFYWXJ6 episode=7 task=4 sec=29.097
Elapsed 10:54:31 [BASELINE_LIVE_METRICS] rows=240 avg_sr=0.441667 avg_spl=0.268982 follower_error_count=7 levels=[object:n=45,sr=0.577778,spl=0.431133; room:n=67,sr=0.567164,spl=0.322644; region:n=80,sr=0.400000,spl=0.237059; instance:n=48,sr=0.208333,spl=0.095267] latest_scene=00803-k1cupFYWXJ6 latest_episode=7 latest_task=4 latest_level=object by_level={"instance": {"avg_spl": 0.09526740423217489, "avg_sr": 0.20833333333333334, "count": 48}, "object": {"avg_spl": 0.4311331010103771, "avg_sr": 0.5777777777777777, "count": 45}, "region": {"avg_spl": 0.23705893213629534, "avg_sr": 0.4, "count": 80}, "room": {"avg_spl": 0.32264385802828205, "avg_sr": 0.5671641791044776, "count": 67}}
Elapsed 10:54:31 [Metrics] sequence count: 240, invalid_count: 0, follower_error_count: 7, avg_sr: 0.441667, avg_spl: 0.268982

=== Episode ===: 8it [57:18, 419.07s/it][AElapsed 10:54:40 

Begin to process [00803-k1cupFYWXJ6_sequence_8_0] type: [instance], Question: [tall white cloth-draped table in a hall with purple armchairs, under wall maps and a ship model]

Elapsed 10:54:40 Current start position is [     5.1035      6.4774      -1.023]
Elapsed 10:58:47 ===Episode_id 8 task_id 0 task_level=instance===
SR: False, SPL: 0.0, Object category: table, goal type: sequence===

Elapsed 10:58:47 [baseline] task_level=instance scene=00803-k1cupFYWXJ6 episode=8 task=0 sec=247.116
Elapsed 10:58:47 [BASELINE_LIVE_METRICS] rows=241 avg_sr=0.439834 avg_spl=0.267866 follower_error_count=7 levels=[object:n=45,sr=0.577778,spl=0.431133; room:n=67,sr=0.567164,spl=0.322644; region:n=80,sr=0.400000,spl=0.237059; instance:n=49,sr=0.204082,spl=0.093323] latest_scene=00803-k1cupFYWXJ6 latest_episode=8 latest_task=0 latest_level=instance by_level={"instance": {"avg_spl": 0.09332317149274275, "avg_sr": 0.20408163265306123, "count": 49}, "object": {"avg_spl": 0.4311331010103771, "avg_sr": 0.5777777777777777, "count": 45}, "region": {"avg_spl": 0.23705893213629534, "avg_sr": 0.4, "count": 80}, "room": {"avg_spl": 0.32264385802828205, "avg_sr": 0.5671641791044776, "count": 67}}
Elapsed 10:58:47 

Begin to process [00803-k1cupFYWXJ6_sequence_8_1] type: [region], Question: [map in the hall that has purple armchairs beneath wall maps, exhibition table with ship model, white countertop coffee table, and sewing machine]

Elapsed 10:58:47 Current start position is [     7.5066      6.4775      1.6532]
Elapsed 10:59:08 ===Episode_id 8 task_id 1 task_level=region===
SR: False, SPL: 0.0, Object category: map, goal type: sequence===

Elapsed 10:59:08 [baseline] task_level=region scene=00803-k1cupFYWXJ6 episode=8 task=1 sec=21.099
Elapsed 10:59:08 [BASELINE_LIVE_METRICS] rows=242 avg_sr=0.438017 avg_spl=0.266759 follower_error_count=7 levels=[object:n=45,sr=0.577778,spl=0.431133; room:n=67,sr=0.567164,spl=0.322644; region:n=81,sr=0.395062,spl=0.234132; instance:n=49,sr=0.204082,spl=0.093323] latest_scene=00803-k1cupFYWXJ6 latest_episode=8 latest_task=1 latest_level=region by_level={"instance": {"avg_spl": 0.09332317149274275, "avg_sr": 0.20408163265306123, "count": 49}, "object": {"avg_spl": 0.4311331010103771, "avg_sr": 0.5777777777777777, "count": 45}, "region": {"avg_spl": 0.23413227865313122, "avg_sr": 0.3950617283950617, "count": 81}, "room": {"avg_spl": 0.32264385802828205, "avg_sr": 0.5671641791044776, "count": 67}}
Elapsed 10:59:08 

Begin to process [00803-k1cupFYWXJ6_sequence_8_2] type: [room], Question: [exhibition table in the hall]

Elapsed 10:59:08 Current start position is [     7.5066      6.4775      1.6532]
Elapsed 10:59:34 ===Episode_id 8 task_id 2 task_level=room===
SR: False, SPL: 0.0, Object category: exhibition table, goal type: sequence===

Elapsed 10:59:34 [baseline] task_level=room scene=00803-k1cupFYWXJ6 episode=8 task=2 sec=25.409
Elapsed 10:59:34 [BASELINE_LIVE_METRICS] rows=243 avg_sr=0.436214 avg_spl=0.265661 follower_error_count=7 levels=[object:n=45,sr=0.577778,spl=0.431133; room:n=68,sr=0.558824,spl=0.317899; region:n=81,sr=0.395062,spl=0.234132; instance:n=49,sr=0.204082,spl=0.093323] latest_scene=00803-k1cupFYWXJ6 latest_episode=8 latest_task=2 latest_level=room by_level={"instance": {"avg_spl": 0.09332317149274275, "avg_sr": 0.20408163265306123, "count": 49}, "object": {"avg_spl": 0.4311331010103771, "avg_sr": 0.5777777777777777, "count": 45}, "region": {"avg_spl": 0.23413227865313122, "avg_sr": 0.3950617283950617, "count": 81}, "room": {"avg_spl": 0.3178990954102191, "avg_sr": 0.5588235294117647, "count": 68}}
Elapsed 10:59:34 

Begin to process [00803-k1cupFYWXJ6_sequence_8_3] type: [object], Question: [exhibition picture]

Elapsed 10:59:34 Current start position is [     1.8566      6.4775      2.2781]
Elapsed 11:00:03 ===Episode_id 8 task_id 3 task_level=object===
SR: False, SPL: 0.0, Object category: exhibition picture, goal type: sequence===

Elapsed 11:00:03 [baseline] task_level=object scene=00803-k1cupFYWXJ6 episode=8 task=3 sec=29.074
Elapsed 11:00:03 [BASELINE_LIVE_METRICS] rows=244 avg_sr=0.434426 avg_spl=0.264572 follower_error_count=7 levels=[object:n=46,sr=0.565217,spl=0.421761; room:n=68,sr=0.558824,spl=0.317899; region:n=81,sr=0.395062,spl=0.234132; instance:n=49,sr=0.204082,spl=0.093323] latest_scene=00803-k1cupFYWXJ6 latest_episode=8 latest_task=3 latest_level=object by_level={"instance": {"avg_spl": 0.09332317149274275, "avg_sr": 0.20408163265306123, "count": 49}, "object": {"avg_spl": 0.4217606422927602, "avg_sr": 0.5652173913043478, "count": 46}, "region": {"avg_spl": 0.23413227865313122, "avg_sr": 0.3950617283950617, "count": 81}, "room": {"avg_spl": 0.3178990954102191, "avg_sr": 0.5588235294117647, "count": 68}}
Elapsed 11:00:03 

Begin to process [00803-k1cupFYWXJ6_sequence_8_4] type: [room], Question: [sewing machine in the hall]

Elapsed 11:00:03 Current start position is [     3.3155      6.4775     -2.5117]
Elapsed 11:00:29 ===Episode_id 8 task_id 4 task_level=room===
SR: True, SPL: 0.5168881297323493, Object category: sewing machine, goal type: sequence===

Elapsed 11:00:29 [baseline] task_level=room scene=00803-k1cupFYWXJ6 episode=8 task=4 sec=26.285
Elapsed 11:00:29 [BASELINE_LIVE_METRICS] rows=245 avg_sr=0.436735 avg_spl=0.265602 follower_error_count=7 levels=[object:n=46,sr=0.565217,spl=0.421761; room:n=69,sr=0.565217,spl=0.320783; region:n=81,sr=0.395062,spl=0.234132; instance:n=49,sr=0.204082,spl=0.093323] latest_scene=00803-k1cupFYWXJ6 latest_episode=8 latest_task=4 latest_level=room by_level={"instance": {"avg_spl": 0.09332317149274275, "avg_sr": 0.20408163265306123, "count": 49}, "object": {"avg_spl": 0.4217606422927602, "avg_sr": 0.5652173913043478, "count": 46}, "region": {"avg_spl": 0.23413227865313122, "avg_sr": 0.3950617283950617, "count": 81}, "room": {"avg_spl": 0.32078299445836594, "avg_sr": 0.5652173913043478, "count": 69}}
Elapsed 11:00:29 [Metrics] sequence count: 245, invalid_count: 0, follower_error_count: 7, avg_sr: 0.436735, avg_spl: 0.265602

=== Episode ===: 9it [1:03:17, 400.03s/it][AElapsed 11:00:40 

Begin to process [00803-k1cupFYWXJ6_sequence_9_0] type: [instance], Question: [silver cylindrical bin below fire alarm in hall with purple patterned armchair and decorative plant beside carved arch above stairs]

Elapsed 11:00:40 Current start position is [     4.8151     -14.923    -0.07909]
Elapsed 11:04:56 ===Episode_id 9 task_id 0 task_level=instance===
SR: False, SPL: 0.0, Object category: bin, goal type: sequence===

Elapsed 11:04:56 [baseline] task_level=instance scene=00803-k1cupFYWXJ6 episode=9 task=0 sec=256.186
Elapsed 11:04:56 [BASELINE_LIVE_METRICS] rows=246 avg_sr=0.434959 avg_spl=0.264523 follower_error_count=7 levels=[object:n=46,sr=0.565217,spl=0.421761; room:n=69,sr=0.565217,spl=0.320783; region:n=81,sr=0.395062,spl=0.234132; instance:n=50,sr=0.200000,spl=0.091457] latest_scene=00803-k1cupFYWXJ6 latest_episode=9 latest_task=0 latest_level=instance by_level={"instance": {"avg_spl": 0.0914567080628879, "avg_sr": 0.2, "count": 50}, "object": {"avg_spl": 0.4217606422927602, "avg_sr": 0.5652173913043478, "count": 46}, "region": {"avg_spl": 0.23413227865313122, "avg_sr": 0.3950617283950617, "count": 81}, "room": {"avg_spl": 0.32078299445836594, "avg_sr": 0.5652173913043478, "count": 69}}
Elapsed 11:04:56 

Begin to process [00803-k1cupFYWXJ6_sequence_9_1] type: [object], Question: [picture]

Elapsed 11:04:56 Current start position is [     -1.483     -14.923      -2.712]
Elapsed 11:05:26 ===Episode_id 9 task_id 1 task_level=object===
SR: True, SPL: 0.5198062474519016, Object category: picture, goal type: sequence===

Elapsed 11:05:26 [baseline] task_level=object scene=00803-k1cupFYWXJ6 episode=9 task=1 sec=30.344
Elapsed 11:05:26 [BASELINE_LIVE_METRICS] rows=247 avg_sr=0.437247 avg_spl=0.265556 follower_error_count=7 levels=[object:n=47,sr=0.574468,spl=0.423847; room:n=69,sr=0.565217,spl=0.320783; region:n=81,sr=0.395062,spl=0.234132; instance:n=50,sr=0.200000,spl=0.091457] latest_scene=00803-k1cupFYWXJ6 latest_episode=9 latest_task=1 latest_level=object by_level={"instance": {"avg_spl": 0.0914567080628879, "avg_sr": 0.2, "count": 50}, "object": {"avg_spl": 0.4238467189982739, "avg_sr": 0.574468085106383, "count": 47}, "region": {"avg_spl": 0.23413227865313122, "avg_sr": 0.3950617283950617, "count": 81}, "room": {"avg_spl": 0.32078299445836594, "avg_sr": 0.5652173913043478, "count": 69}}
Elapsed 11:05:26 

Begin to process [00803-k1cupFYWXJ6_sequence_9_2] type: [room], Question: [bust in the hall]

Elapsed 11:05:26 Current start position is [   0.034531     -14.923     -3.4594]
Elapsed 11:05:54 ===Episode_id 9 task_id 2 task_level=room===
SR: False, SPL: 0.0, Object category: bust, goal type: sequence===

Elapsed 11:05:54 [baseline] task_level=room scene=00803-k1cupFYWXJ6 episode=9 task=2 sec=27.560
Elapsed 11:05:54 [BASELINE_LIVE_METRICS] rows=248 avg_sr=0.435484 avg_spl=0.264485 follower_error_count=7 levels=[object:n=47,sr=0.574468,spl=0.423847; room:n=70,sr=0.557143,spl=0.316200; region:n=81,sr=0.395062,spl=0.234132; instance:n=50,sr=0.200000,spl=0.091457] latest_scene=00803-k1cupFYWXJ6 latest_episode=9 latest_task=2 latest_level=room by_level={"instance": {"avg_spl": 0.0914567080628879, "avg_sr": 0.2, "count": 50}, "object": {"avg_spl": 0.4238467189982739, "avg_sr": 0.574468085106383, "count": 47}, "region": {"avg_spl": 0.23413227865313122, "avg_sr": 0.3950617283950617, "count": 81}, "room": {"avg_spl": 0.31620038025181785, "avg_sr": 0.5571428571428572, "count": 70}}
Elapsed 11:05:54 

Begin to process [00803-k1cupFYWXJ6_sequence_9_3] type: [region], Question: [armchair in the hall that has purple patterned armchairs and ornate plant in sculpted pot beside carved arch and stairs]

Elapsed 11:05:54 Current start position is [    -3.1893     -14.877      -11.05]
Elapsed 11:06:08 ===Episode_id 9 task_id 3 task_level=region===
SR: True, SPL: 0.6643139719982061, Object category: armchair, goal type: sequence===

Elapsed 11:06:08 [baseline] task_level=region scene=00803-k1cupFYWXJ6 episode=9 task=3 sec=14.176
Elapsed 11:06:08 [BASELINE_LIVE_METRICS] rows=249 avg_sr=0.437751 avg_spl=0.266091 follower_error_count=7 levels=[object:n=47,sr=0.574468,spl=0.423847; room:n=70,sr=0.557143,spl=0.316200; region:n=82,sr=0.402439,spl=0.239378; instance:n=50,sr=0.200000,spl=0.091457] latest_scene=00803-k1cupFYWXJ6 latest_episode=9 latest_task=3 latest_level=region by_level={"instance": {"avg_spl": 0.0914567080628879, "avg_sr": 0.2, "count": 50}, "object": {"avg_spl": 0.4238467189982739, "avg_sr": 0.574468085106383, "count": 47}, "region": {"avg_spl": 0.23937839686465648, "avg_sr": 0.4024390243902439, "count": 82}, "room": {"avg_spl": 0.31620038025181785, "avg_sr": 0.5571428571428572, "count": 70}}
Elapsed 11:06:08 

Begin to process [00803-k1cupFYWXJ6_sequence_9_4] type: [instance], Question: [beige couch with red pillows]

Elapsed 11:06:08 Current start position is [    -1.4493     -14.923     -2.6764]
Elapsed 11:06:35 ===Episode_id 9 task_id 4 task_level=instance===
SR: False, SPL: 0.0, Object category: couch, goal type: sequence===

Elapsed 11:06:35 [baseline] task_level=instance scene=00803-k1cupFYWXJ6 episode=9 task=4 sec=27.236
Elapsed 11:06:35 [BASELINE_LIVE_METRICS] rows=250 avg_sr=0.436000 avg_spl=0.265027 follower_error_count=7 levels=[object:n=47,sr=0.574468,spl=0.423847; room:n=70,sr=0.557143,spl=0.316200; region:n=82,sr=0.402439,spl=0.239378; instance:n=51,sr=0.196078,spl=0.089663] latest_scene=00803-k1cupFYWXJ6 latest_episode=9 latest_task=4 latest_level=instance by_level={"instance": {"avg_spl": 0.08966343927734108, "avg_sr": 0.19607843137254902, "count": 51}, "object": {"avg_spl": 0.4238467189982739, "avg_sr": 0.574468085106383, "count": 47}, "region": {"avg_spl": 0.23937839686465648, "avg_sr": 0.4024390243902439, "count": 82}, "room": {"avg_spl": 0.31620038025181785, "avg_sr": 0.5571428571428572, "count": 70}}
Elapsed 11:06:35 [Metrics] sequence count: 250, invalid_count: 0, follower_error_count: 7, avg_sr: 0.436000, avg_spl: 0.265027

=== Episode ===: 10it [1:09:23, 389.58s/it][AElapsed 11:06:45 

Begin to process [00803-k1cupFYWXJ6_sequence_10_0] type: [instance], Question: [silver cylindrical bin below fire alarm in hall with purple patterned armchair and decorative plant beside carved arch above stairs]

Elapsed 11:06:45 Current start position is [     4.8151     -14.923    -0.07909]
Elapsed 11:12:02 ===Episode_id 10 task_id 0 task_level=instance===
SR: False, SPL: 0.0, Object category: bin, goal type: sequence===

Elapsed 11:12:02 [baseline] task_level=instance scene=00803-k1cupFYWXJ6 episode=10 task=0 sec=316.500
Elapsed 11:12:02 [BASELINE_LIVE_METRICS] rows=251 avg_sr=0.434263 avg_spl=0.263971 follower_error_count=7 levels=[object:n=47,sr=0.574468,spl=0.423847; room:n=70,sr=0.557143,spl=0.316200; region:n=82,sr=0.402439,spl=0.239378; instance:n=52,sr=0.192308,spl=0.087939] latest_scene=00803-k1cupFYWXJ6 latest_episode=10 latest_task=0 latest_level=instance by_level={"instance": {"avg_spl": 0.08793914236816144, "avg_sr": 0.19230769230769232, "count": 52}, "object": {"avg_spl": 0.4238467189982739, "avg_sr": 0.574468085106383, "count": 47}, "region": {"avg_spl": 0.23937839686465648, "avg_sr": 0.4024390243902439, "count": 82}, "room": {"avg_spl": 0.31620038025181785, "avg_sr": 0.5571428571428572, "count": 70}}
Elapsed 11:12:02 

Begin to process [00803-k1cupFYWXJ6_sequence_10_1] type: [object], Question: [picture]

Elapsed 11:12:02 Current start position is [     1.5857     -14.923      2.2172]
Elapsed 11:12:28 ===Episode_id 10 task_id 1 task_level=object===
SR: True, SPL: 0.6594175633310204, Object category: picture, goal type: sequence===

Elapsed 11:12:28 [baseline] task_level=object scene=00803-k1cupFYWXJ6 episode=10 task=1 sec=26.626
Elapsed 11:12:28 [BASELINE_LIVE_METRICS] rows=252 avg_sr=0.436508 avg_spl=0.265540 follower_error_count=7 levels=[object:n=48,sr=0.583333,spl=0.428754; room:n=70,sr=0.557143,spl=0.316200; region:n=82,sr=0.402439,spl=0.239378; instance:n=52,sr=0.192308,spl=0.087939] latest_scene=00803-k1cupFYWXJ6 latest_episode=10 latest_task=1 latest_level=object by_level={"instance": {"avg_spl": 0.08793914236816144, "avg_sr": 0.19230769230769232, "count": 52}, "object": {"avg_spl": 0.42875444492187276, "avg_sr": 0.5833333333333334, "count": 48}, "region": {"avg_spl": 0.23937839686465648, "avg_sr": 0.4024390243902439, "count": 82}, "room": {"avg_spl": 0.31620038025181785, "avg_sr": 0.5571428571428572, "count": 70}}
Elapsed 11:12:28 

Begin to process [00803-k1cupFYWXJ6_sequence_10_2] type: [room], Question: [bust in the hall]

Elapsed 11:12:28 Current start position is [   0.068612     -14.923     -3.6053]
Elapsed 11:13:00 ===Episode_id 10 task_id 2 task_level=room===
SR: False, SPL: 0.0, Object category: bust, goal type: sequence===

Elapsed 11:13:00 [baseline] task_level=room scene=00803-k1cupFYWXJ6 episode=10 task=2 sec=31.347
Elapsed 11:13:00 [BASELINE_LIVE_METRICS] rows=253 avg_sr=0.434783 avg_spl=0.264491 follower_error_count=7 levels=[object:n=48,sr=0.583333,spl=0.428754; room:n=71,sr=0.549296,spl=0.311747; region:n=82,sr=0.402439,spl=0.239378; instance:n=52,sr=0.192308,spl=0.087939] latest_scene=00803-k1cupFYWXJ6 latest_episode=10 latest_task=2 latest_level=room by_level={"instance": {"avg_spl": 0.08793914236816144, "avg_sr": 0.19230769230769232, "count": 52}, "object": {"avg_spl": 0.42875444492187276, "avg_sr": 0.5833333333333334, "count": 48}, "region": {"avg_spl": 0.23937839686465648, "avg_sr": 0.4024390243902439, "count": 82}, "room": {"avg_spl": 0.31174685376939787, "avg_sr": 0.5492957746478874, "count": 71}}
Elapsed 11:13:00 

Begin to process [00803-k1cupFYWXJ6_sequence_10_3] type: [region], Question: [armchair in the hall that has purple patterned armchairs and ornate plant in sculpted pot beside carved arch and stairs]

Elapsed 11:13:00 Current start position is [     1.5857     -14.923      2.2172]
Elapsed 11:13:25 ===Episode_id 10 task_id 3 task_level=region===
SR: True, SPL: 0.6568324391038037, Object category: armchair, goal type: sequence===

Elapsed 11:13:25 [baseline] task_level=region scene=00803-k1cupFYWXJ6 episode=10 task=3 sec=25.655
Elapsed 11:13:25 [BASELINE_LIVE_METRICS] rows=254 avg_sr=0.437008 avg_spl=0.266035 follower_error_count=7 levels=[object:n=48,sr=0.583333,spl=0.428754; room:n=71,sr=0.549296,spl=0.311747; region:n=83,sr=0.409639,spl=0.244408; instance:n=52,sr=0.192308,spl=0.087939] latest_scene=00803-k1cupFYWXJ6 latest_episode=10 latest_task=3 latest_level=region by_level={"instance": {"avg_spl": 0.08793914236816144, "avg_sr": 0.19230769230769232, "count": 52}, "object": {"avg_spl": 0.42875444492187276, "avg_sr": 0.5833333333333334, "count": 48}, "region": {"avg_spl": 0.24440796363862213, "avg_sr": 0.40963855421686746, "count": 83}, "room": {"avg_spl": 0.31174685376939787, "avg_sr": 0.5492957746478874, "count": 71}}
Elapsed 11:13:25 

Begin to process [00803-k1cupFYWXJ6_sequence_10_4] type: [instance], Question: [beige couch with red pillows]

Elapsed 11:13:25 Current start position is [    -1.4675     -14.923     -2.6468]
Elapsed 11:13:57 ===Episode_id 10 task_id 4 task_level=instance===
SR: False, SPL: 0.0, Object category: couch, goal type: sequence===

Elapsed 11:13:57 [baseline] task_level=instance scene=00803-k1cupFYWXJ6 episode=10 task=4 sec=31.718
Elapsed 11:13:57 [BASELINE_LIVE_METRICS] rows=255 avg_sr=0.435294 avg_spl=0.264992 follower_error_count=7 levels=[object:n=48,sr=0.583333,spl=0.428754; room:n=71,sr=0.549296,spl=0.311747; region:n=83,sr=0.409639,spl=0.244408; instance:n=53,sr=0.188679,spl=0.086280] latest_scene=00803-k1cupFYWXJ6 latest_episode=10 latest_task=4 latest_level=instance by_level={"instance": {"avg_spl": 0.08627991326687537, "avg_sr": 0.18867924528301888, "count": 53}, "object": {"avg_spl": 0.42875444492187276, "avg_sr": 0.5833333333333334, "count": 48}, "region": {"avg_spl": 0.24440796363862213, "avg_sr": 0.40963855421686746, "count": 83}, "room": {"avg_spl": 0.31174685376939787, "avg_sr": 0.5492957746478874, "count": 71}}
Elapsed 11:13:57 [Metrics] sequence count: 255, invalid_count: 0, follower_error_count: 7, avg_sr: 0.435294, avg_spl: 0.264992

=== Episode ===: 11it [1:16:45, 405.57s/it][AElapsed 11:14:07 

Begin to process [00803-k1cupFYWXJ6_sequence_11_0] type: [instance], Question: [silver cylindrical bin below fire alarm in hall with purple patterned armchair and decorative plant beside carved arch above stairs]

Elapsed 11:14:07 Current start position is [     4.8151     -14.923    -0.07909]
Elapsed 11:18:34 ===Episode_id 11 task_id 0 task_level=instance===
SR: False, SPL: 0.0, Object category: bin, goal type: sequence===

Elapsed 11:18:34 [baseline] task_level=instance scene=00803-k1cupFYWXJ6 episode=11 task=0 sec=267.558
Elapsed 11:18:34 [BASELINE_LIVE_METRICS] rows=256 avg_sr=0.433594 avg_spl=0.263957 follower_error_count=7 levels=[object:n=48,sr=0.583333,spl=0.428754; room:n=71,sr=0.549296,spl=0.311747; region:n=83,sr=0.409639,spl=0.244408; instance:n=54,sr=0.185185,spl=0.084682] latest_scene=00803-k1cupFYWXJ6 latest_episode=11 latest_task=0 latest_level=instance by_level={"instance": {"avg_spl": 0.08468213709526656, "avg_sr": 0.18518518518518517, "count": 54}, "object": {"avg_spl": 0.42875444492187276, "avg_sr": 0.5833333333333334, "count": 48}, "region": {"avg_spl": 0.24440796363862213, "avg_sr": 0.40963855421686746, "count": 83}, "room": {"avg_spl": 0.31174685376939787, "avg_sr": 0.5492957746478874, "count": 71}}
Elapsed 11:18:34 

Begin to process [00803-k1cupFYWXJ6_sequence_11_1] type: [object], Question: [bust]

Elapsed 11:18:34 Current start position is [    -1.5358     -14.923     -1.6554]
Elapsed 11:19:01 ===Episode_id 11 task_id 1 task_level=object===
SR: False, SPL: 0.0, Object category: bust, goal type: sequence===

Elapsed 11:19:01 [baseline] task_level=object scene=00803-k1cupFYWXJ6 episode=11 task=1 sec=26.816
Elapsed 11:19:01 [BASELINE_LIVE_METRICS] rows=257 avg_sr=0.431907 avg_spl=0.262930 follower_error_count=7 levels=[object:n=49,sr=0.571429,spl=0.420004; room:n=71,sr=0.549296,spl=0.311747; region:n=83,sr=0.409639,spl=0.244408; instance:n=54,sr=0.185185,spl=0.084682] latest_scene=00803-k1cupFYWXJ6 latest_episode=11 latest_task=1 latest_level=object by_level={"instance": {"avg_spl": 0.08468213709526656, "avg_sr": 0.18518518518518517, "count": 54}, "object": {"avg_spl": 0.4200043542091815, "avg_sr": 0.5714285714285714, "count": 49}, "region": {"avg_spl": 0.24440796363862213, "avg_sr": 0.40963855421686746, "count": 83}, "room": {"avg_spl": 0.31174685376939787, "avg_sr": 0.5492957746478874, "count": 71}}
Elapsed 11:19:01 

Begin to process [00803-k1cupFYWXJ6_sequence_11_2] type: [room], Question: [table in the hall]

Elapsed 11:19:01 Current start position is [    -1.8527     -14.923     -2.9841]
Elapsed 11:19:26 ===Episode_id 11 task_id 2 task_level=room===
SR: True, SPL: 0.011165700114012212, Object category: table, goal type: sequence===

Elapsed 11:19:26 [baseline] task_level=room scene=00803-k1cupFYWXJ6 episode=11 task=2 sec=24.832
Elapsed 11:19:26 [BASELINE_LIVE_METRICS] rows=258 avg_sr=0.434109 avg_spl=0.261954 follower_error_count=7 levels=[object:n=49,sr=0.571429,spl=0.420004; room:n=72,sr=0.555556,spl=0.307572; region:n=83,sr=0.409639,spl=0.244408; instance:n=54,sr=0.185185,spl=0.084682] latest_scene=00803-k1cupFYWXJ6 latest_episode=11 latest_task=2 latest_level=room by_level={"instance": {"avg_spl": 0.08468213709526656, "avg_sr": 0.18518518518518517, "count": 54}, "object": {"avg_spl": 0.4200043542091815, "avg_sr": 0.5714285714285714, "count": 49}, "region": {"avg_spl": 0.24440796363862213, "avg_sr": 0.40963855421686746, "count": 83}, "room": {"avg_spl": 0.3075721155241842, "avg_sr": 0.5555555555555556, "count": 72}}
Elapsed 11:19:26 

Begin to process [00803-k1cupFYWXJ6_sequence_11_3] type: [region], Question: [picture in the hall that has purple patterned armchairs and ornate plant in sculpted pot beside carved arch and stairs]

Elapsed 11:19:26 Current start position is [     3.8995     -14.923    -0.87955]
Elapsed 11:19:56 ===Episode_id 11 task_id 3 task_level=region===
SR: True, SPL: 0.6676577854298275, Object category: picture, goal type: sequence===

Elapsed 11:19:56 [baseline] task_level=region scene=00803-k1cupFYWXJ6 episode=11 task=3 sec=29.819
Elapsed 11:19:56 [BASELINE_LIVE_METRICS] rows=259 avg_sr=0.436293 avg_spl=0.263520 follower_error_count=7 levels=[object:n=49,sr=0.571429,spl=0.420004; room:n=72,sr=0.555556,spl=0.307572; region:n=84,sr=0.416667,spl=0.249447; instance:n=54,sr=0.185185,spl=0.084682] latest_scene=00803-k1cupFYWXJ6 latest_episode=11 latest_task=3 latest_level=region by_level={"instance": {"avg_spl": 0.08468213709526656, "avg_sr": 0.18518518518518517, "count": 54}, "object": {"avg_spl": 0.4200043542091815, "avg_sr": 0.5714285714285714, "count": 49}, "region": {"avg_spl": 0.24944665199327934, "avg_sr": 0.4166666666666667, "count": 84}, "room": {"avg_spl": 0.3075721155241842, "avg_sr": 0.5555555555555556, "count": 72}}
Elapsed 11:19:56 

Begin to process [00803-k1cupFYWXJ6_sequence_11_4] type: [instance], Question: [teal carpet with white swirls covering floor]

Elapsed 11:19:56 Current start position is [   0.023465     -14.923       -3.45]
Elapsed 11:20:23 ===Episode_id 11 task_id 4 task_level=instance===
SR: False, SPL: 0.0, Object category: carpet, goal type: sequence===

Elapsed 11:20:23 [baseline] task_level=instance scene=00803-k1cupFYWXJ6 episode=11 task=4 sec=27.048
Elapsed 11:20:23 [BASELINE_LIVE_METRICS] rows=260 avg_sr=0.434615 avg_spl=0.262507 follower_error_count=7 levels=[object:n=49,sr=0.571429,spl=0.420004; room:n=72,sr=0.555556,spl=0.307572; region:n=84,sr=0.416667,spl=0.249447; instance:n=55,sr=0.181818,spl=0.083142] latest_scene=00803-k1cupFYWXJ6 latest_episode=11 latest_task=4 latest_level=instance by_level={"instance": {"avg_spl": 0.08314246187535264, "avg_sr": 0.18181818181818182, "count": 55}, "object": {"avg_spl": 0.4200043542091815, "avg_sr": 0.5714285714285714, "count": 49}, "region": {"avg_spl": 0.24944665199327934, "avg_sr": 0.4166666666666667, "count": 84}, "room": {"avg_spl": 0.3075721155241842, "avg_sr": 0.5555555555555556, "count": 72}}
Elapsed 11:20:23 [Metrics] sequence count: 260, invalid_count: 0, follower_error_count: 7, avg_sr: 0.434615, avg_spl: 0.262507

=== Episode ===: 12it [1:23:10, 399.58s/it][AElapsed 11:20:32 

Begin to process [00803-k1cupFYWXJ6_sequence_12_0] type: [instance], Question: [round white-top side table with black base between a purple armchair and exhibition table with ship model]

Elapsed 11:20:32 Current start position is [     2.2721      6.4774      1.5886]
Elapsed 11:23:57 ===Episode_id 12 task_id 0 task_level=instance===
SR: False, SPL: 0.0, Object category: coffee table, goal type: sequence===

Elapsed 11:23:57 [baseline] task_level=instance scene=00803-k1cupFYWXJ6 episode=12 task=0 sec=205.431
Elapsed 11:23:57 [BASELINE_LIVE_METRICS] rows=261 avg_sr=0.432950 avg_spl=0.261501 follower_error_count=7 levels=[object:n=49,sr=0.571429,spl=0.420004; room:n=72,sr=0.555556,spl=0.307572; region:n=84,sr=0.416667,spl=0.249447; instance:n=56,sr=0.178571,spl=0.081658] latest_scene=00803-k1cupFYWXJ6 latest_episode=12 latest_task=0 latest_level=instance by_level={"instance": {"avg_spl": 0.0816577750561499, "avg_sr": 0.17857142857142858, "count": 56}, "object": {"avg_spl": 0.4200043542091815, "avg_sr": 0.5714285714285714, "count": 49}, "region": {"avg_spl": 0.24944665199327934, "avg_sr": 0.4166666666666667, "count": 84}, "room": {"avg_spl": 0.3075721155241842, "avg_sr": 0.5555555555555556, "count": 72}}
Elapsed 11:23:57 

Begin to process [00803-k1cupFYWXJ6_sequence_12_1] type: [object], Question: [exhibition picture]

Elapsed 11:23:57 Current start position is [      6.488      6.4775      1.9878]
Elapsed 11:24:34 ===Episode_id 12 task_id 1 task_level=object===
SR: False, SPL: 0.0, Object category: exhibition picture, goal type: sequence===

Elapsed 11:24:34 [baseline] task_level=object scene=00803-k1cupFYWXJ6 episode=12 task=1 sec=36.993
Elapsed 11:24:34 [BASELINE_LIVE_METRICS] rows=262 avg_sr=0.431298 avg_spl=0.260503 follower_error_count=7 levels=[object:n=50,sr=0.560000,spl=0.411604; room:n=72,sr=0.555556,spl=0.307572; region:n=84,sr=0.416667,spl=0.249447; instance:n=56,sr=0.178571,spl=0.081658] latest_scene=00803-k1cupFYWXJ6 latest_episode=12 latest_task=1 latest_level=object by_level={"instance": {"avg_spl": 0.0816577750561499, "avg_sr": 0.17857142857142858, "count": 56}, "object": {"avg_spl": 0.41160426712499787, "avg_sr": 0.56, "count": 50}, "region": {"avg_spl": 0.24944665199327934, "avg_sr": 0.4166666666666667, "count": 84}, "room": {"avg_spl": 0.3075721155241842, "avg_sr": 0.5555555555555556, "count": 72}}
Elapsed 11:24:34 

Begin to process [00803-k1cupFYWXJ6_sequence_12_2] type: [room], Question: [ship model in the hall]

Elapsed 11:24:34 Current start position is [     4.8424      6.4775     -2.3073]
Elapsed 11:24:58 ===Episode_id 12 task_id 2 task_level=room===
SR: False, SPL: 0.0, Object category: ship model, goal type: sequence===

Elapsed 11:24:58 [baseline] task_level=room scene=00803-k1cupFYWXJ6 episode=12 task=2 sec=23.152
Elapsed 11:24:58 [BASELINE_LIVE_METRICS] rows=263 avg_sr=0.429658 avg_spl=0.259512 follower_error_count=7 levels=[object:n=50,sr=0.560000,spl=0.411604; room:n=73,sr=0.547945,spl=0.303359; region:n=84,sr=0.416667,spl=0.249447; instance:n=56,sr=0.178571,spl=0.081658] latest_scene=00803-k1cupFYWXJ6 latest_episode=12 latest_task=2 latest_level=room by_level={"instance": {"avg_spl": 0.0816577750561499, "avg_sr": 0.17857142857142858, "count": 56}, "object": {"avg_spl": 0.41160426712499787, "avg_sr": 0.56, "count": 50}, "region": {"avg_spl": 0.24944665199327934, "avg_sr": 0.4166666666666667, "count": 84}, "room": {"avg_spl": 0.30335879887316797, "avg_sr": 0.547945205479452, "count": 73}}
Elapsed 11:24:58 

Begin to process [00803-k1cupFYWXJ6_sequence_12_3] type: [region], Question: [armchair in the hall that has purple armchairs beneath wall maps, exhibition table with ship model, white countertop coffee table, and sewing machine]

Elapsed 11:24:58 Current start position is [     4.0877      6.4775    0.033321]
Elapsed 11:25:36 ===Episode_id 12 task_id 3 task_level=region===
SR: True, SPL: 0.6999235380546343, Object category: armchair, goal type: sequence===

Elapsed 11:25:36 [baseline] task_level=region scene=00803-k1cupFYWXJ6 episode=12 task=3 sec=37.970
Elapsed 11:25:36 [BASELINE_LIVE_METRICS] rows=264 avg_sr=0.431818 avg_spl=0.261181 follower_error_count=7 levels=[object:n=50,sr=0.560000,spl=0.411604; room:n=73,sr=0.547945,spl=0.303359; region:n=85,sr=0.423529,spl=0.254746; instance:n=56,sr=0.178571,spl=0.081658] latest_scene=00803-k1cupFYWXJ6 latest_episode=12 latest_task=3 latest_level=region by_level={"instance": {"avg_spl": 0.0816577750561499, "avg_sr": 0.17857142857142858, "count": 56}, "object": {"avg_spl": 0.41160426712499787, "avg_sr": 0.56, "count": 50}, "region": {"avg_spl": 0.2547463800645894, "avg_sr": 0.4235294117647059, "count": 85}, "room": {"avg_spl": 0.30335879887316797, "avg_sr": 0.547945205479452, "count": 73}}
Elapsed 11:25:36 

Begin to process [00803-k1cupFYWXJ6_sequence_12_4] type: [instance], Question: [white exhibition table with ship model in hall with purple armchairs and wall maps]

Elapsed 11:25:36 Current start position is [     6.6068      6.4775     -1.9928]
Elapsed 11:26:04 ===Episode_id 12 task_id 4 task_level=instance===
SR: False, SPL: 0.0, Object category: exhibition table, goal type: sequence===

Elapsed 11:26:04 [baseline] task_level=instance scene=00803-k1cupFYWXJ6 episode=12 task=4 sec=28.845
Elapsed 11:26:04 [BASELINE_LIVE_METRICS] rows=265 avg_sr=0.430189 avg_spl=0.260195 follower_error_count=7 levels=[object:n=50,sr=0.560000,spl=0.411604; room:n=73,sr=0.547945,spl=0.303359; region:n=85,sr=0.423529,spl=0.254746; instance:n=57,sr=0.175439,spl=0.080225] latest_scene=00803-k1cupFYWXJ6 latest_episode=12 latest_task=4 latest_level=instance by_level={"instance": {"avg_spl": 0.08022518251130517, "avg_sr": 0.17543859649122806, "count": 57}, "object": {"avg_spl": 0.41160426712499787, "avg_sr": 0.56, "count": 50}, "region": {"avg_spl": 0.2547463800645894, "avg_sr": 0.4235294117647059, "count": 85}, "room": {"avg_spl": 0.30335879887316797, "avg_sr": 0.547945205479452, "count": 73}}
Elapsed 11:26:04 [Metrics] sequence count: 265, invalid_count: 0, follower_error_count: 7, avg_sr: 0.430189, avg_spl: 0.260195

=== Episode ===: 13it [1:28:52, 381.97s/it][AElapsed 11:26:14 

Begin to process [00803-k1cupFYWXJ6_sequence_13_0] type: [instance], Question: [gray stone pedestal table with potted plant between purple patterned armchairs in hall with carved arch]

Elapsed 11:26:14 Current start position is [     5.3248     -14.923     0.37318]
Elapsed 11:28:49 ===Episode_id 13 task_id 0 task_level=instance===
SR: False, SPL: 0.0, Object category: table, goal type: sequence===

Elapsed 11:28:49 [baseline] task_level=instance scene=00803-k1cupFYWXJ6 episode=13 task=0 sec=155.344
Elapsed 11:28:49 [BASELINE_LIVE_METRICS] rows=266 avg_sr=0.428571 avg_spl=0.259217 follower_error_count=7 levels=[object:n=50,sr=0.560000,spl=0.411604; room:n=73,sr=0.547945,spl=0.303359; region:n=85,sr=0.423529,spl=0.254746; instance:n=58,sr=0.172414,spl=0.078842] latest_scene=00803-k1cupFYWXJ6 latest_episode=13 latest_task=0 latest_level=instance by_level={"instance": {"avg_spl": 0.07884198970938612, "avg_sr": 0.1724137931034483, "count": 58}, "object": {"avg_spl": 0.41160426712499787, "avg_sr": 0.56, "count": 50}, "region": {"avg_spl": 0.2547463800645894, "avg_sr": 0.4235294117647059, "count": 85}, "room": {"avg_spl": 0.30335879887316797, "avg_sr": 0.547945205479452, "count": 73}}
Elapsed 11:28:49 

Begin to process [00803-k1cupFYWXJ6_sequence_13_1] type: [object], Question: [bin]

Elapsed 11:28:49 Current start position is [     3.4366     -14.923      2.1242]
Elapsed 11:29:15 ===Episode_id 13 task_id 1 task_level=object===
SR: False, SPL: 0.0, Object category: bin, goal type: sequence===

Elapsed 11:29:15 [baseline] task_level=object scene=00803-k1cupFYWXJ6 episode=13 task=1 sec=25.247
Elapsed 11:29:15 [BASELINE_LIVE_METRICS] rows=267 avg_sr=0.426966 avg_spl=0.258246 follower_error_count=7 levels=[object:n=51,sr=0.549020,spl=0.403534; room:n=73,sr=0.547945,spl=0.303359; region:n=85,sr=0.423529,spl=0.254746; instance:n=58,sr=0.172414,spl=0.078842] latest_scene=00803-k1cupFYWXJ6 latest_episode=13 latest_task=1 latest_level=object by_level={"instance": {"avg_spl": 0.07884198970938612, "avg_sr": 0.1724137931034483, "count": 58}, "object": {"avg_spl": 0.4035335952205861, "avg_sr": 0.5490196078431373, "count": 51}, "region": {"avg_spl": 0.2547463800645894, "avg_sr": 0.4235294117647059, "count": 85}, "room": {"avg_spl": 0.30335879887316797, "avg_sr": 0.547945205479452, "count": 73}}
Elapsed 11:29:15 

Begin to process [00803-k1cupFYWXJ6_sequence_13_2] type: [room], Question: [decorative plant in the hall]

Elapsed 11:29:15 Current start position is [     5.5163     -14.923     -1.6371]
Elapsed 11:29:50 ===Episode_id 13 task_id 2 task_level=room===
SR: True, SPL: 0.08867081432878045, Object category: decorative plant, goal type: sequence===

Elapsed 11:29:50 [baseline] task_level=room scene=00803-k1cupFYWXJ6 episode=13 task=2 sec=35.650
Elapsed 11:29:50 [BASELINE_LIVE_METRICS] rows=268 avg_sr=0.429104 avg_spl=0.257613 follower_error_count=7 levels=[object:n=51,sr=0.549020,spl=0.403534; room:n=74,sr=0.554054,spl=0.300458; region:n=85,sr=0.423529,spl=0.254746; instance:n=58,sr=0.172414,spl=0.078842] latest_scene=00803-k1cupFYWXJ6 latest_episode=13 latest_task=2 latest_level=room by_level={"instance": {"avg_spl": 0.07884198970938612, "avg_sr": 0.1724137931034483, "count": 58}, "object": {"avg_spl": 0.4035335952205861, "avg_sr": 0.5490196078431373, "count": 51}, "region": {"avg_spl": 0.2547463800645894, "avg_sr": 0.4235294117647059, "count": 85}, "room": {"avg_spl": 0.3004576098928384, "avg_sr": 0.5540540540540541, "count": 74}}
Elapsed 11:29:50 

Begin to process [00803-k1cupFYWXJ6_sequence_13_3] type: [region], Question: [armchair in the hall that has purple patterned armchairs and ornate plant in sculpted pot beside carved arch and stairs]

Elapsed 11:29:50 Current start position is [    -1.9317     -14.923     -2.9758]
Elapsed 11:30:36 ===Episode_id 13 task_id 3 task_level=region===
SR: True, SPL: 0.3418171115354101, Object category: armchair, goal type: sequence===

Elapsed 11:30:36 [baseline] task_level=region scene=00803-k1cupFYWXJ6 episode=13 task=3 sec=45.689
Elapsed 11:30:36 [BASELINE_LIVE_METRICS] rows=269 avg_sr=0.431227 avg_spl=0.257926 follower_error_count=7 levels=[object:n=51,sr=0.549020,spl=0.403534; room:n=74,sr=0.554054,spl=0.300458; region:n=86,sr=0.430233,spl=0.255759; instance:n=58,sr=0.172414,spl=0.078842] latest_scene=00803-k1cupFYWXJ6 latest_episode=13 latest_task=3 latest_level=region by_level={"instance": {"avg_spl": 0.07884198970938612, "avg_sr": 0.1724137931034483, "count": 58}, "object": {"avg_spl": 0.4035335952205861, "avg_sr": 0.5490196078431373, "count": 51}, "region": {"avg_spl": 0.25575883043052916, "avg_sr": 0.43023255813953487, "count": 86}, "room": {"avg_spl": 0.3004576098928384, "avg_sr": 0.5540540540540541, "count": 74}}
Elapsed 11:30:36 

Begin to process [00803-k1cupFYWXJ6_sequence_13_4] type: [instance], Question: [black radiator beside beige patterned armchairs near round wooden table below colorful patterned ceiling]

Elapsed 11:30:36 Current start position is [    -1.4905     -14.923     -2.7795]
Elapsed 11:33:47 ===Episode_id 13 task_id 4 task_level=instance===
SR: False, SPL: 0.0, Object category: radiator, goal type: sequence===

Elapsed 11:33:47 [baseline] task_level=instance scene=00803-k1cupFYWXJ6 episode=13 task=4 sec=191.370
Elapsed 11:33:47 [BASELINE_LIVE_METRICS] rows=270 avg_sr=0.429630 avg_spl=0.256971 follower_error_count=7 levels=[object:n=51,sr=0.549020,spl=0.403534; room:n=74,sr=0.554054,spl=0.300458; region:n=86,sr=0.430233,spl=0.255759; instance:n=59,sr=0.169492,spl=0.077506] latest_scene=00803-k1cupFYWXJ6 latest_episode=13 latest_task=4 latest_level=instance by_level={"instance": {"avg_spl": 0.07750568479905753, "avg_sr": 0.1694915254237288, "count": 59}, "object": {"avg_spl": 0.4035335952205861, "avg_sr": 0.5490196078431373, "count": 51}, "region": {"avg_spl": 0.25575883043052916, "avg_sr": 0.43023255813953487, "count": 86}, "room": {"avg_spl": 0.3004576098928384, "avg_sr": 0.5540540540540541, "count": 74}}
Elapsed 11:33:47 [Metrics] sequence count: 270, invalid_count: 0, follower_error_count: 7, avg_sr: 0.429630, avg_spl: 0.256971

=== Episode ===: 14it [1:36:35, 406.41s/it][AElapsed 11:33:56 

Begin to process [00803-k1cupFYWXJ6_sequence_14_0] type: [instance], Question: [decorative plant in flowerpot on round wooden table in hall beside beige patterned armchairs under colorful patterned ceiling]

Elapsed 11:33:56 Current start position is [    -1.1337     -14.873     -7.1597]
Elapsed 11:38:23 ===Episode_id 14 task_id 0 task_level=instance===
SR: True, SPL: 0.15407378816806766, Object category: decorative plant, goal type: sequence===

Elapsed 11:38:23 [baseline] task_level=instance scene=00803-k1cupFYWXJ6 episode=14 task=0 sec=266.274
Elapsed 11:38:23 [BASELINE_LIVE_METRICS] rows=271 avg_sr=0.431734 avg_spl=0.256591 follower_error_count=7 levels=[object:n=51,sr=0.549020,spl=0.403534; room:n=74,sr=0.554054,spl=0.300458; region:n=86,sr=0.430233,spl=0.255759; instance:n=60,sr=0.183333,spl=0.078782] latest_scene=00803-k1cupFYWXJ6 latest_episode=14 latest_task=0 latest_level=instance by_level={"instance": {"avg_spl": 0.07878181985520771, "avg_sr": 0.18333333333333332, "count": 60}, "object": {"avg_spl": 0.4035335952205861, "avg_sr": 0.5490196078431373, "count": 51}, "region": {"avg_spl": 0.25575883043052916, "avg_sr": 0.43023255813953487, "count": 86}, "room": {"avg_spl": 0.3004576098928384, "avg_sr": 0.5540540540540541, "count": 74}}
Elapsed 11:38:23 

Begin to process [00803-k1cupFYWXJ6_sequence_14_1] type: [object], Question: [picture]

Elapsed 11:38:23 Current start position is [     4.6185     -14.923    -0.43625]
Elapsed 11:38:51 ===Episode_id 14 task_id 1 task_level=object===
SR: True, SPL: 0.6918305118805064, Object category: picture, goal type: sequence===

Elapsed 11:38:51 [baseline] task_level=object scene=00803-k1cupFYWXJ6 episode=14 task=1 sec=28.204
Elapsed 11:38:51 [BASELINE_LIVE_METRICS] rows=272 avg_sr=0.433824 avg_spl=0.258191 follower_error_count=7 levels=[object:n=52,sr=0.557692,spl=0.409078; room:n=74,sr=0.554054,spl=0.300458; region:n=86,sr=0.430233,spl=0.255759; instance:n=60,sr=0.183333,spl=0.078782] latest_scene=00803-k1cupFYWXJ6 latest_episode=14 latest_task=1 latest_level=object by_level={"instance": {"avg_spl": 0.07878181985520771, "avg_sr": 0.18333333333333332, "count": 60}, "object": {"avg_spl": 0.4090777666948154, "avg_sr": 0.5576923076923077, "count": 52}, "region": {"avg_spl": 0.25575883043052916, "avg_sr": 0.43023255813953487, "count": 86}, "room": {"avg_spl": 0.3004576098928384, "avg_sr": 0.5540540540540541, "count": 74}}
Elapsed 11:38:51 

Begin to process [00803-k1cupFYWXJ6_sequence_14_2] type: [room], Question: [table in the hall]

Elapsed 11:38:51 Current start position is [    0.12008     -14.923     -3.5748]
Elapsed 11:39:14 ===Episode_id 14 task_id 2 task_level=room===
SR: True, SPL: 0.20164506796901246, Object category: table, goal type: sequence===

Elapsed 11:39:14 [baseline] task_level=room scene=00803-k1cupFYWXJ6 episode=14 task=2 sec=23.072
Elapsed 11:39:14 [BASELINE_LIVE_METRICS] rows=273 avg_sr=0.435897 avg_spl=0.257984 follower_error_count=7 levels=[object:n=52,sr=0.557692,spl=0.409078; room:n=75,sr=0.560000,spl=0.299140; region:n=86,sr=0.430233,spl=0.255759; instance:n=60,sr=0.183333,spl=0.078782] latest_scene=00803-k1cupFYWXJ6 latest_episode=14 latest_task=2 latest_level=room by_level={"instance": {"avg_spl": 0.07878181985520771, "avg_sr": 0.18333333333333332, "count": 60}, "object": {"avg_spl": 0.4090777666948154, "avg_sr": 0.5576923076923077, "count": 52}, "region": {"avg_spl": 0.25575883043052916, "avg_sr": 0.43023255813953487, "count": 86}, "room": {"avg_spl": 0.29914010933385404, "avg_sr": 0.56, "count": 75}}
Elapsed 11:39:14 

Begin to process [00803-k1cupFYWXJ6_sequence_14_3] type: [region], Question: [armchair in the hall that has purple patterned armchairs and ornate plant in sculpted pot beside carved arch and stairs]

Elapsed 11:39:14 Current start position is [     3.5139     -14.923        2.22]
Elapsed 11:39:38 ===Episode_id 14 task_id 3 task_level=region===
SR: True, SPL: 0.7075852954141532, Object category: armchair, goal type: sequence===

Elapsed 11:39:38 [baseline] task_level=region scene=00803-k1cupFYWXJ6 episode=14 task=3 sec=24.432
Elapsed 11:39:38 [BASELINE_LIVE_METRICS] rows=274 avg_sr=0.437956 avg_spl=0.259625 follower_error_count=7 levels=[object:n=52,sr=0.557692,spl=0.409078; room:n=75,sr=0.560000,spl=0.299140; region:n=87,sr=0.436782,spl=0.260952; instance:n=60,sr=0.183333,spl=0.078782] latest_scene=00803-k1cupFYWXJ6 latest_episode=14 latest_task=3 latest_level=region by_level={"instance": {"avg_spl": 0.07878181985520771, "avg_sr": 0.18333333333333332, "count": 60}, "object": {"avg_spl": 0.4090777666948154, "avg_sr": 0.5576923076923077, "count": 52}, "region": {"avg_spl": 0.26095223807401907, "avg_sr": 0.4367816091954023, "count": 87}, "room": {"avg_spl": 0.29914010933385404, "avg_sr": 0.56, "count": 75}}
Elapsed 11:39:38 

Begin to process [00803-k1cupFYWXJ6_sequence_14_4] type: [instance], Question: [teal carpet with white swirls covering floor]

Elapsed 11:39:38 Current start position is [    -1.5499     -14.923     -3.1528]
Elapsed 11:40:00 ===Episode_id 14 task_id 4 task_level=instance===
SR: True, SPL: 0.5413828837461312, Object category: carpet, goal type: sequence===

Elapsed 11:40:00 [baseline] task_level=instance scene=00803-k1cupFYWXJ6 episode=14 task=4 sec=22.008
Elapsed 11:40:00 [BASELINE_LIVE_METRICS] rows=275 avg_sr=0.440000 avg_spl=0.260650 follower_error_count=7 levels=[object:n=52,sr=0.557692,spl=0.409078; room:n=75,sr=0.560000,spl=0.299140; region:n=87,sr=0.436782,spl=0.260952; instance:n=61,sr=0.196721,spl=0.086365] latest_scene=00803-k1cupFYWXJ6 latest_episode=14 latest_task=4 latest_level=instance by_level={"instance": {"avg_spl": 0.08636544385341957, "avg_sr": 0.19672131147540983, "count": 61}, "object": {"avg_spl": 0.4090777666948154, "avg_sr": 0.5576923076923077, "count": 52}, "region": {"avg_spl": 0.26095223807401907, "avg_sr": 0.4367816091954023, "count": 87}, "room": {"avg_spl": 0.29914010933385404, "avg_sr": 0.56, "count": 75}}
Elapsed 11:40:00 [Metrics] sequence count: 275, invalid_count: 0, follower_error_count: 7, avg_sr: 0.440000, avg_spl: 0.260650

=== Episode ===: 15it [1:42:48, 396.34s/it][AElapsed 11:40:08 

Begin to process [00803-k1cupFYWXJ6_sequence_15_0] type: [instance], Question: [beige couch with red pillows]

Elapsed 11:40:08 Current start position is [     4.6044     -14.923    -0.64599]
Elapsed 11:43:43 ===Episode_id 15 task_id 0 task_level=instance===
SR: True, SPL: 0.2956894537868959, Object category: couch, goal type: sequence===

Elapsed 11:43:43 [baseline] task_level=instance scene=00803-k1cupFYWXJ6 episode=15 task=0 sec=214.754
Elapsed 11:43:43 [BASELINE_LIVE_METRICS] rows=276 avg_sr=0.442029 avg_spl=0.260777 follower_error_count=7 levels=[object:n=52,sr=0.557692,spl=0.409078; room:n=75,sr=0.560000,spl=0.299140; region:n=87,sr=0.436782,spl=0.260952; instance:n=62,sr=0.209677,spl=0.089742] latest_scene=00803-k1cupFYWXJ6 latest_episode=15 latest_task=0 latest_level=instance by_level={"instance": {"avg_spl": 0.08974163756202402, "avg_sr": 0.20967741935483872, "count": 62}, "object": {"avg_spl": 0.4090777666948154, "avg_sr": 0.5576923076923077, "count": 52}, "region": {"avg_spl": 0.26095223807401907, "avg_sr": 0.4367816091954023, "count": 87}, "room": {"avg_spl": 0.29914010933385404, "avg_sr": 0.56, "count": 75}}
Elapsed 11:43:43 

Begin to process [00803-k1cupFYWXJ6_sequence_15_1] type: [object], Question: [bin]

Elapsed 11:43:43 Current start position is [    -4.4226     -14.923      -9.268]
Elapsed 11:43:57 ===Episode_id 15 task_id 1 task_level=object===
SR: False, SPL: 0.0, Object category: bin, goal type: sequence===

Elapsed 11:43:57 [baseline] task_level=object scene=00803-k1cupFYWXJ6 episode=15 task=1 sec=13.846
Elapsed 11:43:57 [BASELINE_LIVE_METRICS] rows=277 avg_sr=0.440433 avg_spl=0.259835 follower_error_count=7 levels=[object:n=53,sr=0.547170,spl=0.401359; room:n=75,sr=0.560000,spl=0.299140; region:n=87,sr=0.436782,spl=0.260952; instance:n=62,sr=0.209677,spl=0.089742] latest_scene=00803-k1cupFYWXJ6 latest_episode=15 latest_task=1 latest_level=object by_level={"instance": {"avg_spl": 0.08974163756202402, "avg_sr": 0.20967741935483872, "count": 62}, "object": {"avg_spl": 0.4013593182666113, "avg_sr": 0.5471698113207547, "count": 53}, "region": {"avg_spl": 0.26095223807401907, "avg_sr": 0.4367816091954023, "count": 87}, "room": {"avg_spl": 0.29914010933385404, "avg_sr": 0.56, "count": 75}}
Elapsed 11:43:57 

Begin to process [00803-k1cupFYWXJ6_sequence_15_2] type: [room], Question: [decorative plant in the hall]

Elapsed 11:43:57 Current start position is [    -3.0847     -14.923     -10.807]
Elapsed 11:44:13 ===Episode_id 15 task_id 2 task_level=room===
SR: True, SPL: 0.862190068296376, Object category: decorative plant, goal type: sequence===

Elapsed 11:44:13 [baseline] task_level=room scene=00803-k1cupFYWXJ6 episode=15 task=2 sec=15.780
Elapsed 11:44:13 [BASELINE_LIVE_METRICS] rows=278 avg_sr=0.442446 avg_spl=0.262002 follower_error_count=7 levels=[object:n=53,sr=0.547170,spl=0.401359; room:n=76,sr=0.565789,spl=0.306549; region:n=87,sr=0.436782,spl=0.260952; instance:n=62,sr=0.209677,spl=0.089742] latest_scene=00803-k1cupFYWXJ6 latest_episode=15 latest_task=2 latest_level=room by_level={"instance": {"avg_spl": 0.08974163756202402, "avg_sr": 0.20967741935483872, "count": 62}, "object": {"avg_spl": 0.4013593182666113, "avg_sr": 0.5471698113207547, "count": 53}, "region": {"avg_spl": 0.26095223807401907, "avg_sr": 0.4367816091954023, "count": 87}, "room": {"avg_spl": 0.30654866142546616, "avg_sr": 0.5657894736842105, "count": 76}}
Elapsed 11:44:13 

Begin to process [00803-k1cupFYWXJ6_sequence_15_3] type: [region], Question: [armchair in the hall that has beige patterned armchairs and round wooden table below colorful patterned ceiling]

Elapsed 11:44:13 Current start position is [    -1.8548     -14.923     -2.9306]
Elapsed 11:44:37 ===Episode_id 15 task_id 3 task_level=region===
SR: False, SPL: 0.0, Object category: armchair, goal type: sequence===

Elapsed 11:44:37 [baseline] task_level=region scene=00803-k1cupFYWXJ6 episode=15 task=3 sec=24.409
Elapsed 11:44:37 [BASELINE_LIVE_METRICS] rows=279 avg_sr=0.440860 avg_spl=0.261063 follower_error_count=7 levels=[object:n=53,sr=0.547170,spl=0.401359; room:n=76,sr=0.565789,spl=0.306549; region:n=88,sr=0.431818,spl=0.257987; instance:n=62,sr=0.209677,spl=0.089742] latest_scene=00803-k1cupFYWXJ6 latest_episode=15 latest_task=3 latest_level=region by_level={"instance": {"avg_spl": 0.08974163756202402, "avg_sr": 0.20967741935483872, "count": 62}, "object": {"avg_spl": 0.4013593182666113, "avg_sr": 0.5471698113207547, "count": 53}, "region": {"avg_spl": 0.25798687173226886, "avg_sr": 0.4318181818181818, "count": 88}, "room": {"avg_spl": 0.30654866142546616, "avg_sr": 0.5657894736842105, "count": 76}}
Elapsed 11:44:37 

Begin to process [00803-k1cupFYWXJ6_sequence_15_4] type: [instance], Question: [gray stone pedestal table with potted plant between purple patterned armchairs in hall with carved arch]

Elapsed 11:44:37 Current start position is [    -3.1803      -14.92     -10.894]
Elapsed 11:44:48 ===Episode_id 15 task_id 4 task_level=instance===
SR: False, SPL: 0.0, Object category: table, goal type: sequence===

Elapsed 11:44:48 [baseline] task_level=instance scene=00803-k1cupFYWXJ6 episode=15 task=4 sec=10.618
Elapsed 11:44:48 [BASELINE_LIVE_METRICS] rows=280 avg_sr=0.439286 avg_spl=0.260131 follower_error_count=7 levels=[object:n=53,sr=0.547170,spl=0.401359; room:n=76,sr=0.565789,spl=0.306549; region:n=88,sr=0.431818,spl=0.257987; instance:n=63,sr=0.206349,spl=0.088317] latest_scene=00803-k1cupFYWXJ6 latest_episode=15 latest_task=4 latest_level=instance by_level={"instance": {"avg_spl": 0.08831716712453158, "avg_sr": 0.20634920634920634, "count": 63}, "object": {"avg_spl": 0.4013593182666113, "avg_sr": 0.5471698113207547, "count": 53}, "region": {"avg_spl": 0.25798687173226886, "avg_sr": 0.4318181818181818, "count": 88}, "room": {"avg_spl": 0.30654866142546616, "avg_sr": 0.5657894736842105, "count": 76}}
Elapsed 11:44:48 [Metrics] sequence count: 280, invalid_count: 0, follower_error_count: 7, avg_sr: 0.439286, avg_spl: 0.260131

=== Episode ===: 16it [1:47:35, 363.60s/it][AElapsed 11:44:57 

Begin to process [00803-k1cupFYWXJ6_sequence_16_0] type: [instance], Question: [black radiator under yellow-framed map in hall with purple armchairs, white countertop coffee table, and ship model]

Elapsed 11:44:57 Current start position is [     5.7925      6.4774      -1.565]
Elapsed 11:48:12 ===Episode_id 16 task_id 0 task_level=instance===
SR: False, SPL: 0.0, Object category: radiator, goal type: sequence===

Elapsed 11:48:12 [baseline] task_level=instance scene=00803-k1cupFYWXJ6 episode=16 task=0 sec=194.455
Elapsed 11:48:12 [BASELINE_LIVE_METRICS] rows=281 avg_sr=0.437722 avg_spl=0.259205 follower_error_count=7 levels=[object:n=53,sr=0.547170,spl=0.401359; room:n=76,sr=0.565789,spl=0.306549; region:n=88,sr=0.431818,spl=0.257987; instance:n=64,sr=0.203125,spl=0.086937] latest_scene=00803-k1cupFYWXJ6 latest_episode=16 latest_task=0 latest_level=instance by_level={"instance": {"avg_spl": 0.08693721138821077, "avg_sr": 0.203125, "count": 64}, "object": {"avg_spl": 0.4013593182666113, "avg_sr": 0.5471698113207547, "count": 53}, "region": {"avg_spl": 0.25798687173226886, "avg_sr": 0.4318181818181818, "count": 88}, "room": {"avg_spl": 0.30654866142546616, "avg_sr": 0.5657894736842105, "count": 76}}
Elapsed 11:48:12 

Begin to process [00803-k1cupFYWXJ6_sequence_16_1] type: [object], Question: [exhibition picture]

Elapsed 11:48:12 Current start position is [     5.3277      6.4775      2.2907]
Elapsed 11:48:44 ===Episode_id 16 task_id 1 task_level=object===
SR: False, SPL: 0.0, Object category: exhibition picture, goal type: sequence===

Elapsed 11:48:44 [baseline] task_level=object scene=00803-k1cupFYWXJ6 episode=16 task=1 sec=32.529
Elapsed 11:48:44 [BASELINE_LIVE_METRICS] rows=282 avg_sr=0.436170 avg_spl=0.258286 follower_error_count=7 levels=[object:n=54,sr=0.537037,spl=0.393927; room:n=76,sr=0.565789,spl=0.306549; region:n=88,sr=0.431818,spl=0.257987; instance:n=64,sr=0.203125,spl=0.086937] latest_scene=00803-k1cupFYWXJ6 latest_episode=16 latest_task=1 latest_level=object by_level={"instance": {"avg_spl": 0.08693721138821077, "avg_sr": 0.203125, "count": 64}, "object": {"avg_spl": 0.3939267382987111, "avg_sr": 0.5370370370370371, "count": 54}, "region": {"avg_spl": 0.25798687173226886, "avg_sr": 0.4318181818181818, "count": 88}, "room": {"avg_spl": 0.30654866142546616, "avg_sr": 0.5657894736842105, "count": 76}}
Elapsed 11:48:44 

Begin to process [00803-k1cupFYWXJ6_sequence_16_2] type: [room], Question: [exhibition table in the hall]

Elapsed 11:48:44 Current start position is [      4.762      6.4775     -2.3215]
Elapsed 11:49:16 ===Episode_id 16 task_id 2 task_level=room===
SR: False, SPL: 0.0, Object category: exhibition table, goal type: sequence===

Elapsed 11:49:16 [baseline] task_level=room scene=00803-k1cupFYWXJ6 episode=16 task=2 sec=32.345
Elapsed 11:49:16 [BASELINE_LIVE_METRICS] rows=283 avg_sr=0.434629 avg_spl=0.257373 follower_error_count=7 levels=[object:n=54,sr=0.537037,spl=0.393927; room:n=77,sr=0.558442,spl=0.302568; region:n=88,sr=0.431818,spl=0.257987; instance:n=64,sr=0.203125,spl=0.086937] latest_scene=00803-k1cupFYWXJ6 latest_episode=16 latest_task=2 latest_level=room by_level={"instance": {"avg_spl": 0.08693721138821077, "avg_sr": 0.203125, "count": 64}, "object": {"avg_spl": 0.3939267382987111, "avg_sr": 0.5370370370370371, "count": 54}, "region": {"avg_spl": 0.25798687173226886, "avg_sr": 0.4318181818181818, "count": 88}, "room": {"avg_spl": 0.30256750997838217, "avg_sr": 0.5584415584415584, "count": 77}}
Elapsed 11:49:16 

Begin to process [00803-k1cupFYWXJ6_sequence_16_3] type: [region], Question: [map in the hall that has purple armchairs beneath wall maps, exhibition table with ship model, white countertop coffee table, and sewing machine]

Elapsed 11:49:16 Current start position is [     1.9473      6.4775      2.1861]
Elapsed 11:49:49 ===Episode_id 16 task_id 3 task_level=region===
SR: False, SPL: 0.0, Object category: map, goal type: sequence===

Elapsed 11:49:49 [baseline] task_level=region scene=00803-k1cupFYWXJ6 episode=16 task=3 sec=32.364
Elapsed 11:49:49 [BASELINE_LIVE_METRICS] rows=284 avg_sr=0.433099 avg_spl=0.256467 follower_error_count=7 levels=[object:n=54,sr=0.537037,spl=0.393927; room:n=77,sr=0.558442,spl=0.302568; region:n=89,sr=0.426966,spl=0.255088; instance:n=64,sr=0.203125,spl=0.086937] latest_scene=00803-k1cupFYWXJ6 latest_episode=16 latest_task=3 latest_level=region by_level={"instance": {"avg_spl": 0.08693721138821077, "avg_sr": 0.203125, "count": 64}, "object": {"avg_spl": 0.3939267382987111, "avg_sr": 0.5370370370370371, "count": 54}, "region": {"avg_spl": 0.2550881428364007, "avg_sr": 0.42696629213483145, "count": 89}, "room": {"avg_spl": 0.30256750997838217, "avg_sr": 0.5584415584415584, "count": 77}}
Elapsed 11:49:49 

Begin to process [00803-k1cupFYWXJ6_sequence_16_4] type: [instance], Question: [beige ship model with red hull on exhibition table in hall with purple armchairs and wall maps]

Elapsed 11:49:49 Current start position is [     7.0452       6.516      1.0525]
Elapsed 11:50:16 ===Episode_id 16 task_id 4 task_level=instance===
SR: True, SPL: 0.07478742294791076, Object category: ship model, goal type: sequence===

Elapsed 11:50:16 [baseline] task_level=instance scene=00803-k1cupFYWXJ6 episode=16 task=4 sec=27.212
Elapsed 11:50:16 [BASELINE_LIVE_METRICS] rows=285 avg_sr=0.435088 avg_spl=0.255829 follower_error_count=7 levels=[object:n=54,sr=0.537037,spl=0.393927; room:n=77,sr=0.558442,spl=0.302568; region:n=89,sr=0.426966,spl=0.255088; instance:n=65,sr=0.215385,spl=0.086750] latest_scene=00803-k1cupFYWXJ6 latest_episode=16 latest_task=4 latest_level=instance by_level={"instance": {"avg_spl": 0.08675029156605231, "avg_sr": 0.2153846153846154, "count": 65}, "object": {"avg_spl": 0.3939267382987111, "avg_sr": 0.5370370370370371, "count": 54}, "region": {"avg_spl": 0.2550881428364007, "avg_sr": 0.42696629213483145, "count": 89}, "room": {"avg_spl": 0.30256750997838217, "avg_sr": 0.5584415584415584, "count": 77}}
Elapsed 11:50:16 [Metrics] sequence count: 285, invalid_count: 0, follower_error_count: 7, avg_sr: 0.435088, avg_spl: 0.255829

=== Episode ===: 17it [1:53:03, 352.94s/it][AElapsed 11:50:25 

Begin to process [00803-k1cupFYWXJ6_sequence_17_0] type: [instance], Question: [the left purple damask armchair against mirrored wall beside ornate plant in sculpted pot near carved arch and stairs]

Elapsed 11:50:25 Current start position is [     5.3151     -14.923     0.34909]
Elapsed 11:55:03 ===Episode_id 17 task_id 0 task_level=instance===
SR: True, SPL: 0.12620329912798503, Object category: armchair, goal type: sequence===

Elapsed 11:55:03 [baseline] task_level=instance scene=00803-k1cupFYWXJ6 episode=17 task=0 sec=278.199
Elapsed 11:55:03 [BASELINE_LIVE_METRICS] rows=286 avg_sr=0.437063 avg_spl=0.255376 follower_error_count=7 levels=[object:n=54,sr=0.537037,spl=0.393927; room:n=77,sr=0.558442,spl=0.302568; region:n=89,sr=0.426966,spl=0.255088; instance:n=66,sr=0.227273,spl=0.087348] latest_scene=00803-k1cupFYWXJ6 latest_episode=17 latest_task=0 latest_level=instance by_level={"instance": {"avg_spl": 0.08734806440789977, "avg_sr": 0.22727272727272727, "count": 66}, "object": {"avg_spl": 0.3939267382987111, "avg_sr": 0.5370370370370371, "count": 54}, "region": {"avg_spl": 0.2550881428364007, "avg_sr": 0.42696629213483145, "count": 89}, "room": {"avg_spl": 0.30256750997838217, "avg_sr": 0.5584415584415584, "count": 77}}
Elapsed 11:55:03 

Begin to process [00803-k1cupFYWXJ6_sequence_17_1] type: [object], Question: [table]

Elapsed 11:55:03 Current start position is [    -1.4457     -14.923     -2.6518]
Elapsed 11:55:35 ===Episode_id 17 task_id 1 task_level=object===
SR: True, SPL: 0.030021977992800923, Object category: table, goal type: sequence===

Elapsed 11:55:35 [baseline] task_level=object scene=00803-k1cupFYWXJ6 episode=17 task=1 sec=32.140
Elapsed 11:55:35 [BASELINE_LIVE_METRICS] rows=287 avg_sr=0.439024 avg_spl=0.254591 follower_error_count=7 levels=[object:n=55,sr=0.545455,spl=0.387310; room:n=77,sr=0.558442,spl=0.302568; region:n=89,sr=0.426966,spl=0.255088; instance:n=66,sr=0.227273,spl=0.087348] latest_scene=00803-k1cupFYWXJ6 latest_episode=17 latest_task=1 latest_level=object by_level={"instance": {"avg_spl": 0.08734806440789977, "avg_sr": 0.22727272727272727, "count": 66}, "object": {"avg_spl": 0.3873102881113309, "avg_sr": 0.5454545454545454, "count": 55}, "region": {"avg_spl": 0.2550881428364007, "avg_sr": 0.42696629213483145, "count": 89}, "room": {"avg_spl": 0.30256750997838217, "avg_sr": 0.5584415584415584, "count": 77}}
Elapsed 11:55:35 

Begin to process [00803-k1cupFYWXJ6_sequence_17_2] type: [room], Question: [radiator in the hall]

Elapsed 11:55:35 Current start position is [     2.6894     -14.923     0.77275]
Elapsed 11:56:09 ===Episode_id 17 task_id 2 task_level=room===
SR: False, SPL: 0.0, Object category: radiator, goal type: sequence===

Elapsed 11:56:09 [baseline] task_level=room scene=00803-k1cupFYWXJ6 episode=17 task=2 sec=33.495
Elapsed 11:56:09 [BASELINE_LIVE_METRICS] rows=288 avg_sr=0.437500 avg_spl=0.253707 follower_error_count=7 levels=[object:n=55,sr=0.545455,spl=0.387310; room:n=78,sr=0.551282,spl=0.298688; region:n=89,sr=0.426966,spl=0.255088; instance:n=66,sr=0.227273,spl=0.087348] latest_scene=00803-k1cupFYWXJ6 latest_episode=17 latest_task=2 latest_level=room by_level={"instance": {"avg_spl": 0.08734806440789977, "avg_sr": 0.22727272727272727, "count": 66}, "object": {"avg_spl": 0.3873102881113309, "avg_sr": 0.5454545454545454, "count": 55}, "region": {"avg_spl": 0.2550881428364007, "avg_sr": 0.42696629213483145, "count": 89}, "room": {"avg_spl": 0.29868843933763367, "avg_sr": 0.5512820512820513, "count": 78}}
Elapsed 11:56:09 

Begin to process [00803-k1cupFYWXJ6_sequence_17_3] type: [region], Question: [decorative plant in the hall that has purple patterned armchairs and ornate plant in sculpted pot beside carved arch and stairs]

Elapsed 11:56:09 Current start position is [    0.23311     -14.923      1.9897]
Elapsed 11:56:43 ===Episode_id 17 task_id 3 task_level=region===
SR: True, SPL: 0.22755522713487858, Object category: decorative plant, goal type: sequence===

Elapsed 11:56:43 [baseline] task_level=region scene=00803-k1cupFYWXJ6 episode=17 task=3 sec=34.853
Elapsed 11:56:43 [BASELINE_LIVE_METRICS] rows=289 avg_sr=0.439446 avg_spl=0.253616 follower_error_count=7 levels=[object:n=55,sr=0.545455,spl=0.387310; room:n=78,sr=0.551282,spl=0.298688; region:n=90,sr=0.433333,spl=0.254782; instance:n=66,sr=0.227273,spl=0.087348] latest_scene=00803-k1cupFYWXJ6 latest_episode=17 latest_task=3 latest_level=region by_level={"instance": {"avg_spl": 0.08734806440789977, "avg_sr": 0.22727272727272727, "count": 66}, "object": {"avg_spl": 0.3873102881113309, "avg_sr": 0.5454545454545454, "count": 55}, "region": {"avg_spl": 0.2547822215508282, "avg_sr": 0.43333333333333335, "count": 90}, "room": {"avg_spl": 0.29868843933763367, "avg_sr": 0.5512820512820513, "count": 78}}
Elapsed 11:56:43 

Begin to process [00803-k1cupFYWXJ6_sequence_17_4] type: [instance], Question: [teal carpet with white swirls covering floor]

Elapsed 11:56:43 Current start position is [     -1.884     -14.923     -3.0156]
Elapsed 11:57:10 ===Episode_id 17 task_id 4 task_level=instance===
SR: True, SPL: 0.3159009881565079, Object category: carpet, goal type: sequence===

Elapsed 11:57:10 [baseline] task_level=instance scene=00803-k1cupFYWXJ6 episode=17 task=4 sec=26.497
Elapsed 11:57:10 [BASELINE_LIVE_METRICS] rows=290 avg_sr=0.441379 avg_spl=0.253831 follower_error_count=7 levels=[object:n=55,sr=0.545455,spl=0.387310; room:n=78,sr=0.551282,spl=0.298688; region:n=90,sr=0.433333,spl=0.254782; instance:n=67,sr=0.238806,spl=0.090759] latest_scene=00803-k1cupFYWXJ6 latest_episode=17 latest_task=4 latest_level=instance by_level={"instance": {"avg_spl": 0.09075930207578944, "avg_sr": 0.23880597014925373, "count": 67}, "object": {"avg_spl": 0.3873102881113309, "avg_sr": 0.5454545454545454, "count": 55}, "region": {"avg_spl": 0.2547822215508282, "avg_sr": 0.43333333333333335, "count": 90}, "room": {"avg_spl": 0.29868843933763367, "avg_sr": 0.5512820512820513, "count": 78}}
Elapsed 11:57:10 [Metrics] sequence count: 290, invalid_count: 0, follower_error_count: 7, avg_sr: 0.441379, avg_spl: 0.253831

=== Episode ===: 18it [1:59:57, 371.25s/it][AElapsed 11:57:18 

Begin to process [00803-k1cupFYWXJ6_sequence_18_0] type: [instance], Question: [teal carpet with white swirls covering floor]

Elapsed 11:57:18 Current start position is [     5.4972     -14.923     0.43487]
Elapsed 12:01:47 ===Episode_id 18 task_id 0 task_level=instance===
SR: False, SPL: 0.0, Object category: carpet, goal type: sequence===

Elapsed 12:01:47 [baseline] task_level=instance scene=00803-k1cupFYWXJ6 episode=18 task=0 sec=268.836
Elapsed 12:01:47 [BASELINE_LIVE_METRICS] rows=291 avg_sr=0.439863 avg_spl=0.252959 follower_error_count=7 levels=[object:n=55,sr=0.545455,spl=0.387310; room:n=78,sr=0.551282,spl=0.298688; region:n=90,sr=0.433333,spl=0.254782; instance:n=68,sr=0.235294,spl=0.089425] latest_scene=00803-k1cupFYWXJ6 latest_episode=18 latest_task=0 latest_level=instance by_level={"instance": {"avg_spl": 0.08942460645702784, "avg_sr": 0.23529411764705882, "count": 68}, "object": {"avg_spl": 0.3873102881113309, "avg_sr": 0.5454545454545454, "count": 55}, "region": {"avg_spl": 0.2547822215508282, "avg_sr": 0.43333333333333335, "count": 90}, "room": {"avg_spl": 0.29868843933763367, "avg_sr": 0.5512820512820513, "count": 78}}
Elapsed 12:01:47 

Begin to process [00803-k1cupFYWXJ6_sequence_18_1] type: [object], Question: [picture]

Elapsed 12:01:47 Current start position is [     1.6221     -14.923      2.3346]
Elapsed 12:02:19 ===Episode_id 18 task_id 1 task_level=object===
SR: True, SPL: 0.77166836208018, Object category: picture, goal type: sequence===

Elapsed 12:02:19 [baseline] task_level=object scene=00803-k1cupFYWXJ6 episode=18 task=1 sec=31.891
Elapsed 12:02:19 [BASELINE_LIVE_METRICS] rows=292 avg_sr=0.441781 avg_spl=0.254735 follower_error_count=7 levels=[object:n=56,sr=0.553571,spl=0.394174; room:n=78,sr=0.551282,spl=0.298688; region:n=90,sr=0.433333,spl=0.254782; instance:n=68,sr=0.235294,spl=0.089425] latest_scene=00803-k1cupFYWXJ6 latest_episode=18 latest_task=1 latest_level=object by_level={"instance": {"avg_spl": 0.08942460645702784, "avg_sr": 0.23529411764705882, "count": 68}, "object": {"avg_spl": 0.3941738251464889, "avg_sr": 0.5535714285714286, "count": 56}, "region": {"avg_spl": 0.2547822215508282, "avg_sr": 0.43333333333333335, "count": 90}, "room": {"avg_spl": 0.29868843933763367, "avg_sr": 0.5512820512820513, "count": 78}}
Elapsed 12:02:19 

Begin to process [00803-k1cupFYWXJ6_sequence_18_2] type: [room], Question: [decorative plant in the hall]

Elapsed 12:02:19 Current start position is [   0.060657     -14.923     -2.7499]
Elapsed 12:02:48 ===Episode_id 18 task_id 2 task_level=room===
SR: True, SPL: 0.5563729446856152, Object category: decorative plant, goal type: sequence===

Elapsed 12:02:48 [baseline] task_level=room scene=00803-k1cupFYWXJ6 episode=18 task=2 sec=28.792
Elapsed 12:02:48 [BASELINE_LIVE_METRICS] rows=293 avg_sr=0.443686 avg_spl=0.255765 follower_error_count=7 levels=[object:n=56,sr=0.553571,spl=0.394174; room:n=79,sr=0.556962,spl=0.301950; region:n=90,sr=0.433333,spl=0.254782; instance:n=68,sr=0.235294,spl=0.089425] latest_scene=00803-k1cupFYWXJ6 latest_episode=18 latest_task=2 latest_level=room by_level={"instance": {"avg_spl": 0.08942460645702784, "avg_sr": 0.23529411764705882, "count": 68}, "object": {"avg_spl": 0.3941738251464889, "avg_sr": 0.5535714285714286, "count": 56}, "region": {"avg_spl": 0.2547822215508282, "avg_sr": 0.43333333333333335, "count": 90}, "room": {"avg_spl": 0.3019502685192537, "avg_sr": 0.5569620253164557, "count": 79}}
Elapsed 12:02:48 

Begin to process [00803-k1cupFYWXJ6_sequence_18_3] type: [region], Question: [armchair in the hall that has purple patterned armchairs and ornate plant in sculpted pot beside carved arch and stairs]

Elapsed 12:02:48 Current start position is [    -1.8638     -14.923     -2.9626]
Elapsed 12:03:14 ===Episode_id 18 task_id 3 task_level=region===
SR: True, SPL: 0.21140914585372308, Object category: armchair, goal type: sequence===

Elapsed 12:03:14 [baseline] task_level=region scene=00803-k1cupFYWXJ6 episode=18 task=3 sec=26.080
Elapsed 12:03:14 [BASELINE_LIVE_METRICS] rows=294 avg_sr=0.445578 avg_spl=0.255614 follower_error_count=7 levels=[object:n=56,sr=0.553571,spl=0.394174; room:n=79,sr=0.556962,spl=0.301950; region:n=91,sr=0.439560,spl=0.254306; instance:n=68,sr=0.235294,spl=0.089425] latest_scene=00803-k1cupFYWXJ6 latest_episode=18 latest_task=3 latest_level=region by_level={"instance": {"avg_spl": 0.08942460645702784, "avg_sr": 0.23529411764705882, "count": 68}, "object": {"avg_spl": 0.3941738251464889, "avg_sr": 0.5535714285714286, "count": 56}, "region": {"avg_spl": 0.2543055943453655, "avg_sr": 0.43956043956043955, "count": 91}, "room": {"avg_spl": 0.3019502685192537, "avg_sr": 0.5569620253164557, "count": 79}}
Elapsed 12:03:14 

Begin to process [00803-k1cupFYWXJ6_sequence_18_4] type: [instance], Question: [beige couch with red pillows]

Elapsed 12:03:14 Current start position is [    -1.4112     -14.923     -2.7502]
Elapsed 12:03:43 ===Episode_id 18 task_id 4 task_level=instance===
SR: True, SPL: 0.9013046858219441, Object category: couch, goal type: sequence===

Elapsed 12:03:43 [baseline] task_level=instance scene=00803-k1cupFYWXJ6 episode=18 task=4 sec=28.818
Elapsed 12:03:43 [BASELINE_LIVE_METRICS] rows=295 avg_sr=0.447458 avg_spl=0.257803 follower_error_count=7 levels=[object:n=56,sr=0.553571,spl=0.394174; room:n=79,sr=0.556962,spl=0.301950; region:n=91,sr=0.439560,spl=0.254306; instance:n=69,sr=0.246377,spl=0.101191] latest_scene=00803-k1cupFYWXJ6 latest_episode=18 latest_task=4 latest_level=instance by_level={"instance": {"avg_spl": 0.10119098441883821, "avg_sr": 0.2463768115942029, "count": 69}, "object": {"avg_spl": 0.3941738251464889, "avg_sr": 0.5535714285714286, "count": 56}, "region": {"avg_spl": 0.2543055943453655, "avg_sr": 0.43956043956043955, "count": 91}, "room": {"avg_spl": 0.3019502685192537, "avg_sr": 0.5569620253164557, "count": 79}}
Elapsed 12:03:43 [Metrics] sequence count: 295, invalid_count: 0, follower_error_count: 7, avg_sr: 0.447458, avg_spl: 0.257803

=== Episode ===: 19it [2:06:30, 377.76s/it][AElapsed 12:03:51 

Begin to process [00803-k1cupFYWXJ6_sequence_19_0] type: [instance], Question: [gray stone pedestal table with potted plant between purple patterned armchairs in hall with carved arch]

Elapsed 12:03:51 Current start position is [     5.3248     -14.923     0.37318]
Elapsed 12:08:56 ===Episode_id 19 task_id 0 task_level=instance===
SR: True, SPL: 0.18502451368257988, Object category: table, goal type: sequence===

Elapsed 12:08:56 [baseline] task_level=instance scene=00803-k1cupFYWXJ6 episode=19 task=0 sec=304.766
Elapsed 12:08:56 [BASELINE_LIVE_METRICS] rows=296 avg_sr=0.449324 avg_spl=0.257557 follower_error_count=7 levels=[object:n=56,sr=0.553571,spl=0.394174; room:n=79,sr=0.556962,spl=0.301950; region:n=91,sr=0.439560,spl=0.254306; instance:n=70,sr=0.257143,spl=0.102389] latest_scene=00803-k1cupFYWXJ6 latest_episode=19 latest_task=0 latest_level=instance by_level={"instance": {"avg_spl": 0.10238860626546309, "avg_sr": 0.2571428571428571, "count": 70}, "object": {"avg_spl": 0.3941738251464889, "avg_sr": 0.5535714285714286, "count": 56}, "region": {"avg_spl": 0.2543055943453655, "avg_sr": 0.43956043956043955, "count": 91}, "room": {"avg_spl": 0.3019502685192537, "avg_sr": 0.5569620253164557, "count": 79}}
Elapsed 12:08:56 

Begin to process [00803-k1cupFYWXJ6_sequence_19_1] type: [object], Question: [bin]

Elapsed 12:08:56 Current start position is [    -1.3578     -14.923     -2.6386]
Elapsed 12:09:23 ===Episode_id 19 task_id 1 task_level=object===
SR: False, SPL: 0.0, Object category: bin, goal type: sequence===

Elapsed 12:09:23 [baseline] task_level=object scene=00803-k1cupFYWXJ6 episode=19 task=1 sec=26.731
Elapsed 12:09:23 [BASELINE_LIVE_METRICS] rows=297 avg_sr=0.447811 avg_spl=0.256690 follower_error_count=7 levels=[object:n=57,sr=0.543860,spl=0.387258; room:n=79,sr=0.556962,spl=0.301950; region:n=91,sr=0.439560,spl=0.254306; instance:n=70,sr=0.257143,spl=0.102389] latest_scene=00803-k1cupFYWXJ6 latest_episode=19 latest_task=1 latest_level=object by_level={"instance": {"avg_spl": 0.10238860626546309, "avg_sr": 0.2571428571428571, "count": 70}, "object": {"avg_spl": 0.38725849488076103, "avg_sr": 0.543859649122807, "count": 57}, "region": {"avg_spl": 0.2543055943453655, "avg_sr": 0.43956043956043955, "count": 91}, "room": {"avg_spl": 0.3019502685192537, "avg_sr": 0.5569620253164557, "count": 79}}
Elapsed 12:09:23 

Begin to process [00803-k1cupFYWXJ6_sequence_19_2] type: [room], Question: [armchair in the hall]

Elapsed 12:09:23 Current start position is [    -1.4275     -14.923     -1.6123]
Elapsed 12:10:00 ===Episode_id 19 task_id 2 task_level=room===
SR: True, SPL: 0.16585111019078888, Object category: armchair, goal type: sequence===

Elapsed 12:10:00 [baseline] task_level=room scene=00803-k1cupFYWXJ6 episode=19 task=2 sec=36.739
Elapsed 12:10:00 [BASELINE_LIVE_METRICS] rows=298 avg_sr=0.449664 avg_spl=0.256385 follower_error_count=7 levels=[object:n=57,sr=0.543860,spl=0.387258; room:n=80,sr=0.562500,spl=0.300249; region:n=91,sr=0.439560,spl=0.254306; instance:n=70,sr=0.257143,spl=0.102389] latest_scene=00803-k1cupFYWXJ6 latest_episode=19 latest_task=2 latest_level=room by_level={"instance": {"avg_spl": 0.10238860626546309, "avg_sr": 0.2571428571428571, "count": 70}, "object": {"avg_spl": 0.38725849488076103, "avg_sr": 0.543859649122807, "count": 57}, "region": {"avg_spl": 0.2543055943453655, "avg_sr": 0.43956043956043955, "count": 91}, "room": {"avg_spl": 0.30024902904014794, "avg_sr": 0.5625, "count": 80}}
Elapsed 12:10:00 

Begin to process [00803-k1cupFYWXJ6_sequence_19_3] type: [region], Question: [bust in the hall that has beige patterned armchairs and round wooden table below colorful patterned ceiling]

Elapsed 12:10:00 Current start position is [    -1.3578     -14.923     -2.6386]
Elapsed 12:10:26 ===Episode_id 19 task_id 3 task_level=region===
SR: False, SPL: 0.0, Object category: bust, goal type: sequence===

Elapsed 12:10:26 [baseline] task_level=region scene=00803-k1cupFYWXJ6 episode=19 task=3 sec=26.117
Elapsed 12:10:26 [BASELINE_LIVE_METRICS] rows=299 avg_sr=0.448161 avg_spl=0.255527 follower_error_count=7 levels=[object:n=57,sr=0.543860,spl=0.387258; room:n=80,sr=0.562500,spl=0.300249; region:n=92,sr=0.434783,spl=0.251541; instance:n=70,sr=0.257143,spl=0.102389] latest_scene=00803-k1cupFYWXJ6 latest_episode=19 latest_task=3 latest_level=region by_level={"instance": {"avg_spl": 0.10238860626546309, "avg_sr": 0.2571428571428571, "count": 70}, "object": {"avg_spl": 0.38725849488076103, "avg_sr": 0.543859649122807, "count": 57}, "region": {"avg_spl": 0.2515414031024811, "avg_sr": 0.43478260869565216, "count": 92}, "room": {"avg_spl": 0.30024902904014794, "avg_sr": 0.5625, "count": 80}}
Elapsed 12:10:26 

Begin to process [00803-k1cupFYWXJ6_sequence_19_4] type: [instance], Question: [decorative plant in stone flowerpot between purple patterned armchairs near carved arch]

Elapsed 12:10:26 Current start position is [    -2.6427     -14.923     -10.516]
Elapsed 12:10:40 ===Episode_id 19 task_id 4 task_level=instance===
SR: True, SPL: 0.8678680434783907, Object category: decorative plant, goal type: sequence===

Elapsed 12:10:40 [baseline] task_level=instance scene=00803-k1cupFYWXJ6 episode=19 task=4 sec=14.126
Elapsed 12:10:40 [BASELINE_LIVE_METRICS] rows=300 avg_sr=0.450000 avg_spl=0.257568 follower_error_count=7 levels=[object:n=57,sr=0.543860,spl=0.387258; room:n=80,sr=0.562500,spl=0.300249; region:n=92,sr=0.434783,spl=0.251541; instance:n=71,sr=0.267606,spl=0.113170] latest_scene=00803-k1cupFYWXJ6 latest_episode=19 latest_task=4 latest_level=instance by_level={"instance": {"avg_spl": 0.11317000678958883, "avg_sr": 0.2676056338028169, "count": 71}, "object": {"avg_spl": 0.38725849488076103, "avg_sr": 0.543859649122807, "count": 57}, "region": {"avg_spl": 0.2515414031024811, "avg_sr": 0.43478260869565216, "count": 92}, "room": {"avg_spl": 0.30024902904014794, "avg_sr": 0.5625, "count": 80}}
Elapsed 12:10:40 [Metrics] sequence count: 300, invalid_count: 0, follower_error_count: 7, avg_sr: 0.450000, avg_spl: 0.257568

=== Episode ===: 20it [2:13:27, 389.56s/it][A=== Episode ===: 20it [2:13:27, 400.39s/it]
Elapsed 12:10:40 [Metrics] sequence count: 300, invalid_count: 0, follower_error_count: 7, avg_sr: 0.450000, avg_spl: 0.257568
*** Scene ***:  43%|####2     | 3/7 [12:10:29<14:26:21, 12995.34s/it]Elapsed 12:10:40 




*************************** Processing 00808-y9hTuugGdiq.json.gz, Total Episode 20 ***************************

=== Episode ===: 0it [00:00, ?it/s][AElapsed 12:10:51 

Begin to process [00808-y9hTuugGdiq_sequence_0_0] type: [instance], Question: [grey L-shaped fabric couch against teal wall near dining room with wood dining table and dark chairs]

Elapsed 12:10:51 Current start position is [    -9.5409     0.01139     -0.4328]
Elapsed 12:13:45 ===Episode_id 0 task_id 0 task_level=instance===
SR: True, SPL: 0.7311087070154513, Object category: couch, goal type: sequence===

Elapsed 12:13:45 [baseline] task_level=instance scene=00808-y9hTuugGdiq episode=0 task=0 sec=174.802
Elapsed 12:13:45 [BASELINE_LIVE_METRICS] rows=301 avg_sr=0.451827 avg_spl=0.259142 follower_error_count=7 levels=[object:n=57,sr=0.543860,spl=0.387258; room:n=80,sr=0.562500,spl=0.300249; region:n=92,sr=0.434783,spl=0.251541; instance:n=72,sr=0.277778,spl=0.121752] latest_scene=00808-y9hTuugGdiq latest_episode=0 latest_task=0 latest_level=instance by_level={"instance": {"avg_spl": 0.12175248873717025, "avg_sr": 0.2777777777777778, "count": 72}, "object": {"avg_spl": 0.38725849488076103, "avg_sr": 0.543859649122807, "count": 57}, "region": {"avg_spl": 0.2515414031024811, "avg_sr": 0.43478260869565216, "count": 92}, "room": {"avg_spl": 0.30024902904014794, "avg_sr": 0.5625, "count": 80}}
Elapsed 12:13:45 

Begin to process [00808-y9hTuugGdiq_sequence_0_1] type: [object], Question: [kitchen cabinet]

Elapsed 12:13:45 Current start position is [     6.2508    0.061391     0.25022]
Elapsed 12:14:13 ===Episode_id 0 task_id 1 task_level=object===
SR: True, SPL: 0.5059156885536137, Object category: kitchen cabinet, goal type: sequence===

Elapsed 12:14:13 [baseline] task_level=object scene=00808-y9hTuugGdiq episode=0 task=1 sec=27.733
Elapsed 12:14:13 [BASELINE_LIVE_METRICS] rows=302 avg_sr=0.453642 avg_spl=0.259959 follower_error_count=7 levels=[object:n=58,sr=0.551724,spl=0.389304; room:n=80,sr=0.562500,spl=0.300249; region:n=92,sr=0.434783,spl=0.251541; instance:n=72,sr=0.277778,spl=0.121752] latest_scene=00808-y9hTuugGdiq latest_episode=0 latest_task=1 latest_level=object by_level={"instance": {"avg_spl": 0.12175248873717025, "avg_sr": 0.2777777777777778, "count": 72}, "object": {"avg_spl": 0.38930430856477577, "avg_sr": 0.5517241379310345, "count": 58}, "region": {"avg_spl": 0.2515414031024811, "avg_sr": 0.43478260869565216, "count": 92}, "room": {"avg_spl": 0.30024902904014794, "avg_sr": 0.5625, "count": 80}}
Elapsed 12:14:13 

Begin to process [00808-y9hTuugGdiq_sequence_0_2] type: [room], Question: [cabinet in the living room]

Elapsed 12:14:13 Current start position is [     -1.211    0.011391      4.9411]
Elapsed 12:14:44 ===Episode_id 0 task_id 2 task_level=room===
SR: True, SPL: 0.8015574687872571, Object category: cabinet, goal type: sequence===

Elapsed 12:14:44 [baseline] task_level=room scene=00808-y9hTuugGdiq episode=0 task=2 sec=31.033
Elapsed 12:14:44 [BASELINE_LIVE_METRICS] rows=303 avg_sr=0.455446 avg_spl=0.261746 follower_error_count=7 levels=[object:n=58,sr=0.551724,spl=0.389304; room:n=81,sr=0.567901,spl=0.306438; region:n=92,sr=0.434783,spl=0.251541; instance:n=72,sr=0.277778,spl=0.121752] latest_scene=00808-y9hTuugGdiq latest_episode=0 latest_task=2 latest_level=room by_level={"instance": {"avg_spl": 0.12175248873717025, "avg_sr": 0.2777777777777778, "count": 72}, "object": {"avg_spl": 0.38930430856477577, "avg_sr": 0.5517241379310345, "count": 58}, "region": {"avg_spl": 0.2515414031024811, "avg_sr": 0.43478260869565216, "count": 92}, "room": {"avg_spl": 0.30643802212344556, "avg_sr": 0.5679012345679012, "count": 81}}
Elapsed 12:14:44 

Begin to process [00808-y9hTuugGdiq_sequence_0_3] type: [object], Question: [dresser]

Elapsed 12:14:44 Current start position is [     1.8952    0.040814      1.7427]
Elapsed 12:15:23 ===Episode_id 0 task_id 3 task_level=object===
SR: False, SPL: 0.0, Object category: dresser, goal type: sequence===

Elapsed 12:15:23 [baseline] task_level=object scene=00808-y9hTuugGdiq episode=0 task=3 sec=39.183
Elapsed 12:15:23 [BASELINE_LIVE_METRICS] rows=304 avg_sr=0.453947 avg_spl=0.260885 follower_error_count=7 levels=[object:n=59,sr=0.542373,spl=0.382706; room:n=81,sr=0.567901,spl=0.306438; region:n=92,sr=0.434783,spl=0.251541; instance:n=72,sr=0.277778,spl=0.121752] latest_scene=00808-y9hTuugGdiq latest_episode=0 latest_task=3 latest_level=object by_level={"instance": {"avg_spl": 0.12175248873717025, "avg_sr": 0.2777777777777778, "count": 72}, "object": {"avg_spl": 0.38270593045350837, "avg_sr": 0.5423728813559322, "count": 59}, "region": {"avg_spl": 0.2515414031024811, "avg_sr": 0.43478260869565216, "count": 92}, "room": {"avg_spl": 0.30643802212344556, "avg_sr": 0.5679012345679012, "count": 81}}
Elapsed 12:15:23 

Begin to process [00808-y9hTuugGdiq_sequence_0_4] type: [region], Question: [refrigerator cabinet in the kitchen that has dark wood kitchen cabinets with light marble countertop and black stove, two-slot toaster, microwave above hanging knives, coffee maker, stainless refrigerator, and built-in black oven by stainless trash can]

Elapsed 12:15:23 Current start position is [   -0.64473    0.011391    -0.49074]
Elapsed 12:16:00 ===Episode_id 0 task_id 4 task_level=region===
SR: False, SPL: 0.0, Object category: refrigerator cabinet, goal type: sequence===

Elapsed 12:16:00 [baseline] task_level=region scene=00808-y9hTuugGdiq episode=0 task=4 sec=36.095
Elapsed 12:16:00 [BASELINE_LIVE_METRICS] rows=305 avg_sr=0.452459 avg_spl=0.260030 follower_error_count=7 levels=[object:n=59,sr=0.542373,spl=0.382706; room:n=81,sr=0.567901,spl=0.306438; region:n=93,sr=0.430108,spl=0.248837; instance:n=72,sr=0.277778,spl=0.121752] latest_scene=00808-y9hTuugGdiq latest_episode=0 latest_task=4 latest_level=region by_level={"instance": {"avg_spl": 0.12175248873717025, "avg_sr": 0.2777777777777778, "count": 72}, "object": {"avg_spl": 0.38270593045350837, "avg_sr": 0.5423728813559322, "count": 59}, "region": {"avg_spl": 0.24883665683256193, "avg_sr": 0.43010752688172044, "count": 93}, "room": {"avg_spl": 0.30643802212344556, "avg_sr": 0.5679012345679012, "count": 81}}
Elapsed 12:16:00 [Metrics] sequence count: 305, invalid_count: 0, follower_error_count: 7, avg_sr: 0.452459, avg_spl: 0.260030

=== Episode ===: 1it [05:19, 319.62s/it][AElapsed 12:16:09 

Begin to process [00808-y9hTuugGdiq_sequence_1_0] type: [instance], Question: [empty white marble coffee table on gray rug beside gray couch near teal wall]

Elapsed 12:16:09 Current start position is [    -2.9642     0.01139    -0.41679]
Elapsed 12:19:12 ===Episode_id 1 task_id 0 task_level=instance===
SR: False, SPL: 0.0, Object category: coffee table, goal type: sequence===

Elapsed 12:19:12 [baseline] task_level=instance scene=00808-y9hTuugGdiq episode=1 task=0 sec=183.239
Elapsed 12:19:13 [BASELINE_LIVE_METRICS] rows=306 avg_sr=0.450980 avg_spl=0.259180 follower_error_count=7 levels=[object:n=59,sr=0.542373,spl=0.382706; room:n=81,sr=0.567901,spl=0.306438; region:n=93,sr=0.430108,spl=0.248837; instance:n=73,sr=0.273973,spl=0.120085] latest_scene=00808-y9hTuugGdiq latest_episode=1 latest_task=0 latest_level=instance by_level={"instance": {"avg_spl": 0.12008464642570216, "avg_sr": 0.273972602739726, "count": 73}, "object": {"avg_spl": 0.38270593045350837, "avg_sr": 0.5423728813559322, "count": 59}, "region": {"avg_spl": 0.24883665683256193, "avg_sr": 0.43010752688172044, "count": 93}, "room": {"avg_spl": 0.30643802212344556, "avg_sr": 0.5679012345679012, "count": 81}}
Elapsed 12:19:13 

Begin to process [00808-y9hTuugGdiq_sequence_1_1] type: [object], Question: [bathtub platform]

Elapsed 12:19:13 Current start position is [     5.9286    0.040064      3.9345]
Elapsed 12:24:04 ===Episode_id 1 task_id 1 task_level=object===
SR: True, SPL: 0.6352146729159978, Object category: bathtub platform, goal type: sequence===

Elapsed 12:24:04 [baseline] task_level=object scene=00808-y9hTuugGdiq episode=1 task=1 sec=291.796
Elapsed 12:24:04 [BASELINE_LIVE_METRICS] rows=307 avg_sr=0.452769 avg_spl=0.260405 follower_error_count=7 levels=[object:n=60,sr=0.550000,spl=0.386914; room:n=81,sr=0.567901,spl=0.306438; region:n=93,sr=0.430108,spl=0.248837; instance:n=73,sr=0.273973,spl=0.120085] latest_scene=00808-y9hTuugGdiq latest_episode=1 latest_task=1 latest_level=object by_level={"instance": {"avg_spl": 0.12008464642570216, "avg_sr": 0.273972602739726, "count": 73}, "object": {"avg_spl": 0.38691440949454986, "avg_sr": 0.55, "count": 60}, "region": {"avg_spl": 0.24883665683256193, "avg_sr": 0.43010752688172044, "count": 93}, "room": {"avg_spl": 0.30643802212344556, "avg_sr": 0.5679012345679012, "count": 81}}
Elapsed 12:24:04 

Begin to process [00808-y9hTuugGdiq_sequence_1_2] type: [object], Question: [fan]

Elapsed 12:24:04 Current start position is [    -11.614    0.027487      5.2504]
Elapsed 12:24:52 ===Episode_id 1 task_id 2 task_level=object===
SR: False, SPL: 0.0, Object category: fan, goal type: sequence===

Elapsed 12:24:52 [baseline] task_level=object scene=00808-y9hTuugGdiq episode=1 task=2 sec=48.046
Elapsed 12:24:52 [BASELINE_LIVE_METRICS] rows=308 avg_sr=0.451299 avg_spl=0.259560 follower_error_count=7 levels=[object:n=61,sr=0.540984,spl=0.380572; room:n=81,sr=0.567901,spl=0.306438; region:n=93,sr=0.430108,spl=0.248837; instance:n=73,sr=0.273973,spl=0.120085] latest_scene=00808-y9hTuugGdiq latest_episode=1 latest_task=2 latest_level=object by_level={"instance": {"avg_spl": 0.12008464642570216, "avg_sr": 0.273972602739726, "count": 73}, "object": {"avg_spl": 0.38057155032250806, "avg_sr": 0.5409836065573771, "count": 61}, "region": {"avg_spl": 0.24883665683256193, "avg_sr": 0.43010752688172044, "count": 93}, "room": {"avg_spl": 0.30643802212344556, "avg_sr": 0.5679012345679012, "count": 81}}
Elapsed 12:24:52 

Begin to process [00808-y9hTuugGdiq_sequence_1_3] type: [object], Question: [side table]

Elapsed 12:24:52 Current start position is [     2.1621    0.061391      0.7597]
Elapsed 12:25:37 ===Episode_id 1 task_id 3 task_level=object===
SR: False, SPL: 0.0, Object category: side table, goal type: sequence===

Elapsed 12:25:37 [baseline] task_level=object scene=00808-y9hTuugGdiq episode=1 task=3 sec=44.375
Elapsed 12:25:37 [BASELINE_LIVE_METRICS] rows=309 avg_sr=0.449838 avg_spl=0.258720 follower_error_count=7 levels=[object:n=62,sr=0.532258,spl=0.374433; room:n=81,sr=0.567901,spl=0.306438; region:n=93,sr=0.430108,spl=0.248837; instance:n=73,sr=0.273973,spl=0.120085] latest_scene=00808-y9hTuugGdiq latest_episode=1 latest_task=3 latest_level=object by_level={"instance": {"avg_spl": 0.12008464642570216, "avg_sr": 0.273972602739726, "count": 73}, "object": {"avg_spl": 0.3744332995108547, "avg_sr": 0.532258064516129, "count": 62}, "region": {"avg_spl": 0.24883665683256193, "avg_sr": 0.43010752688172044, "count": 93}, "room": {"avg_spl": 0.30643802212344556, "avg_sr": 0.5679012345679012, "count": 81}}
Elapsed 12:25:37 

Begin to process [00808-y9hTuugGdiq_sequence_1_4] type: [region], Question: [dishwasher in the kitchen that has dark wood kitchen cabinets with light marble countertop and black stove, two-slot toaster, microwave above hanging knives, coffee maker, stainless refrigerator, and built-in black oven by stainless trash can]

Elapsed 12:25:37 Current start position is [      -7.45    0.011391    -0.60225]
Elapsed 12:26:23 ===Episode_id 1 task_id 4 task_level=region===
SR: False, SPL: 0.0, Object category: dishwasher, goal type: sequence===

Elapsed 12:26:23 [baseline] task_level=region scene=00808-y9hTuugGdiq episode=1 task=4 sec=45.914
Elapsed 12:26:23 [BASELINE_LIVE_METRICS] rows=310 avg_sr=0.448387 avg_spl=0.257885 follower_error_count=7 levels=[object:n=62,sr=0.532258,spl=0.374433; room:n=81,sr=0.567901,spl=0.306438; region:n=94,sr=0.425532,spl=0.246189; instance:n=73,sr=0.273973,spl=0.120085] latest_scene=00808-y9hTuugGdiq latest_episode=1 latest_task=4 latest_level=region by_level={"instance": {"avg_spl": 0.12008464642570216, "avg_sr": 0.273972602739726, "count": 73}, "object": {"avg_spl": 0.3744332995108547, "avg_sr": 0.532258064516129, "count": 62}, "region": {"avg_spl": 0.24618945835561978, "avg_sr": 0.425531914893617, "count": 94}, "room": {"avg_spl": 0.30643802212344556, "avg_sr": 0.5679012345679012, "count": 81}}
Elapsed 12:26:23 [Metrics] sequence count: 310, invalid_count: 0, follower_error_count: 7, avg_sr: 0.448387, avg_spl: 0.257885

=== Episode ===: 2it [15:42, 498.17s/it][AElapsed 12:26:34 

Begin to process [00808-y9hTuugGdiq_sequence_2_0] type: [instance], Question: [black amplifier under sculpture in Tie: Dining room & Living room that has gray couch and white rectangular coffee table near teal wall and decorative fireplace below wall-mounted TV]

Elapsed 12:26:34 Current start position is [    -2.9893     0.06139      2.8618]
Elapsed 12:28:53 ===Episode_id 2 task_id 0 task_level=instance===
SR: False, SPL: 0.0, Object category: amplifier, goal type: sequence===

Elapsed 12:28:53 [baseline] task_level=instance scene=00808-y9hTuugGdiq episode=2 task=0 sec=138.880
Elapsed 12:28:53 [BASELINE_LIVE_METRICS] rows=311 avg_sr=0.446945 avg_spl=0.257056 follower_error_count=7 levels=[object:n=62,sr=0.532258,spl=0.374433; room:n=81,sr=0.567901,spl=0.306438; region:n=94,sr=0.425532,spl=0.246189; instance:n=74,sr=0.270270,spl=0.118462] latest_scene=00808-y9hTuugGdiq latest_episode=2 latest_task=0 latest_level=instance by_level={"instance": {"avg_spl": 0.11846188093346295, "avg_sr": 0.2702702702702703, "count": 74}, "object": {"avg_spl": 0.3744332995108547, "avg_sr": 0.532258064516129, "count": 62}, "region": {"avg_spl": 0.24618945835561978, "avg_sr": 0.425531914893617, "count": 94}, "room": {"avg_spl": 0.30643802212344556, "avg_sr": 0.5679012345679012, "count": 81}}
Elapsed 12:28:53 

Begin to process [00808-y9hTuugGdiq_sequence_2_1] type: [region], Question: [bin in the laundry room that has washer-dryer with black bin under dark wood cabinets, vacuum cleaner and fire extinguisher beside dark cabinet]

Elapsed 12:28:53 Current start position is [     5.6947    0.022766      4.7398]
Elapsed 12:31:42 ===Episode_id 2 task_id 1 task_level=region===
SR: False, SPL: 0.0, Object category: bin, goal type: sequence===

Elapsed 12:31:42 [baseline] task_level=region scene=00808-y9hTuugGdiq episode=2 task=1 sec=169.055
Elapsed 12:31:42 [BASELINE_LIVE_METRICS] rows=312 avg_sr=0.445513 avg_spl=0.256232 follower_error_count=7 levels=[object:n=62,sr=0.532258,spl=0.374433; room:n=81,sr=0.567901,spl=0.306438; region:n=95,sr=0.421053,spl=0.243598; instance:n=74,sr=0.270270,spl=0.118462] latest_scene=00808-y9hTuugGdiq latest_episode=2 latest_task=1 latest_level=region by_level={"instance": {"avg_spl": 0.11846188093346295, "avg_sr": 0.2702702702702703, "count": 74}, "object": {"avg_spl": 0.3744332995108547, "avg_sr": 0.532258064516129, "count": 62}, "region": {"avg_spl": 0.24359799037292906, "avg_sr": 0.42105263157894735, "count": 95}, "room": {"avg_spl": 0.30643802212344556, "avg_sr": 0.5679012345679012, "count": 81}}
Elapsed 12:31:42 

Begin to process [00808-y9hTuugGdiq_sequence_2_2] type: [region], Question: [fire screen in the tie: dining room & living room that has gray couch and white rectangular coffee table near teal wall, decorative fireplace below wall-mounted TV, long wood dining table with dark chairs, wine glass rack with hanging glasses]

Elapsed 12:31:42 Current start position is [    -3.5184    0.011391      4.6801]
Elapsed 12:32:17 ===Episode_id 2 task_id 2 task_level=region===
SR: True, SPL: 0.8663195034538783, Object category: fire screen, goal type: sequence===

Elapsed 12:32:17 [baseline] task_level=region scene=00808-y9hTuugGdiq episode=2 task=2 sec=34.976
Elapsed 12:32:17 [BASELINE_LIVE_METRICS] rows=313 avg_sr=0.447284 avg_spl=0.258181 follower_error_count=7 levels=[object:n=62,sr=0.532258,spl=0.374433; room:n=81,sr=0.567901,spl=0.306438; region:n=96,sr=0.427083,spl=0.250085; instance:n=74,sr=0.270270,spl=0.118462] latest_scene=00808-y9hTuugGdiq latest_episode=2 latest_task=2 latest_level=region by_level={"instance": {"avg_spl": 0.11846188093346295, "avg_sr": 0.2702702702702703, "count": 74}, "object": {"avg_spl": 0.3744332995108547, "avg_sr": 0.532258064516129, "count": 62}, "region": {"avg_spl": 0.2500846728008556, "avg_sr": 0.4270833333333333, "count": 96}, "room": {"avg_spl": 0.30643802212344556, "avg_sr": 0.5679012345679012, "count": 81}}
Elapsed 12:32:17 

Begin to process [00808-y9hTuugGdiq_sequence_2_3] type: [room], Question: [cabinet in the living room]

Elapsed 12:32:17 Current start position is [     5.7022    0.020296      4.6454]
Elapsed 12:32:54 ===Episode_id 2 task_id 3 task_level=room===
SR: False, SPL: 0.0, Object category: cabinet, goal type: sequence===

Elapsed 12:32:54 [baseline] task_level=room scene=00808-y9hTuugGdiq episode=2 task=3 sec=36.760
Elapsed 12:32:54 [BASELINE_LIVE_METRICS] rows=314 avg_sr=0.445860 avg_spl=0.257359 follower_error_count=7 levels=[object:n=62,sr=0.532258,spl=0.374433; room:n=82,sr=0.560976,spl=0.302701; region:n=96,sr=0.427083,spl=0.250085; instance:n=74,sr=0.270270,spl=0.118462] latest_scene=00808-y9hTuugGdiq latest_episode=2 latest_task=3 latest_level=room by_level={"instance": {"avg_spl": 0.11846188093346295, "avg_sr": 0.2702702702702703, "count": 74}, "object": {"avg_spl": 0.3744332995108547, "avg_sr": 0.532258064516129, "count": 62}, "region": {"avg_spl": 0.2500846728008556, "avg_sr": 0.4270833333333333, "count": 96}, "room": {"avg_spl": 0.3027009730731597, "avg_sr": 0.5609756097560976, "count": 82}}
Elapsed 12:32:54 

Begin to process [00808-y9hTuugGdiq_sequence_2_4] type: [region], Question: [flowerpot in the bedroom that has bed with white bedding and red pillows, mirrored closet doors, abstract art above dark wood dresser, white curtain next to leafy plant]

Elapsed 12:32:54 Current start position is [    -3.1001    0.011391      4.6959]
Elapsed 12:34:30 ===Episode_id 2 task_id 4 task_level=region===
SR: False, SPL: 0.0, Object category: flowerpot, goal type: sequence===

Elapsed 12:34:30 [baseline] task_level=region scene=00808-y9hTuugGdiq episode=2 task=4 sec=95.872
Elapsed 12:34:30 [BASELINE_LIVE_METRICS] rows=315 avg_sr=0.444444 avg_spl=0.256542 follower_error_count=7 levels=[object:n=62,sr=0.532258,spl=0.374433; room:n=82,sr=0.560976,spl=0.302701; region:n=97,sr=0.422680,spl=0.247506; instance:n=74,sr=0.270270,spl=0.118462] latest_scene=00808-y9hTuugGdiq latest_episode=2 latest_task=4 latest_level=region by_level={"instance": {"avg_spl": 0.11846188093346295, "avg_sr": 0.2702702702702703, "count": 74}, "object": {"avg_spl": 0.3744332995108547, "avg_sr": 0.532258064516129, "count": 62}, "region": {"avg_spl": 0.247506480297754, "avg_sr": 0.422680412371134, "count": 97}, "room": {"avg_spl": 0.3027009730731597, "avg_sr": 0.5609756097560976, "count": 82}}
Elapsed 12:34:30 [Metrics] sequence count: 315, invalid_count: 0, follower_error_count: 7, avg_sr: 0.444444, avg_spl: 0.256542

=== Episode ===: 3it [23:49, 493.04s/it][AElapsed 12:34:39 

Begin to process [00808-y9hTuugGdiq_sequence_3_0] type: [instance], Question: [dark gray statue row on wood console in living room with gray couch and white rectangular coffee table near teal wall, and decorative fireplace below wall-mounted TV]

Elapsed 12:34:39 Current start position is [    -11.865     0.01139    -0.32759]
Elapsed 12:39:28 ===Episode_id 3 task_id 0 task_level=instance===
SR: False, SPL: 0.0, Object category: statue, goal type: sequence===

Elapsed 12:39:28 [baseline] task_level=instance scene=00808-y9hTuugGdiq episode=3 task=0 sec=288.549
Elapsed 12:39:28 [BASELINE_LIVE_METRICS] rows=316 avg_sr=0.443038 avg_spl=0.255730 follower_error_count=7 levels=[object:n=62,sr=0.532258,spl=0.374433; room:n=82,sr=0.560976,spl=0.302701; region:n=97,sr=0.422680,spl=0.247506; instance:n=75,sr=0.266667,spl=0.116882] latest_scene=00808-y9hTuugGdiq latest_episode=3 latest_task=0 latest_level=instance by_level={"instance": {"avg_spl": 0.11688238918768344, "avg_sr": 0.26666666666666666, "count": 75}, "object": {"avg_spl": 0.3744332995108547, "avg_sr": 0.532258064516129, "count": 62}, "region": {"avg_spl": 0.247506480297754, "avg_sr": 0.422680412371134, "count": 97}, "room": {"avg_spl": 0.3027009730731597, "avg_sr": 0.5609756097560976, "count": 82}}
Elapsed 12:39:28 

Begin to process [00808-y9hTuugGdiq_sequence_3_1] type: [object], Question: [ice maker]

Elapsed 12:39:28 Current start position is [       5.75    0.027542      4.7647]
Elapsed 12:40:04 ===Episode_id 3 task_id 1 task_level=object===
SR: False, SPL: 0.0, Object category: ice maker, goal type: sequence===

Elapsed 12:40:04 [baseline] task_level=object scene=00808-y9hTuugGdiq episode=3 task=1 sec=36.421
Elapsed 12:40:04 [BASELINE_LIVE_METRICS] rows=317 avg_sr=0.441640 avg_spl=0.254923 follower_error_count=7 levels=[object:n=63,sr=0.523810,spl=0.368490; room:n=82,sr=0.560976,spl=0.302701; region:n=97,sr=0.422680,spl=0.247506; instance:n=75,sr=0.266667,spl=0.116882] latest_scene=00808-y9hTuugGdiq latest_episode=3 latest_task=1 latest_level=object by_level={"instance": {"avg_spl": 0.11688238918768344, "avg_sr": 0.26666666666666666, "count": 75}, "object": {"avg_spl": 0.36848991380433316, "avg_sr": 0.5238095238095238, "count": 63}, "region": {"avg_spl": 0.247506480297754, "avg_sr": 0.422680412371134, "count": 97}, "room": {"avg_spl": 0.3027009730731597, "avg_sr": 0.5609756097560976, "count": 82}}
Elapsed 12:40:04 

Begin to process [00808-y9hTuugGdiq_sequence_3_2] type: [room], Question: [bathroom counter in the bathroom]

Elapsed 12:40:04 Current start position is [     7.6824    0.045579      4.6452]
Elapsed 12:40:47 ===Episode_id 3 task_id 2 task_level=room===
SR: True, SPL: 0.6239223718254647, Object category: bathroom counter, goal type: sequence===

Elapsed 12:40:47 [baseline] task_level=room scene=00808-y9hTuugGdiq episode=3 task=2 sec=42.596
Elapsed 12:40:47 [BASELINE_LIVE_METRICS] rows=318 avg_sr=0.443396 avg_spl=0.256084 follower_error_count=7 levels=[object:n=63,sr=0.523810,spl=0.368490; room:n=83,sr=0.566265,spl=0.306571; region:n=97,sr=0.422680,spl=0.247506; instance:n=75,sr=0.266667,spl=0.116882] latest_scene=00808-y9hTuugGdiq latest_episode=3 latest_task=2 latest_level=room by_level={"instance": {"avg_spl": 0.11688238918768344, "avg_sr": 0.26666666666666666, "count": 75}, "object": {"avg_spl": 0.36848991380433316, "avg_sr": 0.5238095238095238, "count": 63}, "region": {"avg_spl": 0.247506480297754, "avg_sr": 0.422680412371134, "count": 97}, "room": {"avg_spl": 0.30657111040752477, "avg_sr": 0.5662650602409639, "count": 83}}
Elapsed 12:40:47 

Begin to process [00808-y9hTuugGdiq_sequence_3_3] type: [region], Question: [coffee table in the tie: dining room & living room that has gray couch and white rectangular coffee table near teal wall, decorative fireplace below wall-mounted TV, long wood dining table with dark chairs, wine glass rack with hanging glasses]

Elapsed 12:40:47 Current start position is [    -11.817    0.061391      4.7127]
Elapsed 12:41:26 ===Episode_id 3 task_id 3 task_level=region===
SR: True, SPL: 0.8234456056675373, Object category: coffee table, goal type: sequence===

Elapsed 12:41:26 [baseline] task_level=region scene=00808-y9hTuugGdiq episode=3 task=3 sec=39.546
Elapsed 12:41:27 [BASELINE_LIVE_METRICS] rows=319 avg_sr=0.445141 avg_spl=0.257862 follower_error_count=7 levels=[object:n=63,sr=0.523810,spl=0.368490; room:n=83,sr=0.566265,spl=0.306571; region:n=98,sr=0.428571,spl=0.253383; instance:n=75,sr=0.266667,spl=0.116882] latest_scene=00808-y9hTuugGdiq latest_episode=3 latest_task=3 latest_level=region by_level={"instance": {"avg_spl": 0.11688238918768344, "avg_sr": 0.26666666666666666, "count": 75}, "object": {"avg_spl": 0.36848991380433316, "avg_sr": 0.5238095238095238, "count": 63}, "region": {"avg_spl": 0.25338341014846605, "avg_sr": 0.42857142857142855, "count": 98}, "room": {"avg_spl": 0.30657111040752477, "avg_sr": 0.5662650602409639, "count": 83}}
Elapsed 12:41:27 

Begin to process [00808-y9hTuugGdiq_sequence_3_4] type: [region], Question: [oven in the kitchen that has dark wood kitchen cabinets with light marble countertop and black stove, two-slot toaster, microwave above hanging knives, coffee maker, stainless refrigerator, and built-in black oven by stainless trash can]

Elapsed 12:41:27 Current start position is [     6.1883    0.061391     0.30301]
Elapsed 12:42:17 ===Episode_id 3 task_id 4 task_level=region===
SR: True, SPL: 0.8887183205531676, Object category: oven, goal type: sequence===

Elapsed 12:42:17 [baseline] task_level=region scene=00808-y9hTuugGdiq episode=3 task=4 sec=50.537
Elapsed 12:42:17 [BASELINE_LIVE_METRICS] rows=320 avg_sr=0.446875 avg_spl=0.259834 follower_error_count=7 levels=[object:n=63,sr=0.523810,spl=0.368490; room:n=83,sr=0.566265,spl=0.306571; region:n=99,sr=0.434343,spl=0.259801; instance:n=75,sr=0.266667,spl=0.116882] latest_scene=00808-y9hTuugGdiq latest_episode=3 latest_task=4 latest_level=region by_level={"instance": {"avg_spl": 0.11688238918768344, "avg_sr": 0.26666666666666666, "count": 75}, "object": {"avg_spl": 0.36848991380433316, "avg_sr": 0.5238095238095238, "count": 63}, "region": {"avg_spl": 0.2598009344959883, "avg_sr": 0.43434343434343436, "count": 99}, "room": {"avg_spl": 0.30657111040752477, "avg_sr": 0.5662650602409639, "count": 83}}
Elapsed 12:42:17 [Metrics] sequence count: 320, invalid_count: 0, follower_error_count: 7, avg_sr: 0.446875, avg_spl: 0.259834

=== Episode ===: 4it [31:37, 482.91s/it][AElapsed 12:42:28 

Begin to process [00808-y9hTuugGdiq_sequence_4_0] type: [instance], Question: [black stereo components under sculpture in dining room and living room with dining table and gray couch and white rectangular coffee table near teal wall]

Elapsed 12:42:28 Current start position is [    -5.0138     0.01139     0.67815]
Elapsed 12:46:25 ===Episode_id 4 task_id 0 task_level=instance===
SR: False, SPL: 0.0, Object category: stereo, goal type: sequence===

Elapsed 12:46:25 [baseline] task_level=instance scene=00808-y9hTuugGdiq episode=4 task=0 sec=236.537
Elapsed 12:46:25 [BASELINE_LIVE_METRICS] rows=321 avg_sr=0.445483 avg_spl=0.259024 follower_error_count=7 levels=[object:n=63,sr=0.523810,spl=0.368490; room:n=83,sr=0.566265,spl=0.306571; region:n=99,sr=0.434343,spl=0.259801; instance:n=76,sr=0.263158,spl=0.115344] latest_scene=00808-y9hTuugGdiq latest_episode=4 latest_task=0 latest_level=instance by_level={"instance": {"avg_spl": 0.11534446301416129, "avg_sr": 0.2631578947368421, "count": 76}, "object": {"avg_spl": 0.36848991380433316, "avg_sr": 0.5238095238095238, "count": 63}, "region": {"avg_spl": 0.2598009344959883, "avg_sr": 0.43434343434343436, "count": 99}, "room": {"avg_spl": 0.30657111040752477, "avg_sr": 0.5662650602409639, "count": 83}}
Elapsed 12:46:25 

Begin to process [00808-y9hTuugGdiq_sequence_4_1] type: [room], Question: [washer-dryer in the laundry room]

Elapsed 12:46:25 Current start position is [     5.8487    0.013362      2.4526]
Elapsed 12:47:09 ===Episode_id 4 task_id 1 task_level=room===
SR: True, SPL: 0.8943251056873764, Object category: washer-dryer, goal type: sequence===

Elapsed 12:47:09 [baseline] task_level=room scene=00808-y9hTuugGdiq episode=4 task=1 sec=44.385
Elapsed 12:47:09 [BASELINE_LIVE_METRICS] rows=322 avg_sr=0.447205 avg_spl=0.260997 follower_error_count=7 levels=[object:n=63,sr=0.523810,spl=0.368490; room:n=84,sr=0.571429,spl=0.313568; region:n=99,sr=0.434343,spl=0.259801; instance:n=76,sr=0.263158,spl=0.115344] latest_scene=00808-y9hTuugGdiq latest_episode=4 latest_task=1 latest_level=room by_level={"instance": {"avg_spl": 0.11534446301416129, "avg_sr": 0.2631578947368421, "count": 76}, "object": {"avg_spl": 0.36848991380433316, "avg_sr": 0.5238095238095238, "count": 63}, "region": {"avg_spl": 0.2598009344959883, "avg_sr": 0.43434343434343436, "count": 99}, "room": {"avg_spl": 0.313568181779904, "avg_sr": 0.5714285714285714, "count": 84}}
Elapsed 12:47:09 

Begin to process [00808-y9hTuugGdiq_sequence_4_2] type: [room], Question: [picture in the living room]

Elapsed 12:47:09 Current start position is [    -3.5764    0.011391      4.7502]
Elapsed 12:47:39 ===Episode_id 4 task_id 2 task_level=room===
SR: False, SPL: 0.0, Object category: picture, goal type: sequence===

Elapsed 12:47:39 [baseline] task_level=room scene=00808-y9hTuugGdiq episode=4 task=2 sec=30.366
Elapsed 12:47:39 [BASELINE_LIVE_METRICS] rows=323 avg_sr=0.445820 avg_spl=0.260189 follower_error_count=7 levels=[object:n=63,sr=0.523810,spl=0.368490; room:n=85,sr=0.564706,spl=0.309879; region:n=99,sr=0.434343,spl=0.259801; instance:n=76,sr=0.263158,spl=0.115344] latest_scene=00808-y9hTuugGdiq latest_episode=4 latest_task=2 latest_level=room by_level={"instance": {"avg_spl": 0.11534446301416129, "avg_sr": 0.2631578947368421, "count": 76}, "object": {"avg_spl": 0.36848991380433316, "avg_sr": 0.5238095238095238, "count": 63}, "region": {"avg_spl": 0.2598009344959883, "avg_sr": 0.43434343434343436, "count": 99}, "room": {"avg_spl": 0.3098791443471992, "avg_sr": 0.5647058823529412, "count": 85}}
Elapsed 12:47:39 

Begin to process [00808-y9hTuugGdiq_sequence_4_3] type: [room], Question: [bath sink in the bathroom]

Elapsed 12:47:39 Current start position is [    -6.7625    0.061391      3.1381]
Elapsed 12:49:09 ===Episode_id 4 task_id 3 task_level=room===
SR: True, SPL: 0.8827277353563553, Object category: bath sink, goal type: sequence===

Elapsed 12:49:09 [baseline] task_level=room scene=00808-y9hTuugGdiq episode=4 task=3 sec=90.022
Elapsed 12:49:09 [BASELINE_LIVE_METRICS] rows=324 avg_sr=0.447531 avg_spl=0.262110 follower_error_count=7 levels=[object:n=63,sr=0.523810,spl=0.368490; room:n=86,sr=0.569767,spl=0.316540; region:n=99,sr=0.434343,spl=0.259801; instance:n=76,sr=0.263158,spl=0.115344] latest_scene=00808-y9hTuugGdiq latest_episode=4 latest_task=3 latest_level=room by_level={"instance": {"avg_spl": 0.11534446301416129, "avg_sr": 0.2631578947368421, "count": 76}, "object": {"avg_spl": 0.36848991380433316, "avg_sr": 0.5238095238095238, "count": 63}, "region": {"avg_spl": 0.2598009344959883, "avg_sr": 0.43434343434343436, "count": 99}, "room": {"avg_spl": 0.31654017447521265, "avg_sr": 0.5697674418604651, "count": 86}}
Elapsed 12:49:09 

Begin to process [00808-y9hTuugGdiq_sequence_4_4] type: [room], Question: [coffee table in the dining room]

Elapsed 12:49:09 Current start position is [    -5.4803    0.011391      4.6426]
Elapsed 12:49:48 ===Episode_id 4 task_id 4 task_level=room===
SR: False, SPL: 0.0, Object category: coffee table, goal type: sequence===

Elapsed 12:49:48 [baseline] task_level=room scene=00808-y9hTuugGdiq episode=4 task=4 sec=38.890
Elapsed 12:49:48 [BASELINE_LIVE_METRICS] rows=325 avg_sr=0.446154 avg_spl=0.261304 follower_error_count=7 levels=[object:n=63,sr=0.523810,spl=0.368490; room:n=87,sr=0.563218,spl=0.312902; region:n=99,sr=0.434343,spl=0.259801; instance:n=76,sr=0.263158,spl=0.115344] latest_scene=00808-y9hTuugGdiq latest_episode=4 latest_task=4 latest_level=room by_level={"instance": {"avg_spl": 0.11534446301416129, "avg_sr": 0.2631578947368421, "count": 76}, "object": {"avg_spl": 0.36848991380433316, "avg_sr": 0.5238095238095238, "count": 63}, "region": {"avg_spl": 0.2598009344959883, "avg_sr": 0.43434343434343436, "count": 99}, "room": {"avg_spl": 0.3129017816651527, "avg_sr": 0.5632183908045977, "count": 87}}
Elapsed 12:49:48 [Metrics] sequence count: 325, invalid_count: 0, follower_error_count: 7, avg_sr: 0.446154, avg_spl: 0.261304

=== Episode ===: 5it [39:08, 471.53s/it][AElapsed 12:49:58 

Begin to process [00808-y9hTuugGdiq_sequence_5_0] type: [instance], Question: [beige mantel fireplace under TV in Tie: dining room & living room, with gray couch near teal wall and rectangular wood dining table with dark chairs]

Elapsed 12:49:58 Current start position is [    -9.9729     0.04366      3.0607]
Elapsed 12:53:10 ===Episode_id 5 task_id 0 task_level=instance===
SR: False, SPL: 0.0, Object category: fireplace, goal type: sequence===

Elapsed 12:53:10 [baseline] task_level=instance scene=00808-y9hTuugGdiq episode=5 task=0 sec=191.231
Elapsed 12:53:10 [BASELINE_LIVE_METRICS] rows=326 avg_sr=0.444785 avg_spl=0.260502 follower_error_count=7 levels=[object:n=63,sr=0.523810,spl=0.368490; room:n=87,sr=0.563218,spl=0.312902; region:n=99,sr=0.434343,spl=0.259801; instance:n=77,sr=0.259740,spl=0.113846] latest_scene=00808-y9hTuugGdiq latest_episode=5 latest_task=0 latest_level=instance by_level={"instance": {"avg_spl": 0.11384648297501633, "avg_sr": 0.2597402597402597, "count": 77}, "object": {"avg_spl": 0.36848991380433316, "avg_sr": 0.5238095238095238, "count": 63}, "region": {"avg_spl": 0.2598009344959883, "avg_sr": 0.43434343434343436, "count": 99}, "room": {"avg_spl": 0.3129017816651527, "avg_sr": 0.5632183908045977, "count": 87}}
Elapsed 12:53:10 

Begin to process [00808-y9hTuugGdiq_sequence_5_1] type: [object], Question: [toilet]

Elapsed 12:53:10 Current start position is [     6.2848    0.061391     0.29482]
Elapsed 12:53:43 ===Episode_id 5 task_id 1 task_level=object===
SR: False, SPL: 0.0, Object category: toilet, goal type: sequence===

Elapsed 12:53:43 [baseline] task_level=object scene=00808-y9hTuugGdiq episode=5 task=1 sec=33.298
Elapsed 12:53:43 [BASELINE_LIVE_METRICS] rows=327 avg_sr=0.443425 avg_spl=0.259706 follower_error_count=7 levels=[object:n=64,sr=0.515625,spl=0.362732; room:n=87,sr=0.563218,spl=0.312902; region:n=99,sr=0.434343,spl=0.259801; instance:n=77,sr=0.259740,spl=0.113846] latest_scene=00808-y9hTuugGdiq latest_episode=5 latest_task=1 latest_level=object by_level={"instance": {"avg_spl": 0.11384648297501633, "avg_sr": 0.2597402597402597, "count": 77}, "object": {"avg_spl": 0.36273225890114047, "avg_sr": 0.515625, "count": 64}, "region": {"avg_spl": 0.2598009344959883, "avg_sr": 0.43434343434343436, "count": 99}, "room": {"avg_spl": 0.3129017816651527, "avg_sr": 0.5632183908045977, "count": 87}}
Elapsed 12:53:43 

Begin to process [00808-y9hTuugGdiq_sequence_5_2] type: [object], Question: [stereo]

Elapsed 12:53:43 Current start position is [     -5.489    0.011391      5.3306]
Elapsed 12:56:18 ===Episode_id 5 task_id 2 task_level=object===
SR: False, SPL: 0.0, Object category: stereo, goal type: sequence===

Elapsed 12:56:18 [baseline] task_level=object scene=00808-y9hTuugGdiq episode=5 task=2 sec=154.656
Elapsed 12:56:18 [BASELINE_LIVE_METRICS] rows=328 avg_sr=0.442073 avg_spl=0.258914 follower_error_count=7 levels=[object:n=65,sr=0.507692,spl=0.357152; room:n=87,sr=0.563218,spl=0.312902; region:n=99,sr=0.434343,spl=0.259801; instance:n=77,sr=0.259740,spl=0.113846] latest_scene=00808-y9hTuugGdiq latest_episode=5 latest_task=2 latest_level=object by_level={"instance": {"avg_spl": 0.11384648297501633, "avg_sr": 0.2597402597402597, "count": 77}, "object": {"avg_spl": 0.3571517626103537, "avg_sr": 0.5076923076923077, "count": 65}, "region": {"avg_spl": 0.2598009344959883, "avg_sr": 0.43434343434343436, "count": 99}, "room": {"avg_spl": 0.3129017816651527, "avg_sr": 0.5632183908045977, "count": 87}}
Elapsed 12:56:18 

Begin to process [00808-y9hTuugGdiq_sequence_5_3] type: [object], Question: [closet mirror wall]

Elapsed 12:56:18 Current start position is [     3.0244    0.058305       5.609]
Elapsed 12:57:02 ===Episode_id 5 task_id 3 task_level=object===
SR: False, SPL: 0.0, Object category: closet mirror wall, goal type: sequence===

Elapsed 12:57:02 [baseline] task_level=object scene=00808-y9hTuugGdiq episode=5 task=3 sec=44.012
Elapsed 12:57:02 [BASELINE_LIVE_METRICS] rows=329 avg_sr=0.440729 avg_spl=0.258127 follower_error_count=7 levels=[object:n=66,sr=0.500000,spl=0.351740; room:n=87,sr=0.563218,spl=0.312902; region:n=99,sr=0.434343,spl=0.259801; instance:n=77,sr=0.259740,spl=0.113846] latest_scene=00808-y9hTuugGdiq latest_episode=5 latest_task=3 latest_level=object by_level={"instance": {"avg_spl": 0.11384648297501633, "avg_sr": 0.2597402597402597, "count": 77}, "object": {"avg_spl": 0.35174037226777255, "avg_sr": 0.5, "count": 66}, "region": {"avg_spl": 0.2598009344959883, "avg_sr": 0.43434343434343436, "count": 99}, "room": {"avg_spl": 0.3129017816651527, "avg_sr": 0.5632183908045977, "count": 87}}
Elapsed 12:57:02 

Begin to process [00808-y9hTuugGdiq_sequence_5_4] type: [object], Question: [side table]

Elapsed 12:57:02 Current start position is [    -5.5135    0.011391      5.4059]
Elapsed 12:57:39 ===Episode_id 5 task_id 4 task_level=object===
SR: False, SPL: 0.0, Object category: side table, goal type: sequence===

Elapsed 12:57:39 [baseline] task_level=object scene=00808-y9hTuugGdiq episode=5 task=4 sec=37.733
Elapsed 12:57:39 [BASELINE_LIVE_METRICS] rows=330 avg_sr=0.439394 avg_spl=0.257345 follower_error_count=7 levels=[object:n=67,sr=0.492537,spl=0.346491; room:n=87,sr=0.563218,spl=0.312902; region:n=99,sr=0.434343,spl=0.259801; instance:n=77,sr=0.259740,spl=0.113846] latest_scene=00808-y9hTuugGdiq latest_episode=5 latest_task=4 latest_level=object by_level={"instance": {"avg_spl": 0.11384648297501633, "avg_sr": 0.2597402597402597, "count": 77}, "object": {"avg_spl": 0.34649051596526853, "avg_sr": 0.4925373134328358, "count": 67}, "region": {"avg_spl": 0.2598009344959883, "avg_sr": 0.43434343434343436, "count": 99}, "room": {"avg_spl": 0.3129017816651527, "avg_sr": 0.5632183908045977, "count": 87}}
Elapsed 12:57:40 [Metrics] sequence count: 330, invalid_count: 0, follower_error_count: 7, avg_sr: 0.439394, avg_spl: 0.257345

=== Episode ===: 6it [46:59, 471.38s/it][AElapsed 12:57:50 

Begin to process [00808-y9hTuugGdiq_sequence_6_0] type: [instance], Question: [left stainless steel refrigerator door with dispenser in the kitchen that has dark wood cabinets with marble countertop, oven, stove, toaster, and coffee maker]

Elapsed 12:57:50 Current start position is [    -9.6367     0.01139     0.55463]
Elapsed 13:00:24 ===Episode_id 6 task_id 0 task_level=instance===
SR: False, SPL: 0.0, Object category: freezer, goal type: sequence===

Elapsed 13:00:24 [baseline] task_level=instance scene=00808-y9hTuugGdiq episode=6 task=0 sec=154.157
Elapsed 13:00:24 [BASELINE_LIVE_METRICS] rows=331 avg_sr=0.438066 avg_spl=0.256567 follower_error_count=7 levels=[object:n=67,sr=0.492537,spl=0.346491; room:n=87,sr=0.563218,spl=0.312902; region:n=99,sr=0.434343,spl=0.259801; instance:n=78,sr=0.256410,spl=0.112387] latest_scene=00808-y9hTuugGdiq latest_episode=6 latest_task=0 latest_level=instance by_level={"instance": {"avg_spl": 0.11238691268046484, "avg_sr": 0.2564102564102564, "count": 78}, "object": {"avg_spl": 0.34649051596526853, "avg_sr": 0.4925373134328358, "count": 67}, "region": {"avg_spl": 0.2598009344959883, "avg_sr": 0.43434343434343436, "count": 99}, "room": {"avg_spl": 0.3129017816651527, "avg_sr": 0.5632183908045977, "count": 87}}
Elapsed 13:00:24 

Begin to process [00808-y9hTuugGdiq_sequence_6_1] type: [room], Question: [stereo in the dining room]

Elapsed 13:00:24 Current start position is [    -1.1034    0.011391      3.8483]
Elapsed 13:04:56 ===Episode_id 6 task_id 1 task_level=room===
SR: False, SPL: 0.0, Object category: stereo, goal type: sequence===

Elapsed 13:04:56 [baseline] task_level=room scene=00808-y9hTuugGdiq episode=6 task=1 sec=272.241
Elapsed 13:04:56 [BASELINE_LIVE_METRICS] rows=332 avg_sr=0.436747 avg_spl=0.255795 follower_error_count=7 levels=[object:n=67,sr=0.492537,spl=0.346491; room:n=88,sr=0.556818,spl=0.309346; region:n=99,sr=0.434343,spl=0.259801; instance:n=78,sr=0.256410,spl=0.112387] latest_scene=00808-y9hTuugGdiq latest_episode=6 latest_task=1 latest_level=room by_level={"instance": {"avg_spl": 0.11238691268046484, "avg_sr": 0.2564102564102564, "count": 78}, "object": {"avg_spl": 0.34649051596526853, "avg_sr": 0.4925373134328358, "count": 67}, "region": {"avg_spl": 0.2598009344959883, "avg_sr": 0.43434343434343436, "count": 99}, "room": {"avg_spl": 0.309346079600776, "avg_sr": 0.5568181818181818, "count": 88}}
Elapsed 13:04:56 

Begin to process [00808-y9hTuugGdiq_sequence_6_2] type: [object], Question: [bed]

Elapsed 13:04:56 Current start position is [    -9.3227    0.011391     0.97808]
Elapsed 13:05:33 ===Episode_id 6 task_id 2 task_level=object===
SR: True, SPL: 0.0508817437287217, Object category: bed, goal type: sequence===

Elapsed 13:05:33 [baseline] task_level=object scene=00808-y9hTuugGdiq episode=6 task=2 sec=36.594
Elapsed 13:05:33 [BASELINE_LIVE_METRICS] rows=333 avg_sr=0.438438 avg_spl=0.255179 follower_error_count=7 levels=[object:n=68,sr=0.500000,spl=0.342143; room:n=88,sr=0.556818,spl=0.309346; region:n=99,sr=0.434343,spl=0.259801; instance:n=78,sr=0.256410,spl=0.112387] latest_scene=00808-y9hTuugGdiq latest_episode=6 latest_task=2 latest_level=object by_level={"instance": {"avg_spl": 0.11238691268046484, "avg_sr": 0.2564102564102564, "count": 78}, "object": {"avg_spl": 0.3421433281382605, "avg_sr": 0.5, "count": 68}, "region": {"avg_spl": 0.2598009344959883, "avg_sr": 0.43434343434343436, "count": 99}, "room": {"avg_spl": 0.309346079600776, "avg_sr": 0.5568181818181818, "count": 88}}
Elapsed 13:05:33 

Begin to process [00808-y9hTuugGdiq_sequence_6_3] type: [room], Question: [cabinet in the dining room]

Elapsed 13:05:33 Current start position is [    -11.225    0.011391    -0.31303]
Elapsed 13:06:09 ===Episode_id 6 task_id 3 task_level=room===
SR: True, SPL: 0.8998781776029923, Object category: cabinet, goal type: sequence===

Elapsed 13:06:09 [baseline] task_level=room scene=00808-y9hTuugGdiq episode=6 task=3 sec=36.212
Elapsed 13:06:09 [BASELINE_LIVE_METRICS] rows=334 avg_sr=0.440120 avg_spl=0.257109 follower_error_count=7 levels=[object:n=68,sr=0.500000,spl=0.342143; room:n=89,sr=0.561798,spl=0.315981; region:n=99,sr=0.434343,spl=0.259801; instance:n=78,sr=0.256410,spl=0.112387] latest_scene=00808-y9hTuugGdiq latest_episode=6 latest_task=3 latest_level=room by_level={"instance": {"avg_spl": 0.11238691268046484, "avg_sr": 0.2564102564102564, "count": 78}, "object": {"avg_spl": 0.3421433281382605, "avg_sr": 0.5, "count": 68}, "region": {"avg_spl": 0.2598009344959883, "avg_sr": 0.43434343434343436, "count": 99}, "room": {"avg_spl": 0.3159812717131604, "avg_sr": 0.5617977528089888, "count": 89}}
Elapsed 13:06:09 

Begin to process [00808-y9hTuugGdiq_sequence_6_4] type: [room], Question: [refrigerator cabinet in the kitchen]

Elapsed 13:06:09 Current start position is [     1.9432    0.049305      1.5971]
Elapsed 13:07:05 ===Episode_id 6 task_id 4 task_level=room===
SR: False, SPL: 0.0, Object category: refrigerator cabinet, goal type: sequence===

Elapsed 13:07:05 [baseline] task_level=room scene=00808-y9hTuugGdiq episode=6 task=4 sec=56.007
Elapsed 13:07:05 [BASELINE_LIVE_METRICS] rows=335 avg_sr=0.438806 avg_spl=0.256342 follower_error_count=7 levels=[object:n=68,sr=0.500000,spl=0.342143; room:n=90,sr=0.555556,spl=0.312470; region:n=99,sr=0.434343,spl=0.259801; instance:n=78,sr=0.256410,spl=0.112387] latest_scene=00808-y9hTuugGdiq latest_episode=6 latest_task=4 latest_level=room by_level={"instance": {"avg_spl": 0.11238691268046484, "avg_sr": 0.2564102564102564, "count": 78}, "object": {"avg_spl": 0.3421433281382605, "avg_sr": 0.5, "count": 68}, "region": {"avg_spl": 0.2598009344959883, "avg_sr": 0.43434343434343436, "count": 99}, "room": {"avg_spl": 0.3124703686941253, "avg_sr": 0.5555555555555556, "count": 90}}
Elapsed 13:07:05 [Metrics] sequence count: 335, invalid_count: 0, follower_error_count: 7, avg_sr: 0.438806, avg_spl: 0.256342

=== Episode ===: 7it [56:25, 502.17s/it][AElapsed 13:07:16 

Begin to process [00808-y9hTuugGdiq_sequence_7_0] type: [instance], Question: [stainless fridge ice maker on refrigerator door in kitchen with dark wood cabinets and marble countertop]

Elapsed 13:07:16 Current start position is [    -9.3035     0.01139     0.04975]
Elapsed 13:14:11 ===Episode_id 7 task_id 0 task_level=instance===
SR: False, SPL: 0.0, Object category: ice maker, goal type: sequence===

Elapsed 13:14:11 [baseline] task_level=instance scene=00808-y9hTuugGdiq episode=7 task=0 sec=415.536
Elapsed 13:14:11 [BASELINE_LIVE_METRICS] rows=336 avg_sr=0.437500 avg_spl=0.255579 follower_error_count=7 levels=[object:n=68,sr=0.500000,spl=0.342143; room:n=90,sr=0.555556,spl=0.312470; region:n=99,sr=0.434343,spl=0.259801; instance:n=79,sr=0.253165,spl=0.110964] latest_scene=00808-y9hTuugGdiq latest_episode=7 latest_task=0 latest_level=instance by_level={"instance": {"avg_spl": 0.11096429353261086, "avg_sr": 0.25316455696202533, "count": 79}, "object": {"avg_spl": 0.3421433281382605, "avg_sr": 0.5, "count": 68}, "region": {"avg_spl": 0.2598009344959883, "avg_sr": 0.43434343434343436, "count": 99}, "room": {"avg_spl": 0.3124703686941253, "avg_sr": 0.5555555555555556, "count": 90}}
Elapsed 13:14:11 

Begin to process [00808-y9hTuugGdiq_sequence_7_1] type: [room], Question: [dresser in the bedroom]

Elapsed 13:14:11 Current start position is [    0.58304    0.011391      4.9368]
Elapsed 13:36:49 ===Episode_id 7 task_id 1 task_level=room===
SR: True, SPL: 0.2581592516485445, Object category: dresser, goal type: sequence===

Elapsed 13:36:49 [baseline] task_level=room scene=00808-y9hTuugGdiq episode=7 task=1 sec=1357.605
Elapsed 13:36:49 [BASELINE_LIVE_METRICS] rows=337 avg_sr=0.439169 avg_spl=0.255587 follower_error_count=7 levels=[object:n=68,sr=0.500000,spl=0.342143; room:n=91,sr=0.560440,spl=0.311874; region:n=99,sr=0.434343,spl=0.259801; instance:n=79,sr=0.253165,spl=0.110964] latest_scene=00808-y9hTuugGdiq latest_episode=7 latest_task=1 latest_level=room by_level={"instance": {"avg_spl": 0.11096429353261086, "avg_sr": 0.25316455696202533, "count": 79}, "object": {"avg_spl": 0.3421433281382605, "avg_sr": 0.5, "count": 68}, "region": {"avg_spl": 0.2598009344959883, "avg_sr": 0.43434343434343436, "count": 99}, "room": {"avg_spl": 0.311873543232086, "avg_sr": 0.5604395604395604, "count": 91}}
Elapsed 13:36:49 

Begin to process [00808-y9hTuugGdiq_sequence_7_2] type: [object], Question: [bed]

Elapsed 13:36:49 Current start position is [    -6.1182    0.011391      1.8039]
Elapsed 13:37:57 ===Episode_id 7 task_id 2 task_level=object===
SR: False, SPL: 0.0, Object category: bed, goal type: sequence===

Elapsed 13:37:57 [baseline] task_level=object scene=00808-y9hTuugGdiq episode=7 task=2 sec=68.398
Elapsed 13:37:57 [BASELINE_LIVE_METRICS] rows=338 avg_sr=0.437870 avg_spl=0.254831 follower_error_count=7 levels=[object:n=69,sr=0.492754,spl=0.337185; room:n=91,sr=0.560440,spl=0.311874; region:n=99,sr=0.434343,spl=0.259801; instance:n=79,sr=0.253165,spl=0.110964] latest_scene=00808-y9hTuugGdiq latest_episode=7 latest_task=2 latest_level=object by_level={"instance": {"avg_spl": 0.11096429353261086, "avg_sr": 0.25316455696202533, "count": 79}, "object": {"avg_spl": 0.33718472917973497, "avg_sr": 0.4927536231884058, "count": 69}, "region": {"avg_spl": 0.2598009344959883, "avg_sr": 0.43434343434343436, "count": 99}, "room": {"avg_spl": 0.311873543232086, "avg_sr": 0.5604395604395604, "count": 91}}
Elapsed 13:37:57 

Begin to process [00808-y9hTuugGdiq_sequence_7_3] type: [region], Question: [cabinet in the tie: dining room & living room that has gray couch and white rectangular coffee table near teal wall, decorative fireplace below wall-mounted TV, long wood dining table with dark chairs, wine glass rack with hanging glasses]

Elapsed 13:37:57 Current start position is [    -6.8165    0.011391      1.6004]
Elapsed 13:39:47 ===Episode_id 7 task_id 3 task_level=region===
SR: False, SPL: 0.0, Object category: cabinet, goal type: sequence===

Elapsed 13:39:47 [baseline] task_level=region scene=00808-y9hTuugGdiq episode=7 task=3 sec=109.783
Elapsed 13:39:47 [BASELINE_LIVE_METRICS] rows=339 avg_sr=0.436578 avg_spl=0.254079 follower_error_count=7 levels=[object:n=69,sr=0.492754,spl=0.337185; room:n=91,sr=0.560440,spl=0.311874; region:n=100,sr=0.430000,spl=0.257203; instance:n=79,sr=0.253165,spl=0.110964] latest_scene=00808-y9hTuugGdiq latest_episode=7 latest_task=3 latest_level=region by_level={"instance": {"avg_spl": 0.11096429353261086, "avg_sr": 0.25316455696202533, "count": 79}, "object": {"avg_spl": 0.33718472917973497, "avg_sr": 0.4927536231884058, "count": 69}, "region": {"avg_spl": 0.2572029251510284, "avg_sr": 0.43, "count": 100}, "room": {"avg_spl": 0.311873543232086, "avg_sr": 0.5604395604395604, "count": 91}}
Elapsed 13:39:47 

Begin to process [00808-y9hTuugGdiq_sequence_7_4] type: [object], Question: [shower stall]

Elapsed 13:39:47 Current start position is [    -3.2425    0.011391      4.7369]
Elapsed 13:40:35 ===Episode_id 7 task_id 4 task_level=object===
SR: False, SPL: 0.0, Object category: shower stall, goal type: sequence===

Elapsed 13:40:35 [baseline] task_level=object scene=00808-y9hTuugGdiq episode=7 task=4 sec=47.950
Elapsed 13:40:35 [BASELINE_LIVE_METRICS] rows=340 avg_sr=0.435294 avg_spl=0.253332 follower_error_count=7 levels=[object:n=70,sr=0.485714,spl=0.332368; room:n=91,sr=0.560440,spl=0.311874; region:n=100,sr=0.430000,spl=0.257203; instance:n=79,sr=0.253165,spl=0.110964] latest_scene=00808-y9hTuugGdiq latest_episode=7 latest_task=4 latest_level=object by_level={"instance": {"avg_spl": 0.11096429353261086, "avg_sr": 0.25316455696202533, "count": 79}, "object": {"avg_spl": 0.33236780447716735, "avg_sr": 0.4857142857142857, "count": 70}, "region": {"avg_spl": 0.2572029251510284, "avg_sr": 0.43, "count": 100}, "room": {"avg_spl": 0.311873543232086, "avg_sr": 0.5604395604395604, "count": 91}}
Elapsed 13:40:35 [Metrics] sequence count: 340, invalid_count: 0, follower_error_count: 7, avg_sr: 0.435294, avg_spl: 0.253332

=== Episode ===: 8it [1:29:55, 982.21s/it][AElapsed 13:40:45 

Begin to process [00808-y9hTuugGdiq_sequence_8_0] type: [instance], Question: [right stainless steel refrigerator door in the kitchen that has dark wood cabinets with marble countertop, oven, stove, toaster, and coffee maker]

Elapsed 13:40:45 Current start position is [    -9.4776     0.01139     0.38165]
Elapsed 13:43:14 ===Episode_id 8 task_id 0 task_level=instance===
SR: False, SPL: 0.0, Object category: refrigerator, goal type: sequence===

Elapsed 13:43:14 [baseline] task_level=instance scene=00808-y9hTuugGdiq episode=8 task=0 sec=149.099
Elapsed 13:43:14 [BASELINE_LIVE_METRICS] rows=341 avg_sr=0.434018 avg_spl=0.252589 follower_error_count=7 levels=[object:n=70,sr=0.485714,spl=0.332368; room:n=91,sr=0.560440,spl=0.311874; region:n=100,sr=0.430000,spl=0.257203; instance:n=80,sr=0.250000,spl=0.109577] latest_scene=00808-y9hTuugGdiq latest_episode=8 latest_task=0 latest_level=instance by_level={"instance": {"avg_spl": 0.10957723986345322, "avg_sr": 0.25, "count": 80}, "object": {"avg_spl": 0.33236780447716735, "avg_sr": 0.4857142857142857, "count": 70}, "region": {"avg_spl": 0.2572029251510284, "avg_sr": 0.43, "count": 100}, "room": {"avg_spl": 0.311873543232086, "avg_sr": 0.5604395604395604, "count": 91}}
Elapsed 13:43:14 

Begin to process [00808-y9hTuugGdiq_sequence_8_1] type: [object], Question: [dresser]

Elapsed 13:43:14 Current start position is [    0.49714    0.011391       3.781]
Elapsed 13:44:11 ===Episode_id 8 task_id 1 task_level=object===
SR: True, SPL: 0.7553354596298314, Object category: dresser, goal type: sequence===

Elapsed 13:44:11 [baseline] task_level=object scene=00808-y9hTuugGdiq episode=8 task=1 sec=56.618
Elapsed 13:44:11 [BASELINE_LIVE_METRICS] rows=342 avg_sr=0.435673 avg_spl=0.254059 follower_error_count=7 levels=[object:n=71,sr=0.492958,spl=0.338325; room:n=91,sr=0.560440,spl=0.311874; region:n=100,sr=0.430000,spl=0.257203; instance:n=80,sr=0.250000,spl=0.109577] latest_scene=00808-y9hTuugGdiq latest_episode=8 latest_task=1 latest_level=object by_level={"instance": {"avg_spl": 0.10957723986345322, "avg_sr": 0.25, "count": 80}, "object": {"avg_spl": 0.3383250953948105, "avg_sr": 0.49295774647887325, "count": 71}, "region": {"avg_spl": 0.2572029251510284, "avg_sr": 0.43, "count": 100}, "room": {"avg_spl": 0.311873543232086, "avg_sr": 0.5604395604395604, "count": 91}}
Elapsed 13:44:11 

Begin to process [00808-y9hTuugGdiq_sequence_8_2] type: [region], Question: [bin in the kitchen that has dark wood kitchen cabinets with light marble countertop and black stove, two-slot toaster, microwave above hanging knives, coffee maker, stainless refrigerator, and built-in black oven by stainless trash can]

Elapsed 13:44:11 Current start position is [    -5.8034    0.011391      1.9233]
Elapsed 13:45:06 ===Episode_id 8 task_id 2 task_level=region===
SR: True, SPL: 0.669527491976863, Object category: bin, goal type: sequence===

Elapsed 13:45:06 [baseline] task_level=region scene=00808-y9hTuugGdiq episode=8 task=2 sec=55.505
Elapsed 13:45:06 [BASELINE_LIVE_METRICS] rows=343 avg_sr=0.437318 avg_spl=0.255270 follower_error_count=7 levels=[object:n=71,sr=0.492958,spl=0.338325; room:n=91,sr=0.560440,spl=0.311874; region:n=101,sr=0.435644,spl=0.261285; instance:n=80,sr=0.250000,spl=0.109577] latest_scene=00808-y9hTuugGdiq latest_episode=8 latest_task=2 latest_level=region by_level={"instance": {"avg_spl": 0.10957723986345322, "avg_sr": 0.25, "count": 80}, "object": {"avg_spl": 0.3383250953948105, "avg_sr": 0.49295774647887325, "count": 71}, "region": {"avg_spl": 0.2612853466047495, "avg_sr": 0.43564356435643564, "count": 101}, "room": {"avg_spl": 0.311873543232086, "avg_sr": 0.5604395604395604, "count": 91}}
Elapsed 13:45:06 

Begin to process [00808-y9hTuugGdiq_sequence_8_3] type: [room], Question: [cabinet in the dining room]

Elapsed 13:45:06 Current start position is [   -0.81696    0.011391      3.3306]
Elapsed 13:46:27 ===Episode_id 8 task_id 3 task_level=room===
SR: False, SPL: 0.0, Object category: cabinet, goal type: sequence===

Elapsed 13:46:27 [baseline] task_level=room scene=00808-y9hTuugGdiq episode=8 task=3 sec=80.859
Elapsed 13:46:27 [BASELINE_LIVE_METRICS] rows=344 avg_sr=0.436047 avg_spl=0.254528 follower_error_count=7 levels=[object:n=71,sr=0.492958,spl=0.338325; room:n=92,sr=0.554348,spl=0.308484; region:n=101,sr=0.435644,spl=0.261285; instance:n=80,sr=0.250000,spl=0.109577] latest_scene=00808-y9hTuugGdiq latest_episode=8 latest_task=3 latest_level=room by_level={"instance": {"avg_spl": 0.10957723986345322, "avg_sr": 0.25, "count": 80}, "object": {"avg_spl": 0.3383250953948105, "avg_sr": 0.49295774647887325, "count": 71}, "region": {"avg_spl": 0.2612853466047495, "avg_sr": 0.43564356435643564, "count": 101}, "room": {"avg_spl": 0.3084836134143459, "avg_sr": 0.5543478260869565, "count": 92}}
Elapsed 13:46:27 

Begin to process [00808-y9hTuugGdiq_sequence_8_4] type: [region], Question: [bathroom counter in the bathroom that has glass-enclosed white bathtub with beige tiled surround, cream bath vanity with beige countertop holding white towels, stainless trash can, toilet with white water tank]

Elapsed 13:46:27 Current start position is [    -2.9373    0.011391      4.6225]
Elapsed 13:49:48 ===Episode_id 8 task_id 4 task_level=region===
SR: False, SPL: 0.0, Object category: bathroom counter, goal type: sequence===

Elapsed 13:49:48 [baseline] task_level=region scene=00808-y9hTuugGdiq episode=8 task=4 sec=201.001
Elapsed 13:49:48 [BASELINE_LIVE_METRICS] rows=345 avg_sr=0.434783 avg_spl=0.253790 follower_error_count=7 levels=[object:n=71,sr=0.492958,spl=0.338325; room:n=92,sr=0.554348,spl=0.308484; region:n=102,sr=0.431373,spl=0.258724; instance:n=80,sr=0.250000,spl=0.109577] latest_scene=00808-y9hTuugGdiq latest_episode=8 latest_task=4 latest_level=region by_level={"instance": {"avg_spl": 0.10957723986345322, "avg_sr": 0.25, "count": 80}, "object": {"avg_spl": 0.3383250953948105, "avg_sr": 0.49295774647887325, "count": 71}, "region": {"avg_spl": 0.25872372555960493, "avg_sr": 0.43137254901960786, "count": 102}, "room": {"avg_spl": 0.3084836134143459, "avg_sr": 0.5543478260869565, "count": 92}}
Elapsed 13:49:48 [Metrics] sequence count: 345, invalid_count: 0, follower_error_count: 7, avg_sr: 0.434783, avg_spl: 0.253790

=== Episode ===: 9it [1:39:08, 848.10s/it][AElapsed 13:49:59 

Begin to process [00808-y9hTuugGdiq_sequence_9_0] type: [instance], Question: [stainless rectangular pedal bin under oven in dark kitchen cabinet in kitchen with refrigerator and microwave above hanging knives]

Elapsed 13:49:59 Current start position is [     7.0594     0.01139    -0.68695]
Elapsed 13:54:01 ===Episode_id 9 task_id 0 task_level=instance===
SR: True, SPL: 0.7330358122258755, Object category: bin, goal type: sequence===

Elapsed 13:54:01 [baseline] task_level=instance scene=00808-y9hTuugGdiq episode=9 task=0 sec=241.538
Elapsed 13:54:01 [BASELINE_LIVE_METRICS] rows=346 avg_sr=0.436416 avg_spl=0.255175 follower_error_count=7 levels=[object:n=71,sr=0.492958,spl=0.338325; room:n=92,sr=0.554348,spl=0.308484; region:n=102,sr=0.431373,spl=0.258724; instance:n=81,sr=0.259259,spl=0.117274] latest_scene=00808-y9hTuugGdiq latest_episode=9 latest_task=0 latest_level=instance by_level={"instance": {"avg_spl": 0.11727425927533497, "avg_sr": 0.25925925925925924, "count": 81}, "object": {"avg_spl": 0.3383250953948105, "avg_sr": 0.49295774647887325, "count": 71}, "region": {"avg_spl": 0.25872372555960493, "avg_sr": 0.43137254901960786, "count": 102}, "room": {"avg_spl": 0.3084836134143459, "avg_sr": 0.5543478260869565, "count": 92}}
Elapsed 13:54:01 

Begin to process [00808-y9hTuugGdiq_sequence_9_1] type: [room], Question: [picture in the living room]

Elapsed 13:54:01 Current start position is [    -1.1424    0.011391      3.8057]
Elapsed 13:54:36 ===Episode_id 9 task_id 1 task_level=room===
SR: False, SPL: 0.0, Object category: picture, goal type: sequence===

Elapsed 13:54:36 [baseline] task_level=room scene=00808-y9hTuugGdiq episode=9 task=1 sec=35.180
Elapsed 13:54:36 [BASELINE_LIVE_METRICS] rows=347 avg_sr=0.435159 avg_spl=0.254440 follower_error_count=7 levels=[object:n=71,sr=0.492958,spl=0.338325; room:n=93,sr=0.548387,spl=0.305167; region:n=102,sr=0.431373,spl=0.258724; instance:n=81,sr=0.259259,spl=0.117274] latest_scene=00808-y9hTuugGdiq latest_episode=9 latest_task=1 latest_level=room by_level={"instance": {"avg_spl": 0.11727425927533497, "avg_sr": 0.25925925925925924, "count": 81}, "object": {"avg_spl": 0.3383250953948105, "avg_sr": 0.49295774647887325, "count": 71}, "region": {"avg_spl": 0.25872372555960493, "avg_sr": 0.43137254901960786, "count": 102}, "room": {"avg_spl": 0.30516658531311636, "avg_sr": 0.5483870967741935, "count": 93}}
Elapsed 13:54:36 

Begin to process [00808-y9hTuugGdiq_sequence_9_2] type: [room], Question: [towel in the bathroom]

Elapsed 13:54:36 Current start position is [    -1.4442    0.025183      2.9228]
Elapsed 14:15:26 ===Episode_id 9 task_id 2 task_level=room===
SR: False, SPL: 0.0, Object category: towel, goal type: sequence===

Elapsed 14:15:26 [baseline] task_level=room scene=00808-y9hTuugGdiq episode=9 task=2 sec=1250.198
Elapsed 14:15:26 [BASELINE_LIVE_METRICS] rows=348 avg_sr=0.433908 avg_spl=0.253709 follower_error_count=7 levels=[object:n=71,sr=0.492958,spl=0.338325; room:n=94,sr=0.542553,spl=0.301920; region:n=102,sr=0.431373,spl=0.258724; instance:n=81,sr=0.259259,spl=0.117274] latest_scene=00808-y9hTuugGdiq latest_episode=9 latest_task=2 latest_level=room by_level={"instance": {"avg_spl": 0.11727425927533497, "avg_sr": 0.25925925925925924, "count": 81}, "object": {"avg_spl": 0.3383250953948105, "avg_sr": 0.49295774647887325, "count": 71}, "region": {"avg_spl": 0.25872372555960493, "avg_sr": 0.43137254901960786, "count": 102}, "room": {"avg_spl": 0.30192013227787046, "avg_sr": 0.5425531914893617, "count": 94}}
Elapsed 14:15:26 

Begin to process [00808-y9hTuugGdiq_sequence_9_3] type: [room], Question: [side table in the dining room]

Elapsed 14:15:26 Current start position is [    -5.3915    0.011391      4.9492]
Elapsed 14:18:58 ===Episode_id 9 task_id 3 task_level=room===
SR: False, SPL: 0.0, Object category: side table, goal type: sequence===

Elapsed 14:18:58 [baseline] task_level=room scene=00808-y9hTuugGdiq episode=9 task=3 sec=211.630
Elapsed 14:18:58 [BASELINE_LIVE_METRICS] rows=349 avg_sr=0.432665 avg_spl=0.252982 follower_error_count=7 levels=[object:n=71,sr=0.492958,spl=0.338325; room:n=95,sr=0.536842,spl=0.298742; region:n=102,sr=0.431373,spl=0.258724; instance:n=81,sr=0.259259,spl=0.117274] latest_scene=00808-y9hTuugGdiq latest_episode=9 latest_task=3 latest_level=room by_level={"instance": {"avg_spl": 0.11727425927533497, "avg_sr": 0.25925925925925924, "count": 81}, "object": {"avg_spl": 0.3383250953948105, "avg_sr": 0.49295774647887325, "count": 71}, "region": {"avg_spl": 0.25872372555960493, "avg_sr": 0.43137254901960786, "count": 102}, "room": {"avg_spl": 0.29874202562231394, "avg_sr": 0.5368421052631579, "count": 95}}
Elapsed 14:18:58 

Begin to process [00808-y9hTuugGdiq_sequence_9_4] type: [region], Question: [shower cabin in the bathroom that has cream bath vanity with dark granite countertop holding white towels, stainless trash can, walk-in shower, toilet with beige tank]

Elapsed 14:18:58 Current start position is [    -11.843     0.01322      2.3472]
Elapsed 14:19:32 ===Episode_id 9 task_id 4 task_level=region===
SR: True, SPL: 0.8428466536879161, Object category: shower cabin, goal type: sequence===

Elapsed 14:19:32 [baseline] task_level=region scene=00808-y9hTuugGdiq episode=9 task=4 sec=34.247
Elapsed 14:19:32 [BASELINE_LIVE_METRICS] rows=350 avg_sr=0.434286 avg_spl=0.254667 follower_error_count=7 levels=[object:n=71,sr=0.492958,spl=0.338325; room:n=95,sr=0.536842,spl=0.298742; region:n=103,sr=0.436893,spl=0.264395; instance:n=81,sr=0.259259,spl=0.117274] latest_scene=00808-y9hTuugGdiq latest_episode=9 latest_task=4 latest_level=region by_level={"instance": {"avg_spl": 0.11727425927533497, "avg_sr": 0.25925925925925924, "count": 81}, "object": {"avg_spl": 0.3383250953948105, "avg_sr": 0.49295774647887325, "count": 71}, "region": {"avg_spl": 0.2643948219492002, "avg_sr": 0.4368932038834951, "count": 103}, "room": {"avg_spl": 0.29874202562231394, "avg_sr": 0.5368421052631579, "count": 95}}
Elapsed 14:19:32 [Metrics] sequence count: 350, invalid_count: 0, follower_error_count: 7, avg_sr: 0.434286, avg_spl: 0.254667

=== Episode ===: 10it [2:08:52, 1137.05s/it][AElapsed 14:19:43 

Begin to process [00808-y9hTuugGdiq_sequence_10_0] type: [instance], Question: [dark wood kitchen cabinet under stove and light marble countertop in kitchen with oven, toaster, coffee maker, stainless refrigerator]

Elapsed 14:19:43 Current start position is [    -5.3546     0.01139     0.33473]
Elapsed 14:21:48 ===Episode_id 10 task_id 0 task_level=instance===
SR: False, SPL: 0.0, Object category: kitchen cabinet, goal type: sequence===

Elapsed 14:21:48 [baseline] task_level=instance scene=00808-y9hTuugGdiq episode=10 task=0 sec=125.268
Elapsed 14:21:48 [BASELINE_LIVE_METRICS] rows=351 avg_sr=0.433048 avg_spl=0.253941 follower_error_count=7 levels=[object:n=71,sr=0.492958,spl=0.338325; room:n=95,sr=0.536842,spl=0.298742; region:n=103,sr=0.436893,spl=0.264395; instance:n=82,sr=0.256098,spl=0.115844] latest_scene=00808-y9hTuugGdiq latest_episode=10 latest_task=0 latest_level=instance by_level={"instance": {"avg_spl": 0.11584408538173332, "avg_sr": 0.25609756097560976, "count": 82}, "object": {"avg_spl": 0.3383250953948105, "avg_sr": 0.49295774647887325, "count": 71}, "region": {"avg_spl": 0.2643948219492002, "avg_sr": 0.4368932038834951, "count": 103}, "room": {"avg_spl": 0.29874202562231394, "avg_sr": 0.5368421052631579, "count": 95}}
Elapsed 14:21:48 

Begin to process [00808-y9hTuugGdiq_sequence_10_1] type: [object], Question: [nightstand]

Elapsed 14:21:48 Current start position is [    0.52271    0.011391      4.8897]
Elapsed 14:22:18 ===Episode_id 10 task_id 1 task_level=object===
SR: True, SPL: 0.8812800498790463, Object category: nightstand, goal type: sequence===

Elapsed 14:22:18 [baseline] task_level=object scene=00808-y9hTuugGdiq episode=10 task=1 sec=29.556
Elapsed 14:22:18 [BASELINE_LIVE_METRICS] rows=352 avg_sr=0.434659 avg_spl=0.255724 follower_error_count=7 levels=[object:n=72,sr=0.500000,spl=0.345866; room:n=95,sr=0.536842,spl=0.298742; region:n=103,sr=0.436893,spl=0.264395; instance:n=82,sr=0.256098,spl=0.115844] latest_scene=00808-y9hTuugGdiq latest_episode=10 latest_task=1 latest_level=object by_level={"instance": {"avg_spl": 0.11584408538173332, "avg_sr": 0.25609756097560976, "count": 82}, "object": {"avg_spl": 0.34586613642931374, "avg_sr": 0.5, "count": 72}, "region": {"avg_spl": 0.2643948219492002, "avg_sr": 0.4368932038834951, "count": 103}, "room": {"avg_spl": 0.29874202562231394, "avg_sr": 0.5368421052631579, "count": 95}}
Elapsed 14:22:18 

Begin to process [00808-y9hTuugGdiq_sequence_10_2] type: [object], Question: [coffee table]

Elapsed 14:22:18 Current start position is [    -7.4612    0.011391      1.6578]
Elapsed 14:22:40 ===Episode_id 10 task_id 2 task_level=object===
SR: True, SPL: 0.8794555830744272, Object category: coffee table, goal type: sequence===

Elapsed 14:22:40 [baseline] task_level=object scene=00808-y9hTuugGdiq episode=10 task=2 sec=22.621
Elapsed 14:22:40 [BASELINE_LIVE_METRICS] rows=353 avg_sr=0.436261 avg_spl=0.257491 follower_error_count=7 levels=[object:n=73,sr=0.506849,spl=0.353176; room:n=95,sr=0.536842,spl=0.298742; region:n=103,sr=0.436893,spl=0.264395; instance:n=82,sr=0.256098,spl=0.115844] latest_scene=00808-y9hTuugGdiq latest_episode=10 latest_task=2 latest_level=object by_level={"instance": {"avg_spl": 0.11584408538173332, "avg_sr": 0.25609756097560976, "count": 82}, "object": {"avg_spl": 0.35317558090390433, "avg_sr": 0.5068493150684932, "count": 73}, "region": {"avg_spl": 0.2643948219492002, "avg_sr": 0.4368932038834951, "count": 103}, "room": {"avg_spl": 0.29874202562231394, "avg_sr": 0.5368421052631579, "count": 95}}
Elapsed 14:22:40 

Begin to process [00808-y9hTuugGdiq_sequence_10_3] type: [object], Question: [picture]

Elapsed 14:22:40 Current start position is [     5.2358    0.059269      1.2131]
Elapsed 14:23:15 ===Episode_id 10 task_id 3 task_level=object===
SR: False, SPL: 0.0, Object category: picture, goal type: sequence===

Elapsed 14:23:15 [baseline] task_level=object scene=00808-y9hTuugGdiq episode=10 task=3 sec=34.347
Elapsed 14:23:15 [BASELINE_LIVE_METRICS] rows=354 avg_sr=0.435028 avg_spl=0.256763 follower_error_count=7 levels=[object:n=74,sr=0.500000,spl=0.348403; room:n=95,sr=0.536842,spl=0.298742; region:n=103,sr=0.436893,spl=0.264395; instance:n=82,sr=0.256098,spl=0.115844] latest_scene=00808-y9hTuugGdiq latest_episode=10 latest_task=3 latest_level=object by_level={"instance": {"avg_spl": 0.11584408538173332, "avg_sr": 0.25609756097560976, "count": 82}, "object": {"avg_spl": 0.34840293791871646, "avg_sr": 0.5, "count": 74}, "region": {"avg_spl": 0.2643948219492002, "avg_sr": 0.4368932038834951, "count": 103}, "room": {"avg_spl": 0.29874202562231394, "avg_sr": 0.5368421052631579, "count": 95}}
Elapsed 14:23:15 

Begin to process [00808-y9hTuugGdiq_sequence_10_4] type: [region], Question: [bath sink in the bathroom that has glass-enclosed white bathtub with beige tiled surround, cream bath vanity with beige countertop holding white towels, stainless trash can, toilet with white water tank]

Elapsed 14:23:15 Current start position is [     1.3754    0.011391      2.5559]
Elapsed 14:28:05 ===Episode_id 10 task_id 4 task_level=region===
SR: False, SPL: 0.0, Object category: bath sink, goal type: sequence===

Elapsed 14:28:05 [baseline] task_level=region scene=00808-y9hTuugGdiq episode=10 task=4 sec=290.544
Elapsed 14:28:05 [BASELINE_LIVE_METRICS] rows=355 avg_sr=0.433803 avg_spl=0.256040 follower_error_count=7 levels=[object:n=74,sr=0.500000,spl=0.348403; room:n=95,sr=0.536842,spl=0.298742; region:n=104,sr=0.432692,spl=0.261853; instance:n=82,sr=0.256098,spl=0.115844] latest_scene=00808-y9hTuugGdiq latest_episode=10 latest_task=4 latest_level=region by_level={"instance": {"avg_spl": 0.11584408538173332, "avg_sr": 0.25609756097560976, "count": 82}, "object": {"avg_spl": 0.34840293791871646, "avg_sr": 0.5, "count": 74}, "region": {"avg_spl": 0.2618525640458425, "avg_sr": 0.4326923076923077, "count": 104}, "room": {"avg_spl": 0.29874202562231394, "avg_sr": 0.5368421052631579, "count": 95}}
Elapsed 14:28:05 [Metrics] sequence count: 355, invalid_count: 0, follower_error_count: 7, avg_sr: 0.433803, avg_spl: 0.256040

=== Episode ===: 11it [2:17:25, 946.01s/it] [AElapsed 14:28:15 

Begin to process [00808-y9hTuugGdiq_sequence_11_0] type: [instance], Question: [glass-front oven built into dark wooden cabinets in a kitchen with a refrigerator and a marble countertop]

Elapsed 14:28:15 Current start position is [     -9.346     0.01139    -0.72075]
Elapsed 14:30:14 ===Episode_id 11 task_id 0 task_level=instance===
SR: False, SPL: 0.0, Object category: oven, goal type: sequence===

Elapsed 14:30:14 [baseline] task_level=instance scene=00808-y9hTuugGdiq episode=11 task=0 sec=118.340
Elapsed 14:30:14 [BASELINE_LIVE_METRICS] rows=356 avg_sr=0.432584 avg_spl=0.255321 follower_error_count=7 levels=[object:n=74,sr=0.500000,spl=0.348403; room:n=95,sr=0.536842,spl=0.298742; region:n=104,sr=0.432692,spl=0.261853; instance:n=83,sr=0.253012,spl=0.114448] latest_scene=00808-y9hTuugGdiq latest_episode=11 latest_task=0 latest_level=instance by_level={"instance": {"avg_spl": 0.11444837350966425, "avg_sr": 0.25301204819277107, "count": 83}, "object": {"avg_spl": 0.34840293791871646, "avg_sr": 0.5, "count": 74}, "region": {"avg_spl": 0.2618525640458425, "avg_sr": 0.4326923076923077, "count": 104}, "room": {"avg_spl": 0.29874202562231394, "avg_sr": 0.5368421052631579, "count": 95}}
Elapsed 14:30:14 

Begin to process [00808-y9hTuugGdiq_sequence_11_1] type: [room], Question: [fireplace in the dining room]

Elapsed 14:30:14 Current start position is [    0.35968    0.011391      4.8256]
Elapsed 14:30:38 ===Episode_id 11 task_id 1 task_level=room===
SR: True, SPL: 0.8450472300163819, Object category: fireplace, goal type: sequence===

Elapsed 14:30:38 [baseline] task_level=room scene=00808-y9hTuugGdiq episode=11 task=1 sec=24.184
Elapsed 14:30:38 [BASELINE_LIVE_METRICS] rows=357 avg_sr=0.434174 avg_spl=0.256973 follower_error_count=7 levels=[object:n=74,sr=0.500000,spl=0.348403; room:n=96,sr=0.541667,spl=0.304433; region:n=104,sr=0.432692,spl=0.261853; instance:n=83,sr=0.253012,spl=0.114448] latest_scene=00808-y9hTuugGdiq latest_episode=11 latest_task=1 latest_level=room by_level={"instance": {"avg_spl": 0.11444837350966425, "avg_sr": 0.25301204819277107, "count": 83}, "object": {"avg_spl": 0.34840293791871646, "avg_sr": 0.5, "count": 74}, "region": {"avg_spl": 0.2618525640458425, "avg_sr": 0.4326923076923077, "count": 104}, "room": {"avg_spl": 0.3044327048347521, "avg_sr": 0.5416666666666666, "count": 96}}
Elapsed 14:30:38 

Begin to process [00808-y9hTuugGdiq_sequence_11_2] type: [room], Question: [bed in the bedroom]

Elapsed 14:30:38 Current start position is [     5.5986    0.015055      4.6416]
Elapsed 14:31:08 ===Episode_id 11 task_id 2 task_level=room===
SR: True, SPL: 0.35991088393737725, Object category: bed, goal type: sequence===

Elapsed 14:31:08 [baseline] task_level=room scene=00808-y9hTuugGdiq episode=11 task=2 sec=29.541
Elapsed 14:31:08 [BASELINE_LIVE_METRICS] rows=358 avg_sr=0.435754 avg_spl=0.257260 follower_error_count=7 levels=[object:n=74,sr=0.500000,spl=0.348403; room:n=97,sr=0.546392,spl=0.305005; region:n=104,sr=0.432692,spl=0.261853; instance:n=83,sr=0.253012,spl=0.114448] latest_scene=00808-y9hTuugGdiq latest_episode=11 latest_task=2 latest_level=room by_level={"instance": {"avg_spl": 0.11444837350966425, "avg_sr": 0.25301204819277107, "count": 83}, "object": {"avg_spl": 0.34840293791871646, "avg_sr": 0.5, "count": 74}, "region": {"avg_spl": 0.2618525640458425, "avg_sr": 0.4326923076923077, "count": 104}, "room": {"avg_spl": 0.3050046448255008, "avg_sr": 0.5463917525773195, "count": 97}}
Elapsed 14:31:08 

Begin to process [00808-y9hTuugGdiq_sequence_11_3] type: [room], Question: [bathroom counter in the bathroom]

Elapsed 14:31:08 Current start position is [    -11.419    0.012991      2.2975]
Elapsed 14:31:36 ===Episode_id 11 task_id 3 task_level=room===
SR: True, SPL: 0.12883763487811808, Object category: bathroom counter, goal type: sequence===

Elapsed 14:31:36 [baseline] task_level=room scene=00808-y9hTuugGdiq episode=11 task=3 sec=28.092
Elapsed 14:31:36 [BASELINE_LIVE_METRICS] rows=359 avg_sr=0.437326 avg_spl=0.256902 follower_error_count=7 levels=[object:n=74,sr=0.500000,spl=0.348403; room:n=98,sr=0.551020,spl=0.303207; region:n=104,sr=0.432692,spl=0.261853; instance:n=83,sr=0.253012,spl=0.114448] latest_scene=00808-y9hTuugGdiq latest_episode=11 latest_task=3 latest_level=room by_level={"instance": {"avg_spl": 0.11444837350966425, "avg_sr": 0.25301204819277107, "count": 83}, "object": {"avg_spl": 0.34840293791871646, "avg_sr": 0.5, "count": 74}, "region": {"avg_spl": 0.2618525640458425, "avg_sr": 0.4326923076923077, "count": 104}, "room": {"avg_spl": 0.30320702227501733, "avg_sr": 0.5510204081632653, "count": 98}}
Elapsed 14:31:36 

Begin to process [00808-y9hTuugGdiq_sequence_11_4] type: [object], Question: [laundry basket]

Elapsed 14:31:36 Current start position is [    -5.4934    0.011391      5.1236]
Elapsed 14:32:04 ===Episode_id 11 task_id 4 task_level=object===
SR: False, SPL: 0.0, Object category: laundry basket, goal type: sequence===

Elapsed 14:32:04 [baseline] task_level=object scene=00808-y9hTuugGdiq episode=11 task=4 sec=28.248
Elapsed 14:32:04 [BASELINE_LIVE_METRICS] rows=360 avg_sr=0.436111 avg_spl=0.256189 follower_error_count=7 levels=[object:n=75,sr=0.493333,spl=0.343758; room:n=98,sr=0.551020,spl=0.303207; region:n=104,sr=0.432692,spl=0.261853; instance:n=83,sr=0.253012,spl=0.114448] latest_scene=00808-y9hTuugGdiq latest_episode=11 latest_task=4 latest_level=object by_level={"instance": {"avg_spl": 0.11444837350966425, "avg_sr": 0.25301204819277107, "count": 83}, "object": {"avg_spl": 0.34375756541313357, "avg_sr": 0.49333333333333335, "count": 75}, "region": {"avg_spl": 0.2618525640458425, "avg_sr": 0.4326923076923077, "count": 104}, "room": {"avg_spl": 0.30320702227501733, "avg_sr": 0.5510204081632653, "count": 98}}
Elapsed 14:32:04 [Metrics] sequence count: 360, invalid_count: 0, follower_error_count: 7, avg_sr: 0.436111, avg_spl: 0.256189

=== Episode ===: 12it [2:21:24, 730.85s/it][AElapsed 14:32:15 

Begin to process [00808-y9hTuugGdiq_sequence_12_0] type: [instance], Question: [red fire extinguisher with blue tag in laundry room with washer-dryer and vacuum cleaner]

Elapsed 14:32:15 Current start position is [     7.0998     0.04768      4.4177]
Elapsed 14:34:38 ===Episode_id 12 task_id 0 task_level=instance===
SR: False, SPL: 0.0, Object category: fire extinguisher, goal type: sequence===

Elapsed 14:34:38 [baseline] task_level=instance scene=00808-y9hTuugGdiq episode=12 task=0 sec=143.561
Elapsed 14:34:38 [BASELINE_LIVE_METRICS] rows=361 avg_sr=0.434903 avg_spl=0.255479 follower_error_count=7 levels=[object:n=75,sr=0.493333,spl=0.343758; room:n=98,sr=0.551020,spl=0.303207; region:n=104,sr=0.432692,spl=0.261853; instance:n=84,sr=0.250000,spl=0.113086] latest_scene=00808-y9hTuugGdiq latest_episode=12 latest_task=0 latest_level=instance by_level={"instance": {"avg_spl": 0.11308589287264444, "avg_sr": 0.25, "count": 84}, "object": {"avg_spl": 0.34375756541313357, "avg_sr": 0.49333333333333335, "count": 75}, "region": {"avg_spl": 0.2618525640458425, "avg_sr": 0.4326923076923077, "count": 104}, "room": {"avg_spl": 0.30320702227501733, "avg_sr": 0.5510204081632653, "count": 98}}
Elapsed 14:34:38 

Begin to process [00808-y9hTuugGdiq_sequence_12_1] type: [object], Question: [dining table]

Elapsed 14:34:38 Current start position is [     2.1486    0.061391     0.50831]
Elapsed 14:35:00 ===Episode_id 12 task_id 1 task_level=object===
SR: True, SPL: 0.5356933151087024, Object category: dining table, goal type: sequence===

Elapsed 14:35:00 [baseline] task_level=object scene=00808-y9hTuugGdiq episode=12 task=1 sec=21.675
Elapsed 14:35:00 [BASELINE_LIVE_METRICS] rows=362 avg_sr=0.436464 avg_spl=0.256253 follower_error_count=7 levels=[object:n=76,sr=0.500000,spl=0.346283; room:n=98,sr=0.551020,spl=0.303207; region:n=104,sr=0.432692,spl=0.261853; instance:n=84,sr=0.250000,spl=0.113086] latest_scene=00808-y9hTuugGdiq latest_episode=12 latest_task=1 latest_level=object by_level={"instance": {"avg_spl": 0.11308589287264444, "avg_sr": 0.25, "count": 84}, "object": {"avg_spl": 0.3462830358038647, "avg_sr": 0.5, "count": 76}, "region": {"avg_spl": 0.2618525640458425, "avg_sr": 0.4326923076923077, "count": 104}, "room": {"avg_spl": 0.30320702227501733, "avg_sr": 0.5510204081632653, "count": 98}}
Elapsed 14:35:00 

Begin to process [00808-y9hTuugGdiq_sequence_12_2] type: [region], Question: [bin in the laundry room that has washer-dryer with black bin under dark wood cabinets, vacuum cleaner and fire extinguisher beside dark cabinet]

Elapsed 14:35:00 Current start position is [     2.8929    0.031487      2.8381]
Elapsed 14:38:56 ===Episode_id 12 task_id 2 task_level=region===
SR: False, SPL: 0.0, Object category: bin, goal type: sequence===

Elapsed 14:38:56 [baseline] task_level=region scene=00808-y9hTuugGdiq episode=12 task=2 sec=235.907
Elapsed 14:38:56 [BASELINE_LIVE_METRICS] rows=363 avg_sr=0.435262 avg_spl=0.255547 follower_error_count=7 levels=[object:n=76,sr=0.500000,spl=0.346283; room:n=98,sr=0.551020,spl=0.303207; region:n=105,sr=0.428571,spl=0.259359; instance:n=84,sr=0.250000,spl=0.113086] latest_scene=00808-y9hTuugGdiq latest_episode=12 latest_task=2 latest_level=region by_level={"instance": {"avg_spl": 0.11308589287264444, "avg_sr": 0.25, "count": 84}, "object": {"avg_spl": 0.3462830358038647, "avg_sr": 0.5, "count": 76}, "region": {"avg_spl": 0.2593587301025488, "avg_sr": 0.42857142857142855, "count": 105}, "room": {"avg_spl": 0.30320702227501733, "avg_sr": 0.5510204081632653, "count": 98}}
Elapsed 14:38:56 

Begin to process [00808-y9hTuugGdiq_sequence_12_3] type: [object], Question: [fire screen]

Elapsed 14:38:56 Current start position is [   -0.78432    0.011391      3.1793]
Elapsed 14:39:32 ===Episode_id 12 task_id 3 task_level=object===
SR: True, SPL: 0.8274613049753607, Object category: fire screen, goal type: sequence===

Elapsed 14:39:32 [baseline] task_level=object scene=00808-y9hTuugGdiq episode=12 task=3 sec=36.244
Elapsed 14:39:32 [BASELINE_LIVE_METRICS] rows=364 avg_sr=0.436813 avg_spl=0.257119 follower_error_count=7 levels=[object:n=77,sr=0.506494,spl=0.352532; room:n=98,sr=0.551020,spl=0.303207; region:n=105,sr=0.428571,spl=0.259359; instance:n=84,sr=0.250000,spl=0.113086] latest_scene=00808-y9hTuugGdiq latest_episode=12 latest_task=3 latest_level=object by_level={"instance": {"avg_spl": 0.11308589287264444, "avg_sr": 0.25, "count": 84}, "object": {"avg_spl": 0.35253210423466336, "avg_sr": 0.5064935064935064, "count": 77}, "region": {"avg_spl": 0.2593587301025488, "avg_sr": 0.42857142857142855, "count": 105}, "room": {"avg_spl": 0.30320702227501733, "avg_sr": 0.5510204081632653, "count": 98}}
Elapsed 14:39:32 

Begin to process [00808-y9hTuugGdiq_sequence_12_4] type: [region], Question: [toilet in the bathroom that has cream bath vanity with dark granite countertop holding white towels, stainless trash can, walk-in shower, toilet with beige tank]

Elapsed 14:39:32 Current start position is [     5.6382     0.01895      4.7304]
Elapsed 14:49:37 ===Episode_id 12 task_id 4 task_level=region===
SR: True, SPL: 0.25127542219131893, Object category: toilet, goal type: sequence===

Elapsed 14:49:37 [baseline] task_level=region scene=00808-y9hTuugGdiq episode=12 task=4 sec=604.613
Elapsed 14:49:37 [BASELINE_LIVE_METRICS] rows=365 avg_sr=0.438356 avg_spl=0.257103 follower_error_count=7 levels=[object:n=77,sr=0.506494,spl=0.352532; room:n=98,sr=0.551020,spl=0.303207; region:n=106,sr=0.433962,spl=0.259282; instance:n=84,sr=0.250000,spl=0.113086] latest_scene=00808-y9hTuugGdiq latest_episode=12 latest_task=4 latest_level=region by_level={"instance": {"avg_spl": 0.11308589287264444, "avg_sr": 0.25, "count": 84}, "object": {"avg_spl": 0.35253210423466336, "avg_sr": 0.5064935064935064, "count": 77}, "region": {"avg_spl": 0.2592824724807447, "avg_sr": 0.4339622641509434, "count": 106}, "room": {"avg_spl": 0.30320702227501733, "avg_sr": 0.5510204081632653, "count": 98}}
Elapsed 14:49:37 [Metrics] sequence count: 365, invalid_count: 0, follower_error_count: 7, avg_sr: 0.438356, avg_spl: 0.257103

=== Episode ===: 13it [2:38:56, 828.38s/it][AElapsed 14:49:47 

Begin to process [00808-y9hTuugGdiq_sequence_13_0] type: [instance], Question: [right-side washer-dryer in laundry room near vacuum cleaner]

Elapsed 14:49:47 Current start position is [     8.0316     0.01139       3.726]
Elapsed 14:57:56 ===Episode_id 13 task_id 0 task_level=instance===
SR: True, SPL: 0.3836730331398686, Object category: washer-dryer, goal type: sequence===

Elapsed 14:57:56 [baseline] task_level=instance scene=00808-y9hTuugGdiq episode=13 task=0 sec=489.474
Elapsed 14:57:56 [BASELINE_LIVE_METRICS] rows=366 avg_sr=0.439891 avg_spl=0.257448 follower_error_count=7 levels=[object:n=77,sr=0.506494,spl=0.352532; room:n=98,sr=0.551020,spl=0.303207; region:n=106,sr=0.433962,spl=0.259282; instance:n=85,sr=0.258824,spl=0.116269] latest_scene=00808-y9hTuugGdiq latest_episode=13 latest_task=0 latest_level=instance by_level={"instance": {"avg_spl": 0.11626927099343533, "avg_sr": 0.25882352941176473, "count": 85}, "object": {"avg_spl": 0.35253210423466336, "avg_sr": 0.5064935064935064, "count": 77}, "region": {"avg_spl": 0.2592824724807447, "avg_sr": 0.4339622641509434, "count": 106}, "room": {"avg_spl": 0.30320702227501733, "avg_sr": 0.5510204081632653, "count": 98}}
Elapsed 14:57:56 

Begin to process [00808-y9hTuugGdiq_sequence_13_1] type: [object], Question: [stereo]

Elapsed 14:57:56 Current start position is [    -3.5295    0.011391      4.6362]
Elapsed 14:58:28 ===Episode_id 13 task_id 1 task_level=object===
SR: False, SPL: 0.0, Object category: stereo, goal type: sequence===

Elapsed 14:58:28 [baseline] task_level=object scene=00808-y9hTuugGdiq episode=13 task=1 sec=31.453
Elapsed 14:58:28 [BASELINE_LIVE_METRICS] rows=367 avg_sr=0.438692 avg_spl=0.256747 follower_error_count=7 levels=[object:n=78,sr=0.500000,spl=0.348012; room:n=98,sr=0.551020,spl=0.303207; region:n=106,sr=0.433962,spl=0.259282; instance:n=85,sr=0.258824,spl=0.116269] latest_scene=00808-y9hTuugGdiq latest_episode=13 latest_task=1 latest_level=object by_level={"instance": {"avg_spl": 0.11626927099343533, "avg_sr": 0.25882352941176473, "count": 85}, "object": {"avg_spl": 0.34801246187268053, "avg_sr": 0.5, "count": 78}, "region": {"avg_spl": 0.2592824724807447, "avg_sr": 0.4339622641509434, "count": 106}, "room": {"avg_spl": 0.30320702227501733, "avg_sr": 0.5510204081632653, "count": 98}}
Elapsed 14:58:28 

Begin to process [00808-y9hTuugGdiq_sequence_13_2] type: [region], Question: [picture in the bedroom that has bed with white bedding and red pillows, mirrored closet doors, abstract art above dark wood dresser, white curtain next to leafy plant]

Elapsed 14:58:28 Current start position is [     4.7971    0.011391       4.637]
Elapsed 14:59:17 ===Episode_id 13 task_id 2 task_level=region===
SR: False, SPL: 0.0, Object category: picture, goal type: sequence===

Elapsed 14:59:17 [baseline] task_level=region scene=00808-y9hTuugGdiq episode=13 task=2 sec=48.843
Elapsed 14:59:17 [BASELINE_LIVE_METRICS] rows=368 avg_sr=0.437500 avg_spl=0.256049 follower_error_count=7 levels=[object:n=78,sr=0.500000,spl=0.348012; room:n=98,sr=0.551020,spl=0.303207; region:n=107,sr=0.429907,spl=0.256859; instance:n=85,sr=0.258824,spl=0.116269] latest_scene=00808-y9hTuugGdiq latest_episode=13 latest_task=2 latest_level=region by_level={"instance": {"avg_spl": 0.11626927099343533, "avg_sr": 0.25882352941176473, "count": 85}, "object": {"avg_spl": 0.34801246187268053, "avg_sr": 0.5, "count": 78}, "region": {"avg_spl": 0.2568592718033546, "avg_sr": 0.42990654205607476, "count": 107}, "room": {"avg_spl": 0.30320702227501733, "avg_sr": 0.5510204081632653, "count": 98}}
Elapsed 14:59:17 

Begin to process [00808-y9hTuugGdiq_sequence_13_3] type: [region], Question: [fan in the bedroom that has large bed with dark wood headboard and white quilt, sepia-toned portrait of woman, TV above dark wood dresser, brown curtain beside pedestal fan]

Elapsed 14:59:17 Current start position is [    -1.4676    0.011391    -0.91995]
Elapsed 14:59:55 ===Episode_id 13 task_id 3 task_level=region===
SR: False, SPL: 0.0, Object category: fan, goal type: sequence===

Elapsed 14:59:55 [baseline] task_level=region scene=00808-y9hTuugGdiq episode=13 task=3 sec=38.239
Elapsed 14:59:55 [BASELINE_LIVE_METRICS] rows=369 avg_sr=0.436314 avg_spl=0.255355 follower_error_count=7 levels=[object:n=78,sr=0.500000,spl=0.348012; room:n=98,sr=0.551020,spl=0.303207; region:n=108,sr=0.425926,spl=0.254481; instance:n=85,sr=0.258824,spl=0.116269] latest_scene=00808-y9hTuugGdiq latest_episode=13 latest_task=3 latest_level=region by_level={"instance": {"avg_spl": 0.11626927099343533, "avg_sr": 0.25882352941176473, "count": 85}, "object": {"avg_spl": 0.34801246187268053, "avg_sr": 0.5, "count": 78}, "region": {"avg_spl": 0.2544809452125828, "avg_sr": 0.42592592592592593, "count": 108}, "room": {"avg_spl": 0.30320702227501733, "avg_sr": 0.5510204081632653, "count": 98}}
Elapsed 14:59:55 

Begin to process [00808-y9hTuugGdiq_sequence_13_4] type: [region], Question: [flowerpot in the bedroom that has bed with white bedding and red pillows, mirrored closet doors, abstract art above dark wood dresser, white curtain next to leafy plant]

Elapsed 14:59:55 Current start position is [     6.0258    0.048265      4.8422]
Elapsed 15:00:40 ===Episode_id 13 task_id 4 task_level=region===
SR: False, SPL: 0.0, Object category: flowerpot, goal type: sequence===

Elapsed 15:00:40 [baseline] task_level=region scene=00808-y9hTuugGdiq episode=13 task=4 sec=45.201
Elapsed 15:00:40 [BASELINE_LIVE_METRICS] rows=370 avg_sr=0.435135 avg_spl=0.254665 follower_error_count=7 levels=[object:n=78,sr=0.500000,spl=0.348012; room:n=98,sr=0.551020,spl=0.303207; region:n=109,sr=0.422018,spl=0.252146; instance:n=85,sr=0.258824,spl=0.116269] latest_scene=00808-y9hTuugGdiq latest_episode=13 latest_task=4 latest_level=region by_level={"instance": {"avg_spl": 0.11626927099343533, "avg_sr": 0.25882352941176473, "count": 85}, "object": {"avg_spl": 0.34801246187268053, "avg_sr": 0.5, "count": 78}, "region": {"avg_spl": 0.25214625764182513, "avg_sr": 0.42201834862385323, "count": 109}, "room": {"avg_spl": 0.30320702227501733, "avg_sr": 0.5510204081632653, "count": 98}}
Elapsed 15:00:40 [Metrics] sequence count: 370, invalid_count: 0, follower_error_count: 7, avg_sr: 0.435135, avg_spl: 0.254665

=== Episode ===: 14it [2:50:00, 778.56s/it][AElapsed 15:00:50 

Begin to process [00808-y9hTuugGdiq_sequence_14_0] type: [instance], Question: [beige tiled shower cabin with metal faucet knob in bathroom with cream bath vanity with dark granite countertop holding white towels and stainless trash can]

Elapsed 15:00:50 Current start position is [     2.5924     0.03274      4.9772]
Elapsed 15:05:54 ===Episode_id 14 task_id 0 task_level=instance===
SR: False, SPL: 0.0, Object category: shower cabin, goal type: sequence===

Elapsed 15:05:54 [baseline] task_level=instance scene=00808-y9hTuugGdiq episode=14 task=0 sec=303.619
Elapsed 15:05:54 [BASELINE_LIVE_METRICS] rows=371 avg_sr=0.433962 avg_spl=0.253979 follower_error_count=7 levels=[object:n=78,sr=0.500000,spl=0.348012; room:n=98,sr=0.551020,spl=0.303207; region:n=109,sr=0.422018,spl=0.252146; instance:n=86,sr=0.255814,spl=0.114917] latest_scene=00808-y9hTuugGdiq latest_episode=14 latest_task=0 latest_level=instance by_level={"instance": {"avg_spl": 0.1149173027260698, "avg_sr": 0.2558139534883721, "count": 86}, "object": {"avg_spl": 0.34801246187268053, "avg_sr": 0.5, "count": 78}, "region": {"avg_spl": 0.25214625764182513, "avg_sr": 0.42201834862385323, "count": 109}, "room": {"avg_spl": 0.30320702227501733, "avg_sr": 0.5510204081632653, "count": 98}}
Elapsed 15:05:54 

Begin to process [00808-y9hTuugGdiq_sequence_14_1] type: [object], Question: [refrigerator cabinet]

Elapsed 15:05:54 Current start position is [    -5.3861    0.011391      4.8887]
Elapsed 15:06:27 ===Episode_id 14 task_id 1 task_level=object===
SR: True, SPL: 0.7911033469615327, Object category: refrigerator cabinet, goal type: sequence===

Elapsed 15:06:27 [baseline] task_level=object scene=00808-y9hTuugGdiq episode=14 task=1 sec=33.313
Elapsed 15:06:27 [BASELINE_LIVE_METRICS] rows=372 avg_sr=0.435484 avg_spl=0.255423 follower_error_count=7 levels=[object:n=79,sr=0.506329,spl=0.353621; room:n=98,sr=0.551020,spl=0.303207; region:n=109,sr=0.422018,spl=0.252146; instance:n=86,sr=0.255814,spl=0.114917] latest_scene=00808-y9hTuugGdiq latest_episode=14 latest_task=1 latest_level=object by_level={"instance": {"avg_spl": 0.1149173027260698, "avg_sr": 0.2558139534883721, "count": 86}, "object": {"avg_spl": 0.35362120725355206, "avg_sr": 0.5063291139240507, "count": 79}, "region": {"avg_spl": 0.25214625764182513, "avg_sr": 0.42201834862385323, "count": 109}, "room": {"avg_spl": 0.30320702227501733, "avg_sr": 0.5510204081632653, "count": 98}}
Elapsed 15:06:27 

Begin to process [00808-y9hTuugGdiq_sequence_14_2] type: [room], Question: [bathtub platform in the bathroom]

Elapsed 15:06:27 Current start position is [    0.39302    0.011391      2.7388]
Elapsed 15:07:02 ===Episode_id 14 task_id 2 task_level=room===
SR: False, SPL: 0.0, Object category: bathtub platform, goal type: sequence===

Elapsed 15:07:02 [baseline] task_level=room scene=00808-y9hTuugGdiq episode=14 task=2 sec=34.543
Elapsed 15:07:02 [BASELINE_LIVE_METRICS] rows=373 avg_sr=0.434316 avg_spl=0.254738 follower_error_count=7 levels=[object:n=79,sr=0.506329,spl=0.353621; room:n=99,sr=0.545455,spl=0.300144; region:n=109,sr=0.422018,spl=0.252146; instance:n=86,sr=0.255814,spl=0.114917] latest_scene=00808-y9hTuugGdiq latest_episode=14 latest_task=2 latest_level=room by_level={"instance": {"avg_spl": 0.1149173027260698, "avg_sr": 0.2558139534883721, "count": 86}, "object": {"avg_spl": 0.35362120725355206, "avg_sr": 0.5063291139240507, "count": 79}, "region": {"avg_spl": 0.25214625764182513, "avg_sr": 0.42201834862385323, "count": 109}, "room": {"avg_spl": 0.3001443250803202, "avg_sr": 0.5454545454545454, "count": 99}}
Elapsed 15:07:02 

Begin to process [00808-y9hTuugGdiq_sequence_14_3] type: [object], Question: [fire screen]

Elapsed 15:07:02 Current start position is [     -5.417    0.011391      5.3148]
Elapsed 15:08:49 ===Episode_id 14 task_id 3 task_level=object===
SR: True, SPL: 0.8956248329996045, Object category: fire screen, goal type: sequence===

Elapsed 15:08:49 [baseline] task_level=object scene=00808-y9hTuugGdiq episode=14 task=3 sec=106.865
Elapsed 15:08:49 [BASELINE_LIVE_METRICS] rows=374 avg_sr=0.435829 avg_spl=0.256451 follower_error_count=7 levels=[object:n=80,sr=0.512500,spl=0.360396; room:n=99,sr=0.545455,spl=0.300144; region:n=109,sr=0.422018,spl=0.252146; instance:n=86,sr=0.255814,spl=0.114917] latest_scene=00808-y9hTuugGdiq latest_episode=14 latest_task=3 latest_level=object by_level={"instance": {"avg_spl": 0.1149173027260698, "avg_sr": 0.2558139534883721, "count": 86}, "object": {"avg_spl": 0.3603962525753777, "avg_sr": 0.5125, "count": 80}, "region": {"avg_spl": 0.25214625764182513, "avg_sr": 0.42201834862385323, "count": 109}, "room": {"avg_spl": 0.3001443250803202, "avg_sr": 0.5454545454545454, "count": 99}}
Elapsed 15:08:49 

Begin to process [00808-y9hTuugGdiq_sequence_14_4] type: [object], Question: [side table]

Elapsed 15:08:49 Current start position is [     5.1494    0.011391      4.5406]
Elapsed 15:09:35 ===Episode_id 14 task_id 4 task_level=object===
SR: False, SPL: 0.0, Object category: side table, goal type: sequence===

Elapsed 15:09:35 [baseline] task_level=object scene=00808-y9hTuugGdiq episode=14 task=4 sec=46.631
Elapsed 15:09:35 [BASELINE_LIVE_METRICS] rows=375 avg_sr=0.434667 avg_spl=0.255768 follower_error_count=7 levels=[object:n=81,sr=0.506173,spl=0.355947; room:n=99,sr=0.545455,spl=0.300144; region:n=109,sr=0.422018,spl=0.252146; instance:n=86,sr=0.255814,spl=0.114917] latest_scene=00808-y9hTuugGdiq latest_episode=14 latest_task=4 latest_level=object by_level={"instance": {"avg_spl": 0.1149173027260698, "avg_sr": 0.2558139534883721, "count": 86}, "object": {"avg_spl": 0.35594691612382984, "avg_sr": 0.5061728395061729, "count": 81}, "region": {"avg_spl": 0.25214625764182513, "avg_sr": 0.42201834862385323, "count": 109}, "room": {"avg_spl": 0.3001443250803202, "avg_sr": 0.5454545454545454, "count": 99}}
Elapsed 15:09:35 [Metrics] sequence count: 375, invalid_count: 0, follower_error_count: 7, avg_sr: 0.434667, avg_spl: 0.255768

=== Episode ===: 15it [2:58:55, 705.17s/it][AElapsed 15:09:45 

Begin to process [00808-y9hTuugGdiq_sequence_15_0] type: [instance], Question: [dark granite bathroom counter with sink above cream cabinet in bathroom with stainless trash can, walk-in shower, and toilet]

Elapsed 15:09:45 Current start position is [     6.3404     0.05389      4.4272]
Elapsed 15:13:21 ===Episode_id 15 task_id 0 task_level=instance===
SR: False, SPL: 0.0, Object category: bathroom counter, goal type: sequence===

Elapsed 15:13:21 [baseline] task_level=instance scene=00808-y9hTuugGdiq episode=15 task=0 sec=215.802
Elapsed 15:13:21 [BASELINE_LIVE_METRICS] rows=376 avg_sr=0.433511 avg_spl=0.255087 follower_error_count=7 levels=[object:n=81,sr=0.506173,spl=0.355947; room:n=99,sr=0.545455,spl=0.300144; region:n=109,sr=0.422018,spl=0.252146; instance:n=87,sr=0.252874,spl=0.113596] latest_scene=00808-y9hTuugGdiq latest_episode=15 latest_task=0 latest_level=instance by_level={"instance": {"avg_spl": 0.11359641418898854, "avg_sr": 0.25287356321839083, "count": 87}, "object": {"avg_spl": 0.35594691612382984, "avg_sr": 0.5061728395061729, "count": 81}, "region": {"avg_spl": 0.25214625764182513, "avg_sr": 0.42201834862385323, "count": 109}, "room": {"avg_spl": 0.3001443250803202, "avg_sr": 0.5454545454545454, "count": 99}}
Elapsed 15:13:21 

Begin to process [00808-y9hTuugGdiq_sequence_15_1] type: [region], Question: [chest of drawers in the bedroom that has bed with multicolored striped quilt and white headboard, white-framed abstract art prints, sunset pier photo, red text-heart print, and mirrored closet doors beside white cabinet]

Elapsed 15:13:21 Current start position is [    -5.5615    0.011391      4.4325]
Elapsed 15:16:04 ===Episode_id 15 task_id 1 task_level=region===
SR: True, SPL: 0.32609559972538926, Object category: chest of drawers, goal type: sequence===

Elapsed 15:16:04 [baseline] task_level=region scene=00808-y9hTuugGdiq episode=15 task=1 sec=163.219
Elapsed 15:16:04 [BASELINE_LIVE_METRICS] rows=377 avg_sr=0.435013 avg_spl=0.255276 follower_error_count=7 levels=[object:n=81,sr=0.506173,spl=0.355947; room:n=99,sr=0.545455,spl=0.300144; region:n=110,sr=0.427273,spl=0.252819; instance:n=87,sr=0.252874,spl=0.113596] latest_scene=00808-y9hTuugGdiq latest_episode=15 latest_task=1 latest_level=region by_level={"instance": {"avg_spl": 0.11359641418898854, "avg_sr": 0.25287356321839083, "count": 87}, "object": {"avg_spl": 0.35594691612382984, "avg_sr": 0.5061728395061729, "count": 81}, "region": {"avg_spl": 0.25281852438803937, "avg_sr": 0.42727272727272725, "count": 110}, "room": {"avg_spl": 0.3001443250803202, "avg_sr": 0.5454545454545454, "count": 99}}
Elapsed 15:16:04 

Begin to process [00808-y9hTuugGdiq_sequence_15_2] type: [object], Question: [toilet]

Elapsed 15:16:04 Current start position is [   -0.72679    0.011391    -0.52256]
Elapsed 15:16:39 ===Episode_id 15 task_id 2 task_level=object===
SR: False, SPL: 0.0, Object category: toilet, goal type: sequence===

Elapsed 15:16:39 [baseline] task_level=object scene=00808-y9hTuugGdiq episode=15 task=2 sec=34.918
Elapsed 15:16:39 [BASELINE_LIVE_METRICS] rows=378 avg_sr=0.433862 avg_spl=0.254600 follower_error_count=7 levels=[object:n=82,sr=0.500000,spl=0.351606; room:n=99,sr=0.545455,spl=0.300144; region:n=110,sr=0.427273,spl=0.252819; instance:n=87,sr=0.252874,spl=0.113596] latest_scene=00808-y9hTuugGdiq latest_episode=15 latest_task=2 latest_level=object by_level={"instance": {"avg_spl": 0.11359641418898854, "avg_sr": 0.25287356321839083, "count": 87}, "object": {"avg_spl": 0.3516061000735392, "avg_sr": 0.5, "count": 82}, "region": {"avg_spl": 0.25281852438803937, "avg_sr": 0.42727272727272725, "count": 110}, "room": {"avg_spl": 0.3001443250803202, "avg_sr": 0.5454545454545454, "count": 99}}
Elapsed 15:16:39 

Begin to process [00808-y9hTuugGdiq_sequence_15_3] type: [object], Question: [refrigerator]

Elapsed 15:16:39 Current start position is [    -5.4246    0.011391      5.3947]
Elapsed 15:17:15 ===Episode_id 15 task_id 3 task_level=object===
SR: True, SPL: 0.8141157982667628, Object category: refrigerator, goal type: sequence===

Elapsed 15:17:15 [baseline] task_level=object scene=00808-y9hTuugGdiq episode=15 task=3 sec=35.736
Elapsed 15:17:15 [BASELINE_LIVE_METRICS] rows=379 avg_sr=0.435356 avg_spl=0.256077 follower_error_count=7 levels=[object:n=83,sr=0.506024,spl=0.357179; room:n=99,sr=0.545455,spl=0.300144; region:n=110,sr=0.427273,spl=0.252819; instance:n=87,sr=0.252874,spl=0.113596] latest_scene=00808-y9hTuugGdiq latest_episode=15 latest_task=3 latest_level=object by_level={"instance": {"avg_spl": 0.11359641418898854, "avg_sr": 0.25287356321839083, "count": 87}, "object": {"avg_spl": 0.3571785060758672, "avg_sr": 0.5060240963855421, "count": 83}, "region": {"avg_spl": 0.25281852438803937, "avg_sr": 0.42727272727272725, "count": 110}, "room": {"avg_spl": 0.3001443250803202, "avg_sr": 0.5454545454545454, "count": 99}}
Elapsed 15:17:15 

Begin to process [00808-y9hTuugGdiq_sequence_15_4] type: [room], Question: [side table in the living room]

Elapsed 15:17:15 Current start position is [     0.4287    0.011391      2.7785]
Elapsed 15:17:59 ===Episode_id 15 task_id 4 task_level=room===
SR: False, SPL: 0.0, Object category: side table, goal type: sequence===

Elapsed 15:17:59 [baseline] task_level=room scene=00808-y9hTuugGdiq episode=15 task=4 sec=44.190
Elapsed 15:17:59 [BASELINE_LIVE_METRICS] rows=380 avg_sr=0.434211 avg_spl=0.255403 follower_error_count=7 levels=[object:n=83,sr=0.506024,spl=0.357179; room:n=100,sr=0.540000,spl=0.297143; region:n=110,sr=0.427273,spl=0.252819; instance:n=87,sr=0.252874,spl=0.113596] latest_scene=00808-y9hTuugGdiq latest_episode=15 latest_task=4 latest_level=room by_level={"instance": {"avg_spl": 0.11359641418898854, "avg_sr": 0.25287356321839083, "count": 87}, "object": {"avg_spl": 0.3571785060758672, "avg_sr": 0.5060240963855421, "count": 83}, "region": {"avg_spl": 0.25281852438803937, "avg_sr": 0.42727272727272725, "count": 110}, "room": {"avg_spl": 0.297142881829517, "avg_sr": 0.54, "count": 100}}
Elapsed 15:17:59 [Metrics] sequence count: 380, invalid_count: 0, follower_error_count: 7, avg_sr: 0.434211, avg_spl: 0.255403

=== Episode ===: 16it [3:07:19, 644.59s/it][AElapsed 15:18:08 

Begin to process [00808-y9hTuugGdiq_sequence_16_0] type: [instance], Question: [cream bath cabinet with draped towel under sink and dark granite countertop in bathroom with stainless trash can, walk-in shower, and toilet]

Elapsed 15:18:08 Current start position is [    -11.324     0.04793      4.9004]
Elapsed 15:19:48 ===Episode_id 16 task_id 0 task_level=instance===
SR: False, SPL: 0.0, Object category: bathroom cabinet, goal type: sequence===

Elapsed 15:19:48 [baseline] task_level=instance scene=00808-y9hTuugGdiq episode=16 task=0 sec=99.537
Elapsed 15:19:48 [BASELINE_LIVE_METRICS] rows=381 avg_sr=0.433071 avg_spl=0.254732 follower_error_count=7 levels=[object:n=83,sr=0.506024,spl=0.357179; room:n=100,sr=0.540000,spl=0.297143; region:n=110,sr=0.427273,spl=0.252819; instance:n=88,sr=0.250000,spl=0.112306] latest_scene=00808-y9hTuugGdiq latest_episode=16 latest_task=0 latest_level=instance by_level={"instance": {"avg_spl": 0.11230554584593185, "avg_sr": 0.25, "count": 88}, "object": {"avg_spl": 0.3571785060758672, "avg_sr": 0.5060240963855421, "count": 83}, "region": {"avg_spl": 0.25281852438803937, "avg_sr": 0.42727272727272725, "count": 110}, "room": {"avg_spl": 0.297142881829517, "avg_sr": 0.54, "count": 100}}
Elapsed 15:19:48 

Begin to process [00808-y9hTuugGdiq_sequence_16_1] type: [region], Question: [refrigerator in the kitchen that has dark wood kitchen cabinets with light marble countertop and black stove, two-slot toaster, microwave above hanging knives, coffee maker, stainless refrigerator, and built-in black oven by stainless trash can]

Elapsed 15:19:48 Current start position is [    -11.088    0.061391      4.8851]
Elapsed 15:27:50 ===Episode_id 16 task_id 1 task_level=region===
SR: False, SPL: 0.0, Object category: refrigerator, goal type: sequence===

Elapsed 15:27:50 [baseline] task_level=region scene=00808-y9hTuugGdiq episode=16 task=1 sec=481.855
Elapsed 15:27:50 [BASELINE_LIVE_METRICS] rows=382 avg_sr=0.431937 avg_spl=0.254066 follower_error_count=7 levels=[object:n=83,sr=0.506024,spl=0.357179; room:n=100,sr=0.540000,spl=0.297143; region:n=111,sr=0.423423,spl=0.250541; instance:n=88,sr=0.250000,spl=0.112306] latest_scene=00808-y9hTuugGdiq latest_episode=16 latest_task=1 latest_level=region by_level={"instance": {"avg_spl": 0.11230554584593185, "avg_sr": 0.25, "count": 88}, "object": {"avg_spl": 0.3571785060758672, "avg_sr": 0.5060240963855421, "count": 83}, "region": {"avg_spl": 0.2505408800241831, "avg_sr": 0.42342342342342343, "count": 111}, "room": {"avg_spl": 0.297142881829517, "avg_sr": 0.54, "count": 100}}
Elapsed 15:27:50 

Begin to process [00808-y9hTuugGdiq_sequence_16_2] type: [object], Question: [stereo]

Elapsed 15:27:50 Current start position is [     -4.729    0.061391      2.7526]
Elapsed 15:28:51 ===Episode_id 16 task_id 2 task_level=object===
SR: False, SPL: 0.0, Object category: stereo, goal type: sequence===

Elapsed 15:28:51 [baseline] task_level=object scene=00808-y9hTuugGdiq episode=16 task=2 sec=61.552
Elapsed 15:28:51 [BASELINE_LIVE_METRICS] rows=383 avg_sr=0.430809 avg_spl=0.253402 follower_error_count=7 levels=[object:n=84,sr=0.500000,spl=0.352926; room:n=100,sr=0.540000,spl=0.297143; region:n=111,sr=0.423423,spl=0.250541; instance:n=88,sr=0.250000,spl=0.112306] latest_scene=00808-y9hTuugGdiq latest_episode=16 latest_task=2 latest_level=object by_level={"instance": {"avg_spl": 0.11230554584593185, "avg_sr": 0.25, "count": 88}, "object": {"avg_spl": 0.35292638100353546, "avg_sr": 0.5, "count": 84}, "region": {"avg_spl": 0.2505408800241831, "avg_sr": 0.42342342342342343, "count": 111}, "room": {"avg_spl": 0.297142881829517, "avg_sr": 0.54, "count": 100}}
Elapsed 15:28:51 

Begin to process [00808-y9hTuugGdiq_sequence_16_3] type: [region], Question: [shower cabin in the bathroom that has cream bath vanity with dark granite countertop holding white towels, stainless trash can, walk-in shower, toilet with beige tank]

Elapsed 15:28:51 Current start position is [      7.683    0.059978       4.746]
Elapsed 15:30:13 ===Episode_id 16 task_id 3 task_level=region===
SR: True, SPL: 0.8561871128207491, Object category: shower cabin, goal type: sequence===

Elapsed 15:30:13 [baseline] task_level=region scene=00808-y9hTuugGdiq episode=16 task=3 sec=81.514
Elapsed 15:30:13 [BASELINE_LIVE_METRICS] rows=384 avg_sr=0.432292 avg_spl=0.254972 follower_error_count=7 levels=[object:n=84,sr=0.500000,spl=0.352926; room:n=100,sr=0.540000,spl=0.297143; region:n=112,sr=0.428571,spl=0.255948; instance:n=88,sr=0.250000,spl=0.112306] latest_scene=00808-y9hTuugGdiq latest_episode=16 latest_task=3 latest_level=region by_level={"instance": {"avg_spl": 0.11230554584593185, "avg_sr": 0.25, "count": 88}, "object": {"avg_spl": 0.35292638100353546, "avg_sr": 0.5, "count": 84}, "region": {"avg_spl": 0.2559484356741525, "avg_sr": 0.42857142857142855, "count": 112}, "room": {"avg_spl": 0.297142881829517, "avg_sr": 0.54, "count": 100}}
Elapsed 15:30:13 

Begin to process [00808-y9hTuugGdiq_sequence_16_4] type: [region], Question: [tv in the tie: dining room & living room that has gray couch and white rectangular coffee table near teal wall, decorative fireplace below wall-mounted TV, long wood dining table with dark chairs, wine glass rack with hanging glasses]

Elapsed 15:30:13 Current start position is [    -5.4188    0.011391      5.3574]
Elapsed 15:33:29 ===Episode_id 16 task_id 4 task_level=region===
SR: False, SPL: 0.0, Object category: tv, goal type: sequence===

Elapsed 15:33:29 [baseline] task_level=region scene=00808-y9hTuugGdiq episode=16 task=4 sec=196.288
Elapsed 15:33:29 [BASELINE_LIVE_METRICS] rows=385 avg_sr=0.431169 avg_spl=0.254310 follower_error_count=7 levels=[object:n=84,sr=0.500000,spl=0.352926; room:n=100,sr=0.540000,spl=0.297143; region:n=113,sr=0.424779,spl=0.253683; instance:n=88,sr=0.250000,spl=0.112306] latest_scene=00808-y9hTuugGdiq latest_episode=16 latest_task=4 latest_level=region by_level={"instance": {"avg_spl": 0.11230554584593185, "avg_sr": 0.25, "count": 88}, "object": {"avg_spl": 0.35292638100353546, "avg_sr": 0.5, "count": 84}, "region": {"avg_spl": 0.2536834052699564, "avg_sr": 0.4247787610619469, "count": 113}, "room": {"avg_spl": 0.297142881829517, "avg_sr": 0.54, "count": 100}}
Elapsed 15:33:29 [Metrics] sequence count: 385, invalid_count: 0, follower_error_count: 7, avg_sr: 0.431169, avg_spl: 0.254310

=== Episode ===: 17it [3:22:49, 730.37s/it][AElapsed 15:33:39 

Begin to process [00808-y9hTuugGdiq_sequence_17_0] type: [instance], Question: [silver pedal bin between glass-enclosed white bathtub with beige tiled surround and cream vanity with beige countertop in bathroom]

Elapsed 15:33:39 Current start position is [    -5.3344     0.01139      1.1906]
Elapsed 15:37:23 ===Episode_id 17 task_id 0 task_level=instance===
SR: False, SPL: 0.0, Object category: bin, goal type: sequence===

Elapsed 15:37:23 [baseline] task_level=instance scene=00808-y9hTuugGdiq episode=17 task=0 sec=224.544
Elapsed 15:37:23 [BASELINE_LIVE_METRICS] rows=386 avg_sr=0.430052 avg_spl=0.253651 follower_error_count=7 levels=[object:n=84,sr=0.500000,spl=0.352926; room:n=100,sr=0.540000,spl=0.297143; region:n=113,sr=0.424779,spl=0.253683; instance:n=89,sr=0.247191,spl=0.111044] latest_scene=00808-y9hTuugGdiq latest_episode=17 latest_task=0 latest_level=instance by_level={"instance": {"avg_spl": 0.11104368578024722, "avg_sr": 0.24719101123595505, "count": 89}, "object": {"avg_spl": 0.35292638100353546, "avg_sr": 0.5, "count": 84}, "region": {"avg_spl": 0.2536834052699564, "avg_sr": 0.4247787610619469, "count": 113}, "room": {"avg_spl": 0.297142881829517, "avg_sr": 0.54, "count": 100}}
Elapsed 15:37:23 

Begin to process [00808-y9hTuugGdiq_sequence_17_1] type: [region], Question: [stereo in the tie: dining room & living room that has gray couch and white rectangular coffee table near teal wall, decorative fireplace below wall-mounted TV, long wood dining table with dark chairs, wine glass rack with hanging glasses]

Elapsed 15:37:23 Current start position is [    -5.4839    0.011391      4.7418]
Elapsed 15:44:44 ===Episode_id 17 task_id 1 task_level=region===
SR: False, SPL: 0.0, Object category: stereo, goal type: sequence===

Elapsed 15:44:44 [baseline] task_level=region scene=00808-y9hTuugGdiq episode=17 task=1 sec=440.343
Elapsed 15:44:44 [BASELINE_LIVE_METRICS] rows=387 avg_sr=0.428941 avg_spl=0.252995 follower_error_count=7 levels=[object:n=84,sr=0.500000,spl=0.352926; room:n=100,sr=0.540000,spl=0.297143; region:n=114,sr=0.421053,spl=0.251458; instance:n=89,sr=0.247191,spl=0.111044] latest_scene=00808-y9hTuugGdiq latest_episode=17 latest_task=1 latest_level=region by_level={"instance": {"avg_spl": 0.11104368578024722, "avg_sr": 0.24719101123595505, "count": 89}, "object": {"avg_spl": 0.35292638100353546, "avg_sr": 0.5, "count": 84}, "region": {"avg_spl": 0.2514581122412726, "avg_sr": 0.42105263157894735, "count": 114}, "room": {"avg_spl": 0.297142881829517, "avg_sr": 0.54, "count": 100}}
Elapsed 15:44:44 

Begin to process [00808-y9hTuugGdiq_sequence_17_2] type: [object], Question: [dishwasher]

Elapsed 15:44:44 Current start position is [     5.8539    0.032131      4.7461]
Elapsed 15:49:32 ===Episode_id 17 task_id 2 task_level=object===
SR: True, SPL: 0.857634210784407, Object category: dishwasher, goal type: sequence===

Elapsed 15:49:32 [baseline] task_level=object scene=00808-y9hTuugGdiq episode=17 task=2 sec=288.577
Elapsed 15:49:32 [BASELINE_LIVE_METRICS] rows=388 avg_sr=0.430412 avg_spl=0.254554 follower_error_count=7 levels=[object:n=85,sr=0.505882,spl=0.358864; room:n=100,sr=0.540000,spl=0.297143; region:n=114,sr=0.421053,spl=0.251458; instance:n=89,sr=0.247191,spl=0.111044] latest_scene=00808-y9hTuugGdiq latest_episode=17 latest_task=2 latest_level=object by_level={"instance": {"avg_spl": 0.11104368578024722, "avg_sr": 0.24719101123595505, "count": 89}, "object": {"avg_spl": 0.3588641201774281, "avg_sr": 0.5058823529411764, "count": 85}, "region": {"avg_spl": 0.2514581122412726, "avg_sr": 0.42105263157894735, "count": 114}, "room": {"avg_spl": 0.297142881829517, "avg_sr": 0.54, "count": 100}}
Elapsed 15:49:32 

Begin to process [00808-y9hTuugGdiq_sequence_17_3] type: [object], Question: [plant]

Elapsed 15:49:32 Current start position is [    -1.0926    0.011391      4.9949]
Elapsed 15:51:21 ===Episode_id 17 task_id 3 task_level=object===
SR: True, SPL: 0.7657801655694929, Object category: plant, goal type: sequence===

Elapsed 15:51:21 [baseline] task_level=object scene=00808-y9hTuugGdiq episode=17 task=3 sec=108.268
Elapsed 15:51:21 [BASELINE_LIVE_METRICS] rows=389 avg_sr=0.431877 avg_spl=0.255868 follower_error_count=7 levels=[object:n=86,sr=0.511628,spl=0.363596; room:n=100,sr=0.540000,spl=0.297143; region:n=114,sr=0.421053,spl=0.251458; instance:n=89,sr=0.247191,spl=0.111044] latest_scene=00808-y9hTuugGdiq latest_episode=17 latest_task=3 latest_level=object by_level={"instance": {"avg_spl": 0.11104368578024722, "avg_sr": 0.24719101123595505, "count": 89}, "object": {"avg_spl": 0.3635957021005916, "avg_sr": 0.5116279069767442, "count": 86}, "region": {"avg_spl": 0.2514581122412726, "avg_sr": 0.42105263157894735, "count": 114}, "room": {"avg_spl": 0.297142881829517, "avg_sr": 0.54, "count": 100}}
Elapsed 15:51:21 

Begin to process [00808-y9hTuugGdiq_sequence_17_4] type: [region], Question: [coffee table in the tie: dining room & living room that has gray couch and white rectangular coffee table near teal wall, decorative fireplace below wall-mounted TV, long wood dining table with dark chairs, wine glass rack with hanging glasses]

Elapsed 15:51:21 Current start position is [    -4.6565    0.011391    -0.48207]
Elapsed 15:52:07 ===Episode_id 17 task_id 4 task_level=region===
SR: False, SPL: 0.0, Object category: coffee table, goal type: sequence===

Elapsed 15:52:07 [baseline] task_level=region scene=00808-y9hTuugGdiq episode=17 task=4 sec=46.487
Elapsed 15:52:07 [BASELINE_LIVE_METRICS] rows=390 avg_sr=0.430769 avg_spl=0.255212 follower_error_count=7 levels=[object:n=86,sr=0.511628,spl=0.363596; room:n=100,sr=0.540000,spl=0.297143; region:n=115,sr=0.417391,spl=0.249272; instance:n=89,sr=0.247191,spl=0.111044] latest_scene=00808-y9hTuugGdiq latest_episode=17 latest_task=4 latest_level=region by_level={"instance": {"avg_spl": 0.11104368578024722, "avg_sr": 0.24719101123595505, "count": 89}, "object": {"avg_spl": 0.3635957021005916, "avg_sr": 0.5116279069767442, "count": 86}, "region": {"avg_spl": 0.2492715199609137, "avg_sr": 0.41739130434782606, "count": 115}, "room": {"avg_spl": 0.297142881829517, "avg_sr": 0.54, "count": 100}}
Elapsed 15:52:07 [Metrics] sequence count: 390, invalid_count: 0, follower_error_count: 7, avg_sr: 0.430769, avg_spl: 0.255212

=== Episode ===: 18it [3:41:27, 846.89s/it][AElapsed 15:52:18 

Begin to process [00808-y9hTuugGdiq_sequence_18_0] type: [instance], Question: [beige bath mat beside cream vanity with beige countertop in bathroom with white bathtub and beige tiled surround]

Elapsed 15:52:18 Current start position is [    -4.6097     0.01139      1.1439]
Elapsed 15:54:21 ===Episode_id 18 task_id 0 task_level=instance===
SR: False, SPL: 0.0, Object category: rug, goal type: sequence===

Elapsed 15:54:21 [baseline] task_level=instance scene=00808-y9hTuugGdiq episode=18 task=0 sec=122.975
Elapsed 15:54:21 [BASELINE_LIVE_METRICS] rows=391 avg_sr=0.429668 avg_spl=0.254559 follower_error_count=7 levels=[object:n=86,sr=0.511628,spl=0.363596; room:n=100,sr=0.540000,spl=0.297143; region:n=115,sr=0.417391,spl=0.249272; instance:n=90,sr=0.244444,spl=0.109810] latest_scene=00808-y9hTuugGdiq latest_episode=18 latest_task=0 latest_level=instance by_level={"instance": {"avg_spl": 0.10980986704935558, "avg_sr": 0.24444444444444444, "count": 90}, "object": {"avg_spl": 0.3635957021005916, "avg_sr": 0.5116279069767442, "count": 86}, "region": {"avg_spl": 0.2492715199609137, "avg_sr": 0.41739130434782606, "count": 115}, "room": {"avg_spl": 0.297142881829517, "avg_sr": 0.54, "count": 100}}
Elapsed 15:54:21 

Begin to process [00808-y9hTuugGdiq_sequence_18_1] type: [room], Question: [stereo in the dining room]

Elapsed 15:54:21 Current start position is [    -5.2727    0.011391      4.9977]
Elapsed 15:56:15 ===Episode_id 18 task_id 1 task_level=room===
SR: False, SPL: 0.0, Object category: stereo, goal type: sequence===

Elapsed 15:56:15 [baseline] task_level=room scene=00808-y9hTuugGdiq episode=18 task=1 sec=113.824
Elapsed 15:56:15 [BASELINE_LIVE_METRICS] rows=392 avg_sr=0.428571 avg_spl=0.253910 follower_error_count=7 levels=[object:n=86,sr=0.511628,spl=0.363596; room:n=101,sr=0.534653,spl=0.294201; region:n=115,sr=0.417391,spl=0.249272; instance:n=90,sr=0.244444,spl=0.109810] latest_scene=00808-y9hTuugGdiq latest_episode=18 latest_task=1 latest_level=room by_level={"instance": {"avg_spl": 0.10980986704935558, "avg_sr": 0.24444444444444444, "count": 90}, "object": {"avg_spl": 0.3635957021005916, "avg_sr": 0.5116279069767442, "count": 86}, "region": {"avg_spl": 0.2492715199609137, "avg_sr": 0.41739130434782606, "count": 115}, "room": {"avg_spl": 0.29420087309853166, "avg_sr": 0.5346534653465347, "count": 101}}
Elapsed 15:56:15 

Begin to process [00808-y9hTuugGdiq_sequence_18_2] type: [region], Question: [bin in the laundry room that has washer-dryer with black bin under dark wood cabinets, vacuum cleaner and fire extinguisher beside dark cabinet]

Elapsed 15:56:15 Current start position is [    0.48344    0.011391      4.8434]
Elapsed 15:56:50 ===Episode_id 18 task_id 2 task_level=region===
SR: False, SPL: 0.0, Object category: bin, goal type: sequence===

Elapsed 15:56:50 [baseline] task_level=region scene=00808-y9hTuugGdiq episode=18 task=2 sec=35.053
Elapsed 15:56:50 [BASELINE_LIVE_METRICS] rows=393 avg_sr=0.427481 avg_spl=0.253264 follower_error_count=7 levels=[object:n=86,sr=0.511628,spl=0.363596; room:n=101,sr=0.534653,spl=0.294201; region:n=116,sr=0.413793,spl=0.247123; instance:n=90,sr=0.244444,spl=0.109810] latest_scene=00808-y9hTuugGdiq latest_episode=18 latest_task=2 latest_level=region by_level={"instance": {"avg_spl": 0.10980986704935558, "avg_sr": 0.24444444444444444, "count": 90}, "object": {"avg_spl": 0.3635957021005916, "avg_sr": 0.5116279069767442, "count": 86}, "region": {"avg_spl": 0.24712262754745756, "avg_sr": 0.41379310344827586, "count": 116}, "room": {"avg_spl": 0.29420087309853166, "avg_sr": 0.5346534653465347, "count": 101}}
Elapsed 15:56:50 

Begin to process [00808-y9hTuugGdiq_sequence_18_3] type: [room], Question: [couch in the living room]

Elapsed 15:56:50 Current start position is [    -3.4732    0.011391      4.7461]
Elapsed 15:58:15 ===Episode_id 18 task_id 3 task_level=room===
SR: True, SPL: 0.7014653767911582, Object category: couch, goal type: sequence===

Elapsed 15:58:15 [baseline] task_level=room scene=00808-y9hTuugGdiq episode=18 task=3 sec=85.711
Elapsed 15:58:15 [BASELINE_LIVE_METRICS] rows=394 avg_sr=0.428934 avg_spl=0.254401 follower_error_count=7 levels=[object:n=86,sr=0.511628,spl=0.363596; room:n=102,sr=0.539216,spl=0.298194; region:n=116,sr=0.413793,spl=0.247123; instance:n=90,sr=0.244444,spl=0.109810] latest_scene=00808-y9hTuugGdiq latest_episode=18 latest_task=3 latest_level=room by_level={"instance": {"avg_spl": 0.10980986704935558, "avg_sr": 0.24444444444444444, "count": 90}, "object": {"avg_spl": 0.3635957021005916, "avg_sr": 0.5116279069767442, "count": 86}, "region": {"avg_spl": 0.24712262754745756, "avg_sr": 0.41379310344827586, "count": 116}, "room": {"avg_spl": 0.29819366235042016, "avg_sr": 0.5392156862745098, "count": 102}}
Elapsed 15:58:15 

Begin to process [00808-y9hTuugGdiq_sequence_18_4] type: [region], Question: [bathtub in the bathroom that has glass-enclosed white bathtub with beige tiled surround, cream bath vanity with beige countertop holding white towels, stainless trash can, toilet with white water tank]

Elapsed 15:58:15 Current start position is [     4.6573    0.061391      1.0163]
Elapsed 15:58:58 ===Episode_id 18 task_id 4 task_level=region===
SR: False, SPL: 0.0, Object category: bathtub, goal type: sequence===

Elapsed 15:58:58 [baseline] task_level=region scene=00808-y9hTuugGdiq episode=18 task=4 sec=42.323
Elapsed 15:58:58 [BASELINE_LIVE_METRICS] rows=395 avg_sr=0.427848 avg_spl=0.253757 follower_error_count=7 levels=[object:n=86,sr=0.511628,spl=0.363596; room:n=102,sr=0.539216,spl=0.298194; region:n=117,sr=0.410256,spl=0.245010; instance:n=90,sr=0.244444,spl=0.109810] latest_scene=00808-y9hTuugGdiq latest_episode=18 latest_task=4 latest_level=region by_level={"instance": {"avg_spl": 0.10980986704935558, "avg_sr": 0.24444444444444444, "count": 90}, "object": {"avg_spl": 0.3635957021005916, "avg_sr": 0.5116279069767442, "count": 86}, "region": {"avg_spl": 0.24501046833765022, "avg_sr": 0.41025641025641024, "count": 117}, "room": {"avg_spl": 0.29819366235042016, "avg_sr": 0.5392156862745098, "count": 102}}
Elapsed 15:58:58 [Metrics] sequence count: 395, invalid_count: 0, follower_error_count: 7, avg_sr: 0.427848, avg_spl: 0.253757

=== Episode ===: 19it [3:48:17, 715.85s/it][AElapsed 15:59:08 

Begin to process [00808-y9hTuugGdiq_sequence_19_0] type: [instance], Question: [white bath cabinet under sink in bathroom with white bathtub with beige tiled surround, stainless trash can, and toilet]

Elapsed 15:59:08 Current start position is [   -0.69223     0.01139      4.7533]
Elapsed 16:02:32 ===Episode_id 19 task_id 0 task_level=instance===
SR: True, SPL: 0.7728955023330052, Object category: bathroom cabinet, goal type: sequence===

Elapsed 16:02:32 [baseline] task_level=instance scene=00808-y9hTuugGdiq episode=19 task=0 sec=204.255
Elapsed 16:02:33 [BASELINE_LIVE_METRICS] rows=396 avg_sr=0.429293 avg_spl=0.255068 follower_error_count=7 levels=[object:n=86,sr=0.511628,spl=0.363596; room:n=102,sr=0.539216,spl=0.298194; region:n=117,sr=0.410256,spl=0.245010; instance:n=91,sr=0.252747,spl=0.117097] latest_scene=00808-y9hTuugGdiq latest_episode=19 latest_task=0 latest_level=instance by_level={"instance": {"avg_spl": 0.11709652238214295, "avg_sr": 0.25274725274725274, "count": 91}, "object": {"avg_spl": 0.3635957021005916, "avg_sr": 0.5116279069767442, "count": 86}, "region": {"avg_spl": 0.24501046833765022, "avg_sr": 0.41025641025641024, "count": 117}, "room": {"avg_spl": 0.29819366235042016, "avg_sr": 0.5392156862745098, "count": 102}}
Elapsed 16:02:33 

Begin to process [00808-y9hTuugGdiq_sequence_19_1] type: [region], Question: [couch in the tie: dining room & living room that has gray couch and white rectangular coffee table near teal wall, decorative fireplace below wall-mounted TV, long wood dining table with dark chairs, wine glass rack with hanging glasses]

Elapsed 16:02:33 Current start position is [    -11.757      0.0514      4.5616]
Elapsed 16:03:43 ===Episode_id 19 task_id 1 task_level=region===
SR: True, SPL: 0.740956690644993, Object category: couch, goal type: sequence===

Elapsed 16:03:43 [baseline] task_level=region scene=00808-y9hTuugGdiq episode=19 task=1 sec=70.471
Elapsed 16:03:43 [BASELINE_LIVE_METRICS] rows=397 avg_sr=0.430730 avg_spl=0.256292 follower_error_count=7 levels=[object:n=86,sr=0.511628,spl=0.363596; room:n=102,sr=0.539216,spl=0.298194; region:n=118,sr=0.415254,spl=0.249213; instance:n=91,sr=0.252747,spl=0.117097] latest_scene=00808-y9hTuugGdiq latest_episode=19 latest_task=1 latest_level=region by_level={"instance": {"avg_spl": 0.11709652238214295, "avg_sr": 0.25274725274725274, "count": 91}, "object": {"avg_spl": 0.3635957021005916, "avg_sr": 0.5116279069767442, "count": 86}, "region": {"avg_spl": 0.2492134024250006, "avg_sr": 0.4152542372881356, "count": 118}, "room": {"avg_spl": 0.29819366235042016, "avg_sr": 0.5392156862745098, "count": 102}}
Elapsed 16:03:43 

Begin to process [00808-y9hTuugGdiq_sequence_19_2] type: [region], Question: [chest of drawers in the bedroom that has bed with white bedding and red pillows, mirrored closet doors, abstract art above dark wood dresser, white curtain next to leafy plant]

Elapsed 16:03:43 Current start position is [      6.242    0.061391     0.25096]
Elapsed 16:04:23 ===Episode_id 19 task_id 2 task_level=region===
SR: False, SPL: 0.0, Object category: chest of drawers, goal type: sequence===

Elapsed 16:04:23 [baseline] task_level=region scene=00808-y9hTuugGdiq episode=19 task=2 sec=40.477
Elapsed 16:04:23 [BASELINE_LIVE_METRICS] rows=398 avg_sr=0.429648 avg_spl=0.255648 follower_error_count=7 levels=[object:n=86,sr=0.511628,spl=0.363596; room:n=102,sr=0.539216,spl=0.298194; region:n=119,sr=0.411765,spl=0.247119; instance:n=91,sr=0.252747,spl=0.117097] latest_scene=00808-y9hTuugGdiq latest_episode=19 latest_task=2 latest_level=region by_level={"instance": {"avg_spl": 0.11709652238214295, "avg_sr": 0.25274725274725274, "count": 91}, "object": {"avg_spl": 0.3635957021005916, "avg_sr": 0.5116279069767442, "count": 86}, "region": {"avg_spl": 0.24711917215252158, "avg_sr": 0.4117647058823529, "count": 119}, "room": {"avg_spl": 0.29819366235042016, "avg_sr": 0.5392156862745098, "count": 102}}
Elapsed 16:04:23 

Begin to process [00808-y9hTuugGdiq_sequence_19_3] type: [region], Question: [toilet in the bathroom that has glass-enclosed white bathtub with beige tiled surround, cream bath vanity with beige countertop holding white towels, stainless trash can, toilet with white water tank]

Elapsed 16:04:23 Current start position is [    -9.2596    0.011391     0.84857]
Elapsed 16:04:59 ===Episode_id 19 task_id 3 task_level=region===
SR: True, SPL: 0.8570644616124579, Object category: toilet, goal type: sequence===

Elapsed 16:04:59 [baseline] task_level=region scene=00808-y9hTuugGdiq episode=19 task=3 sec=35.348
Elapsed 16:04:59 [BASELINE_LIVE_METRICS] rows=399 avg_sr=0.431078 avg_spl=0.257155 follower_error_count=7 levels=[object:n=86,sr=0.511628,spl=0.363596; room:n=102,sr=0.539216,spl=0.298194; region:n=120,sr=0.416667,spl=0.252202; instance:n=91,sr=0.252747,spl=0.117097] latest_scene=00808-y9hTuugGdiq latest_episode=19 latest_task=3 latest_level=region by_level={"instance": {"avg_spl": 0.11709652238214295, "avg_sr": 0.25274725274725274, "count": 91}, "object": {"avg_spl": 0.3635957021005916, "avg_sr": 0.5116279069767442, "count": 86}, "region": {"avg_spl": 0.2522020495646877, "avg_sr": 0.4166666666666667, "count": 120}, "room": {"avg_spl": 0.29819366235042016, "avg_sr": 0.5392156862745098, "count": 102}}
Elapsed 16:04:59 

Begin to process [00808-y9hTuugGdiq_sequence_19_4] type: [object], Question: [fire screen]

Elapsed 16:04:59 Current start position is [    -11.149    0.061391      4.8238]
Elapsed 16:05:35 ===Episode_id 19 task_id 4 task_level=object===
SR: True, SPL: 0.898856908295156, Object category: fire screen, goal type: sequence===

Elapsed 16:05:35 [baseline] task_level=object scene=00808-y9hTuugGdiq episode=19 task=4 sec=36.329
Elapsed 16:05:35 [BASELINE_LIVE_METRICS] rows=400 avg_sr=0.432500 avg_spl=0.258760 follower_error_count=7 levels=[object:n=87,sr=0.517241,spl=0.369748; room:n=102,sr=0.539216,spl=0.298194; region:n=120,sr=0.416667,spl=0.252202; instance:n=91,sr=0.252747,spl=0.117097] latest_scene=00808-y9hTuugGdiq latest_episode=19 latest_task=4 latest_level=object by_level={"instance": {"avg_spl": 0.11709652238214295, "avg_sr": 0.25274725274725274, "count": 91}, "object": {"avg_spl": 0.36974812975800037, "avg_sr": 0.5172413793103449, "count": 87}, "region": {"avg_spl": 0.2522020495646877, "avg_sr": 0.4166666666666667, "count": 120}, "room": {"avg_spl": 0.29819366235042016, "avg_sr": 0.5392156862745098, "count": 102}}
Elapsed 16:05:35 [Metrics] sequence count: 400, invalid_count: 0, follower_error_count: 7, avg_sr: 0.432500, avg_spl: 0.258760

=== Episode ===: 20it [3:54:55, 620.25s/it][A=== Episode ===: 20it [3:54:55, 704.76s/it]
Elapsed 16:05:35 [Metrics] sequence count: 400, invalid_count: 0, follower_error_count: 7, avg_sr: 0.432500, avg_spl: 0.258760
*** Scene ***:  57%|#####7    | 4/7 [16:05:24<11:11:28, 13429.59s/it]Elapsed 16:05:35 




*************************** Processing 00810-CrMo8WxCyVb.json.gz, Total Episode 20 ***************************

=== Episode ===: 0it [00:00, ?it/s][AElapsed 16:05:41 

Begin to process [00810-CrMo8WxCyVb_sequence_0_0] type: [instance], Question: [white double-sink bath vanity in bathroom with bathtub below black-and-white forest picture and toilet below grayscale floral picture]

Elapsed 16:05:41 Current start position is [     1.7332     0.05006      9.1576]
Elapsed 16:16:43 ===Episode_id 0 task_id 0 task_level=instance===
SR: False, SPL: 0.0, Object category: bathroom cabinet, goal type: sequence===

Elapsed 16:16:43 [baseline] task_level=instance scene=00810-CrMo8WxCyVb episode=0 task=0 sec=661.850
Elapsed 16:16:43 [BASELINE_LIVE_METRICS] rows=401 avg_sr=0.431421 avg_spl=0.258114 follower_error_count=7 levels=[object:n=87,sr=0.517241,spl=0.369748; room:n=102,sr=0.539216,spl=0.298194; region:n=120,sr=0.416667,spl=0.252202; instance:n=92,sr=0.250000,spl=0.115824] latest_scene=00810-CrMo8WxCyVb latest_episode=0 latest_task=0 latest_level=instance by_level={"instance": {"avg_spl": 0.11582373409538052, "avg_sr": 0.25, "count": 92}, "object": {"avg_spl": 0.36974812975800037, "avg_sr": 0.5172413793103449, "count": 87}, "region": {"avg_spl": 0.2522020495646877, "avg_sr": 0.4166666666666667, "count": 120}, "room": {"avg_spl": 0.29819366235042016, "avg_sr": 0.5392156862745098, "count": 102}}
Elapsed 16:16:43 

Begin to process [00810-CrMo8WxCyVb_sequence_0_1] type: [object], Question: [sculpture]

Elapsed 16:16:43 Current start position is [    -5.2632    0.050065      7.9963]
Elapsed 16:18:27 ===Episode_id 0 task_id 1 task_level=object===
SR: True, SPL: 0.8449806342730489, Object category: sculpture, goal type: sequence===

Elapsed 16:18:27 [baseline] task_level=object scene=00810-CrMo8WxCyVb episode=0 task=1 sec=104.139
Elapsed 16:18:27 [BASELINE_LIVE_METRICS] rows=402 avg_sr=0.432836 avg_spl=0.259574 follower_error_count=7 levels=[object:n=88,sr=0.522727,spl=0.375148; room:n=102,sr=0.539216,spl=0.298194; region:n=120,sr=0.416667,spl=0.252202; instance:n=92,sr=0.250000,spl=0.115824] latest_scene=00810-CrMo8WxCyVb latest_episode=0 latest_task=1 latest_level=object by_level={"instance": {"avg_spl": 0.11582373409538052, "avg_sr": 0.25, "count": 92}, "object": {"avg_spl": 0.3751484991274896, "avg_sr": 0.5227272727272727, "count": 88}, "region": {"avg_spl": 0.2522020495646877, "avg_sr": 0.4166666666666667, "count": 120}, "room": {"avg_spl": 0.29819366235042016, "avg_sr": 0.5392156862745098, "count": 102}}
Elapsed 16:18:27 

Begin to process [00810-CrMo8WxCyVb_sequence_0_2] type: [region], Question: [picture in the bathroom that has bathtub with black-and-white forest picture above, toilet below grayscale floral picture, walk-in shower, white double-sink bath vanity with mirror]

Elapsed 16:18:27 Current start position is [   -0.66316    0.049011      7.6009]
Elapsed 16:41:27 ===Episode_id 0 task_id 2 task_level=region===
SR: True, SPL: 0.6069708834697036, Object category: picture, goal type: sequence===

Elapsed 16:41:27 [baseline] task_level=region scene=00810-CrMo8WxCyVb episode=0 task=2 sec=1379.467
Elapsed 16:41:27 [BASELINE_LIVE_METRICS] rows=403 avg_sr=0.434243 avg_spl=0.260436 follower_error_count=7 levels=[object:n=88,sr=0.522727,spl=0.375148; room:n=102,sr=0.539216,spl=0.298194; region:n=121,sr=0.421488,spl=0.255134; instance:n=92,sr=0.250000,spl=0.115824] latest_scene=00810-CrMo8WxCyVb latest_episode=0 latest_task=2 latest_level=region by_level={"instance": {"avg_spl": 0.11582373409538052, "avg_sr": 0.25, "count": 92}, "object": {"avg_spl": 0.3751484991274896, "avg_sr": 0.5227272727272727, "count": 88}, "region": {"avg_spl": 0.25513402339861346, "avg_sr": 0.4214876033057851, "count": 121}, "room": {"avg_spl": 0.29819366235042016, "avg_sr": 0.5392156862745098, "count": 102}}
Elapsed 16:41:27 

Begin to process [00810-CrMo8WxCyVb_sequence_0_3] type: [region], Question: [bed in the bedroom that has white quilted bed with gray headboard below paintings of women in urban scenes, two stacked botanical leaf illustrations, mirror above white dresser, and white nightstand with photo]

Elapsed 16:41:27 Current start position is [     1.2603  6.4373e-05      0.4613]
Elapsed 16:43:09 ===Episode_id 0 task_id 3 task_level=region===
SR: True, SPL: 0.7459427606614206, Object category: bed, goal type: sequence===

Elapsed 16:43:09 [baseline] task_level=region scene=00810-CrMo8WxCyVb episode=0 task=3 sec=102.668
Elapsed 16:43:09 [BASELINE_LIVE_METRICS] rows=404 avg_sr=0.435644 avg_spl=0.261638 follower_error_count=7 levels=[object:n=88,sr=0.522727,spl=0.375148; room:n=102,sr=0.539216,spl=0.298194; region:n=122,sr=0.426230,spl=0.259157; instance:n=92,sr=0.250000,spl=0.115824] latest_scene=00810-CrMo8WxCyVb latest_episode=0 latest_task=3 latest_level=region by_level={"instance": {"avg_spl": 0.11582373409538052, "avg_sr": 0.25, "count": 92}, "object": {"avg_spl": 0.3751484991274896, "avg_sr": 0.5227272727272727, "count": 88}, "region": {"avg_spl": 0.25915704583519383, "avg_sr": 0.4262295081967213, "count": 122}, "room": {"avg_spl": 0.29819366235042016, "avg_sr": 0.5392156862745098, "count": 102}}
Elapsed 16:43:09 

Begin to process [00810-CrMo8WxCyVb_sequence_0_4] type: [room], Question: [towel in the bathroom]

Elapsed 16:43:09 Current start position is [    0.93678    0.050065      9.6129]
Elapsed 16:44:04 ===Episode_id 0 task_id 4 task_level=room===
SR: True, SPL: 0.8577656843541797, Object category: towel, goal type: sequence===

Elapsed 16:44:04 [baseline] task_level=room scene=00810-CrMo8WxCyVb episode=0 task=4 sec=54.607
Elapsed 16:44:04 [BASELINE_LIVE_METRICS] rows=405 avg_sr=0.437037 avg_spl=0.263110 follower_error_count=7 levels=[object:n=88,sr=0.522727,spl=0.375148; room:n=103,sr=0.543689,spl=0.303626; region:n=122,sr=0.426230,spl=0.259157; instance:n=92,sr=0.250000,spl=0.115824] latest_scene=00810-CrMo8WxCyVb latest_episode=0 latest_task=4 latest_level=room by_level={"instance": {"avg_spl": 0.11582373409538052, "avg_sr": 0.25, "count": 92}, "object": {"avg_spl": 0.3751484991274896, "avg_sr": 0.5227272727272727, "count": 88}, "region": {"avg_spl": 0.25915704583519383, "avg_sr": 0.4262295081967213, "count": 122}, "room": {"avg_spl": 0.3036264004281266, "avg_sr": 0.5436893203883495, "count": 103}}
Elapsed 16:44:04 [Metrics] sequence count: 405, invalid_count: 0, follower_error_count: 7, avg_sr: 0.437037, avg_spl: 0.263110

=== Episode ===: 1it [38:28, 2308.83s/it][AElapsed 16:44:10 

Begin to process [00810-CrMo8WxCyVb_sequence_1_0] type: [instance], Question: [white ceramic toilet with floral artwork above in bathroom with bathtub below black-and-white forest picture and double-sink vanity]

Elapsed 16:44:10 Current start position is [    -5.5078     0.05006      9.9492]
Elapsed 16:49:47 ===Episode_id 1 task_id 0 task_level=instance===
SR: False, SPL: 0.0, Object category: toilet, goal type: sequence===

Elapsed 16:49:47 [baseline] task_level=instance scene=00810-CrMo8WxCyVb episode=1 task=0 sec=336.803
Elapsed 16:49:47 [BASELINE_LIVE_METRICS] rows=406 avg_sr=0.435961 avg_spl=0.262462 follower_error_count=7 levels=[object:n=88,sr=0.522727,spl=0.375148; room:n=103,sr=0.543689,spl=0.303626; region:n=122,sr=0.426230,spl=0.259157; instance:n=93,sr=0.247312,spl=0.114578] latest_scene=00810-CrMo8WxCyVb latest_episode=1 latest_task=0 latest_level=instance by_level={"instance": {"avg_spl": 0.11457831759973126, "avg_sr": 0.24731182795698925, "count": 93}, "object": {"avg_spl": 0.3751484991274896, "avg_sr": 0.5227272727272727, "count": 88}, "region": {"avg_spl": 0.25915704583519383, "avg_sr": 0.4262295081967213, "count": 122}, "room": {"avg_spl": 0.3036264004281266, "avg_sr": 0.5436893203883495, "count": 103}}
Elapsed 16:49:47 

Begin to process [00810-CrMo8WxCyVb_sequence_1_1] type: [region], Question: [washing machine in the laundry room that has top-loading washing machine under white cabinets, utility sink beside wicker basket, flower prints]

Elapsed 16:49:47 Current start position is [     -4.572    0.030424       2.391]
Elapsed 16:50:18 ===Episode_id 1 task_id 1 task_level=region===
SR: True, SPL: 0.8958776170511236, Object category: washing machine, goal type: sequence===

Elapsed 16:50:18 [baseline] task_level=region scene=00810-CrMo8WxCyVb episode=1 task=1 sec=31.216
Elapsed 16:50:18 [BASELINE_LIVE_METRICS] rows=407 avg_sr=0.437346 avg_spl=0.264018 follower_error_count=7 levels=[object:n=88,sr=0.522727,spl=0.375148; room:n=103,sr=0.543689,spl=0.303626; region:n=123,sr=0.430894,spl=0.264334; instance:n=93,sr=0.247312,spl=0.114578] latest_scene=00810-CrMo8WxCyVb latest_episode=1 latest_task=1 latest_level=region by_level={"instance": {"avg_spl": 0.11457831759973126, "avg_sr": 0.24731182795698925, "count": 93}, "object": {"avg_spl": 0.3751484991274896, "avg_sr": 0.5227272727272727, "count": 88}, "region": {"avg_spl": 0.26433363584507946, "avg_sr": 0.43089430894308944, "count": 123}, "room": {"avg_spl": 0.3036264004281266, "avg_sr": 0.5436893203883495, "count": 103}}
Elapsed 16:50:18 

Begin to process [00810-CrMo8WxCyVb_sequence_1_2] type: [object], Question: [vase]

Elapsed 16:50:18 Current start position is [    0.18519  6.4373e-05      6.3406]
Elapsed 16:50:49 ===Episode_id 1 task_id 2 task_level=object===
SR: False, SPL: 0.0, Object category: vase, goal type: sequence===

Elapsed 16:50:49 [baseline] task_level=object scene=00810-CrMo8WxCyVb episode=1 task=2 sec=30.513
Elapsed 16:50:49 [BASELINE_LIVE_METRICS] rows=408 avg_sr=0.436275 avg_spl=0.263371 follower_error_count=7 levels=[object:n=89,sr=0.516854,spl=0.370933; room:n=103,sr=0.543689,spl=0.303626; region:n=123,sr=0.430894,spl=0.264334; instance:n=93,sr=0.247312,spl=0.114578] latest_scene=00810-CrMo8WxCyVb latest_episode=1 latest_task=2 latest_level=object by_level={"instance": {"avg_spl": 0.11457831759973126, "avg_sr": 0.24731182795698925, "count": 93}, "object": {"avg_spl": 0.3709333474518998, "avg_sr": 0.5168539325842697, "count": 89}, "region": {"avg_spl": 0.26433363584507946, "avg_sr": 0.43089430894308944, "count": 123}, "room": {"avg_spl": 0.3036264004281266, "avg_sr": 0.5436893203883495, "count": 103}}
Elapsed 16:50:49 

Begin to process [00810-CrMo8WxCyVb_sequence_1_3] type: [object], Question: [dresser]

Elapsed 16:50:49 Current start position is [    0.18519  6.4373e-05      6.3406]
Elapsed 16:51:22 ===Episode_id 1 task_id 3 task_level=object===
SR: True, SPL: 0.4331607166887634, Object category: dresser, goal type: sequence===

Elapsed 16:51:22 [baseline] task_level=object scene=00810-CrMo8WxCyVb episode=1 task=3 sec=33.242
Elapsed 16:51:22 [BASELINE_LIVE_METRICS] rows=409 avg_sr=0.437653 avg_spl=0.263786 follower_error_count=7 levels=[object:n=90,sr=0.522222,spl=0.371625; room:n=103,sr=0.543689,spl=0.303626; region:n=123,sr=0.430894,spl=0.264334; instance:n=93,sr=0.247312,spl=0.114578] latest_scene=00810-CrMo8WxCyVb latest_episode=1 latest_task=3 latest_level=object by_level={"instance": {"avg_spl": 0.11457831759973126, "avg_sr": 0.24731182795698925, "count": 93}, "object": {"avg_spl": 0.3716247626656427, "avg_sr": 0.5222222222222223, "count": 90}, "region": {"avg_spl": 0.26433363584507946, "avg_sr": 0.43089430894308944, "count": 123}, "room": {"avg_spl": 0.3036264004281266, "avg_sr": 0.5436893203883495, "count": 103}}
Elapsed 16:51:22 

Begin to process [00810-CrMo8WxCyVb_sequence_1_4] type: [region], Question: [towel in the bathroom that has bathtub with black-and-white forest picture above, toilet below grayscale floral picture, walk-in shower, white double-sink bath vanity with mirror]

Elapsed 16:51:22 Current start position is [     -4.113    0.027071      2.2871]
Elapsed 16:53:01 ===Episode_id 1 task_id 4 task_level=region===
SR: False, SPL: 0.0, Object category: towel, goal type: sequence===

Elapsed 16:53:01 [baseline] task_level=region scene=00810-CrMo8WxCyVb episode=1 task=4 sec=99.017
Elapsed 16:53:01 [BASELINE_LIVE_METRICS] rows=410 avg_sr=0.436585 avg_spl=0.263143 follower_error_count=7 levels=[object:n=90,sr=0.522222,spl=0.371625; room:n=103,sr=0.543689,spl=0.303626; region:n=124,sr=0.427419,spl=0.262202; instance:n=93,sr=0.247312,spl=0.114578] latest_scene=00810-CrMo8WxCyVb latest_episode=1 latest_task=4 latest_level=region by_level={"instance": {"avg_spl": 0.11457831759973126, "avg_sr": 0.24731182795698925, "count": 93}, "object": {"avg_spl": 0.3716247626656427, "avg_sr": 0.5222222222222223, "count": 90}, "region": {"avg_spl": 0.26220191297536105, "avg_sr": 0.4274193548387097, "count": 124}, "room": {"avg_spl": 0.3036264004281266, "avg_sr": 0.5436893203883495, "count": 103}}
Elapsed 16:53:01 [Metrics] sequence count: 410, invalid_count: 0, follower_error_count: 7, avg_sr: 0.436585, avg_spl: 0.263143

=== Episode ===: 2it [47:25, 1266.66s/it][AElapsed 16:53:08 

Begin to process [00810-CrMo8WxCyVb_sequence_2_0] type: [instance], Question: [right wood nightstand with lamp beside white quilted bed with three gray pillows and beige headboard near flower picture above gray cushioned bench]

Elapsed 16:53:08 Current start position is [    -4.5336     0.05006      6.5406]
Elapsed 16:55:23 ===Episode_id 2 task_id 0 task_level=instance===
SR: False, SPL: 0.0, Object category: cabinet, goal type: sequence===

Elapsed 16:55:23 [baseline] task_level=instance scene=00810-CrMo8WxCyVb episode=2 task=0 sec=135.425
Elapsed 16:55:23 [BASELINE_LIVE_METRICS] rows=411 avg_sr=0.435523 avg_spl=0.262503 follower_error_count=7 levels=[object:n=90,sr=0.522222,spl=0.371625; room:n=103,sr=0.543689,spl=0.303626; region:n=124,sr=0.427419,spl=0.262202; instance:n=94,sr=0.244681,spl=0.113359] latest_scene=00810-CrMo8WxCyVb latest_episode=2 latest_task=0 latest_level=instance by_level={"instance": {"avg_spl": 0.11335939932739371, "avg_sr": 0.24468085106382978, "count": 94}, "object": {"avg_spl": 0.3716247626656427, "avg_sr": 0.5222222222222223, "count": 90}, "region": {"avg_spl": 0.26220191297536105, "avg_sr": 0.4274193548387097, "count": 124}, "room": {"avg_spl": 0.3036264004281266, "avg_sr": 0.5436893203883495, "count": 103}}
Elapsed 16:55:23 

Begin to process [00810-CrMo8WxCyVb_sequence_2_1] type: [object], Question: [dresser]

Elapsed 16:55:23 Current start position is [    0.97264    0.050065      9.4414]
Elapsed 16:55:43 ===Episode_id 2 task_id 1 task_level=object===
SR: True, SPL: 0.061799494411421164, Object category: dresser, goal type: sequence===

Elapsed 16:55:43 [baseline] task_level=object scene=00810-CrMo8WxCyVb episode=2 task=1 sec=19.635
Elapsed 16:55:43 [BASELINE_LIVE_METRICS] rows=412 avg_sr=0.436893 avg_spl=0.262015 follower_error_count=7 levels=[object:n=91,sr=0.527473,spl=0.368220; room:n=103,sr=0.543689,spl=0.303626; region:n=124,sr=0.427419,spl=0.262202; instance:n=94,sr=0.244681,spl=0.113359] latest_scene=00810-CrMo8WxCyVb latest_episode=2 latest_task=1 latest_level=object by_level={"instance": {"avg_spl": 0.11335939932739371, "avg_sr": 0.24468085106382978, "count": 94}, "object": {"avg_spl": 0.36822008938812384, "avg_sr": 0.5274725274725275, "count": 91}, "region": {"avg_spl": 0.26220191297536105, "avg_sr": 0.4274193548387097, "count": 124}, "room": {"avg_spl": 0.3036264004281266, "avg_sr": 0.5436893203883495, "count": 103}}
Elapsed 16:55:43 

Begin to process [00810-CrMo8WxCyVb_sequence_2_2] type: [object], Question: [vase]

Elapsed 16:55:43 Current start position is [   -0.71987    0.040593      3.5487]
Elapsed 16:56:04 ===Episode_id 2 task_id 2 task_level=object===
SR: False, SPL: 0.0, Object category: vase, goal type: sequence===

Elapsed 16:56:04 [baseline] task_level=object scene=00810-CrMo8WxCyVb episode=2 task=2 sec=20.419
Elapsed 16:56:04 [BASELINE_LIVE_METRICS] rows=413 avg_sr=0.435835 avg_spl=0.261381 follower_error_count=7 levels=[object:n=92,sr=0.521739,spl=0.364218; room:n=103,sr=0.543689,spl=0.303626; region:n=124,sr=0.427419,spl=0.262202; instance:n=94,sr=0.244681,spl=0.113359] latest_scene=00810-CrMo8WxCyVb latest_episode=2 latest_task=2 latest_level=object by_level={"instance": {"avg_spl": 0.11335939932739371, "avg_sr": 0.24468085106382978, "count": 94}, "object": {"avg_spl": 0.36421769711216595, "avg_sr": 0.5217391304347826, "count": 92}, "region": {"avg_spl": 0.26220191297536105, "avg_sr": 0.4274193548387097, "count": 124}, "room": {"avg_spl": 0.3036264004281266, "avg_sr": 0.5436893203883495, "count": 103}}
Elapsed 16:56:04 

Begin to process [00810-CrMo8WxCyVb_sequence_2_3] type: [object], Question: [desk]

Elapsed 16:56:04 Current start position is [     1.5582    0.050065      7.6969]
Elapsed 16:58:54 ===Episode_id 2 task_id 3 task_level=object===
SR: False, SPL: 0.0, Object category: desk, goal type: sequence===

Elapsed 16:58:54 [baseline] task_level=object scene=00810-CrMo8WxCyVb episode=2 task=3 sec=170.417
Elapsed 16:58:54 [BASELINE_LIVE_METRICS] rows=414 avg_sr=0.434783 avg_spl=0.260750 follower_error_count=7 levels=[object:n=93,sr=0.516129,spl=0.360301; room:n=103,sr=0.543689,spl=0.303626; region:n=124,sr=0.427419,spl=0.262202; instance:n=94,sr=0.244681,spl=0.113359] latest_scene=00810-CrMo8WxCyVb latest_episode=2 latest_task=3 latest_level=object by_level={"instance": {"avg_spl": 0.11335939932739371, "avg_sr": 0.24468085106382978, "count": 94}, "object": {"avg_spl": 0.36030137778837923, "avg_sr": 0.5161290322580645, "count": 93}, "region": {"avg_spl": 0.26220191297536105, "avg_sr": 0.4274193548387097, "count": 124}, "room": {"avg_spl": 0.3036264004281266, "avg_sr": 0.5436893203883495, "count": 103}}
Elapsed 16:58:54 

Begin to process [00810-CrMo8WxCyVb_sequence_2_4] type: [region], Question: [bathroom cabinet in the bathroom that has bathtub with black-and-white forest picture above, toilet below grayscale floral picture, walk-in shower, white double-sink bath vanity with mirror]

Elapsed 16:58:54 Current start position is [    -7.3771    0.050065       8.072]
Elapsed 16:59:27 ===Episode_id 2 task_id 4 task_level=region===
SR: False, SPL: 0.0, Object category: bathroom cabinet, goal type: sequence===

Elapsed 16:59:27 [baseline] task_level=region scene=00810-CrMo8WxCyVb episode=2 task=4 sec=33.276
Elapsed 16:59:27 [BASELINE_LIVE_METRICS] rows=415 avg_sr=0.433735 avg_spl=0.260121 follower_error_count=7 levels=[object:n=93,sr=0.516129,spl=0.360301; room:n=103,sr=0.543689,spl=0.303626; region:n=125,sr=0.424000,spl=0.260104; instance:n=94,sr=0.244681,spl=0.113359] latest_scene=00810-CrMo8WxCyVb latest_episode=2 latest_task=4 latest_level=region by_level={"instance": {"avg_spl": 0.11335939932739371, "avg_sr": 0.24468085106382978, "count": 94}, "object": {"avg_spl": 0.36030137778837923, "avg_sr": 0.5161290322580645, "count": 93}, "region": {"avg_spl": 0.2601042976715582, "avg_sr": 0.424, "count": 125}, "room": {"avg_spl": 0.3036264004281266, "avg_sr": 0.5436893203883495, "count": 103}}
Elapsed 16:59:27 [Metrics] sequence count: 415, invalid_count: 0, follower_error_count: 7, avg_sr: 0.433735, avg_spl: 0.260121

=== Episode ===: 3it [53:52, 864.56s/it] [AElapsed 16:59:34 

Begin to process [00810-CrMo8WxCyVb_sequence_3_0] type: [instance], Question: [beige dresser with sculpture below black-framed mirror in bedroom with bed with gray pillows and flower picture above bench]

Elapsed 16:59:34 Current start position is [     1.4797     0.05006      8.3842]
Elapsed 17:01:00 ===Episode_id 3 task_id 0 task_level=instance===
SR: False, SPL: 0.0, Object category: cabinet, goal type: sequence===

Elapsed 17:01:00 [baseline] task_level=instance scene=00810-CrMo8WxCyVb episode=3 task=0 sec=85.968
Elapsed 17:01:00 [BASELINE_LIVE_METRICS] rows=416 avg_sr=0.432692 avg_spl=0.259496 follower_error_count=7 levels=[object:n=93,sr=0.516129,spl=0.360301; room:n=103,sr=0.543689,spl=0.303626; region:n=125,sr=0.424000,spl=0.260104; instance:n=95,sr=0.242105,spl=0.112166] latest_scene=00810-CrMo8WxCyVb latest_episode=3 latest_task=0 latest_level=instance by_level={"instance": {"avg_spl": 0.1121661424923685, "avg_sr": 0.24210526315789474, "count": 95}, "object": {"avg_spl": 0.36030137778837923, "avg_sr": 0.5161290322580645, "count": 93}, "region": {"avg_spl": 0.2601042976715582, "avg_sr": 0.424, "count": 125}, "room": {"avg_spl": 0.3036264004281266, "avg_sr": 0.5436893203883495, "count": 103}}
Elapsed 17:01:00 

Begin to process [00810-CrMo8WxCyVb_sequence_3_1] type: [region], Question: [dresser in the bedroom that has white quilted bed with gray headboard below paintings of women in urban scenes, two stacked botanical leaf illustrations, mirror above white dresser, and white nightstand with photo]

Elapsed 17:01:00 Current start position is [    0.93469    0.050065      9.5722]
Elapsed 17:02:13 ===Episode_id 3 task_id 1 task_level=region===
SR: True, SPL: 0.041908563952187665, Object category: dresser, goal type: sequence===

Elapsed 17:02:13 [baseline] task_level=region scene=00810-CrMo8WxCyVb episode=3 task=1 sec=73.025
Elapsed 17:02:13 [BASELINE_LIVE_METRICS] rows=417 avg_sr=0.434053 avg_spl=0.258974 follower_error_count=7 levels=[object:n=93,sr=0.516129,spl=0.360301; room:n=103,sr=0.543689,spl=0.303626; region:n=126,sr=0.428571,spl=0.258373; instance:n=95,sr=0.242105,spl=0.112166] latest_scene=00810-CrMo8WxCyVb latest_episode=3 latest_task=1 latest_level=region by_level={"instance": {"avg_spl": 0.1121661424923685, "avg_sr": 0.24210526315789474, "count": 95}, "object": {"avg_spl": 0.36030137778837923, "avg_sr": 0.5161290322580645, "count": 93}, "region": {"avg_spl": 0.25837258549918224, "avg_sr": 0.42857142857142855, "count": 126}, "room": {"avg_spl": 0.3036264004281266, "avg_sr": 0.5436893203883495, "count": 103}}
Elapsed 17:02:13 

Begin to process [00810-CrMo8WxCyVb_sequence_3_2] type: [region], Question: [vase in the bedroom that has white quilted bed with three gray pillows and beige headboard, flower picture above gray cushioned bench, rectangular mirror above beige dresser with statue, and wood nightstands by white curtains]

Elapsed 17:02:13 Current start position is [    0.37987    0.023546      8.0999]
Elapsed 17:05:58 ===Episode_id 3 task_id 2 task_level=region===
SR: False, SPL: 0.0, Object category: vase, goal type: sequence===

Elapsed 17:05:58 [baseline] task_level=region scene=00810-CrMo8WxCyVb episode=3 task=2 sec=225.422
Elapsed 17:05:58 [BASELINE_LIVE_METRICS] rows=418 avg_sr=0.433014 avg_spl=0.258355 follower_error_count=7 levels=[object:n=93,sr=0.516129,spl=0.360301; room:n=103,sr=0.543689,spl=0.303626; region:n=127,sr=0.425197,spl=0.256338; instance:n=95,sr=0.242105,spl=0.112166] latest_scene=00810-CrMo8WxCyVb latest_episode=3 latest_task=2 latest_level=region by_level={"instance": {"avg_spl": 0.1121661424923685, "avg_sr": 0.24210526315789474, "count": 95}, "object": {"avg_spl": 0.36030137778837923, "avg_sr": 0.5161290322580645, "count": 93}, "region": {"avg_spl": 0.25633815569210205, "avg_sr": 0.4251968503937008, "count": 127}, "room": {"avg_spl": 0.3036264004281266, "avg_sr": 0.5436893203883495, "count": 103}}
Elapsed 17:05:58 

Begin to process [00810-CrMo8WxCyVb_sequence_3_3] type: [room], Question: [sculpture in the bedroom]

Elapsed 17:05:58 Current start position is [    -5.5732    0.050065      6.9602]
Elapsed 17:06:33 ===Episode_id 3 task_id 3 task_level=room===
SR: False, SPL: 0.0, Object category: sculpture, goal type: sequence===

Elapsed 17:06:33 [baseline] task_level=room scene=00810-CrMo8WxCyVb episode=3 task=3 sec=34.276
Elapsed 17:06:33 [BASELINE_LIVE_METRICS] rows=419 avg_sr=0.431981 avg_spl=0.257738 follower_error_count=7 levels=[object:n=93,sr=0.516129,spl=0.360301; room:n=104,sr=0.538462,spl=0.300707; region:n=127,sr=0.425197,spl=0.256338; instance:n=95,sr=0.242105,spl=0.112166] latest_scene=00810-CrMo8WxCyVb latest_episode=3 latest_task=3 latest_level=room by_level={"instance": {"avg_spl": 0.1121661424923685, "avg_sr": 0.24210526315789474, "count": 95}, "object": {"avg_spl": 0.36030137778837923, "avg_sr": 0.5161290322580645, "count": 93}, "region": {"avg_spl": 0.25633815569210205, "avg_sr": 0.4251968503937008, "count": 127}, "room": {"avg_spl": 0.30070691580862535, "avg_sr": 0.5384615384615384, "count": 104}}
Elapsed 17:06:33 

Begin to process [00810-CrMo8WxCyVb_sequence_3_4] type: [region], Question: [toilet in the bathroom that has bathtub with black-and-white forest picture above, toilet below grayscale floral picture, walk-in shower, white double-sink bath vanity with mirror]

Elapsed 17:06:33 Current start position is [    -5.5732    0.050065      6.9602]
Elapsed 17:14:03 ===Episode_id 3 task_id 4 task_level=region===
SR: False, SPL: 0.0, Object category: toilet, goal type: sequence===

Elapsed 17:14:03 [baseline] task_level=region scene=00810-CrMo8WxCyVb episode=3 task=4 sec=450.127
Elapsed 17:14:03 [BASELINE_LIVE_METRICS] rows=420 avg_sr=0.430952 avg_spl=0.257124 follower_error_count=7 levels=[object:n=93,sr=0.516129,spl=0.360301; room:n=104,sr=0.538462,spl=0.300707; region:n=128,sr=0.421875,spl=0.254336; instance:n=95,sr=0.242105,spl=0.112166] latest_scene=00810-CrMo8WxCyVb latest_episode=3 latest_task=4 latest_level=region by_level={"instance": {"avg_spl": 0.1121661424923685, "avg_sr": 0.24210526315789474, "count": 95}, "object": {"avg_spl": 0.36030137778837923, "avg_sr": 0.5161290322580645, "count": 93}, "region": {"avg_spl": 0.25433551385075753, "avg_sr": 0.421875, "count": 128}, "room": {"avg_spl": 0.30070691580862535, "avg_sr": 0.5384615384615384, "count": 104}}
Elapsed 17:14:03 [Metrics] sequence count: 420, invalid_count: 0, follower_error_count: 7, avg_sr: 0.430952, avg_spl: 0.257124

=== Episode ===: 4it [1:08:27, 868.84s/it][AElapsed 17:14:09 

Begin to process [00810-CrMo8WxCyVb_sequence_4_0] type: [instance], Question: [white upper laundry cabinet above washing machine beside utility sink and wicker basket]

Elapsed 17:14:09 Current start position is [    -2.7381     0.01133       2.807]
Elapsed 17:21:54 ===Episode_id 4 task_id 0 task_level=instance===
SR: False, SPL: 0.0, Object category: cabinet, goal type: sequence===

Elapsed 17:21:54 [baseline] task_level=instance scene=00810-CrMo8WxCyVb episode=4 task=0 sec=464.735
Elapsed 17:21:54 [BASELINE_LIVE_METRICS] rows=421 avg_sr=0.429929 avg_spl=0.256514 follower_error_count=7 levels=[object:n=93,sr=0.516129,spl=0.360301; room:n=104,sr=0.538462,spl=0.300707; region:n=128,sr=0.421875,spl=0.254336; instance:n=96,sr=0.239583,spl=0.110998] latest_scene=00810-CrMo8WxCyVb latest_episode=4 latest_task=0 latest_level=instance by_level={"instance": {"avg_spl": 0.11099774517473966, "avg_sr": 0.23958333333333334, "count": 96}, "object": {"avg_spl": 0.36030137778837923, "avg_sr": 0.5161290322580645, "count": 93}, "region": {"avg_spl": 0.25433551385075753, "avg_sr": 0.421875, "count": 128}, "room": {"avg_spl": 0.30070691580862535, "avg_sr": 0.5384615384615384, "count": 104}}
Elapsed 17:21:54 

Begin to process [00810-CrMo8WxCyVb_sequence_4_1] type: [object], Question: [towel]

Elapsed 17:21:54 Current start position is [    0.26592    0.050065      4.1332]
Elapsed 17:22:34 ===Episode_id 4 task_id 1 task_level=object===
SR: True, SPL: 0.8683445288061526, Object category: towel, goal type: sequence===

Elapsed 17:22:34 [baseline] task_level=object scene=00810-CrMo8WxCyVb episode=4 task=1 sec=40.134
Elapsed 17:22:34 [BASELINE_LIVE_METRICS] rows=422 avg_sr=0.431280 avg_spl=0.257964 follower_error_count=7 levels=[object:n=94,sr=0.521277,spl=0.365706; room:n=104,sr=0.538462,spl=0.300707; region:n=128,sr=0.421875,spl=0.254336; instance:n=96,sr=0.239583,spl=0.110998] latest_scene=00810-CrMo8WxCyVb latest_episode=4 latest_task=1 latest_level=object by_level={"instance": {"avg_spl": 0.11099774517473966, "avg_sr": 0.23958333333333334, "count": 96}, "object": {"avg_spl": 0.36570609216090877, "avg_sr": 0.5212765957446809, "count": 94}, "region": {"avg_spl": 0.25433551385075753, "avg_sr": 0.421875, "count": 128}, "room": {"avg_spl": 0.30070691580862535, "avg_sr": 0.5384615384615384, "count": 104}}
Elapsed 17:22:34 

Begin to process [00810-CrMo8WxCyVb_sequence_4_2] type: [object], Question: [bath vanity]

Elapsed 17:22:34 Current start position is [    -3.5351    0.050065      8.4172]
Elapsed 17:23:15 ===Episode_id 4 task_id 2 task_level=object===
SR: True, SPL: 1.0, Object category: bath vanity, goal type: sequence===

Elapsed 17:23:15 [baseline] task_level=object scene=00810-CrMo8WxCyVb episode=4 task=2 sec=41.327
Elapsed 17:23:15 [BASELINE_LIVE_METRICS] rows=423 avg_sr=0.432624 avg_spl=0.259718 follower_error_count=7 levels=[object:n=95,sr=0.526316,spl=0.372383; room:n=104,sr=0.538462,spl=0.300707; region:n=128,sr=0.421875,spl=0.254336; instance:n=96,sr=0.239583,spl=0.110998] latest_scene=00810-CrMo8WxCyVb latest_episode=4 latest_task=2 latest_level=object by_level={"instance": {"avg_spl": 0.11099774517473966, "avg_sr": 0.23958333333333334, "count": 96}, "object": {"avg_spl": 0.37238287013816235, "avg_sr": 0.5263157894736842, "count": 95}, "region": {"avg_spl": 0.25433551385075753, "avg_sr": 0.421875, "count": 128}, "room": {"avg_spl": 0.30070691580862535, "avg_sr": 0.5384615384615384, "count": 104}}
Elapsed 17:23:15 

Begin to process [00810-CrMo8WxCyVb_sequence_4_3] type: [room], Question: [bed in the bedroom]

Elapsed 17:23:15 Current start position is [    -3.5351    0.050065      8.4172]
Elapsed 17:23:54 ===Episode_id 4 task_id 3 task_level=room===
SR: True, SPL: 0.5040976051913448, Object category: bed, goal type: sequence===

Elapsed 17:23:54 [baseline] task_level=room scene=00810-CrMo8WxCyVb episode=4 task=3 sec=38.857
Elapsed 17:23:54 [BASELINE_LIVE_METRICS] rows=424 avg_sr=0.433962 avg_spl=0.260294 follower_error_count=7 levels=[object:n=95,sr=0.526316,spl=0.372383; room:n=105,sr=0.542857,spl=0.302644; region:n=128,sr=0.421875,spl=0.254336; instance:n=96,sr=0.239583,spl=0.110998] latest_scene=00810-CrMo8WxCyVb latest_episode=4 latest_task=3 latest_level=room by_level={"instance": {"avg_spl": 0.11099774517473966, "avg_sr": 0.23958333333333334, "count": 96}, "object": {"avg_spl": 0.37238287013816235, "avg_sr": 0.5263157894736842, "count": 95}, "region": {"avg_spl": 0.25433551385075753, "avg_sr": 0.421875, "count": 128}, "room": {"avg_spl": 0.3026439699932227, "avg_sr": 0.5428571428571428, "count": 105}}
Elapsed 17:23:54 

Begin to process [00810-CrMo8WxCyVb_sequence_4_4] type: [region], Question: [desk in the office that has glass table with white chairs and tall wood cabinet]

Elapsed 17:23:54 Current start position is [    0.99457    0.050065      9.7208]
Elapsed 17:25:56 ===Episode_id 4 task_id 4 task_level=region===
SR: False, SPL: 0.0, Object category: desk, goal type: sequence===

Elapsed 17:25:56 [baseline] task_level=region scene=00810-CrMo8WxCyVb episode=4 task=4 sec=121.920
Elapsed 17:25:56 [BASELINE_LIVE_METRICS] rows=425 avg_sr=0.432941 avg_spl=0.259682 follower_error_count=7 levels=[object:n=95,sr=0.526316,spl=0.372383; room:n=105,sr=0.542857,spl=0.302644; region:n=129,sr=0.418605,spl=0.252364; instance:n=96,sr=0.239583,spl=0.110998] latest_scene=00810-CrMo8WxCyVb latest_episode=4 latest_task=4 latest_level=region by_level={"instance": {"avg_spl": 0.11099774517473966, "avg_sr": 0.23958333333333334, "count": 96}, "object": {"avg_spl": 0.37238287013816235, "avg_sr": 0.5263157894736842, "count": 95}, "region": {"avg_spl": 0.25236392072013153, "avg_sr": 0.4186046511627907, "count": 129}, "room": {"avg_spl": 0.3026439699932227, "avg_sr": 0.5428571428571428, "count": 105}}
Elapsed 17:25:56 [Metrics] sequence count: 425, invalid_count: 0, follower_error_count: 7, avg_sr: 0.432941, avg_spl: 0.259682

=== Episode ===: 5it [1:20:20, 812.72s/it][AElapsed 17:26:03 

Begin to process [00810-CrMo8WxCyVb_sequence_5_0] type: [instance], Question: [white top-loading washing machine in a laundry room with a utility sink and a wicker basket]

Elapsed 17:26:03 Current start position is [     1.3112     0.05006      2.5512]
Elapsed 17:28:23 ===Episode_id 5 task_id 0 task_level=instance===
SR: True, SPL: 0.6009712508259903, Object category: washing machine, goal type: sequence===

Elapsed 17:28:23 [baseline] task_level=instance scene=00810-CrMo8WxCyVb episode=5 task=0 sec=140.659
Elapsed 17:28:23 [BASELINE_LIVE_METRICS] rows=426 avg_sr=0.434272 avg_spl=0.260483 follower_error_count=7 levels=[object:n=95,sr=0.526316,spl=0.372383; room:n=105,sr=0.542857,spl=0.302644; region:n=129,sr=0.418605,spl=0.252364; instance:n=97,sr=0.247423,spl=0.116049] latest_scene=00810-CrMo8WxCyVb latest_episode=5 latest_task=0 latest_level=instance by_level={"instance": {"avg_spl": 0.11604901842887627, "avg_sr": 0.24742268041237114, "count": 97}, "object": {"avg_spl": 0.37238287013816235, "avg_sr": 0.5263157894736842, "count": 95}, "region": {"avg_spl": 0.25236392072013153, "avg_sr": 0.4186046511627907, "count": 129}, "room": {"avg_spl": 0.3026439699932227, "avg_sr": 0.5428571428571428, "count": 105}}
Elapsed 17:28:23 

Begin to process [00810-CrMo8WxCyVb_sequence_5_1] type: [region], Question: [bathtub in the bathroom that has bathtub with black-and-white forest picture above, toilet below grayscale floral picture, walk-in shower, white double-sink bath vanity with mirror]

Elapsed 17:28:23 Current start position is [    0.32711  6.4373e-05      6.3811]
Elapsed 17:32:01 ===Episode_id 5 task_id 1 task_level=region===
SR: False, SPL: 0.0, Object category: bathtub, goal type: sequence===

Elapsed 17:32:01 [baseline] task_level=region scene=00810-CrMo8WxCyVb episode=5 task=1 sec=217.178
Elapsed 17:32:01 [BASELINE_LIVE_METRICS] rows=427 avg_sr=0.433255 avg_spl=0.259873 follower_error_count=7 levels=[object:n=95,sr=0.526316,spl=0.372383; room:n=105,sr=0.542857,spl=0.302644; region:n=130,sr=0.415385,spl=0.250423; instance:n=97,sr=0.247423,spl=0.116049] latest_scene=00810-CrMo8WxCyVb latest_episode=5 latest_task=1 latest_level=region by_level={"instance": {"avg_spl": 0.11604901842887627, "avg_sr": 0.24742268041237114, "count": 97}, "object": {"avg_spl": 0.37238287013816235, "avg_sr": 0.5263157894736842, "count": 95}, "region": {"avg_spl": 0.2504226597915151, "avg_sr": 0.4153846153846154, "count": 130}, "room": {"avg_spl": 0.3026439699932227, "avg_sr": 0.5428571428571428, "count": 105}}
Elapsed 17:32:01 

Begin to process [00810-CrMo8WxCyVb_sequence_5_2] type: [region], Question: [dresser in the bedroom that has white quilted bed with gray headboard below paintings of women in urban scenes, two stacked botanical leaf illustrations, mirror above white dresser, and white nightstand with photo]

Elapsed 17:32:01 Current start position is [    -3.5494    0.050065      9.7823]
Elapsed 17:32:29 ===Episode_id 5 task_id 2 task_level=region===
SR: False, SPL: 0.0, Object category: dresser, goal type: sequence===

Elapsed 17:32:29 [baseline] task_level=region scene=00810-CrMo8WxCyVb episode=5 task=2 sec=28.648
Elapsed 17:32:29 [BASELINE_LIVE_METRICS] rows=428 avg_sr=0.432243 avg_spl=0.259266 follower_error_count=7 levels=[object:n=95,sr=0.526316,spl=0.372383; room:n=105,sr=0.542857,spl=0.302644; region:n=131,sr=0.412214,spl=0.248511; instance:n=97,sr=0.247423,spl=0.116049] latest_scene=00810-CrMo8WxCyVb latest_episode=5 latest_task=2 latest_level=region by_level={"instance": {"avg_spl": 0.11604901842887627, "avg_sr": 0.24742268041237114, "count": 97}, "object": {"avg_spl": 0.37238287013816235, "avg_sr": 0.5263157894736842, "count": 95}, "region": {"avg_spl": 0.24851103643432798, "avg_sr": 0.4122137404580153, "count": 131}, "room": {"avg_spl": 0.3026439699932227, "avg_sr": 0.5428571428571428, "count": 105}}
Elapsed 17:32:29 

Begin to process [00810-CrMo8WxCyVb_sequence_5_3] type: [region], Question: [toilet in the bathroom that has bathtub with black-and-white forest picture above, toilet below grayscale floral picture, walk-in shower, white double-sink bath vanity with mirror]

Elapsed 17:32:29 Current start position is [     1.2175    0.050065      9.9937]
Elapsed 17:34:31 ===Episode_id 5 task_id 3 task_level=region===
SR: False, SPL: 0.0, Object category: toilet, goal type: sequence===

Elapsed 17:34:31 [baseline] task_level=region scene=00810-CrMo8WxCyVb episode=5 task=3 sec=121.826
Elapsed 17:34:31 [BASELINE_LIVE_METRICS] rows=429 avg_sr=0.431235 avg_spl=0.258661 follower_error_count=7 levels=[object:n=95,sr=0.526316,spl=0.372383; room:n=105,sr=0.542857,spl=0.302644; region:n=132,sr=0.409091,spl=0.246628; instance:n=97,sr=0.247423,spl=0.116049] latest_scene=00810-CrMo8WxCyVb latest_episode=5 latest_task=3 latest_level=region by_level={"instance": {"avg_spl": 0.11604901842887627, "avg_sr": 0.24742268041237114, "count": 97}, "object": {"avg_spl": 0.37238287013816235, "avg_sr": 0.5263157894736842, "count": 95}, "region": {"avg_spl": 0.24662837706740123, "avg_sr": 0.4090909090909091, "count": 132}, "room": {"avg_spl": 0.3026439699932227, "avg_sr": 0.5428571428571428, "count": 105}}
Elapsed 17:34:31 

Begin to process [00810-CrMo8WxCyVb_sequence_5_4] type: [room], Question: [sink cabinet in the laundry room]

Elapsed 17:34:31 Current start position is [    -3.5395    0.050065      9.6906]
Elapsed 17:35:06 ===Episode_id 5 task_id 4 task_level=room===
SR: False, SPL: 0.0, Object category: sink cabinet, goal type: sequence===

Elapsed 17:35:06 [baseline] task_level=room scene=00810-CrMo8WxCyVb episode=5 task=4 sec=34.990
Elapsed 17:35:06 [BASELINE_LIVE_METRICS] rows=430 avg_sr=0.430233 avg_spl=0.258060 follower_error_count=7 levels=[object:n=95,sr=0.526316,spl=0.372383; room:n=106,sr=0.537736,spl=0.299789; region:n=132,sr=0.409091,spl=0.246628; instance:n=97,sr=0.247423,spl=0.116049] latest_scene=00810-CrMo8WxCyVb latest_episode=5 latest_task=4 latest_level=room by_level={"instance": {"avg_spl": 0.11604901842887627, "avg_sr": 0.24742268041237114, "count": 97}, "object": {"avg_spl": 0.37238287013816235, "avg_sr": 0.5263157894736842, "count": 95}, "region": {"avg_spl": 0.24662837706740123, "avg_sr": 0.4090909090909091, "count": 132}, "room": {"avg_spl": 0.2997888382008338, "avg_sr": 0.5377358490566038, "count": 106}}
Elapsed 17:35:06 [Metrics] sequence count: 430, invalid_count: 0, follower_error_count: 7, avg_sr: 0.430233, avg_spl: 0.258060

=== Episode ===: 6it [1:29:30, 723.48s/it][AElapsed 17:35:13 

Begin to process [00810-CrMo8WxCyVb_sequence_6_0] type: [instance], Question: [stainless steel rectangular utility sink in laundry room with washing machine beside wicker basket]

Elapsed 17:35:13 Current start position is [    -4.1502     0.00105      1.4804]
Elapsed 17:37:09 ===Episode_id 6 task_id 0 task_level=instance===
SR: True, SPL: 0.6249736310282686, Object category: sink, goal type: sequence===

Elapsed 17:37:09 [baseline] task_level=instance scene=00810-CrMo8WxCyVb episode=6 task=0 sec=116.520
Elapsed 17:37:09 [BASELINE_LIVE_METRICS] rows=431 avg_sr=0.431555 avg_spl=0.258911 follower_error_count=7 levels=[object:n=95,sr=0.526316,spl=0.372383; room:n=106,sr=0.537736,spl=0.299789; region:n=132,sr=0.409091,spl=0.246628; instance:n=98,sr=0.255102,spl=0.121242] latest_scene=00810-CrMo8WxCyVb latest_episode=6 latest_task=0 latest_level=instance by_level={"instance": {"avg_spl": 0.1212421267207068, "avg_sr": 0.25510204081632654, "count": 98}, "object": {"avg_spl": 0.37238287013816235, "avg_sr": 0.5263157894736842, "count": 95}, "region": {"avg_spl": 0.24662837706740123, "avg_sr": 0.4090909090909091, "count": 132}, "room": {"avg_spl": 0.2997888382008338, "avg_sr": 0.5377358490566038, "count": 106}}
Elapsed 17:37:09 

Begin to process [00810-CrMo8WxCyVb_sequence_6_1] type: [object], Question: [vase]

Elapsed 17:37:09 Current start position is [    0.32124  6.4373e-05       6.305]
Elapsed 17:37:27 ===Episode_id 6 task_id 1 task_level=object===
SR: True, SPL: 0.7951249746211504, Object category: vase, goal type: sequence===

Elapsed 17:37:27 [baseline] task_level=object scene=00810-CrMo8WxCyVb episode=6 task=1 sec=17.933
Elapsed 17:37:27 [BASELINE_LIVE_METRICS] rows=432 avg_sr=0.432870 avg_spl=0.260152 follower_error_count=7 levels=[object:n=96,sr=0.531250,spl=0.376786; room:n=106,sr=0.537736,spl=0.299789; region:n=132,sr=0.409091,spl=0.246628; instance:n=98,sr=0.255102,spl=0.121242] latest_scene=00810-CrMo8WxCyVb latest_episode=6 latest_task=1 latest_level=object by_level={"instance": {"avg_spl": 0.1212421267207068, "avg_sr": 0.25510204081632654, "count": 98}, "object": {"avg_spl": 0.3767864337265268, "avg_sr": 0.53125, "count": 96}, "region": {"avg_spl": 0.24662837706740123, "avg_sr": 0.4090909090909091, "count": 132}, "room": {"avg_spl": 0.2997888382008338, "avg_sr": 0.5377358490566038, "count": 106}}
Elapsed 17:37:27 

Begin to process [00810-CrMo8WxCyVb_sequence_6_2] type: [region], Question: [sink cabinet in the laundry room that has top-loading washing machine under white cabinets, utility sink beside wicker basket, flower prints]

Elapsed 17:37:27 Current start position is [    -3.5463  6.4373e-05      1.1767]
Elapsed 17:39:39 ===Episode_id 6 task_id 2 task_level=region===
SR: False, SPL: 0.0, Object category: sink cabinet, goal type: sequence===

Elapsed 17:39:39 [baseline] task_level=region scene=00810-CrMo8WxCyVb episode=6 task=2 sec=131.832
Elapsed 17:39:39 [BASELINE_LIVE_METRICS] rows=433 avg_sr=0.431871 avg_spl=0.259551 follower_error_count=7 levels=[object:n=96,sr=0.531250,spl=0.376786; room:n=106,sr=0.537736,spl=0.299789; region:n=133,sr=0.406015,spl=0.244774; instance:n=98,sr=0.255102,spl=0.121242] latest_scene=00810-CrMo8WxCyVb latest_episode=6 latest_task=2 latest_level=region by_level={"instance": {"avg_spl": 0.1212421267207068, "avg_sr": 0.25510204081632654, "count": 98}, "object": {"avg_spl": 0.3767864337265268, "avg_sr": 0.53125, "count": 96}, "region": {"avg_spl": 0.24477402836764633, "avg_sr": 0.40601503759398494, "count": 133}, "room": {"avg_spl": 0.2997888382008338, "avg_sr": 0.5377358490566038, "count": 106}}
Elapsed 17:39:39 

Begin to process [00810-CrMo8WxCyVb_sequence_6_3] type: [room], Question: [cabinet in the bedroom]

Elapsed 17:39:39 Current start position is [    -3.4889    0.050065      7.9844]
Elapsed 17:40:04 ===Episode_id 6 task_id 3 task_level=room===
SR: False, SPL: 0.0, Object category: cabinet, goal type: sequence===

Elapsed 17:40:04 [baseline] task_level=room scene=00810-CrMo8WxCyVb episode=6 task=3 sec=24.858
Elapsed 17:40:04 [BASELINE_LIVE_METRICS] rows=434 avg_sr=0.430876 avg_spl=0.258953 follower_error_count=7 levels=[object:n=96,sr=0.531250,spl=0.376786; room:n=107,sr=0.532710,spl=0.296987; region:n=133,sr=0.406015,spl=0.244774; instance:n=98,sr=0.255102,spl=0.121242] latest_scene=00810-CrMo8WxCyVb latest_episode=6 latest_task=3 latest_level=room by_level={"instance": {"avg_spl": 0.1212421267207068, "avg_sr": 0.25510204081632654, "count": 98}, "object": {"avg_spl": 0.3767864337265268, "avg_sr": 0.53125, "count": 96}, "region": {"avg_spl": 0.24477402836764633, "avg_sr": 0.40601503759398494, "count": 133}, "room": {"avg_spl": 0.29698707335783536, "avg_sr": 0.5327102803738317, "count": 107}}
Elapsed 17:40:04 

Begin to process [00810-CrMo8WxCyVb_sequence_6_4] type: [room], Question: [bathroom cabinet in the bathroom]

Elapsed 17:40:04 Current start position is [       1.81    0.043809      6.4548]
Elapsed 17:40:30 ===Episode_id 6 task_id 4 task_level=room===
SR: False, SPL: 0.0, Object category: bathroom cabinet, goal type: sequence===

Elapsed 17:40:30 [baseline] task_level=room scene=00810-CrMo8WxCyVb episode=6 task=4 sec=26.330
Elapsed 17:40:30 [BASELINE_LIVE_METRICS] rows=435 avg_sr=0.429885 avg_spl=0.258358 follower_error_count=7 levels=[object:n=96,sr=0.531250,spl=0.376786; room:n=108,sr=0.527778,spl=0.294237; region:n=133,sr=0.406015,spl=0.244774; instance:n=98,sr=0.255102,spl=0.121242] latest_scene=00810-CrMo8WxCyVb latest_episode=6 latest_task=4 latest_level=room by_level={"instance": {"avg_spl": 0.1212421267207068, "avg_sr": 0.25510204081632654, "count": 98}, "object": {"avg_spl": 0.3767864337265268, "avg_sr": 0.53125, "count": 96}, "region": {"avg_spl": 0.24477402836764633, "avg_sr": 0.40601503759398494, "count": 133}, "room": {"avg_spl": 0.2942371930489665, "avg_sr": 0.5277777777777778, "count": 108}}
Elapsed 17:40:30 [Metrics] sequence count: 435, invalid_count: 0, follower_error_count: 7, avg_sr: 0.429885, avg_spl: 0.258358

=== Episode ===: 7it [1:34:55, 592.97s/it][AElapsed 17:40:37 

Begin to process [00810-CrMo8WxCyVb_sequence_7_0] type: [instance], Question: [white folded hand towel on white single-sink bath vanity with flower vase under floral line drawing]

Elapsed 17:40:37 Current start position is [     1.8312     0.05006      4.3077]
Elapsed 17:45:04 ===Episode_id 7 task_id 0 task_level=instance===
SR: True, SPL: 0.28416937020701283, Object category: towel, goal type: sequence===

Elapsed 17:45:04 [baseline] task_level=instance scene=00810-CrMo8WxCyVb episode=7 task=0 sec=266.862
Elapsed 17:45:04 [BASELINE_LIVE_METRICS] rows=436 avg_sr=0.431193 avg_spl=0.258417 follower_error_count=7 levels=[object:n=96,sr=0.531250,spl=0.376786; room:n=108,sr=0.527778,spl=0.294237; region:n=133,sr=0.406015,spl=0.244774; instance:n=99,sr=0.262626,spl=0.122888] latest_scene=00810-CrMo8WxCyVb latest_episode=7 latest_task=0 latest_level=instance by_level={"instance": {"avg_spl": 0.12288785645289171, "avg_sr": 0.26262626262626265, "count": 99}, "object": {"avg_spl": 0.3767864337265268, "avg_sr": 0.53125, "count": 96}, "region": {"avg_spl": 0.24477402836764633, "avg_sr": 0.40601503759398494, "count": 133}, "room": {"avg_spl": 0.2942371930489665, "avg_sr": 0.5277777777777778, "count": 108}}
Elapsed 17:45:04 

Begin to process [00810-CrMo8WxCyVb_sequence_7_1] type: [region], Question: [picture in the bathroom that has bathtub with black-and-white forest picture above, toilet below grayscale floral picture, walk-in shower, white double-sink bath vanity with mirror]

Elapsed 17:45:04 Current start position is [    -3.4906    0.050065      8.3313]
Elapsed 17:46:58 ===Episode_id 7 task_id 1 task_level=region===
SR: False, SPL: 0.0, Object category: picture, goal type: sequence===

Elapsed 17:46:58 [baseline] task_level=region scene=00810-CrMo8WxCyVb episode=7 task=1 sec=114.814
Elapsed 17:46:58 [BASELINE_LIVE_METRICS] rows=437 avg_sr=0.430206 avg_spl=0.257826 follower_error_count=7 levels=[object:n=96,sr=0.531250,spl=0.376786; room:n=108,sr=0.527778,spl=0.294237; region:n=134,sr=0.402985,spl=0.242947; instance:n=99,sr=0.262626,spl=0.122888] latest_scene=00810-CrMo8WxCyVb latest_episode=7 latest_task=1 latest_level=region by_level={"instance": {"avg_spl": 0.12288785645289171, "avg_sr": 0.26262626262626265, "count": 99}, "object": {"avg_spl": 0.3767864337265268, "avg_sr": 0.53125, "count": 96}, "region": {"avg_spl": 0.24294735651415644, "avg_sr": 0.40298507462686567, "count": 134}, "room": {"avg_spl": 0.2942371930489665, "avg_sr": 0.5277777777777778, "count": 108}}
Elapsed 17:46:58 

Begin to process [00810-CrMo8WxCyVb_sequence_7_2] type: [room], Question: [toilet in the bathroom]

Elapsed 17:46:58 Current start position is [    -4.0679    0.050065      7.7961]
Elapsed 17:47:29 ===Episode_id 7 task_id 2 task_level=room===
SR: True, SPL: 0.41123595416322617, Object category: toilet, goal type: sequence===

Elapsed 17:47:29 [baseline] task_level=room scene=00810-CrMo8WxCyVb episode=7 task=2 sec=30.676
Elapsed 17:47:29 [BASELINE_LIVE_METRICS] rows=438 avg_sr=0.431507 avg_spl=0.258176 follower_error_count=7 levels=[object:n=96,sr=0.531250,spl=0.376786; room:n=109,sr=0.532110,spl=0.295311; region:n=134,sr=0.402985,spl=0.242947; instance:n=99,sr=0.262626,spl=0.122888] latest_scene=00810-CrMo8WxCyVb latest_episode=7 latest_task=2 latest_level=room by_level={"instance": {"avg_spl": 0.12288785645289171, "avg_sr": 0.26262626262626265, "count": 99}, "object": {"avg_spl": 0.3767864337265268, "avg_sr": 0.53125, "count": 96}, "region": {"avg_spl": 0.24294735651415644, "avg_sr": 0.40298507462686567, "count": 134}, "room": {"avg_spl": 0.29531057617845513, "avg_sr": 0.5321100917431193, "count": 109}}
Elapsed 17:47:29 

Begin to process [00810-CrMo8WxCyVb_sequence_7_3] type: [object], Question: [bath vanity]

Elapsed 17:47:29 Current start position is [    -3.5681    0.050065       9.087]
Elapsed 17:47:58 ===Episode_id 7 task_id 3 task_level=object===
SR: True, SPL: 0.22280621698545047, Object category: bath vanity, goal type: sequence===

Elapsed 17:47:58 [baseline] task_level=object scene=00810-CrMo8WxCyVb episode=7 task=3 sec=29.238
Elapsed 17:47:58 [BASELINE_LIVE_METRICS] rows=439 avg_sr=0.432802 avg_spl=0.258096 follower_error_count=7 levels=[object:n=97,sr=0.536082,spl=0.375199; room:n=109,sr=0.532110,spl=0.295311; region:n=134,sr=0.402985,spl=0.242947; instance:n=99,sr=0.262626,spl=0.122888] latest_scene=00810-CrMo8WxCyVb latest_episode=7 latest_task=3 latest_level=object by_level={"instance": {"avg_spl": 0.12288785645289171, "avg_sr": 0.26262626262626265, "count": 99}, "object": {"avg_spl": 0.3751990088116704, "avg_sr": 0.5360824742268041, "count": 97}, "region": {"avg_spl": 0.24294735651415644, "avg_sr": 0.40298507462686567, "count": 134}, "room": {"avg_spl": 0.29531057617845513, "avg_sr": 0.5321100917431193, "count": 109}}
Elapsed 17:47:58 

Begin to process [00810-CrMo8WxCyVb_sequence_7_4] type: [region], Question: [bathtub in the bathroom that has bathtub with striped shower curtain, line-drawn face print above LOVE typographic script print, toilet beneath picture reading inhale, exhale, repeat]

Elapsed 17:47:58 Current start position is [    -3.6317    0.050065      8.2808]
Elapsed 17:48:29 ===Episode_id 7 task_id 4 task_level=region===
SR: True, SPL: 0.46980663339234524, Object category: bathtub, goal type: sequence===

Elapsed 17:48:29 [baseline] task_level=region scene=00810-CrMo8WxCyVb episode=7 task=4 sec=30.282
Elapsed 17:48:29 [BASELINE_LIVE_METRICS] rows=440 avg_sr=0.434091 avg_spl=0.258577 follower_error_count=7 levels=[object:n=97,sr=0.536082,spl=0.375199; room:n=109,sr=0.532110,spl=0.295311; region:n=135,sr=0.407407,spl=0.244628; instance:n=99,sr=0.262626,spl=0.122888] latest_scene=00810-CrMo8WxCyVb latest_episode=7 latest_task=4 latest_level=region by_level={"instance": {"avg_spl": 0.12288785645289171, "avg_sr": 0.26262626262626265, "count": 99}, "object": {"avg_spl": 0.3751990088116704, "avg_sr": 0.5360824742268041, "count": 97}, "region": {"avg_spl": 0.24462779560214304, "avg_sr": 0.4074074074074074, "count": 135}, "room": {"avg_spl": 0.29531057617845513, "avg_sr": 0.5321100917431193, "count": 109}}
Elapsed 17:48:29 [Metrics] sequence count: 440, invalid_count: 0, follower_error_count: 7, avg_sr: 0.434091, avg_spl: 0.258577

=== Episode ===: 8it [1:42:53, 556.47s/it][AElapsed 17:48:35 

Begin to process [00810-CrMo8WxCyVb_sequence_8_0] type: [instance], Question: [white bathtub with horizontally striped shower curtain near toilet beneath picture that reads inhale, exhale, repeat\]

Elapsed 17:48:35 Current start position is [     1.2383     0.05006      9.8702]
Elapsed 17:53:16 ===Episode_id 8 task_id 0 task_level=instance===
SR: True, SPL: 0.35311662445130076, Object category: bathtub, goal type: sequence===

Elapsed 17:53:16 [baseline] task_level=instance scene=00810-CrMo8WxCyVb episode=8 task=0 sec=281.006
Elapsed 17:53:16 [BASELINE_LIVE_METRICS] rows=441 avg_sr=0.435374 avg_spl=0.258791 follower_error_count=7 levels=[object:n=97,sr=0.536082,spl=0.375199; room:n=109,sr=0.532110,spl=0.295311; region:n=135,sr=0.407407,spl=0.244628; instance:n=100,sr=0.270000,spl=0.125190] latest_scene=00810-CrMo8WxCyVb latest_episode=8 latest_task=0 latest_level=instance by_level={"instance": {"avg_spl": 0.1251901441328758, "avg_sr": 0.27, "count": 100}, "object": {"avg_spl": 0.3751990088116704, "avg_sr": 0.5360824742268041, "count": 97}, "region": {"avg_spl": 0.24462779560214304, "avg_sr": 0.4074074074074074, "count": 135}, "room": {"avg_spl": 0.29531057617845513, "avg_sr": 0.5321100917431193, "count": 109}}
Elapsed 17:53:16 

Begin to process [00810-CrMo8WxCyVb_sequence_8_1] type: [room], Question: [bathroom cabinet in the bathroom]

Elapsed 17:53:16 Current start position is [    -3.4498    0.050065       9.739]
Elapsed 17:53:38 ===Episode_id 8 task_id 1 task_level=room===
SR: False, SPL: 0.0, Object category: bathroom cabinet, goal type: sequence===

Elapsed 17:53:38 [baseline] task_level=room scene=00810-CrMo8WxCyVb episode=8 task=1 sec=22.512
Elapsed 17:53:38 [BASELINE_LIVE_METRICS] rows=442 avg_sr=0.434389 avg_spl=0.258206 follower_error_count=7 levels=[object:n=97,sr=0.536082,spl=0.375199; room:n=110,sr=0.527273,spl=0.292626; region:n=135,sr=0.407407,spl=0.244628; instance:n=100,sr=0.270000,spl=0.125190] latest_scene=00810-CrMo8WxCyVb latest_episode=8 latest_task=1 latest_level=room by_level={"instance": {"avg_spl": 0.1251901441328758, "avg_sr": 0.27, "count": 100}, "object": {"avg_spl": 0.3751990088116704, "avg_sr": 0.5360824742268041, "count": 97}, "region": {"avg_spl": 0.24462779560214304, "avg_sr": 0.4074074074074074, "count": 135}, "room": {"avg_spl": 0.29262593457683284, "avg_sr": 0.5272727272727272, "count": 110}}
Elapsed 17:53:38 

Begin to process [00810-CrMo8WxCyVb_sequence_8_2] type: [object], Question: [bench]

Elapsed 17:53:38 Current start position is [    -3.5553    0.050065       8.236]
Elapsed 17:55:26 ===Episode_id 8 task_id 2 task_level=object===
SR: False, SPL: 0.0, Object category: bench, goal type: sequence===

Elapsed 17:55:26 [baseline] task_level=object scene=00810-CrMo8WxCyVb episode=8 task=2 sec=107.373
Elapsed 17:55:26 [BASELINE_LIVE_METRICS] rows=443 avg_sr=0.433409 avg_spl=0.257623 follower_error_count=7 levels=[object:n=98,sr=0.530612,spl=0.371370; room:n=110,sr=0.527273,spl=0.292626; region:n=135,sr=0.407407,spl=0.244628; instance:n=100,sr=0.270000,spl=0.125190] latest_scene=00810-CrMo8WxCyVb latest_episode=8 latest_task=2 latest_level=object by_level={"instance": {"avg_spl": 0.1251901441328758, "avg_sr": 0.27, "count": 100}, "object": {"avg_spl": 0.3713704474972656, "avg_sr": 0.5306122448979592, "count": 98}, "region": {"avg_spl": 0.24462779560214304, "avg_sr": 0.4074074074074074, "count": 135}, "room": {"avg_spl": 0.29262593457683284, "avg_sr": 0.5272727272727272, "count": 110}}
Elapsed 17:55:26 

Begin to process [00810-CrMo8WxCyVb_sequence_8_3] type: [room], Question: [bed in the bedroom]

Elapsed 17:55:26 Current start position is [    -4.9646    0.025222      2.2298]
Elapsed 17:55:57 ===Episode_id 8 task_id 3 task_level=room===
SR: True, SPL: 0.011171620713737692, Object category: bed, goal type: sequence===

Elapsed 17:55:57 [baseline] task_level=room scene=00810-CrMo8WxCyVb episode=8 task=3 sec=31.112
Elapsed 17:55:57 [BASELINE_LIVE_METRICS] rows=444 avg_sr=0.434685 avg_spl=0.257068 follower_error_count=7 levels=[object:n=98,sr=0.530612,spl=0.371370; room:n=111,sr=0.531532,spl=0.290090; region:n=135,sr=0.407407,spl=0.244628; instance:n=100,sr=0.270000,spl=0.125190] latest_scene=00810-CrMo8WxCyVb latest_episode=8 latest_task=3 latest_level=room by_level={"instance": {"avg_spl": 0.1251901441328758, "avg_sr": 0.27, "count": 100}, "object": {"avg_spl": 0.3713704474972656, "avg_sr": 0.5306122448979592, "count": 98}, "region": {"avg_spl": 0.24462779560214304, "avg_sr": 0.4074074074074074, "count": 135}, "room": {"avg_spl": 0.29009031012761577, "avg_sr": 0.5315315315315315, "count": 111}}
Elapsed 17:55:57 

Begin to process [00810-CrMo8WxCyVb_sequence_8_4] type: [region], Question: [vase in the bedroom that has white quilted bed with three gray pillows and beige headboard, flower picture above gray cushioned bench, rectangular mirror above beige dresser with statue, and wood nightstands by white curtains]

Elapsed 17:55:57 Current start position is [    0.95951    0.050065      9.5279]
Elapsed 17:56:29 ===Episode_id 8 task_id 4 task_level=region===
SR: False, SPL: 0.0, Object category: vase, goal type: sequence===

Elapsed 17:56:29 [baseline] task_level=region scene=00810-CrMo8WxCyVb episode=8 task=4 sec=32.249
Elapsed 17:56:29 [BASELINE_LIVE_METRICS] rows=445 avg_sr=0.433708 avg_spl=0.256490 follower_error_count=7 levels=[object:n=98,sr=0.530612,spl=0.371370; room:n=111,sr=0.531532,spl=0.290090; region:n=136,sr=0.404412,spl=0.242829; instance:n=100,sr=0.270000,spl=0.125190] latest_scene=00810-CrMo8WxCyVb latest_episode=8 latest_task=4 latest_level=region by_level={"instance": {"avg_spl": 0.1251901441328758, "avg_sr": 0.27, "count": 100}, "object": {"avg_spl": 0.3713704474972656, "avg_sr": 0.5306122448979592, "count": 98}, "region": {"avg_spl": 0.2428290618109508, "avg_sr": 0.40441176470588236, "count": 136}, "room": {"avg_spl": 0.29009031012761577, "avg_sr": 0.5315315315315315, "count": 111}}
Elapsed 17:56:29 [Metrics] sequence count: 445, invalid_count: 0, follower_error_count: 7, avg_sr: 0.433708, avg_spl: 0.256490

=== Episode ===: 9it [1:50:53, 532.72s/it][AElapsed 17:56:35 

Begin to process [00810-CrMo8WxCyVb_sequence_9_0] type: [instance], Question: [tall brown wooden shelving cabinet in office with glass table with white chairs]

Elapsed 17:56:35 Current start position is [    -5.0629     0.05006       4.566]
Elapsed 17:59:25 ===Episode_id 9 task_id 0 task_level=instance===
SR: False, SPL: 0.0, Object category: cabinet, goal type: sequence===

Elapsed 17:59:25 [baseline] task_level=instance scene=00810-CrMo8WxCyVb episode=9 task=0 sec=170.311
Elapsed 17:59:25 [BASELINE_LIVE_METRICS] rows=446 avg_sr=0.432735 avg_spl=0.255915 follower_error_count=7 levels=[object:n=98,sr=0.530612,spl=0.371370; room:n=111,sr=0.531532,spl=0.290090; region:n=136,sr=0.404412,spl=0.242829; instance:n=101,sr=0.267327,spl=0.123951] latest_scene=00810-CrMo8WxCyVb latest_episode=9 latest_task=0 latest_level=instance by_level={"instance": {"avg_spl": 0.12395063775532258, "avg_sr": 0.26732673267326734, "count": 101}, "object": {"avg_spl": 0.3713704474972656, "avg_sr": 0.5306122448979592, "count": 98}, "region": {"avg_spl": 0.2428290618109508, "avg_sr": 0.40441176470588236, "count": 136}, "room": {"avg_spl": 0.29009031012761577, "avg_sr": 0.5315315315315315, "count": 111}}
Elapsed 17:59:25 

Begin to process [00810-CrMo8WxCyVb_sequence_9_1] type: [region], Question: [cabinet in the bedroom that has white quilted bed with three gray pillows and beige headboard, flower picture above gray cushioned bench, rectangular mirror above beige dresser with statue, and wood nightstands by white curtains]

Elapsed 17:59:25 Current start position is [     -3.986    0.050065      9.1399]
Elapsed 17:59:51 ===Episode_id 9 task_id 1 task_level=region===
SR: False, SPL: 0.0, Object category: cabinet, goal type: sequence===

Elapsed 17:59:51 [baseline] task_level=region scene=00810-CrMo8WxCyVb episode=9 task=1 sec=25.080
Elapsed 17:59:51 [BASELINE_LIVE_METRICS] rows=447 avg_sr=0.431767 avg_spl=0.255342 follower_error_count=7 levels=[object:n=98,sr=0.530612,spl=0.371370; room:n=111,sr=0.531532,spl=0.290090; region:n=137,sr=0.401460,spl=0.241057; instance:n=101,sr=0.267327,spl=0.123951] latest_scene=00810-CrMo8WxCyVb latest_episode=9 latest_task=1 latest_level=region by_level={"instance": {"avg_spl": 0.12395063775532258, "avg_sr": 0.26732673267326734, "count": 101}, "object": {"avg_spl": 0.3713704474972656, "avg_sr": 0.5306122448979592, "count": 98}, "region": {"avg_spl": 0.24105658690722123, "avg_sr": 0.40145985401459855, "count": 137}, "room": {"avg_spl": 0.29009031012761577, "avg_sr": 0.5315315315315315, "count": 111}}
Elapsed 17:59:51 

Begin to process [00810-CrMo8WxCyVb_sequence_9_2] type: [room], Question: [bed in the bedroom]

Elapsed 17:59:51 Current start position is [     1.2852    0.050065      9.8733]
Elapsed 18:00:10 ===Episode_id 9 task_id 2 task_level=room===
SR: True, SPL: 0.45800626755134316, Object category: bed, goal type: sequence===

Elapsed 18:00:10 [baseline] task_level=room scene=00810-CrMo8WxCyVb episode=9 task=2 sec=19.423
Elapsed 18:00:10 [BASELINE_LIVE_METRICS] rows=448 avg_sr=0.433036 avg_spl=0.255795 follower_error_count=7 levels=[object:n=98,sr=0.530612,spl=0.371370; room:n=112,sr=0.535714,spl=0.291590; region:n=137,sr=0.401460,spl=0.241057; instance:n=101,sr=0.267327,spl=0.123951] latest_scene=00810-CrMo8WxCyVb latest_episode=9 latest_task=2 latest_level=room by_level={"instance": {"avg_spl": 0.12395063775532258, "avg_sr": 0.26732673267326734, "count": 101}, "object": {"avg_spl": 0.3713704474972656, "avg_sr": 0.5306122448979592, "count": 98}, "region": {"avg_spl": 0.24105658690722123, "avg_sr": 0.40145985401459855, "count": 137}, "room": {"avg_spl": 0.2915895597474704, "avg_sr": 0.5357142857142857, "count": 112}}
Elapsed 18:00:10 

Begin to process [00810-CrMo8WxCyVb_sequence_9_3] type: [region], Question: [cabinet in the office that has glass table with white chairs and tall wood cabinet]

Elapsed 18:00:10 Current start position is [     1.0724    0.050065      9.7421]
Elapsed 18:03:55 ===Episode_id 9 task_id 3 task_level=region===
SR: False, SPL: 0.0, Object category: cabinet, goal type: sequence===

Elapsed 18:03:55 [baseline] task_level=region scene=00810-CrMo8WxCyVb episode=9 task=3 sec=225.007
Elapsed 18:03:55 [BASELINE_LIVE_METRICS] rows=449 avg_sr=0.432071 avg_spl=0.255225 follower_error_count=7 levels=[object:n=98,sr=0.530612,spl=0.371370; room:n=112,sr=0.535714,spl=0.291590; region:n=138,sr=0.398551,spl=0.239310; instance:n=101,sr=0.267327,spl=0.123951] latest_scene=00810-CrMo8WxCyVb latest_episode=9 latest_task=3 latest_level=region by_level={"instance": {"avg_spl": 0.12395063775532258, "avg_sr": 0.26732673267326734, "count": 101}, "object": {"avg_spl": 0.3713704474972656, "avg_sr": 0.5306122448979592, "count": 98}, "region": {"avg_spl": 0.2393098000455747, "avg_sr": 0.39855072463768115, "count": 138}, "room": {"avg_spl": 0.2915895597474704, "avg_sr": 0.5357142857142857, "count": 112}}
Elapsed 18:03:55 

Begin to process [00810-CrMo8WxCyVb_sequence_9_4] type: [region], Question: [cabinet in the bedroom that has bed with white-and-gray chevron quilt and white headboard, colorful pillows, Spider-Man and Captain America prints, mirrored dresser, patterned curtain, and nightstand with antique clock]

Elapsed 18:03:55 Current start position is [    0.97847   0.0094321      6.4811]
Elapsed 18:04:38 ===Episode_id 9 task_id 4 task_level=region===
SR: False, SPL: 0.0, Object category: cabinet, goal type: sequence===

Elapsed 18:04:38 [baseline] task_level=region scene=00810-CrMo8WxCyVb episode=9 task=4 sec=42.570
Elapsed 18:04:38 [BASELINE_LIVE_METRICS] rows=450 avg_sr=0.431111 avg_spl=0.254658 follower_error_count=7 levels=[object:n=98,sr=0.530612,spl=0.371370; room:n=112,sr=0.535714,spl=0.291590; region:n=139,sr=0.395683,spl=0.237588; instance:n=101,sr=0.267327,spl=0.123951] latest_scene=00810-CrMo8WxCyVb latest_episode=9 latest_task=4 latest_level=region by_level={"instance": {"avg_spl": 0.12395063775532258, "avg_sr": 0.26732673267326734, "count": 101}, "object": {"avg_spl": 0.3713704474972656, "avg_sr": 0.5306122448979592, "count": 98}, "region": {"avg_spl": 0.23758814680783677, "avg_sr": 0.39568345323741005, "count": 139}, "room": {"avg_spl": 0.2915895597474704, "avg_sr": 0.5357142857142857, "count": 112}}
Elapsed 18:04:38 [Metrics] sequence count: 450, invalid_count: 0, follower_error_count: 7, avg_sr: 0.431111, avg_spl: 0.254658

=== Episode ===: 10it [1:59:02, 519.03s/it][AElapsed 18:04:44 

Begin to process [00810-CrMo8WxCyVb_sequence_10_0] type: [instance], Question: [white mantel fireplace with glass front beneath TV in living room with cream couch with plaid cushions and wooden herringbone coffee table]

Elapsed 18:04:44 Current start position is [    -7.9123     -2.9999      6.1735]
Elapsed 18:07:01 ===Episode_id 10 task_id 0 task_level=instance===
SR: False, SPL: 0.0, Object category: fireplace, goal type: sequence===

Elapsed 18:07:01 [baseline] task_level=instance scene=00810-CrMo8WxCyVb episode=10 task=0 sec=136.926
Elapsed 18:07:01 [BASELINE_LIVE_METRICS] rows=451 avg_sr=0.430155 avg_spl=0.254093 follower_error_count=7 levels=[object:n=98,sr=0.530612,spl=0.371370; room:n=112,sr=0.535714,spl=0.291590; region:n=139,sr=0.395683,spl=0.237588; instance:n=102,sr=0.264706,spl=0.122735] latest_scene=00810-CrMo8WxCyVb latest_episode=10 latest_task=0 latest_level=instance by_level={"instance": {"avg_spl": 0.12273543542438804, "avg_sr": 0.2647058823529412, "count": 102}, "object": {"avg_spl": 0.3713704474972656, "avg_sr": 0.5306122448979592, "count": 98}, "region": {"avg_spl": 0.23758814680783677, "avg_sr": 0.39568345323741005, "count": 139}, "room": {"avg_spl": 0.2915895597474704, "avg_sr": 0.5357142857142857, "count": 112}}
Elapsed 18:07:01 

Begin to process [00810-CrMo8WxCyVb_sequence_10_1] type: [region], Question: [flower vase in the kitchen that has brown dining table with tableware and white flowers, white cabinets with marble countertop, silver refrigerator, microwave above stove and oven, console table with decorative plate below two framed pictures]

Elapsed 18:07:01 Current start position is [    -1.1177     -2.9999      2.1711]
Elapsed 18:07:24 ===Episode_id 10 task_id 1 task_level=region===
SR: False, SPL: 0.0, Object category: flower vase, goal type: sequence===

Elapsed 18:07:24 [baseline] task_level=region scene=00810-CrMo8WxCyVb episode=10 task=1 sec=23.165
Elapsed 18:07:24 [BASELINE_LIVE_METRICS] rows=452 avg_sr=0.429204 avg_spl=0.253531 follower_error_count=7 levels=[object:n=98,sr=0.530612,spl=0.371370; room:n=112,sr=0.535714,spl=0.291590; region:n=140,sr=0.392857,spl=0.235891; instance:n=102,sr=0.264706,spl=0.122735] latest_scene=00810-CrMo8WxCyVb latest_episode=10 latest_task=1 latest_level=region by_level={"instance": {"avg_spl": 0.12273543542438804, "avg_sr": 0.2647058823529412, "count": 102}, "object": {"avg_spl": 0.3713704474972656, "avg_sr": 0.5306122448979592, "count": 98}, "region": {"avg_spl": 0.23589108861635222, "avg_sr": 0.39285714285714285, "count": 140}, "room": {"avg_spl": 0.2915895597474704, "avg_sr": 0.5357142857142857, "count": 112}}
Elapsed 18:07:24 

Begin to process [00810-CrMo8WxCyVb_sequence_10_2] type: [object], Question: [cabinet]

Elapsed 18:07:24 Current start position is [   -0.66934     -2.9999     -0.5835]
Elapsed 18:08:28 ===Episode_id 10 task_id 2 task_level=object===
SR: True, SPL: 0.4959449074920833, Object category: cabinet, goal type: sequence===

Elapsed 18:08:28 [baseline] task_level=object scene=00810-CrMo8WxCyVb episode=10 task=2 sec=63.941
Elapsed 18:08:28 [BASELINE_LIVE_METRICS] rows=453 avg_sr=0.430464 avg_spl=0.254066 follower_error_count=7 levels=[object:n=99,sr=0.535354,spl=0.372629; room:n=112,sr=0.535714,spl=0.291590; region:n=140,sr=0.392857,spl=0.235891; instance:n=102,sr=0.264706,spl=0.122735] latest_scene=00810-CrMo8WxCyVb latest_episode=10 latest_task=2 latest_level=object by_level={"instance": {"avg_spl": 0.12273543542438804, "avg_sr": 0.2647058823529412, "count": 102}, "object": {"avg_spl": 0.37262877537600114, "avg_sr": 0.5353535353535354, "count": 99}, "region": {"avg_spl": 0.23589108861635222, "avg_sr": 0.39285714285714285, "count": 140}, "room": {"avg_spl": 0.2915895597474704, "avg_sr": 0.5357142857142857, "count": 112}}
Elapsed 18:08:28 

Begin to process [00810-CrMo8WxCyVb_sequence_10_3] type: [room], Question: [vase in the kitchen]

Elapsed 18:08:28 Current start position is [   -0.92496     -2.9999       9.616]
Elapsed 18:08:59 ===Episode_id 10 task_id 3 task_level=room===
SR: False, SPL: 0.0, Object category: vase, goal type: sequence===

Elapsed 18:08:59 [baseline] task_level=room scene=00810-CrMo8WxCyVb episode=10 task=3 sec=31.063
Elapsed 18:08:59 [BASELINE_LIVE_METRICS] rows=454 avg_sr=0.429515 avg_spl=0.253507 follower_error_count=7 levels=[object:n=99,sr=0.535354,spl=0.372629; room:n=113,sr=0.530973,spl=0.289009; region:n=140,sr=0.392857,spl=0.235891; instance:n=102,sr=0.264706,spl=0.122735] latest_scene=00810-CrMo8WxCyVb latest_episode=10 latest_task=3 latest_level=room by_level={"instance": {"avg_spl": 0.12273543542438804, "avg_sr": 0.2647058823529412, "count": 102}, "object": {"avg_spl": 0.37262877537600114, "avg_sr": 0.5353535353535354, "count": 99}, "region": {"avg_spl": 0.23589108861635222, "avg_sr": 0.39285714285714285, "count": 140}, "room": {"avg_spl": 0.28900912116563443, "avg_sr": 0.5309734513274337, "count": 113}}
Elapsed 18:08:59 

Begin to process [00810-CrMo8WxCyVb_sequence_10_4] type: [room], Question: [couch in the living room]

Elapsed 18:08:59 Current start position is [     1.2177     -2.9999      7.7867]
Elapsed 18:09:32 ===Episode_id 10 task_id 4 task_level=room===
SR: True, SPL: 0.8030158138042384, Object category: couch, goal type: sequence===

Elapsed 18:09:32 [baseline] task_level=room scene=00810-CrMo8WxCyVb episode=10 task=4 sec=33.115
Elapsed 18:09:32 [BASELINE_LIVE_METRICS] rows=455 avg_sr=0.430769 avg_spl=0.254714 follower_error_count=7 levels=[object:n=99,sr=0.535354,spl=0.372629; room:n=114,sr=0.535088,spl=0.293518; region:n=140,sr=0.392857,spl=0.235891; instance:n=102,sr=0.264706,spl=0.122735] latest_scene=00810-CrMo8WxCyVb latest_episode=10 latest_task=4 latest_level=room by_level={"instance": {"avg_spl": 0.12273543542438804, "avg_sr": 0.2647058823529412, "count": 102}, "object": {"avg_spl": 0.37262877537600114, "avg_sr": 0.5353535353535354, "count": 99}, "region": {"avg_spl": 0.23589108861635222, "avg_sr": 0.39285714285714285, "count": 140}, "room": {"avg_spl": 0.29351795180281515, "avg_sr": 0.5350877192982456, "count": 114}}
Elapsed 18:09:32 [Metrics] sequence count: 455, invalid_count: 0, follower_error_count: 7, avg_sr: 0.430769, avg_spl: 0.254714

=== Episode ===: 11it [2:03:56, 450.34s/it][AElapsed 18:09:38 

Begin to process [00810-CrMo8WxCyVb_sequence_11_0] type: [instance], Question: [fireplace wall with white mantel beneath TV in living room with couch with plaid cushions and wooden herringbone coffee table]

Elapsed 18:09:38 Current start position is [    -7.9351     -2.9999      6.8119]
Elapsed 18:11:57 ===Episode_id 11 task_id 0 task_level=instance===
SR: True, SPL: 0.7073733893048766, Object category: fireplace wall, goal type: sequence===

Elapsed 18:11:57 [baseline] task_level=instance scene=00810-CrMo8WxCyVb episode=11 task=0 sec=138.994
Elapsed 18:11:57 [BASELINE_LIVE_METRICS] rows=456 avg_sr=0.432018 avg_spl=0.255707 follower_error_count=7 levels=[object:n=99,sr=0.535354,spl=0.372629; room:n=114,sr=0.535088,spl=0.293518; region:n=140,sr=0.392857,spl=0.235891; instance:n=103,sr=0.271845,spl=0.128412] latest_scene=00810-CrMo8WxCyVb latest_episode=11 latest_task=0 latest_level=instance by_level={"instance": {"avg_spl": 0.12841153206400444, "avg_sr": 0.27184466019417475, "count": 103}, "object": {"avg_spl": 0.37262877537600114, "avg_sr": 0.5353535353535354, "count": 99}, "region": {"avg_spl": 0.23589108861635222, "avg_sr": 0.39285714285714285, "count": 140}, "room": {"avg_spl": 0.29351795180281515, "avg_sr": 0.5350877192982456, "count": 114}}
Elapsed 18:11:57 

Begin to process [00810-CrMo8WxCyVb_sequence_11_1] type: [object], Question: [table]

Elapsed 18:11:57 Current start position is [   -0.29415     -2.9999    -0.70011]
Elapsed 18:12:19 ===Episode_id 11 task_id 1 task_level=object===
SR: True, SPL: 0.042494883538598316, Object category: table, goal type: sequence===

Elapsed 18:12:19 [baseline] task_level=object scene=00810-CrMo8WxCyVb episode=11 task=1 sec=22.509
Elapsed 18:12:20 [BASELINE_LIVE_METRICS] rows=457 avg_sr=0.433260 avg_spl=0.255241 follower_error_count=7 levels=[object:n=100,sr=0.540000,spl=0.369327; room:n=114,sr=0.535088,spl=0.293518; region:n=140,sr=0.392857,spl=0.235891; instance:n=103,sr=0.271845,spl=0.128412] latest_scene=00810-CrMo8WxCyVb latest_episode=11 latest_task=1 latest_level=object by_level={"instance": {"avg_spl": 0.12841153206400444, "avg_sr": 0.27184466019417475, "count": 103}, "object": {"avg_spl": 0.3693274364576271, "avg_sr": 0.54, "count": 100}, "region": {"avg_spl": 0.23589108861635222, "avg_sr": 0.39285714285714285, "count": 140}, "room": {"avg_spl": 0.29351795180281515, "avg_sr": 0.5350877192982456, "count": 114}}
Elapsed 18:12:20 

Begin to process [00810-CrMo8WxCyVb_sequence_11_2] type: [room], Question: [armchair in the office]

Elapsed 18:12:20 Current start position is [   0.043391     -2.9999      6.4676]
Elapsed 18:13:27 ===Episode_id 11 task_id 2 task_level=room===
SR: False, SPL: 0.0, Object category: armchair, goal type: sequence===

Elapsed 18:13:27 [baseline] task_level=room scene=00810-CrMo8WxCyVb episode=11 task=2 sec=67.371
Elapsed 18:13:27 [BASELINE_LIVE_METRICS] rows=458 avg_sr=0.432314 avg_spl=0.254683 follower_error_count=7 levels=[object:n=100,sr=0.540000,spl=0.369327; room:n=115,sr=0.530435,spl=0.290966; region:n=140,sr=0.392857,spl=0.235891; instance:n=103,sr=0.271845,spl=0.128412] latest_scene=00810-CrMo8WxCyVb latest_episode=11 latest_task=2 latest_level=room by_level={"instance": {"avg_spl": 0.12841153206400444, "avg_sr": 0.27184466019417475, "count": 103}, "object": {"avg_spl": 0.3693274364576271, "avg_sr": 0.54, "count": 100}, "region": {"avg_spl": 0.23589108861635222, "avg_sr": 0.39285714285714285, "count": 140}, "room": {"avg_spl": 0.2909656217871385, "avg_sr": 0.5304347826086957, "count": 115}}
Elapsed 18:13:27 

Begin to process [00810-CrMo8WxCyVb_sequence_11_3] type: [object], Question: [cabinet]

Elapsed 18:13:27 Current start position is [     1.2904     -2.9999      2.9525]
Elapsed 18:14:01 ===Episode_id 11 task_id 3 task_level=object===
SR: True, SPL: 0.6647906266464849, Object category: cabinet, goal type: sequence===

Elapsed 18:14:01 [baseline] task_level=object scene=00810-CrMo8WxCyVb episode=11 task=3 sec=33.972
Elapsed 18:14:01 [BASELINE_LIVE_METRICS] rows=459 avg_sr=0.433551 avg_spl=0.255577 follower_error_count=7 levels=[object:n=101,sr=0.544554,spl=0.372253; room:n=115,sr=0.530435,spl=0.290966; region:n=140,sr=0.392857,spl=0.235891; instance:n=103,sr=0.271845,spl=0.128412] latest_scene=00810-CrMo8WxCyVb latest_episode=11 latest_task=3 latest_level=object by_level={"instance": {"avg_spl": 0.12841153206400444, "avg_sr": 0.27184466019417475, "count": 103}, "object": {"avg_spl": 0.3722528145783089, "avg_sr": 0.5445544554455446, "count": 101}, "region": {"avg_spl": 0.23589108861635222, "avg_sr": 0.39285714285714285, "count": 140}, "room": {"avg_spl": 0.2909656217871385, "avg_sr": 0.5304347826086957, "count": 115}}
Elapsed 18:14:01 

Begin to process [00810-CrMo8WxCyVb_sequence_11_4] type: [region], Question: [picture in the hall that has colorful dog-themed bags hanging on wall above white bench, canvas painting, view into dining area]

Elapsed 18:14:01 Current start position is [     1.1827     -2.9999      7.7569]
Elapsed 18:14:33 ===Episode_id 11 task_id 4 task_level=region===
SR: False, SPL: 0.0, Object category: picture, goal type: sequence===

Elapsed 18:14:33 [baseline] task_level=region scene=00810-CrMo8WxCyVb episode=11 task=4 sec=31.853
Elapsed 18:14:33 [BASELINE_LIVE_METRICS] rows=460 avg_sr=0.432609 avg_spl=0.255021 follower_error_count=7 levels=[object:n=101,sr=0.544554,spl=0.372253; room:n=115,sr=0.530435,spl=0.290966; region:n=141,sr=0.390071,spl=0.234218; instance:n=103,sr=0.271845,spl=0.128412] latest_scene=00810-CrMo8WxCyVb latest_episode=11 latest_task=4 latest_level=region by_level={"instance": {"avg_spl": 0.12841153206400444, "avg_sr": 0.27184466019417475, "count": 103}, "object": {"avg_spl": 0.3722528145783089, "avg_sr": 0.5445544554455446, "count": 101}, "region": {"avg_spl": 0.2342181021722646, "avg_sr": 0.3900709219858156, "count": 141}, "room": {"avg_spl": 0.2909656217871385, "avg_sr": 0.5304347826086957, "count": 115}}
Elapsed 18:14:33 [Metrics] sequence count: 460, invalid_count: 0, follower_error_count: 7, avg_sr: 0.432609, avg_spl: 0.255021

=== Episode ===: 12it [2:08:57, 404.79s/it][AElapsed 18:14:39 

Begin to process [00810-CrMo8WxCyVb_sequence_12_0] type: [instance], Question: [gray wingback armchair with white throw beside fireplace below TV in living room that has cream couch with plaid pillows beside potted plant and wooden herringbone coffee table]

Elapsed 18:14:39 Current start position is [    -7.2197     -2.9999       8.322]
Elapsed 18:16:28 ===Episode_id 12 task_id 0 task_level=instance===
SR: False, SPL: 0.0, Object category: armchair, goal type: sequence===

Elapsed 18:16:28 [baseline] task_level=instance scene=00810-CrMo8WxCyVb episode=12 task=0 sec=109.414
Elapsed 18:16:28 [BASELINE_LIVE_METRICS] rows=461 avg_sr=0.431670 avg_spl=0.254468 follower_error_count=7 levels=[object:n=101,sr=0.544554,spl=0.372253; room:n=115,sr=0.530435,spl=0.290966; region:n=141,sr=0.390071,spl=0.234218; instance:n=104,sr=0.269231,spl=0.127177] latest_scene=00810-CrMo8WxCyVb latest_episode=12 latest_task=0 latest_level=instance by_level={"instance": {"avg_spl": 0.12717680579415824, "avg_sr": 0.2692307692307692, "count": 104}, "object": {"avg_spl": 0.3722528145783089, "avg_sr": 0.5445544554455446, "count": 101}, "region": {"avg_spl": 0.2342181021722646, "avg_sr": 0.3900709219858156, "count": 141}, "room": {"avg_spl": 0.2909656217871385, "avg_sr": 0.5304347826086957, "count": 115}}
Elapsed 18:16:28 

Begin to process [00810-CrMo8WxCyVb_sequence_12_1] type: [region], Question: [desk in the office that has wooden office desk with gray armchair below round mirror, potted plant in corner below world map, armchair with side table in the bay window]

Elapsed 18:16:28 Current start position is [     -5.656     -2.9999      8.9672]
Elapsed 18:23:55 ===Episode_id 12 task_id 1 task_level=region===
SR: False, SPL: 0.0, Object category: desk, goal type: sequence===

Elapsed 18:23:55 [baseline] task_level=region scene=00810-CrMo8WxCyVb episode=12 task=1 sec=446.237
Elapsed 18:23:55 [BASELINE_LIVE_METRICS] rows=462 avg_sr=0.430736 avg_spl=0.253917 follower_error_count=7 levels=[object:n=101,sr=0.544554,spl=0.372253; room:n=115,sr=0.530435,spl=0.290966; region:n=142,sr=0.387324,spl=0.232569; instance:n=104,sr=0.269231,spl=0.127177] latest_scene=00810-CrMo8WxCyVb latest_episode=12 latest_task=1 latest_level=region by_level={"instance": {"avg_spl": 0.12717680579415824, "avg_sr": 0.2692307692307692, "count": 104}, "object": {"avg_spl": 0.3722528145783089, "avg_sr": 0.5445544554455446, "count": 101}, "region": {"avg_spl": 0.23256867891753036, "avg_sr": 0.3873239436619718, "count": 142}, "room": {"avg_spl": 0.2909656217871385, "avg_sr": 0.5304347826086957, "count": 115}}
Elapsed 18:23:55 

Begin to process [00810-CrMo8WxCyVb_sequence_12_2] type: [object], Question: [kitchen island]

Elapsed 18:23:55 Current start position is [    -1.6188     -2.9999    -0.40522]
Elapsed 18:24:34 ===Episode_id 12 task_id 2 task_level=object===
SR: True, SPL: 0.7039570981001533, Object category: kitchen island, goal type: sequence===

Elapsed 18:24:34 [baseline] task_level=object scene=00810-CrMo8WxCyVb episode=12 task=2 sec=39.158
Elapsed 18:24:34 [BASELINE_LIVE_METRICS] rows=463 avg_sr=0.431965 avg_spl=0.254889 follower_error_count=7 levels=[object:n=102,sr=0.549020,spl=0.375505; room:n=115,sr=0.530435,spl=0.290966; region:n=142,sr=0.387324,spl=0.232569; instance:n=104,sr=0.269231,spl=0.127177] latest_scene=00810-CrMo8WxCyVb latest_episode=12 latest_task=2 latest_level=object by_level={"instance": {"avg_spl": 0.12717680579415824, "avg_sr": 0.2692307692307692, "count": 104}, "object": {"avg_spl": 0.37550481735793484, "avg_sr": 0.5490196078431373, "count": 102}, "region": {"avg_spl": 0.23256867891753036, "avg_sr": 0.3873239436619718, "count": 142}, "room": {"avg_spl": 0.2909656217871385, "avg_sr": 0.5304347826086957, "count": 115}}
Elapsed 18:24:34 

Begin to process [00810-CrMo8WxCyVb_sequence_12_3] type: [object], Question: [coffee table]

Elapsed 18:24:34 Current start position is [   -0.35762     -2.9999      9.2557]
Elapsed 18:25:40 ===Episode_id 12 task_id 3 task_level=object===
SR: True, SPL: 0.7574735380662083, Object category: coffee table, goal type: sequence===

Elapsed 18:25:40 [baseline] task_level=object scene=00810-CrMo8WxCyVb episode=12 task=3 sec=66.392
Elapsed 18:25:40 [BASELINE_LIVE_METRICS] rows=464 avg_sr=0.433190 avg_spl=0.255972 follower_error_count=7 levels=[object:n=103,sr=0.553398,spl=0.379213; room:n=115,sr=0.530435,spl=0.290966; region:n=142,sr=0.387324,spl=0.232569; instance:n=104,sr=0.269231,spl=0.127177] latest_scene=00810-CrMo8WxCyVb latest_episode=12 latest_task=3 latest_level=object by_level={"instance": {"avg_spl": 0.12717680579415824, "avg_sr": 0.2692307692307692, "count": 104}, "object": {"avg_spl": 0.37921325153956853, "avg_sr": 0.5533980582524272, "count": 103}, "region": {"avg_spl": 0.23256867891753036, "avg_sr": 0.3873239436619718, "count": 142}, "room": {"avg_spl": 0.2909656217871385, "avg_sr": 0.5304347826086957, "count": 115}}
Elapsed 18:25:40 

Begin to process [00810-CrMo8WxCyVb_sequence_12_4] type: [region], Question: [flower vase in the bathroom that has white flowers on white toilet, dark wood single-sink vanity beside flower prints]

Elapsed 18:25:40 Current start position is [   0.033275     -2.9999      1.3621]
Elapsed 18:26:59 ===Episode_id 12 task_id 4 task_level=region===
SR: False, SPL: 0.0, Object category: flower vase, goal type: sequence===

Elapsed 18:26:59 [baseline] task_level=region scene=00810-CrMo8WxCyVb episode=12 task=4 sec=78.482
Elapsed 18:26:59 [BASELINE_LIVE_METRICS] rows=465 avg_sr=0.432258 avg_spl=0.255422 follower_error_count=7 levels=[object:n=103,sr=0.553398,spl=0.379213; room:n=115,sr=0.530435,spl=0.290966; region:n=143,sr=0.384615,spl=0.230942; instance:n=104,sr=0.269231,spl=0.127177] latest_scene=00810-CrMo8WxCyVb latest_episode=12 latest_task=4 latest_level=region by_level={"instance": {"avg_spl": 0.12717680579415824, "avg_sr": 0.2692307692307692, "count": 104}, "object": {"avg_spl": 0.37921325153956853, "avg_sr": 0.5533980582524272, "count": 103}, "region": {"avg_spl": 0.23094232451950567, "avg_sr": 0.38461538461538464, "count": 143}, "room": {"avg_spl": 0.2909656217871385, "avg_sr": 0.5304347826086957, "count": 115}}
Elapsed 18:26:59 [Metrics] sequence count: 465, invalid_count: 0, follower_error_count: 7, avg_sr: 0.432258, avg_spl: 0.255422

=== Episode ===: 13it [2:21:23, 508.10s/it][AElapsed 18:27:05 

Begin to process [00810-CrMo8WxCyVb_sequence_13_0] type: [instance], Question: [the right gray armchair beside white window curtains in living room that has fireplace below TV, cream couch with plaid pillows beside potted plant, and wooden herringbone coffee table]

Elapsed 18:27:05 Current start position is [    -6.5353     -2.9999      6.6804]
Elapsed 18:29:23 ===Episode_id 13 task_id 0 task_level=instance===
SR: False, SPL: 0.0, Object category: armchair, goal type: sequence===

Elapsed 18:29:23 [baseline] task_level=instance scene=00810-CrMo8WxCyVb episode=13 task=0 sec=138.640
Elapsed 18:29:23 [BASELINE_LIVE_METRICS] rows=466 avg_sr=0.431330 avg_spl=0.254874 follower_error_count=7 levels=[object:n=103,sr=0.553398,spl=0.379213; room:n=115,sr=0.530435,spl=0.290966; region:n=143,sr=0.384615,spl=0.230942; instance:n=105,sr=0.266667,spl=0.125966] latest_scene=00810-CrMo8WxCyVb latest_episode=13 latest_task=0 latest_level=instance by_level={"instance": {"avg_spl": 0.12596559811992816, "avg_sr": 0.26666666666666666, "count": 105}, "object": {"avg_spl": 0.37921325153956853, "avg_sr": 0.5533980582524272, "count": 103}, "region": {"avg_spl": 0.23094232451950567, "avg_sr": 0.38461538461538464, "count": 143}, "room": {"avg_spl": 0.2909656217871385, "avg_sr": 0.5304347826086957, "count": 115}}
Elapsed 18:29:23 

Begin to process [00810-CrMo8WxCyVb_sequence_13_1] type: [room], Question: [washing machine in the kitchen]

Elapsed 18:29:23 Current start position is [     -1.138     -2.9999      2.1509]
Elapsed 18:36:38 ===Episode_id 13 task_id 1 task_level=room===
SR: False, SPL: 0.0, Object category: washing machine, goal type: sequence===

Elapsed 18:36:38 [baseline] task_level=room scene=00810-CrMo8WxCyVb episode=13 task=1 sec=434.635
Elapsed 18:36:38 [BASELINE_LIVE_METRICS] rows=467 avg_sr=0.430407 avg_spl=0.254328 follower_error_count=7 levels=[object:n=103,sr=0.553398,spl=0.379213; room:n=116,sr=0.525862,spl=0.288457; region:n=143,sr=0.384615,spl=0.230942; instance:n=105,sr=0.266667,spl=0.125966] latest_scene=00810-CrMo8WxCyVb latest_episode=13 latest_task=1 latest_level=room by_level={"instance": {"avg_spl": 0.12596559811992816, "avg_sr": 0.26666666666666666, "count": 105}, "object": {"avg_spl": 0.37921325153956853, "avg_sr": 0.5533980582524272, "count": 103}, "region": {"avg_spl": 0.23094232451950567, "avg_sr": 0.38461538461538464, "count": 143}, "room": {"avg_spl": 0.2884572974613873, "avg_sr": 0.5258620689655172, "count": 116}}
Elapsed 18:36:38 

Begin to process [00810-CrMo8WxCyVb_sequence_13_2] type: [object], Question: [flower stand]

Elapsed 18:36:38 Current start position is [  -0.033679     -2.9999     0.30528]
Elapsed 18:37:15 ===Episode_id 13 task_id 2 task_level=object===
SR: False, SPL: 0.0, Object category: flower stand, goal type: sequence===

Elapsed 18:37:15 [baseline] task_level=object scene=00810-CrMo8WxCyVb episode=13 task=2 sec=36.953
Elapsed 18:37:15 [BASELINE_LIVE_METRICS] rows=468 avg_sr=0.429487 avg_spl=0.253785 follower_error_count=7 levels=[object:n=104,sr=0.548077,spl=0.375567; room:n=116,sr=0.525862,spl=0.288457; region:n=143,sr=0.384615,spl=0.230942; instance:n=105,sr=0.266667,spl=0.125966] latest_scene=00810-CrMo8WxCyVb latest_episode=13 latest_task=2 latest_level=object by_level={"instance": {"avg_spl": 0.12596559811992816, "avg_sr": 0.26666666666666666, "count": 105}, "object": {"avg_spl": 0.375566970274765, "avg_sr": 0.5480769230769231, "count": 104}, "region": {"avg_spl": 0.23094232451950567, "avg_sr": 0.38461538461538464, "count": 143}, "room": {"avg_spl": 0.2884572974613873, "avg_sr": 0.5258620689655172, "count": 116}}
Elapsed 18:37:15 

Begin to process [00810-CrMo8WxCyVb_sequence_13_3] type: [room], Question: [blanket in the living room]

Elapsed 18:37:15 Current start position is [   0.048183     -2.9999      6.4737]
Elapsed 18:38:12 ===Episode_id 13 task_id 3 task_level=room===
SR: True, SPL: 0.7522872603573725, Object category: blanket, goal type: sequence===

Elapsed 18:38:12 [baseline] task_level=room scene=00810-CrMo8WxCyVb episode=13 task=3 sec=56.392
Elapsed 18:38:12 [BASELINE_LIVE_METRICS] rows=469 avg_sr=0.430704 avg_spl=0.254847 follower_error_count=7 levels=[object:n=104,sr=0.548077,spl=0.375567; room:n=117,sr=0.529915,spl=0.292422; region:n=143,sr=0.384615,spl=0.230942; instance:n=105,sr=0.266667,spl=0.125966] latest_scene=00810-CrMo8WxCyVb latest_episode=13 latest_task=3 latest_level=room by_level={"instance": {"avg_spl": 0.12596559811992816, "avg_sr": 0.26666666666666666, "count": 105}, "object": {"avg_spl": 0.375566970274765, "avg_sr": 0.5480769230769231, "count": 104}, "region": {"avg_spl": 0.23094232451950567, "avg_sr": 0.38461538461538464, "count": 143}, "room": {"avg_spl": 0.2924216561186179, "avg_sr": 0.5299145299145299, "count": 117}}
Elapsed 18:38:12 

Begin to process [00810-CrMo8WxCyVb_sequence_13_4] type: [object], Question: [sideboard]

Elapsed 18:38:12 Current start position is [     1.0335     -2.9999    -0.50798]
Elapsed 18:38:49 ===Episode_id 13 task_id 4 task_level=object===
SR: True, SPL: 0.8153770525444162, Object category: sideboard, goal type: sequence===

Elapsed 18:38:49 [baseline] task_level=object scene=00810-CrMo8WxCyVb episode=13 task=4 sec=37.261
Elapsed 18:38:49 [BASELINE_LIVE_METRICS] rows=470 avg_sr=0.431915 avg_spl=0.256040 follower_error_count=7 levels=[object:n=105,sr=0.552381,spl=0.379756; room:n=117,sr=0.529915,spl=0.292422; region:n=143,sr=0.384615,spl=0.230942; instance:n=105,sr=0.266667,spl=0.125966] latest_scene=00810-CrMo8WxCyVb latest_episode=13 latest_task=4 latest_level=object by_level={"instance": {"avg_spl": 0.12596559811992816, "avg_sr": 0.26666666666666666, "count": 105}, "object": {"avg_spl": 0.37975563772495213, "avg_sr": 0.5523809523809524, "count": 105}, "region": {"avg_spl": 0.23094232451950567, "avg_sr": 0.38461538461538464, "count": 143}, "room": {"avg_spl": 0.2924216561186179, "avg_sr": 0.5299145299145299, "count": 117}}
Elapsed 18:38:49 [Metrics] sequence count: 470, invalid_count: 0, follower_error_count: 7, avg_sr: 0.431915, avg_spl: 0.256040

=== Episode ===: 14it [2:33:13, 569.14s/it][AElapsed 18:38:55 

Begin to process [00810-CrMo8WxCyVb_sequence_14_0] type: [instance], Question: [cream couch with plaid pillows in living room with wooden herringbone coffee table and fireplace beneath TV]

Elapsed 18:38:55 Current start position is [    -7.3809     -2.9999      9.0389]
Elapsed 18:41:29 ===Episode_id 14 task_id 0 task_level=instance===
SR: True, SPL: 0.6337301887735571, Object category: couch, goal type: sequence===

Elapsed 18:41:29 [baseline] task_level=instance scene=00810-CrMo8WxCyVb episode=14 task=0 sec=154.632
Elapsed 18:41:29 [BASELINE_LIVE_METRICS] rows=471 avg_sr=0.433121 avg_spl=0.256842 follower_error_count=7 levels=[object:n=105,sr=0.552381,spl=0.379756; room:n=117,sr=0.529915,spl=0.292422; region:n=143,sr=0.384615,spl=0.230942; instance:n=106,sr=0.273585,spl=0.130756] latest_scene=00810-CrMo8WxCyVb latest_episode=14 latest_task=0 latest_level=instance by_level={"instance": {"avg_spl": 0.13075583010722655, "avg_sr": 0.27358490566037735, "count": 106}, "object": {"avg_spl": 0.37975563772495213, "avg_sr": 0.5523809523809524, "count": 105}, "region": {"avg_spl": 0.23094232451950567, "avg_sr": 0.38461538461538464, "count": 143}, "room": {"avg_spl": 0.2924216561186179, "avg_sr": 0.5299145299145299, "count": 117}}
Elapsed 18:41:29 

Begin to process [00810-CrMo8WxCyVb_sequence_14_1] type: [object], Question: [side table]

Elapsed 18:41:29 Current start position is [    -1.1758     -2.9999       2.173]
Elapsed 18:42:00 ===Episode_id 14 task_id 1 task_level=object===
SR: False, SPL: 0.0, Object category: side table, goal type: sequence===

Elapsed 18:42:00 [baseline] task_level=object scene=00810-CrMo8WxCyVb episode=14 task=1 sec=30.953
Elapsed 18:42:00 [BASELINE_LIVE_METRICS] rows=472 avg_sr=0.432203 avg_spl=0.256298 follower_error_count=7 levels=[object:n=106,sr=0.547170,spl=0.376173; room:n=117,sr=0.529915,spl=0.292422; region:n=143,sr=0.384615,spl=0.230942; instance:n=106,sr=0.273585,spl=0.130756] latest_scene=00810-CrMo8WxCyVb latest_episode=14 latest_task=1 latest_level=object by_level={"instance": {"avg_spl": 0.13075583010722655, "avg_sr": 0.27358490566037735, "count": 106}, "object": {"avg_spl": 0.3761730373690564, "avg_sr": 0.5471698113207547, "count": 106}, "region": {"avg_spl": 0.23094232451950567, "avg_sr": 0.38461538461538464, "count": 143}, "room": {"avg_spl": 0.2924216561186179, "avg_sr": 0.5299145299145299, "count": 117}}
Elapsed 18:42:00 

Begin to process [00810-CrMo8WxCyVb_sequence_14_2] type: [object], Question: [handbag]

Elapsed 18:42:00 Current start position is [ -0.0042954     -2.9999      1.1931]
Elapsed 18:42:29 ===Episode_id 14 task_id 2 task_level=object===
SR: True, SPL: 0.8362862740468698, Object category: handbag, goal type: sequence===

Elapsed 18:42:29 [baseline] task_level=object scene=00810-CrMo8WxCyVb episode=14 task=2 sec=28.118
Elapsed 18:42:29 [BASELINE_LIVE_METRICS] rows=473 avg_sr=0.433404 avg_spl=0.257524 follower_error_count=7 levels=[object:n=107,sr=0.551402,spl=0.380473; room:n=117,sr=0.529915,spl=0.292422; region:n=143,sr=0.384615,spl=0.230942; instance:n=106,sr=0.273585,spl=0.130756] latest_scene=00810-CrMo8WxCyVb latest_episode=14 latest_task=2 latest_level=object by_level={"instance": {"avg_spl": 0.13075583010722655, "avg_sr": 0.27358490566037735, "count": 106}, "object": {"avg_spl": 0.38047316107632567, "avg_sr": 0.5514018691588785, "count": 107}, "region": {"avg_spl": 0.23094232451950567, "avg_sr": 0.38461538461538464, "count": 143}, "room": {"avg_spl": 0.2924216561186179, "avg_sr": 0.5299145299145299, "count": 117}}
Elapsed 18:42:29 

Begin to process [00810-CrMo8WxCyVb_sequence_14_3] type: [region], Question: [table in the kitchen that has brown dining table with tableware and white flowers, white cabinets with marble countertop, silver refrigerator, microwave above stove and oven, console table with decorative plate below two framed pictures]

Elapsed 18:42:29 Current start position is [    -3.6831     -2.9999      3.2797]
Elapsed 18:42:51 ===Episode_id 14 task_id 3 task_level=region===
SR: True, SPL: 0.4726576734417486, Object category: table, goal type: sequence===

Elapsed 18:42:51 [baseline] task_level=region scene=00810-CrMo8WxCyVb episode=14 task=3 sec=22.232
Elapsed 18:42:51 [BASELINE_LIVE_METRICS] rows=474 avg_sr=0.434599 avg_spl=0.257978 follower_error_count=7 levels=[object:n=107,sr=0.551402,spl=0.380473; room:n=117,sr=0.529915,spl=0.292422; region:n=144,sr=0.388889,spl=0.232621; instance:n=106,sr=0.273585,spl=0.130756] latest_scene=00810-CrMo8WxCyVb latest_episode=14 latest_task=3 latest_level=region by_level={"instance": {"avg_spl": 0.13075583010722655, "avg_sr": 0.27358490566037735, "count": 106}, "object": {"avg_spl": 0.38047316107632567, "avg_sr": 0.5514018691588785, "count": 107}, "region": {"avg_spl": 0.2326209033314657, "avg_sr": 0.3888888888888889, "count": 144}, "room": {"avg_spl": 0.2924216561186179, "avg_sr": 0.5299145299145299, "count": 117}}
Elapsed 18:42:51 

Begin to process [00810-CrMo8WxCyVb_sequence_14_4] type: [room], Question: [blanket in the living room]

Elapsed 18:42:51 Current start position is [   0.026746     -2.9999      6.4842]
Elapsed 18:43:23 ===Episode_id 14 task_id 4 task_level=room===
SR: True, SPL: 0.7538696262041884, Object category: blanket, goal type: sequence===

Elapsed 18:43:23 [baseline] task_level=room scene=00810-CrMo8WxCyVb episode=14 task=4 sec=32.648
Elapsed 18:43:23 [BASELINE_LIVE_METRICS] rows=475 avg_sr=0.435789 avg_spl=0.259022 follower_error_count=7 levels=[object:n=107,sr=0.551402,spl=0.380473; room:n=118,sr=0.533898,spl=0.296332; region:n=144,sr=0.388889,spl=0.232621; instance:n=106,sr=0.273585,spl=0.130756] latest_scene=00810-CrMo8WxCyVb latest_episode=14 latest_task=4 latest_level=room by_level={"instance": {"avg_spl": 0.13075583010722655, "avg_sr": 0.27358490566037735, "count": 106}, "object": {"avg_spl": 0.38047316107632567, "avg_sr": 0.5514018691588785, "count": 107}, "region": {"avg_spl": 0.2326209033314657, "avg_sr": 0.3888888888888889, "count": 144}, "room": {"avg_spl": 0.29633223213629223, "avg_sr": 0.5338983050847458, "count": 118}}
Elapsed 18:43:24 [Metrics] sequence count: 475, invalid_count: 0, follower_error_count: 7, avg_sr: 0.435789, avg_spl: 0.259022

=== Episode ===: 15it [2:37:48, 480.37s/it][AElapsed 18:43:29 

Begin to process [00810-CrMo8WxCyVb_sequence_15_0] type: [instance], Question: [white kitchen cabinet with bar handle below window and stainless sink in kitchen near dining table and refrigerator]

Elapsed 18:43:29 Current start position is [    -5.4161     -2.9999      9.8819]
Elapsed 18:45:57 ===Episode_id 15 task_id 0 task_level=instance===
SR: True, SPL: 0.7496488158065725, Object category: kitchen cabinet, goal type: sequence===

Elapsed 18:45:57 [baseline] task_level=instance scene=00810-CrMo8WxCyVb episode=15 task=0 sec=147.279
Elapsed 18:45:57 [BASELINE_LIVE_METRICS] rows=476 avg_sr=0.436975 avg_spl=0.260053 follower_error_count=7 levels=[object:n=107,sr=0.551402,spl=0.380473; room:n=118,sr=0.533898,spl=0.296332; region:n=144,sr=0.388889,spl=0.232621; instance:n=107,sr=0.280374,spl=0.136540] latest_scene=00810-CrMo8WxCyVb latest_episode=15 latest_task=0 latest_level=instance by_level={"instance": {"avg_spl": 0.13653987670254755, "avg_sr": 0.2803738317757009, "count": 107}, "object": {"avg_spl": 0.38047316107632567, "avg_sr": 0.5514018691588785, "count": 107}, "region": {"avg_spl": 0.2326209033314657, "avg_sr": 0.3888888888888889, "count": 144}, "room": {"avg_spl": 0.29633223213629223, "avg_sr": 0.5338983050847458, "count": 118}}
Elapsed 18:45:57 

Begin to process [00810-CrMo8WxCyVb_sequence_15_1] type: [object], Question: [vase]

Elapsed 18:45:57 Current start position is [     1.2611     -2.9999      8.7606]
Elapsed 18:46:21 ===Episode_id 15 task_id 1 task_level=object===
SR: False, SPL: 0.0, Object category: vase, goal type: sequence===

Elapsed 18:46:21 [baseline] task_level=object scene=00810-CrMo8WxCyVb episode=15 task=1 sec=24.551
Elapsed 18:46:21 [BASELINE_LIVE_METRICS] rows=477 avg_sr=0.436059 avg_spl=0.259507 follower_error_count=7 levels=[object:n=108,sr=0.546296,spl=0.376950; room:n=118,sr=0.533898,spl=0.296332; region:n=144,sr=0.388889,spl=0.232621; instance:n=107,sr=0.280374,spl=0.136540] latest_scene=00810-CrMo8WxCyVb latest_episode=15 latest_task=1 latest_level=object by_level={"instance": {"avg_spl": 0.13653987670254755, "avg_sr": 0.2803738317757009, "count": 107}, "object": {"avg_spl": 0.37695026143673005, "avg_sr": 0.5462962962962963, "count": 108}, "region": {"avg_spl": 0.2326209033314657, "avg_sr": 0.3888888888888889, "count": 144}, "room": {"avg_spl": 0.29633223213629223, "avg_sr": 0.5338983050847458, "count": 118}}
Elapsed 18:46:21 

Begin to process [00810-CrMo8WxCyVb_sequence_15_2] type: [region], Question: [cabinet in the bathroom that has white flowers on white toilet, dark wood single-sink vanity beside flower prints]

Elapsed 18:46:21 Current start position is [    -1.9889     -2.9999      8.6514]
Elapsed 18:53:08 ===Episode_id 15 task_id 2 task_level=region===
SR: False, SPL: 0.0, Object category: cabinet, goal type: sequence===

Elapsed 18:53:08 [baseline] task_level=region scene=00810-CrMo8WxCyVb episode=15 task=2 sec=406.561
Elapsed 18:53:08 [BASELINE_LIVE_METRICS] rows=478 avg_sr=0.435146 avg_spl=0.258964 follower_error_count=7 levels=[object:n=108,sr=0.546296,spl=0.376950; room:n=118,sr=0.533898,spl=0.296332; region:n=145,sr=0.386207,spl=0.231017; instance:n=107,sr=0.280374,spl=0.136540] latest_scene=00810-CrMo8WxCyVb latest_episode=15 latest_task=2 latest_level=region by_level={"instance": {"avg_spl": 0.13653987670254755, "avg_sr": 0.2803738317757009, "count": 107}, "object": {"avg_spl": 0.37695026143673005, "avg_sr": 0.5462962962962963, "count": 108}, "region": {"avg_spl": 0.23101662123952457, "avg_sr": 0.38620689655172413, "count": 145}, "room": {"avg_spl": 0.29633223213629223, "avg_sr": 0.5338983050847458, "count": 118}}
Elapsed 18:53:08 

Begin to process [00810-CrMo8WxCyVb_sequence_15_3] type: [room], Question: [flower vase in the kitchen]

Elapsed 18:53:08 Current start position is [    -7.3633     -2.9999       9.725]
Elapsed 18:53:50 ===Episode_id 15 task_id 3 task_level=room===
SR: False, SPL: 0.0, Object category: flower vase, goal type: sequence===

Elapsed 18:53:50 [baseline] task_level=room scene=00810-CrMo8WxCyVb episode=15 task=3 sec=42.161
Elapsed 18:53:50 [BASELINE_LIVE_METRICS] rows=479 avg_sr=0.434238 avg_spl=0.258424 follower_error_count=7 levels=[object:n=108,sr=0.546296,spl=0.376950; room:n=119,sr=0.529412,spl=0.293842; region:n=145,sr=0.386207,spl=0.231017; instance:n=107,sr=0.280374,spl=0.136540] latest_scene=00810-CrMo8WxCyVb latest_episode=15 latest_task=3 latest_level=room by_level={"instance": {"avg_spl": 0.13653987670254755, "avg_sr": 0.2803738317757009, "count": 107}, "object": {"avg_spl": 0.37695026143673005, "avg_sr": 0.5462962962962963, "count": 108}, "region": {"avg_spl": 0.23101662123952457, "avg_sr": 0.38620689655172413, "count": 145}, "room": {"avg_spl": 0.2938420453116175, "avg_sr": 0.5294117647058824, "count": 119}}
Elapsed 18:53:50 

Begin to process [00810-CrMo8WxCyVb_sequence_15_4] type: [region], Question: [blanket in the living room that has cream couch with plaid pillows beside potted plant, wooden herringbone coffee table, fireplace below TV between white curtains, gray armchairs beside glass side table and windows]

Elapsed 18:53:50 Current start position is [    -3.5883     -2.9999      9.9505]
Elapsed 18:54:29 ===Episode_id 15 task_id 4 task_level=region===
SR: True, SPL: 0.8302779983106542, Object category: blanket, goal type: sequence===

Elapsed 18:54:29 [baseline] task_level=region scene=00810-CrMo8WxCyVb episode=15 task=4 sec=38.624
Elapsed 18:54:29 [BASELINE_LIVE_METRICS] rows=480 avg_sr=0.435417 avg_spl=0.259615 follower_error_count=7 levels=[object:n=108,sr=0.546296,spl=0.376950; room:n=119,sr=0.529412,spl=0.293842; region:n=146,sr=0.390411,spl=0.235121; instance:n=107,sr=0.280374,spl=0.136540] latest_scene=00810-CrMo8WxCyVb latest_episode=15 latest_task=4 latest_level=region by_level={"instance": {"avg_spl": 0.13653987670254755, "avg_sr": 0.2803738317757009, "count": 107}, "object": {"avg_spl": 0.37695026143673005, "avg_sr": 0.5462962962962963, "count": 108}, "region": {"avg_spl": 0.2351211512194638, "avg_sr": 0.3904109589041096, "count": 146}, "room": {"avg_spl": 0.2938420453116175, "avg_sr": 0.5294117647058824, "count": 119}}
Elapsed 18:54:29 [Metrics] sequence count: 480, invalid_count: 0, follower_error_count: 7, avg_sr: 0.435417, avg_spl: 0.259615

=== Episode ===: 16it [2:48:53, 535.99s/it][AElapsed 18:54:35 

Begin to process [00810-CrMo8WxCyVb_sequence_16_0] type: [instance], Question: [white kitchen cabinet directly left of stove in kitchen near dining table and refrigerator]

Elapsed 18:54:35 Current start position is [     -5.919     -2.9999      9.0314]
Elapsed 18:56:57 ===Episode_id 16 task_id 0 task_level=instance===
SR: False, SPL: 0.0, Object category: kitchen cabinet, goal type: sequence===

Elapsed 18:56:57 [baseline] task_level=instance scene=00810-CrMo8WxCyVb episode=16 task=0 sec=142.124
Elapsed 18:56:57 [BASELINE_LIVE_METRICS] rows=481 avg_sr=0.434511 avg_spl=0.259075 follower_error_count=7 levels=[object:n=108,sr=0.546296,spl=0.376950; room:n=119,sr=0.529412,spl=0.293842; region:n=146,sr=0.390411,spl=0.235121; instance:n=108,sr=0.277778,spl=0.135276] latest_scene=00810-CrMo8WxCyVb latest_episode=16 latest_task=0 latest_level=instance by_level={"instance": {"avg_spl": 0.13527561858493137, "avg_sr": 0.2777777777777778, "count": 108}, "object": {"avg_spl": 0.37695026143673005, "avg_sr": 0.5462962962962963, "count": 108}, "region": {"avg_spl": 0.2351211512194638, "avg_sr": 0.3904109589041096, "count": 146}, "room": {"avg_spl": 0.2938420453116175, "avg_sr": 0.5294117647058824, "count": 119}}
Elapsed 18:56:57 

Begin to process [00810-CrMo8WxCyVb_sequence_16_1] type: [room], Question: [desk in the office]

Elapsed 18:56:57 Current start position is [   -0.29816     -2.9999      9.7612]
Elapsed 19:02:54 ===Episode_id 16 task_id 1 task_level=room===
SR: False, SPL: 0.0, Object category: desk, goal type: sequence===

Elapsed 19:02:54 [baseline] task_level=room scene=00810-CrMo8WxCyVb episode=16 task=1 sec=357.109
Elapsed 19:02:54 [BASELINE_LIVE_METRICS] rows=482 avg_sr=0.433610 avg_spl=0.258538 follower_error_count=7 levels=[object:n=108,sr=0.546296,spl=0.376950; room:n=120,sr=0.525000,spl=0.291393; region:n=146,sr=0.390411,spl=0.235121; instance:n=108,sr=0.277778,spl=0.135276] latest_scene=00810-CrMo8WxCyVb latest_episode=16 latest_task=1 latest_level=room by_level={"instance": {"avg_spl": 0.13527561858493137, "avg_sr": 0.2777777777777778, "count": 108}, "object": {"avg_spl": 0.37695026143673005, "avg_sr": 0.5462962962962963, "count": 108}, "region": {"avg_spl": 0.2351211512194638, "avg_sr": 0.3904109589041096, "count": 146}, "room": {"avg_spl": 0.29139336160068735, "avg_sr": 0.525, "count": 120}}
Elapsed 19:02:54 

Begin to process [00810-CrMo8WxCyVb_sequence_16_2] type: [region], Question: [bench in the hall that has colorful dog-themed bags hanging on wall above white bench, canvas painting, view into dining area]

Elapsed 19:02:54 Current start position is [   -0.42355     -2.9999     0.10825]
Elapsed 19:05:56 ===Episode_id 16 task_id 2 task_level=region===
SR: True, SPL: 0.4367164780622874, Object category: bench, goal type: sequence===

Elapsed 19:05:56 [baseline] task_level=region scene=00810-CrMo8WxCyVb episode=16 task=2 sec=181.761
Elapsed 19:05:56 [BASELINE_LIVE_METRICS] rows=483 avg_sr=0.434783 avg_spl=0.258907 follower_error_count=7 levels=[object:n=108,sr=0.546296,spl=0.376950; room:n=120,sr=0.525000,spl=0.291393; region:n=147,sr=0.394558,spl=0.236493; instance:n=108,sr=0.277778,spl=0.135276] latest_scene=00810-CrMo8WxCyVb latest_episode=16 latest_task=2 latest_level=region by_level={"instance": {"avg_spl": 0.13527561858493137, "avg_sr": 0.2777777777777778, "count": 108}, "object": {"avg_spl": 0.37695026143673005, "avg_sr": 0.5462962962962963, "count": 108}, "region": {"avg_spl": 0.23649254800070751, "avg_sr": 0.3945578231292517, "count": 147}, "room": {"avg_spl": 0.29139336160068735, "avg_sr": 0.525, "count": 120}}
Elapsed 19:05:56 

Begin to process [00810-CrMo8WxCyVb_sequence_16_3] type: [room], Question: [picture in the hall]

Elapsed 19:05:56 Current start position is [    -3.5564     -2.9999      3.5019]
Elapsed 19:06:35 ===Episode_id 16 task_id 3 task_level=room===
SR: False, SPL: 0.0, Object category: picture, goal type: sequence===

Elapsed 19:06:35 [baseline] task_level=room scene=00810-CrMo8WxCyVb episode=16 task=3 sec=38.753
Elapsed 19:06:35 [BASELINE_LIVE_METRICS] rows=484 avg_sr=0.433884 avg_spl=0.258372 follower_error_count=7 levels=[object:n=108,sr=0.546296,spl=0.376950; room:n=121,sr=0.520661,spl=0.288985; region:n=147,sr=0.394558,spl=0.236493; instance:n=108,sr=0.277778,spl=0.135276] latest_scene=00810-CrMo8WxCyVb latest_episode=16 latest_task=3 latest_level=room by_level={"instance": {"avg_spl": 0.13527561858493137, "avg_sr": 0.2777777777777778, "count": 108}, "object": {"avg_spl": 0.37695026143673005, "avg_sr": 0.5462962962962963, "count": 108}, "region": {"avg_spl": 0.23649254800070751, "avg_sr": 0.3945578231292517, "count": 147}, "room": {"avg_spl": 0.28898515200068164, "avg_sr": 0.5206611570247934, "count": 121}}
Elapsed 19:06:35 

Begin to process [00810-CrMo8WxCyVb_sequence_16_4] type: [object], Question: [cabinet]

Elapsed 19:06:35 Current start position is [     1.7001     -2.9999      4.1963]
Elapsed 19:07:18 ===Episode_id 16 task_id 4 task_level=object===
SR: True, SPL: 0.5450475214844402, Object category: cabinet, goal type: sequence===

Elapsed 19:07:18 [baseline] task_level=object scene=00810-CrMo8WxCyVb episode=16 task=4 sec=42.591
Elapsed 19:07:18 [BASELINE_LIVE_METRICS] rows=485 avg_sr=0.435052 avg_spl=0.258963 follower_error_count=7 levels=[object:n=109,sr=0.550459,spl=0.378492; room:n=121,sr=0.520661,spl=0.288985; region:n=147,sr=0.394558,spl=0.236493; instance:n=108,sr=0.277778,spl=0.135276] latest_scene=00810-CrMo8WxCyVb latest_episode=16 latest_task=4 latest_level=object by_level={"instance": {"avg_spl": 0.13527561858493137, "avg_sr": 0.2777777777777778, "count": 108}, "object": {"avg_spl": 0.37849243813441547, "avg_sr": 0.5504587155963303, "count": 109}, "region": {"avg_spl": 0.23649254800070751, "avg_sr": 0.3945578231292517, "count": 147}, "room": {"avg_spl": 0.28898515200068164, "avg_sr": 0.5206611570247934, "count": 121}}
Elapsed 19:07:18 [Metrics] sequence count: 485, invalid_count: 0, follower_error_count: 7, avg_sr: 0.435052, avg_spl: 0.258963

=== Episode ===: 17it [3:01:42, 606.02s/it][AElapsed 19:07:24 

Begin to process [00810-CrMo8WxCyVb_sequence_17_0] type: [instance], Question: [white kitchen cabinet holding kitchen utensils under upper cabinets near refrigerator and dining table]

Elapsed 19:07:24 Current start position is [    -6.4525     -2.9999      8.6219]
Elapsed 19:09:21 ===Episode_id 17 task_id 0 task_level=instance===
SR: False, SPL: 0.0, Object category: kitchen cabinet, goal type: sequence===

Elapsed 19:09:21 [baseline] task_level=instance scene=00810-CrMo8WxCyVb episode=17 task=0 sec=116.553
Elapsed 19:09:21 [BASELINE_LIVE_METRICS] rows=486 avg_sr=0.434156 avg_spl=0.258430 follower_error_count=7 levels=[object:n=109,sr=0.550459,spl=0.378492; room:n=121,sr=0.520661,spl=0.288985; region:n=147,sr=0.394558,spl=0.236493; instance:n=109,sr=0.275229,spl=0.134035] latest_scene=00810-CrMo8WxCyVb latest_episode=17 latest_task=0 latest_level=instance by_level={"instance": {"avg_spl": 0.1340345578639687, "avg_sr": 0.27522935779816515, "count": 109}, "object": {"avg_spl": 0.37849243813441547, "avg_sr": 0.5504587155963303, "count": 109}, "region": {"avg_spl": 0.23649254800070751, "avg_sr": 0.3945578231292517, "count": 147}, "room": {"avg_spl": 0.28898515200068164, "avg_sr": 0.5206611570247934, "count": 121}}
Elapsed 19:09:21 

Begin to process [00810-CrMo8WxCyVb_sequence_17_1] type: [object], Question: [picture]

Elapsed 19:09:21 Current start position is [     1.2185     -2.9999      7.7765]
Elapsed 19:09:47 ===Episode_id 17 task_id 1 task_level=object===
SR: True, SPL: 0.5501727718148001, Object category: picture, goal type: sequence===

Elapsed 19:09:47 [baseline] task_level=object scene=00810-CrMo8WxCyVb episode=17 task=1 sec=25.919
Elapsed 19:09:47 [BASELINE_LIVE_METRICS] rows=487 avg_sr=0.435318 avg_spl=0.259029 follower_error_count=7 levels=[object:n=110,sr=0.554545,spl=0.380053; room:n=121,sr=0.520661,spl=0.288985; region:n=147,sr=0.394558,spl=0.236493; instance:n=109,sr=0.275229,spl=0.134035] latest_scene=00810-CrMo8WxCyVb latest_episode=17 latest_task=1 latest_level=object by_level={"instance": {"avg_spl": 0.1340345578639687, "avg_sr": 0.27522935779816515, "count": 109}, "object": {"avg_spl": 0.3800531684406008, "avg_sr": 0.5545454545454546, "count": 110}, "region": {"avg_spl": 0.23649254800070751, "avg_sr": 0.3945578231292517, "count": 147}, "room": {"avg_spl": 0.28898515200068164, "avg_sr": 0.5206611570247934, "count": 121}}
Elapsed 19:09:47 

Begin to process [00810-CrMo8WxCyVb_sequence_17_2] type: [object], Question: [cabinet]

Elapsed 19:09:47 Current start position is [    -2.1985     -2.9999      4.1821]
Elapsed 19:10:48 ===Episode_id 17 task_id 2 task_level=object===
SR: True, SPL: 0.2093347958647652, Object category: cabinet, goal type: sequence===

Elapsed 19:10:48 [baseline] task_level=object scene=00810-CrMo8WxCyVb episode=17 task=2 sec=61.147
Elapsed 19:10:48 [BASELINE_LIVE_METRICS] rows=488 avg_sr=0.436475 avg_spl=0.258927 follower_error_count=7 levels=[object:n=111,sr=0.558559,spl=0.378515; room:n=121,sr=0.520661,spl=0.288985; region:n=147,sr=0.394558,spl=0.236493; instance:n=109,sr=0.275229,spl=0.134035] latest_scene=00810-CrMo8WxCyVb latest_episode=17 latest_task=2 latest_level=object by_level={"instance": {"avg_spl": 0.1340345578639687, "avg_sr": 0.27522935779816515, "count": 109}, "object": {"avg_spl": 0.3785151650840617, "avg_sr": 0.5585585585585585, "count": 111}, "region": {"avg_spl": 0.23649254800070751, "avg_sr": 0.3945578231292517, "count": 147}, "room": {"avg_spl": 0.28898515200068164, "avg_sr": 0.5206611570247934, "count": 121}}
Elapsed 19:10:48 

Begin to process [00810-CrMo8WxCyVb_sequence_17_3] type: [room], Question: [table in the living room]

Elapsed 19:10:48 Current start position is [   -0.49307     -2.9999      9.7226]
Elapsed 19:11:17 ===Episode_id 17 task_id 3 task_level=room===
SR: False, SPL: 0.0, Object category: table, goal type: sequence===

Elapsed 19:11:17 [baseline] task_level=room scene=00810-CrMo8WxCyVb episode=17 task=3 sec=28.659
Elapsed 19:11:17 [BASELINE_LIVE_METRICS] rows=489 avg_sr=0.435583 avg_spl=0.258398 follower_error_count=7 levels=[object:n=111,sr=0.558559,spl=0.378515; room:n=122,sr=0.516393,spl=0.286616; region:n=147,sr=0.394558,spl=0.236493; instance:n=109,sr=0.275229,spl=0.134035] latest_scene=00810-CrMo8WxCyVb latest_episode=17 latest_task=3 latest_level=room by_level={"instance": {"avg_spl": 0.1340345578639687, "avg_sr": 0.27522935779816515, "count": 109}, "object": {"avg_spl": 0.3785151650840617, "avg_sr": 0.5585585585585585, "count": 111}, "region": {"avg_spl": 0.23649254800070751, "avg_sr": 0.3945578231292517, "count": 147}, "room": {"avg_spl": 0.2866164212465777, "avg_sr": 0.5163934426229508, "count": 122}}
Elapsed 19:11:17 

Begin to process [00810-CrMo8WxCyVb_sequence_17_4] type: [room], Question: [flower vase in the bathroom]

Elapsed 19:11:17 Current start position is [    -1.8515     -2.9999      8.3429]
Elapsed 19:11:47 ===Episode_id 17 task_id 4 task_level=room===
SR: False, SPL: 0.0, Object category: flower vase, goal type: sequence===

Elapsed 19:11:47 [baseline] task_level=room scene=00810-CrMo8WxCyVb episode=17 task=4 sec=29.907
Elapsed 19:11:47 [BASELINE_LIVE_METRICS] rows=490 avg_sr=0.434694 avg_spl=0.257871 follower_error_count=7 levels=[object:n=111,sr=0.558559,spl=0.378515; room:n=123,sr=0.512195,spl=0.284286; region:n=147,sr=0.394558,spl=0.236493; instance:n=109,sr=0.275229,spl=0.134035] latest_scene=00810-CrMo8WxCyVb latest_episode=17 latest_task=4 latest_level=room by_level={"instance": {"avg_spl": 0.1340345578639687, "avg_sr": 0.27522935779816515, "count": 109}, "object": {"avg_spl": 0.3785151650840617, "avg_sr": 0.5585585585585585, "count": 111}, "region": {"avg_spl": 0.23649254800070751, "avg_sr": 0.3945578231292517, "count": 147}, "room": {"avg_spl": 0.284286206439695, "avg_sr": 0.5121951219512195, "count": 123}}
Elapsed 19:11:47 [Metrics] sequence count: 490, invalid_count: 0, follower_error_count: 7, avg_sr: 0.434694, avg_spl: 0.257871

=== Episode ===: 18it [3:06:11, 504.81s/it][AElapsed 19:11:52 

Begin to process [00810-CrMo8WxCyVb_sequence_18_0] type: [instance], Question: [stainless refrigerator with dispenser in kitchen with wood dining table set with tableware and white cabinets with oven]

Elapsed 19:11:52 Current start position is [     -5.883     -2.9999      9.0992]
Elapsed 19:13:47 ===Episode_id 18 task_id 0 task_level=instance===
SR: False, SPL: 0.0, Object category: refrigerator, goal type: sequence===

Elapsed 19:13:47 [baseline] task_level=instance scene=00810-CrMo8WxCyVb episode=18 task=0 sec=114.207
Elapsed 19:13:47 [BASELINE_LIVE_METRICS] rows=491 avg_sr=0.433809 avg_spl=0.257345 follower_error_count=7 levels=[object:n=111,sr=0.558559,spl=0.378515; room:n=123,sr=0.512195,spl=0.284286; region:n=147,sr=0.394558,spl=0.236493; instance:n=110,sr=0.272727,spl=0.132816] latest_scene=00810-CrMo8WxCyVb latest_episode=18 latest_task=0 latest_level=instance by_level={"instance": {"avg_spl": 0.13281606188338715, "avg_sr": 0.2727272727272727, "count": 110}, "object": {"avg_spl": 0.3785151650840617, "avg_sr": 0.5585585585585585, "count": 111}, "region": {"avg_spl": 0.23649254800070751, "avg_sr": 0.3945578231292517, "count": 147}, "room": {"avg_spl": 0.284286206439695, "avg_sr": 0.5121951219512195, "count": 123}}
Elapsed 19:13:47 

Begin to process [00810-CrMo8WxCyVb_sequence_18_1] type: [object], Question: [fireplace wall]

Elapsed 19:13:47 Current start position is [     0.9074     -2.9999      9.7536]
Elapsed 19:14:07 ===Episode_id 18 task_id 1 task_level=object===
SR: True, SPL: 0.9110164533439408, Object category: fireplace wall, goal type: sequence===

Elapsed 19:14:07 [baseline] task_level=object scene=00810-CrMo8WxCyVb episode=18 task=1 sec=20.720
Elapsed 19:14:07 [BASELINE_LIVE_METRICS] rows=492 avg_sr=0.434959 avg_spl=0.258674 follower_error_count=7 levels=[object:n=112,sr=0.562500,spl=0.383270; room:n=123,sr=0.512195,spl=0.284286; region:n=147,sr=0.394558,spl=0.236493; instance:n=110,sr=0.272727,spl=0.132816] latest_scene=00810-CrMo8WxCyVb latest_episode=18 latest_task=1 latest_level=object by_level={"instance": {"avg_spl": 0.13281606188338715, "avg_sr": 0.2727272727272727, "count": 110}, "object": {"avg_spl": 0.3832696408720963, "avg_sr": 0.5625, "count": 112}, "region": {"avg_spl": 0.23649254800070751, "avg_sr": 0.3945578231292517, "count": 147}, "room": {"avg_spl": 0.284286206439695, "avg_sr": 0.5121951219512195, "count": 123}}
Elapsed 19:14:07 

Begin to process [00810-CrMo8WxCyVb_sequence_18_2] type: [room], Question: [kitchen cabinet in the kitchen]

Elapsed 19:14:07 Current start position is [   -0.18914     -2.9999    -0.59659]
Elapsed 19:14:35 ===Episode_id 18 task_id 2 task_level=room===
SR: True, SPL: 0.655724828861881, Object category: kitchen cabinet, goal type: sequence===

Elapsed 19:14:35 [baseline] task_level=room scene=00810-CrMo8WxCyVb episode=18 task=2 sec=27.603
Elapsed 19:14:35 [BASELINE_LIVE_METRICS] rows=493 avg_sr=0.436105 avg_spl=0.259479 follower_error_count=7 levels=[object:n=112,sr=0.562500,spl=0.383270; room:n=124,sr=0.516129,spl=0.287282; region:n=147,sr=0.394558,spl=0.236493; instance:n=110,sr=0.272727,spl=0.132816] latest_scene=00810-CrMo8WxCyVb latest_episode=18 latest_task=2 latest_level=room by_level={"instance": {"avg_spl": 0.13281606188338715, "avg_sr": 0.2727272727272727, "count": 110}, "object": {"avg_spl": 0.3832696408720963, "avg_sr": 0.5625, "count": 112}, "region": {"avg_spl": 0.23649254800070751, "avg_sr": 0.3945578231292517, "count": 147}, "room": {"avg_spl": 0.2872816792011642, "avg_sr": 0.5161290322580645, "count": 124}}
Elapsed 19:14:35 

Begin to process [00810-CrMo8WxCyVb_sequence_18_3] type: [region], Question: [cabinet in the bathroom that has white flowers on white toilet, dark wood single-sink vanity beside flower prints]

Elapsed 19:14:35 Current start position is [      1.166     -2.9999       9.744]
Elapsed 19:21:37 ===Episode_id 18 task_id 3 task_level=region===
SR: False, SPL: 0.0, Object category: cabinet, goal type: sequence===

Elapsed 19:21:37 [baseline] task_level=region scene=00810-CrMo8WxCyVb episode=18 task=3 sec=421.915
Elapsed 19:21:37 [BASELINE_LIVE_METRICS] rows=494 avg_sr=0.435223 avg_spl=0.258954 follower_error_count=7 levels=[object:n=112,sr=0.562500,spl=0.383270; room:n=124,sr=0.516129,spl=0.287282; region:n=148,sr=0.391892,spl=0.234895; instance:n=110,sr=0.272727,spl=0.132816] latest_scene=00810-CrMo8WxCyVb latest_episode=18 latest_task=3 latest_level=region by_level={"instance": {"avg_spl": 0.13281606188338715, "avg_sr": 0.2727272727272727, "count": 110}, "object": {"avg_spl": 0.3832696408720963, "avg_sr": 0.5625, "count": 112}, "region": {"avg_spl": 0.23489462537908112, "avg_sr": 0.3918918918918919, "count": 148}, "room": {"avg_spl": 0.2872816792011642, "avg_sr": 0.5161290322580645, "count": 124}}
Elapsed 19:21:37 

Begin to process [00810-CrMo8WxCyVb_sequence_18_4] type: [region], Question: [book in the living room that has cream couch with plaid pillows beside potted plant, wooden herringbone coffee table, fireplace below TV between white curtains, gray armchairs beside glass side table and windows]

Elapsed 19:21:37 Current start position is [    -7.4567     -2.9999      9.2524]
Elapsed 19:22:18 ===Episode_id 18 task_id 4 task_level=region===
SR: False, SPL: 0.0, Object category: book, goal type: sequence===

Elapsed 19:22:18 [baseline] task_level=region scene=00810-CrMo8WxCyVb episode=18 task=4 sec=40.670
Elapsed 19:22:18 [BASELINE_LIVE_METRICS] rows=495 avg_sr=0.434343 avg_spl=0.258431 follower_error_count=7 levels=[object:n=112,sr=0.562500,spl=0.383270; room:n=124,sr=0.516129,spl=0.287282; region:n=149,sr=0.389262,spl=0.233318; instance:n=110,sr=0.272727,spl=0.132816] latest_scene=00810-CrMo8WxCyVb latest_episode=18 latest_task=4 latest_level=region by_level={"instance": {"avg_spl": 0.13281606188338715, "avg_sr": 0.2727272727272727, "count": 110}, "object": {"avg_spl": 0.3832696408720963, "avg_sr": 0.5625, "count": 112}, "region": {"avg_spl": 0.23331815138324835, "avg_sr": 0.38926174496644295, "count": 149}, "room": {"avg_spl": 0.2872816792011642, "avg_sr": 0.5161290322580645, "count": 124}}
Elapsed 19:22:18 [Metrics] sequence count: 495, invalid_count: 0, follower_error_count: 7, avg_sr: 0.434343, avg_spl: 0.258431

=== Episode ===: 19it [3:16:42, 542.66s/it][AElapsed 19:22:23 

Begin to process [00810-CrMo8WxCyVb_sequence_19_0] type: [instance], Question: [stainless steel oven and stove beside white cabinets and refrigerator in kitchen with wooden dining table]

Elapsed 19:22:23 Current start position is [    -3.0985     -3.0282      9.5761]
Elapsed 19:24:09 ===Episode_id 19 task_id 0 task_level=instance===
SR: True, SPL: 0.6783247213361082, Object category: oven and stove, goal type: sequence===

Elapsed 19:24:09 [baseline] task_level=instance scene=00810-CrMo8WxCyVb episode=19 task=0 sec=105.203
Elapsed 19:24:09 [BASELINE_LIVE_METRICS] rows=496 avg_sr=0.435484 avg_spl=0.259277 follower_error_count=7 levels=[object:n=112,sr=0.562500,spl=0.383270; room:n=124,sr=0.516129,spl=0.287282; region:n=149,sr=0.389262,spl=0.233318; instance:n=111,sr=0.279279,spl=0.137731] latest_scene=00810-CrMo8WxCyVb latest_episode=19 latest_task=0 latest_level=instance by_level={"instance": {"avg_spl": 0.13773055431088915, "avg_sr": 0.27927927927927926, "count": 111}, "object": {"avg_spl": 0.3832696408720963, "avg_sr": 0.5625, "count": 112}, "region": {"avg_spl": 0.23331815138324835, "avg_sr": 0.38926174496644295, "count": 149}, "room": {"avg_spl": 0.2872816792011642, "avg_sr": 0.5161290322580645, "count": 124}}
Elapsed 19:24:09 

Begin to process [00810-CrMo8WxCyVb_sequence_19_1] type: [room], Question: [book in the living room]

Elapsed 19:24:09 Current start position is [    0.48522     -2.9999        9.66]
Elapsed 19:28:58 ===Episode_id 19 task_id 1 task_level=room===
SR: False, SPL: 0.0, Object category: book, goal type: sequence===

Elapsed 19:28:58 [baseline] task_level=room scene=00810-CrMo8WxCyVb episode=19 task=1 sec=289.419
Elapsed 19:28:58 [BASELINE_LIVE_METRICS] rows=497 avg_sr=0.434608 avg_spl=0.258756 follower_error_count=7 levels=[object:n=112,sr=0.562500,spl=0.383270; room:n=125,sr=0.512000,spl=0.284983; region:n=149,sr=0.389262,spl=0.233318; instance:n=111,sr=0.279279,spl=0.137731] latest_scene=00810-CrMo8WxCyVb latest_episode=19 latest_task=1 latest_level=room by_level={"instance": {"avg_spl": 0.13773055431088915, "avg_sr": 0.27927927927927926, "count": 111}, "object": {"avg_spl": 0.3832696408720963, "avg_sr": 0.5625, "count": 112}, "region": {"avg_spl": 0.23331815138324835, "avg_sr": 0.38926174496644295, "count": 149}, "room": {"avg_spl": 0.28498342576755487, "avg_sr": 0.512, "count": 125}}
Elapsed 19:28:58 

Begin to process [00810-CrMo8WxCyVb_sequence_19_2] type: [region], Question: [cabinet in the kitchen that has brown dining table with tableware and white flowers, white cabinets with marble countertop, silver refrigerator, microwave above stove and oven, console table with decorative plate below two framed pictures]

Elapsed 19:28:58 Current start position is [     1.2611     -2.9999      1.4576]
Elapsed 19:30:29 ===Episode_id 19 task_id 2 task_level=region===
SR: True, SPL: 0.44100640872036834, Object category: cabinet, goal type: sequence===

Elapsed 19:30:29 [baseline] task_level=region scene=00810-CrMo8WxCyVb episode=19 task=2 sec=90.809
Elapsed 19:30:29 [BASELINE_LIVE_METRICS] rows=498 avg_sr=0.435743 avg_spl=0.259122 follower_error_count=7 levels=[object:n=112,sr=0.562500,spl=0.383270; room:n=125,sr=0.512000,spl=0.284983; region:n=150,sr=0.393333,spl=0.234703; instance:n=111,sr=0.279279,spl=0.137731] latest_scene=00810-CrMo8WxCyVb latest_episode=19 latest_task=2 latest_level=region by_level={"instance": {"avg_spl": 0.13773055431088915, "avg_sr": 0.27927927927927926, "count": 111}, "object": {"avg_spl": 0.3832696408720963, "avg_sr": 0.5625, "count": 112}, "region": {"avg_spl": 0.23470273976549583, "avg_sr": 0.3933333333333333, "count": 150}, "room": {"avg_spl": 0.28498342576755487, "avg_sr": 0.512, "count": 125}}
Elapsed 19:30:29 

Begin to process [00810-CrMo8WxCyVb_sequence_19_3] type: [region], Question: [desk in the office that has wooden office desk with gray armchair below round mirror, potted plant in corner below world map, armchair with side table in the bay window]

Elapsed 19:30:29 Current start position is [    -1.9426     -2.9999      8.3138]
Elapsed 19:31:10 ===Episode_id 19 task_id 3 task_level=region===
SR: True, SPL: 0.8426230885553432, Object category: desk, goal type: sequence===

Elapsed 19:31:10 [baseline] task_level=region scene=00810-CrMo8WxCyVb episode=19 task=3 sec=40.765
Elapsed 19:31:10 [BASELINE_LIVE_METRICS] rows=499 avg_sr=0.436874 avg_spl=0.260291 follower_error_count=7 levels=[object:n=112,sr=0.562500,spl=0.383270; room:n=125,sr=0.512000,spl=0.284983; region:n=151,sr=0.397351,spl=0.238729; instance:n=111,sr=0.279279,spl=0.137731] latest_scene=00810-CrMo8WxCyVb latest_episode=19 latest_task=3 latest_level=region by_level={"instance": {"avg_spl": 0.13773055431088915, "avg_sr": 0.27927927927927926, "count": 111}, "object": {"avg_spl": 0.3832696408720963, "avg_sr": 0.5625, "count": 112}, "region": {"avg_spl": 0.23872870234026303, "avg_sr": 0.3973509933774834, "count": 151}, "room": {"avg_spl": 0.28498342576755487, "avg_sr": 0.512, "count": 125}}
Elapsed 19:31:10 

Begin to process [00810-CrMo8WxCyVb_sequence_19_4] type: [object], Question: [cabinet]

Elapsed 19:31:10 Current start position is [     -6.493     -2.9999      9.1999]
Elapsed 19:31:50 ===Episode_id 19 task_id 4 task_level=object===
SR: True, SPL: 0.5317801589845106, Object category: cabinet, goal type: sequence===

Elapsed 19:31:50 [baseline] task_level=object scene=00810-CrMo8WxCyVb episode=19 task=4 sec=40.345
Elapsed 19:31:50 [BASELINE_LIVE_METRICS] rows=500 avg_sr=0.438000 avg_spl=0.260834 follower_error_count=7 levels=[object:n=113,sr=0.566372,spl=0.384584; room:n=125,sr=0.512000,spl=0.284983; region:n=151,sr=0.397351,spl=0.238729; instance:n=111,sr=0.279279,spl=0.137731] latest_scene=00810-CrMo8WxCyVb latest_episode=19 latest_task=4 latest_level=object by_level={"instance": {"avg_spl": 0.13773055431088915, "avg_sr": 0.27927927927927926, "count": 111}, "object": {"avg_spl": 0.38458389324477255, "avg_sr": 0.5663716814159292, "count": 113}, "region": {"avg_spl": 0.23872870234026303, "avg_sr": 0.3973509933774834, "count": 151}, "room": {"avg_spl": 0.28498342576755487, "avg_sr": 0.512, "count": 125}}
Elapsed 19:31:50 [Metrics] sequence count: 500, invalid_count: 0, follower_error_count: 7, avg_sr: 0.438000, avg_spl: 0.260834

=== Episode ===: 20it [3:26:14, 551.64s/it][A=== Episode ===: 20it [3:26:14, 618.74s/it]
Elapsed 19:31:50 [Metrics] sequence count: 500, invalid_count: 0, follower_error_count: 7, avg_sr: 0.438000, avg_spl: 0.260834
*** Scene ***:  71%|#######1  | 5/7 [19:31:39<7:14:58, 13049.27s/it] Elapsed 19:31:50 




*************************** Processing 00813-svBbv1Pavdk.json.gz, Total Episode 20 ***************************

=== Episode ===: 0it [00:00, ?it/s][AElapsed 19:31:54 

Begin to process [00813-svBbv1Pavdk_sequence_0_0] type: [instance], Question: [black-and-white cityscape picture above wood desk near gray couch below world map with adventure quote]

Elapsed 19:31:54 Current start position is [      6.668     0.02755     -1.3762]
Elapsed 19:36:37 ===Episode_id 0 task_id 0 task_level=instance===
SR: False, SPL: 0.0, Object category: picture, goal type: sequence===

Elapsed 19:36:37 [baseline] task_level=instance scene=00813-svBbv1Pavdk episode=0 task=0 sec=283.292
Elapsed 19:36:37 [BASELINE_LIVE_METRICS] rows=501 avg_sr=0.437126 avg_spl=0.260313 follower_error_count=7 levels=[object:n=113,sr=0.566372,spl=0.384584; room:n=125,sr=0.512000,spl=0.284983; region:n=151,sr=0.397351,spl=0.238729; instance:n=112,sr=0.276786,spl=0.136501] latest_scene=00813-svBbv1Pavdk latest_episode=0 latest_task=0 latest_level=instance by_level={"instance": {"avg_spl": 0.13650081721882765, "avg_sr": 0.2767857142857143, "count": 112}, "object": {"avg_spl": 0.38458389324477255, "avg_sr": 0.5663716814159292, "count": 113}, "region": {"avg_spl": 0.23872870234026303, "avg_sr": 0.3973509933774834, "count": 151}, "room": {"avg_spl": 0.28498342576755487, "avg_sr": 0.512, "count": 125}}
Elapsed 19:36:37 

Begin to process [00813-svBbv1Pavdk_sequence_0_1] type: [room], Question: [nightstand in the bedroom]

Elapsed 19:36:37 Current start position is [     3.7172    0.027547     -2.1796]
Elapsed 19:43:11 ===Episode_id 0 task_id 1 task_level=room===
SR: True, SPL: 0.1909516171874724, Object category: nightstand, goal type: sequence===

Elapsed 19:43:11 [baseline] task_level=room scene=00813-svBbv1Pavdk episode=0 task=1 sec=393.959
Elapsed 19:43:11 [BASELINE_LIVE_METRICS] rows=502 avg_sr=0.438247 avg_spl=0.260175 follower_error_count=7 levels=[object:n=113,sr=0.566372,spl=0.384584; room:n=126,sr=0.515873,spl=0.284237; region:n=151,sr=0.397351,spl=0.238729; instance:n=112,sr=0.276786,spl=0.136501] latest_scene=00813-svBbv1Pavdk latest_episode=0 latest_task=1 latest_level=room by_level={"instance": {"avg_spl": 0.13650081721882765, "avg_sr": 0.2767857142857143, "count": 112}, "object": {"avg_spl": 0.38458389324477255, "avg_sr": 0.5663716814159292, "count": 113}, "region": {"avg_spl": 0.23872870234026303, "avg_sr": 0.3973509933774834, "count": 151}, "room": {"avg_spl": 0.28423714157247487, "avg_sr": 0.5158730158730159, "count": 126}}
Elapsed 19:43:11 

Begin to process [00813-svBbv1Pavdk_sequence_0_2] type: [object], Question: [tv stand]

Elapsed 19:43:11 Current start position is [     8.2135    0.027547      7.1046]
Elapsed 19:43:48 ===Episode_id 0 task_id 2 task_level=object===
SR: True, SPL: 0.7178712913225348, Object category: tv stand, goal type: sequence===

Elapsed 19:43:48 [baseline] task_level=object scene=00813-svBbv1Pavdk episode=0 task=2 sec=36.148
Elapsed 19:43:48 [BASELINE_LIVE_METRICS] rows=503 avg_sr=0.439364 avg_spl=0.261085 follower_error_count=7 levels=[object:n=114,sr=0.570175,spl=0.387507; room:n=126,sr=0.515873,spl=0.284237; region:n=151,sr=0.397351,spl=0.238729; instance:n=112,sr=0.276786,spl=0.136501] latest_scene=00813-svBbv1Pavdk latest_episode=0 latest_task=2 latest_level=object by_level={"instance": {"avg_spl": 0.13650081721882765, "avg_sr": 0.2767857142857143, "count": 112}, "object": {"avg_spl": 0.3875074669121214, "avg_sr": 0.5701754385964912, "count": 114}, "region": {"avg_spl": 0.23872870234026303, "avg_sr": 0.3973509933774834, "count": 151}, "room": {"avg_spl": 0.28423714157247487, "avg_sr": 0.5158730158730159, "count": 126}}
Elapsed 19:43:48 

Begin to process [00813-svBbv1Pavdk_sequence_0_3] type: [region], Question: [flowerpot in the bedroom that has bed with white quilt, patterned blanket, and gray headboard beneath coastal landscape painting, nightstand with alarm clock and small potted plant, potted plant with large leaf in corner]

Elapsed 19:43:48 Current start position is [     7.7952    0.027547      3.1334]
Elapsed 19:44:31 ===Episode_id 0 task_id 3 task_level=region===
SR: False, SPL: 0.0, Object category: flowerpot, goal type: sequence===

Elapsed 19:44:31 [baseline] task_level=region scene=00813-svBbv1Pavdk episode=0 task=3 sec=43.286
Elapsed 19:44:31 [BASELINE_LIVE_METRICS] rows=504 avg_sr=0.438492 avg_spl=0.260567 follower_error_count=7 levels=[object:n=114,sr=0.570175,spl=0.387507; room:n=126,sr=0.515873,spl=0.284237; region:n=152,sr=0.394737,spl=0.237158; instance:n=112,sr=0.276786,spl=0.136501] latest_scene=00813-svBbv1Pavdk latest_episode=0 latest_task=3 latest_level=region by_level={"instance": {"avg_spl": 0.13650081721882765, "avg_sr": 0.2767857142857143, "count": 112}, "object": {"avg_spl": 0.3875074669121214, "avg_sr": 0.5701754385964912, "count": 114}, "region": {"avg_spl": 0.23715811877223497, "avg_sr": 0.39473684210526316, "count": 152}, "room": {"avg_spl": 0.28423714157247487, "avg_sr": 0.5158730158730159, "count": 126}}
Elapsed 19:44:31 

Begin to process [00813-svBbv1Pavdk_sequence_0_4] type: [room], Question: [plant in the walk-in closet]

Elapsed 19:44:31 Current start position is [     3.6383    0.027547    -0.23135]
Elapsed 19:45:11 ===Episode_id 0 task_id 4 task_level=room===
SR: False, SPL: 0.0, Object category: plant, goal type: sequence===

Elapsed 19:45:11 [baseline] task_level=room scene=00813-svBbv1Pavdk episode=0 task=4 sec=40.534
Elapsed 19:45:11 [BASELINE_LIVE_METRICS] rows=505 avg_sr=0.437624 avg_spl=0.260051 follower_error_count=7 levels=[object:n=114,sr=0.570175,spl=0.387507; room:n=127,sr=0.511811,spl=0.281999; region:n=152,sr=0.394737,spl=0.237158; instance:n=112,sr=0.276786,spl=0.136501] latest_scene=00813-svBbv1Pavdk latest_episode=0 latest_task=4 latest_level=room by_level={"instance": {"avg_spl": 0.13650081721882765, "avg_sr": 0.2767857142857143, "count": 112}, "object": {"avg_spl": 0.3875074669121214, "avg_sr": 0.5701754385964912, "count": 114}, "region": {"avg_spl": 0.23715811877223497, "avg_sr": 0.39473684210526316, "count": 152}, "room": {"avg_spl": 0.2819990538435577, "avg_sr": 0.5118110236220472, "count": 127}}
Elapsed 19:45:11 [Metrics] sequence count: 505, invalid_count: 0, follower_error_count: 7, avg_sr: 0.437624, avg_spl: 0.260051

=== Episode ===: 1it [13:21, 801.29s/it][AElapsed 19:45:16 

Begin to process [00813-svBbv1Pavdk_sequence_1_0] type: [instance], Question: [dried grass plant in white flowerpot beside gray couch under world map with adventure quote near wood desk]

Elapsed 19:45:16 Current start position is [     3.5446     0.02755     -2.3051]
Elapsed 19:49:16 ===Episode_id 1 task_id 0 task_level=instance===
SR: False, SPL: 0.0, Object category: plant, goal type: sequence===

Elapsed 19:49:16 [baseline] task_level=instance scene=00813-svBbv1Pavdk episode=1 task=0 sec=240.336
Elapsed 19:49:16 [BASELINE_LIVE_METRICS] rows=506 avg_sr=0.436759 avg_spl=0.259537 follower_error_count=7 levels=[object:n=114,sr=0.570175,spl=0.387507; room:n=127,sr=0.511811,spl=0.281999; region:n=152,sr=0.394737,spl=0.237158; instance:n=113,sr=0.274336,spl=0.135293] latest_scene=00813-svBbv1Pavdk latest_episode=1 latest_task=0 latest_level=instance by_level={"instance": {"avg_spl": 0.1352928453850327, "avg_sr": 0.2743362831858407, "count": 113}, "object": {"avg_spl": 0.3875074669121214, "avg_sr": 0.5701754385964912, "count": 114}, "region": {"avg_spl": 0.23715811877223497, "avg_sr": 0.39473684210526316, "count": 152}, "room": {"avg_spl": 0.2819990538435577, "avg_sr": 0.5118110236220472, "count": 127}}
Elapsed 19:49:16 

Begin to process [00813-svBbv1Pavdk_sequence_1_1] type: [room], Question: [couch in the living room]

Elapsed 19:49:16 Current start position is [     7.4857    0.027547      1.0412]
Elapsed 19:49:42 ===Episode_id 1 task_id 1 task_level=room===
SR: True, SPL: 1.0, Object category: couch, goal type: sequence===

Elapsed 19:49:42 [baseline] task_level=room scene=00813-svBbv1Pavdk episode=1 task=1 sec=26.111
Elapsed 19:49:42 [BASELINE_LIVE_METRICS] rows=507 avg_sr=0.437870 avg_spl=0.260998 follower_error_count=7 levels=[object:n=114,sr=0.570175,spl=0.387507; room:n=128,sr=0.515625,spl=0.287608; region:n=152,sr=0.394737,spl=0.237158; instance:n=113,sr=0.274336,spl=0.135293] latest_scene=00813-svBbv1Pavdk latest_episode=1 latest_task=1 latest_level=room by_level={"instance": {"avg_spl": 0.1352928453850327, "avg_sr": 0.2743362831858407, "count": 113}, "object": {"avg_spl": 0.3875074669121214, "avg_sr": 0.5701754385964912, "count": 114}, "region": {"avg_spl": 0.23715811877223497, "avg_sr": 0.39473684210526316, "count": 152}, "room": {"avg_spl": 0.28760843623540494, "avg_sr": 0.515625, "count": 128}}
Elapsed 19:49:42 

Begin to process [00813-svBbv1Pavdk_sequence_1_2] type: [region], Question: [picture in the living room that has gray couch with beige and brown pillows beneath white-and-black wall painting, glass coffee table on gray rug, TV on white stand beside potted plant and woven basket]

Elapsed 19:49:42 Current start position is [     7.4857    0.027547      1.0412]
Elapsed 19:50:13 ===Episode_id 1 task_id 2 task_level=region===
SR: False, SPL: 0.0, Object category: picture, goal type: sequence===

Elapsed 19:50:13 [baseline] task_level=region scene=00813-svBbv1Pavdk episode=1 task=2 sec=31.192
Elapsed 19:50:13 [BASELINE_LIVE_METRICS] rows=508 avg_sr=0.437008 avg_spl=0.260484 follower_error_count=7 levels=[object:n=114,sr=0.570175,spl=0.387507; room:n=128,sr=0.515625,spl=0.287608; region:n=153,sr=0.392157,spl=0.235608; instance:n=113,sr=0.274336,spl=0.135293] latest_scene=00813-svBbv1Pavdk latest_episode=1 latest_task=2 latest_level=region by_level={"instance": {"avg_spl": 0.1352928453850327, "avg_sr": 0.2743362831858407, "count": 113}, "object": {"avg_spl": 0.3875074669121214, "avg_sr": 0.5701754385964912, "count": 114}, "region": {"avg_spl": 0.23560806570836415, "avg_sr": 0.39215686274509803, "count": 153}, "room": {"avg_spl": 0.28760843623540494, "avg_sr": 0.515625, "count": 128}}
Elapsed 19:50:13 

Begin to process [00813-svBbv1Pavdk_sequence_1_3] type: [object], Question: [bathtub]

Elapsed 19:50:13 Current start position is [     7.4857    0.027547      1.0412]
Elapsed 19:50:40 ===Episode_id 1 task_id 3 task_level=object===
SR: True, SPL: 0.8063580007028298, Object category: bathtub, goal type: sequence===

Elapsed 19:50:40 [baseline] task_level=object scene=00813-svBbv1Pavdk episode=1 task=3 sec=26.769
Elapsed 19:50:40 [BASELINE_LIVE_METRICS] rows=509 avg_sr=0.438114 avg_spl=0.261556 follower_error_count=7 levels=[object:n=115,sr=0.573913,spl=0.391150; room:n=128,sr=0.515625,spl=0.287608; region:n=153,sr=0.392157,spl=0.235608; instance:n=113,sr=0.274336,spl=0.135293] latest_scene=00813-svBbv1Pavdk latest_episode=1 latest_task=3 latest_level=object by_level={"instance": {"avg_spl": 0.1352928453850327, "avg_sr": 0.2743362831858407, "count": 113}, "object": {"avg_spl": 0.3911496454668232, "avg_sr": 0.5739130434782609, "count": 115}, "region": {"avg_spl": 0.23560806570836415, "avg_sr": 0.39215686274509803, "count": 153}, "room": {"avg_spl": 0.28760843623540494, "avg_sr": 0.515625, "count": 128}}
Elapsed 19:50:40 

Begin to process [00813-svBbv1Pavdk_sequence_1_4] type: [room], Question: [sink in the kitchen]

Elapsed 19:50:40 Current start position is [     3.2559    0.027547     -2.8019]
Elapsed 19:51:04 ===Episode_id 1 task_id 4 task_level=room===
SR: False, SPL: 0.0, Object category: sink, goal type: sequence===

Elapsed 19:51:04 [baseline] task_level=room scene=00813-svBbv1Pavdk episode=1 task=4 sec=23.432
Elapsed 19:51:04 [BASELINE_LIVE_METRICS] rows=510 avg_sr=0.437255 avg_spl=0.261044 follower_error_count=7 levels=[object:n=115,sr=0.573913,spl=0.391150; room:n=129,sr=0.511628,spl=0.285379; region:n=153,sr=0.392157,spl=0.235608; instance:n=113,sr=0.274336,spl=0.135293] latest_scene=00813-svBbv1Pavdk latest_episode=1 latest_task=4 latest_level=room by_level={"instance": {"avg_spl": 0.1352928453850327, "avg_sr": 0.2743362831858407, "count": 113}, "object": {"avg_spl": 0.3911496454668232, "avg_sr": 0.5739130434782609, "count": 115}, "region": {"avg_spl": 0.23560806570836415, "avg_sr": 0.39215686274509803, "count": 153}, "room": {"avg_spl": 0.28537891347389016, "avg_sr": 0.5116279069767442, "count": 129}}
Elapsed 19:51:04 [Metrics] sequence count: 510, invalid_count: 0, follower_error_count: 7, avg_sr: 0.437255, avg_spl: 0.261044

=== Episode ===: 2it [19:13, 537.05s/it][AElapsed 19:51:08 

Begin to process [00813-svBbv1Pavdk_sequence_2_0] type: [instance], Question: [light gray couch with pillows below world map with adventure quote beside wood desk and potted plant on round side table]

Elapsed 19:51:08 Current start position is [      4.337     0.02755      6.3672]
Elapsed 19:53:55 ===Episode_id 2 task_id 0 task_level=instance===
SR: False, SPL: 0.0, Object category: couch, goal type: sequence===

Elapsed 19:53:55 [baseline] task_level=instance scene=00813-svBbv1Pavdk episode=2 task=0 sec=167.442
Elapsed 19:53:55 [BASELINE_LIVE_METRICS] rows=511 avg_sr=0.436399 avg_spl=0.260533 follower_error_count=7 levels=[object:n=115,sr=0.573913,spl=0.391150; room:n=129,sr=0.511628,spl=0.285379; region:n=153,sr=0.392157,spl=0.235608; instance:n=114,sr=0.271930,spl=0.134106] latest_scene=00813-svBbv1Pavdk latest_episode=2 latest_task=0 latest_level=instance by_level={"instance": {"avg_spl": 0.13410606603954997, "avg_sr": 0.2719298245614035, "count": 114}, "object": {"avg_spl": 0.3911496454668232, "avg_sr": 0.5739130434782609, "count": 115}, "region": {"avg_spl": 0.23560806570836415, "avg_sr": 0.39215686274509803, "count": 153}, "room": {"avg_spl": 0.28537891347389016, "avg_sr": 0.5116279069767442, "count": 129}}
Elapsed 19:53:55 

Begin to process [00813-svBbv1Pavdk_sequence_2_1] type: [room], Question: [sink in the kitchen]

Elapsed 19:53:55 Current start position is [     7.4254    0.027547      0.9705]
Elapsed 19:56:25 ===Episode_id 2 task_id 1 task_level=room===
SR: False, SPL: 0.0, Object category: sink, goal type: sequence===

Elapsed 19:56:25 [baseline] task_level=room scene=00813-svBbv1Pavdk episode=2 task=1 sec=150.063
Elapsed 19:56:25 [BASELINE_LIVE_METRICS] rows=512 avg_sr=0.435547 avg_spl=0.260024 follower_error_count=7 levels=[object:n=115,sr=0.573913,spl=0.391150; room:n=130,sr=0.507692,spl=0.283184; region:n=153,sr=0.392157,spl=0.235608; instance:n=114,sr=0.271930,spl=0.134106] latest_scene=00813-svBbv1Pavdk latest_episode=2 latest_task=1 latest_level=room by_level={"instance": {"avg_spl": 0.13410606603954997, "avg_sr": 0.2719298245614035, "count": 114}, "object": {"avg_spl": 0.3911496454668232, "avg_sr": 0.5739130434782609, "count": 115}, "region": {"avg_spl": 0.23560806570836415, "avg_sr": 0.39215686274509803, "count": 153}, "room": {"avg_spl": 0.28318369106255253, "avg_sr": 0.5076923076923077, "count": 130}}
Elapsed 19:56:25 

Begin to process [00813-svBbv1Pavdk_sequence_2_2] type: [object], Question: [shower curtain]

Elapsed 19:56:25 Current start position is [     2.5635    0.027547      4.1517]
Elapsed 19:56:57 ===Episode_id 2 task_id 2 task_level=object===
SR: False, SPL: 0.0, Object category: shower curtain, goal type: sequence===

Elapsed 19:56:57 [baseline] task_level=object scene=00813-svBbv1Pavdk episode=2 task=2 sec=31.256
Elapsed 19:56:57 [BASELINE_LIVE_METRICS] rows=513 avg_sr=0.434698 avg_spl=0.259517 follower_error_count=7 levels=[object:n=116,sr=0.568966,spl=0.387778; room:n=130,sr=0.507692,spl=0.283184; region:n=153,sr=0.392157,spl=0.235608; instance:n=114,sr=0.271930,spl=0.134106] latest_scene=00813-svBbv1Pavdk latest_episode=2 latest_task=2 latest_level=object by_level={"instance": {"avg_spl": 0.13410606603954997, "avg_sr": 0.2719298245614035, "count": 114}, "object": {"avg_spl": 0.387777665764523, "avg_sr": 0.5689655172413793, "count": 116}, "region": {"avg_spl": 0.23560806570836415, "avg_sr": 0.39215686274509803, "count": 153}, "room": {"avg_spl": 0.28318369106255253, "avg_sr": 0.5076923076923077, "count": 130}}
Elapsed 19:56:57 

Begin to process [00813-svBbv1Pavdk_sequence_2_3] type: [object], Question: [picture]

Elapsed 19:56:57 Current start position is [      4.076    0.027547      6.5013]
Elapsed 19:57:25 ===Episode_id 2 task_id 3 task_level=object===
SR: True, SPL: 0.38805440595708524, Object category: picture, goal type: sequence===

Elapsed 19:57:25 [baseline] task_level=object scene=00813-svBbv1Pavdk episode=2 task=3 sec=28.296
Elapsed 19:57:25 [BASELINE_LIVE_METRICS] rows=514 avg_sr=0.435798 avg_spl=0.259767 follower_error_count=7 levels=[object:n=117,sr=0.572650,spl=0.387780; room:n=130,sr=0.507692,spl=0.283184; region:n=153,sr=0.392157,spl=0.235608; instance:n=114,sr=0.271930,spl=0.134106] latest_scene=00813-svBbv1Pavdk latest_episode=2 latest_task=3 latest_level=object by_level={"instance": {"avg_spl": 0.13410606603954997, "avg_sr": 0.2719298245614035, "count": 114}, "object": {"avg_spl": 0.3877800310653141, "avg_sr": 0.5726495726495726, "count": 117}, "region": {"avg_spl": 0.23560806570836415, "avg_sr": 0.39215686274509803, "count": 153}, "room": {"avg_spl": 0.28318369106255253, "avg_sr": 0.5076923076923077, "count": 130}}
Elapsed 19:57:25 

Begin to process [00813-svBbv1Pavdk_sequence_2_4] type: [region], Question: [clothes dryer in the laundry room that has white washing machine and clothes dryer]

Elapsed 19:57:25 Current start position is [     5.6439    0.027547      -1.789]
Elapsed 20:01:27 ===Episode_id 2 task_id 4 task_level=region===
SR: True, SPL: 0.48368342502631356, Object category: clothes dryer, goal type: sequence===

Elapsed 20:01:27 [baseline] task_level=region scene=00813-svBbv1Pavdk episode=2 task=4 sec=242.016
Elapsed 20:01:27 [BASELINE_LIVE_METRICS] rows=515 avg_sr=0.436893 avg_spl=0.260202 follower_error_count=7 levels=[object:n=117,sr=0.572650,spl=0.387780; room:n=130,sr=0.507692,spl=0.283184; region:n=154,sr=0.396104,spl=0.237219; instance:n=114,sr=0.271930,spl=0.134106] latest_scene=00813-svBbv1Pavdk latest_episode=2 latest_task=4 latest_level=region by_level={"instance": {"avg_spl": 0.13410606603954997, "avg_sr": 0.2719298245614035, "count": 114}, "object": {"avg_spl": 0.3877800310653141, "avg_sr": 0.5726495726495726, "count": 117}, "region": {"avg_spl": 0.23721894466497423, "avg_sr": 0.3961038961038961, "count": 154}, "room": {"avg_spl": 0.28318369106255253, "avg_sr": 0.5076923076923077, "count": 130}}
Elapsed 20:01:27 [Metrics] sequence count: 515, invalid_count: 0, follower_error_count: 7, avg_sr: 0.436893, avg_spl: 0.260202

=== Episode ===: 3it [29:36, 576.49s/it][AElapsed 20:01:31 

Begin to process [00813-svBbv1Pavdk_sequence_3_0] type: [instance], Question: [wooden desk with white lamp and book near gray couch below world map with adventure quote]

Elapsed 20:01:31 Current start position is [     6.0502     0.02755      6.0857]
Elapsed 20:06:58 ===Episode_id 3 task_id 0 task_level=instance===
SR: True, SPL: 0.2904074981316499, Object category: desk, goal type: sequence===

Elapsed 20:06:58 [baseline] task_level=instance scene=00813-svBbv1Pavdk episode=3 task=0 sec=326.866
Elapsed 20:06:58 [BASELINE_LIVE_METRICS] rows=516 avg_sr=0.437984 avg_spl=0.260260 follower_error_count=7 levels=[object:n=117,sr=0.572650,spl=0.387780; room:n=130,sr=0.507692,spl=0.283184; region:n=154,sr=0.396104,spl=0.237219; instance:n=115,sr=0.278261,spl=0.135465] latest_scene=00813-svBbv1Pavdk latest_episode=3 latest_task=0 latest_level=instance by_level={"instance": {"avg_spl": 0.13546520892730735, "avg_sr": 0.2782608695652174, "count": 115}, "object": {"avg_spl": 0.3877800310653141, "avg_sr": 0.5726495726495726, "count": 117}, "region": {"avg_spl": 0.23721894466497423, "avg_sr": 0.3961038961038961, "count": 154}, "room": {"avg_spl": 0.28318369106255253, "avg_sr": 0.5076923076923077, "count": 130}}
Elapsed 20:06:58 

Begin to process [00813-svBbv1Pavdk_sequence_3_1] type: [room], Question: [tv stand in the living room]

Elapsed 20:06:58 Current start position is [    0.76039    0.027547     -2.8167]
Elapsed 20:07:31 ===Episode_id 3 task_id 1 task_level=room===
SR: True, SPL: 0.8282366281397979, Object category: tv stand, goal type: sequence===

Elapsed 20:07:31 [baseline] task_level=room scene=00813-svBbv1Pavdk episode=3 task=1 sec=33.368
Elapsed 20:07:31 [BASELINE_LIVE_METRICS] rows=517 avg_sr=0.439072 avg_spl=0.261359 follower_error_count=7 levels=[object:n=117,sr=0.572650,spl=0.387780; room:n=131,sr=0.511450,spl=0.287344; region:n=154,sr=0.396104,spl=0.237219; instance:n=115,sr=0.278261,spl=0.135465] latest_scene=00813-svBbv1Pavdk latest_episode=3 latest_task=1 latest_level=room by_level={"instance": {"avg_spl": 0.13546520892730735, "avg_sr": 0.2782608695652174, "count": 115}, "object": {"avg_spl": 0.3877800310653141, "avg_sr": 0.5726495726495726, "count": 117}, "region": {"avg_spl": 0.23721894466497423, "avg_sr": 0.3961038961038961, "count": 154}, "room": {"avg_spl": 0.28734440050589033, "avg_sr": 0.5114503816793893, "count": 131}}
Elapsed 20:07:31 

Begin to process [00813-svBbv1Pavdk_sequence_3_2] type: [region], Question: [bath cabinet in the bathroom that has toilet below botanical leaf print, bathtub with white shower curtain, white single-sink vanity]

Elapsed 20:07:31 Current start position is [     7.9328    0.027547      3.1826]
Elapsed 20:09:01 ===Episode_id 3 task_id 2 task_level=region===
SR: True, SPL: 0.834049691072093, Object category: bath cabinet, goal type: sequence===

Elapsed 20:09:01 [baseline] task_level=region scene=00813-svBbv1Pavdk episode=3 task=2 sec=90.273
Elapsed 20:09:01 [BASELINE_LIVE_METRICS] rows=518 avg_sr=0.440154 avg_spl=0.262465 follower_error_count=7 levels=[object:n=117,sr=0.572650,spl=0.387780; room:n=131,sr=0.511450,spl=0.287344; region:n=155,sr=0.400000,spl=0.241069; instance:n=115,sr=0.278261,spl=0.135465] latest_scene=00813-svBbv1Pavdk latest_episode=3 latest_task=2 latest_level=region by_level={"instance": {"avg_spl": 0.13546520892730735, "avg_sr": 0.2782608695652174, "count": 115}, "object": {"avg_spl": 0.3877800310653141, "avg_sr": 0.5726495726495726, "count": 117}, "region": {"avg_spl": 0.2410694656095363, "avg_sr": 0.4, "count": 155}, "room": {"avg_spl": 0.28734440050589033, "avg_sr": 0.5114503816793893, "count": 131}}
Elapsed 20:09:01 

Begin to process [00813-svBbv1Pavdk_sequence_3_3] type: [region], Question: [decoration in the bedroom that has bed with white quilt, patterned blanket, and gray headboard beneath coastal landscape painting, nightstand with alarm clock and small potted plant, potted plant with large leaf in corner]

Elapsed 20:09:01 Current start position is [     3.3265    0.027547     -2.8264]
Elapsed 20:09:32 ===Episode_id 3 task_id 3 task_level=region===
SR: False, SPL: 0.0, Object category: decoration, goal type: sequence===

Elapsed 20:09:32 [baseline] task_level=region scene=00813-svBbv1Pavdk episode=3 task=3 sec=30.720
Elapsed 20:09:32 [BASELINE_LIVE_METRICS] rows=519 avg_sr=0.439306 avg_spl=0.261959 follower_error_count=7 levels=[object:n=117,sr=0.572650,spl=0.387780; room:n=131,sr=0.511450,spl=0.287344; region:n=156,sr=0.397436,spl=0.239524; instance:n=115,sr=0.278261,spl=0.135465] latest_scene=00813-svBbv1Pavdk latest_episode=3 latest_task=3 latest_level=region by_level={"instance": {"avg_spl": 0.13546520892730735, "avg_sr": 0.2782608695652174, "count": 115}, "object": {"avg_spl": 0.3877800310653141, "avg_sr": 0.5726495726495726, "count": 117}, "region": {"avg_spl": 0.23952414852229567, "avg_sr": 0.3974358974358974, "count": 156}, "room": {"avg_spl": 0.28734440050589033, "avg_sr": 0.5114503816793893, "count": 131}}
Elapsed 20:09:32 

Begin to process [00813-svBbv1Pavdk_sequence_3_4] type: [object], Question: [clothes dryer]

Elapsed 20:09:32 Current start position is [     9.3286    0.027547      4.5248]
Elapsed 20:10:02 ===Episode_id 3 task_id 4 task_level=object===
SR: False, SPL: 0.0, Object category: clothes dryer, goal type: sequence===

Elapsed 20:10:02 [baseline] task_level=object scene=00813-svBbv1Pavdk episode=3 task=4 sec=29.355
Elapsed 20:10:02 [BASELINE_LIVE_METRICS] rows=520 avg_sr=0.438462 avg_spl=0.261455 follower_error_count=7 levels=[object:n=118,sr=0.567797,spl=0.384494; room:n=131,sr=0.511450,spl=0.287344; region:n=156,sr=0.397436,spl=0.239524; instance:n=115,sr=0.278261,spl=0.135465] latest_scene=00813-svBbv1Pavdk latest_episode=3 latest_task=4 latest_level=object by_level={"instance": {"avg_spl": 0.13546520892730735, "avg_sr": 0.2782608695652174, "count": 115}, "object": {"avg_spl": 0.38449375961560806, "avg_sr": 0.5677966101694916, "count": 118}, "region": {"avg_spl": 0.23952414852229567, "avg_sr": 0.3974358974358974, "count": 156}, "room": {"avg_spl": 0.28734440050589033, "avg_sr": 0.5114503816793893, "count": 131}}
Elapsed 20:10:02 [Metrics] sequence count: 520, invalid_count: 0, follower_error_count: 7, avg_sr: 0.438462, avg_spl: 0.261455

=== Episode ===: 4it [38:11, 552.08s/it][AElapsed 20:10:06 

Begin to process [00813-svBbv1Pavdk_sequence_4_0] type: [instance], Question: [white toilet under brown botanical leaf print in bathroom near bathtub with white shower curtain]

Elapsed 20:10:06 Current start position is [    0.08878     0.02755      -2.248]
Elapsed 20:18:10 ===Episode_id 4 task_id 0 task_level=instance===
SR: False, SPL: 0.0, Object category: toilet, goal type: sequence===

Elapsed 20:18:10 [baseline] task_level=instance scene=00813-svBbv1Pavdk episode=4 task=0 sec=483.851
Elapsed 20:18:10 [BASELINE_LIVE_METRICS] rows=521 avg_sr=0.437620 avg_spl=0.260953 follower_error_count=7 levels=[object:n=118,sr=0.567797,spl=0.384494; room:n=131,sr=0.511450,spl=0.287344; region:n=156,sr=0.397436,spl=0.239524; instance:n=116,sr=0.275862,spl=0.134297] latest_scene=00813-svBbv1Pavdk latest_episode=4 latest_task=0 latest_level=instance by_level={"instance": {"avg_spl": 0.13429740540207194, "avg_sr": 0.27586206896551724, "count": 116}, "object": {"avg_spl": 0.38449375961560806, "avg_sr": 0.5677966101694916, "count": 118}, "region": {"avg_spl": 0.23952414852229567, "avg_sr": 0.3974358974358974, "count": 156}, "room": {"avg_spl": 0.28734440050589033, "avg_sr": 0.5114503816793893, "count": 131}}
Elapsed 20:18:10 

Begin to process [00813-svBbv1Pavdk_sequence_4_1] type: [object], Question: [couch]

Elapsed 20:18:10 Current start position is [     7.0669    0.027547      1.2861]
Elapsed 20:18:54 ===Episode_id 4 task_id 1 task_level=object===
SR: True, SPL: 0.004605504764477228, Object category: couch, goal type: sequence===

Elapsed 20:18:54 [baseline] task_level=object scene=00813-svBbv1Pavdk episode=4 task=1 sec=43.683
Elapsed 20:18:54 [BASELINE_LIVE_METRICS] rows=522 avg_sr=0.438697 avg_spl=0.260462 follower_error_count=7 levels=[object:n=119,sr=0.571429,spl=0.381301; room:n=131,sr=0.511450,spl=0.287344; region:n=156,sr=0.397436,spl=0.239524; instance:n=116,sr=0.275862,spl=0.134297] latest_scene=00813-svBbv1Pavdk latest_episode=4 latest_task=1 latest_level=object by_level={"instance": {"avg_spl": 0.13429740540207194, "avg_sr": 0.27586206896551724, "count": 116}, "object": {"avg_spl": 0.38130142133954814, "avg_sr": 0.5714285714285714, "count": 119}, "region": {"avg_spl": 0.23952414852229567, "avg_sr": 0.3974358974358974, "count": 156}, "room": {"avg_spl": 0.28734440050589033, "avg_sr": 0.5114503816793893, "count": 131}}
Elapsed 20:18:54 

Begin to process [00813-svBbv1Pavdk_sequence_4_2] type: [object], Question: [kitchen cabinet]

Elapsed 20:18:54 Current start position is [    0.85082    0.027547     -2.5486]
Elapsed 20:19:32 ===Episode_id 4 task_id 2 task_level=object===
SR: True, SPL: 0.4748290593317432, Object category: kitchen cabinet, goal type: sequence===

Elapsed 20:19:32 [baseline] task_level=object scene=00813-svBbv1Pavdk episode=4 task=2 sec=37.970
Elapsed 20:19:32 [BASELINE_LIVE_METRICS] rows=523 avg_sr=0.439771 avg_spl=0.260872 follower_error_count=7 levels=[object:n=120,sr=0.575000,spl=0.382081; room:n=131,sr=0.511450,spl=0.287344; region:n=156,sr=0.397436,spl=0.239524; instance:n=116,sr=0.275862,spl=0.134297] latest_scene=00813-svBbv1Pavdk latest_episode=4 latest_task=2 latest_level=object by_level={"instance": {"avg_spl": 0.13429740540207194, "avg_sr": 0.27586206896551724, "count": 116}, "object": {"avg_spl": 0.3820808183228165, "avg_sr": 0.575, "count": 120}, "region": {"avg_spl": 0.23952414852229567, "avg_sr": 0.3974358974358974, "count": 156}, "room": {"avg_spl": 0.28734440050589033, "avg_sr": 0.5114503816793893, "count": 131}}
Elapsed 20:19:32 

Begin to process [00813-svBbv1Pavdk_sequence_4_3] type: [object], Question: [rug]

Elapsed 20:19:32 Current start position is [   0.059369    0.027547      3.4367]
Elapsed 20:20:10 ===Episode_id 4 task_id 3 task_level=object===
SR: False, SPL: 0.0, Object category: rug, goal type: sequence===

Elapsed 20:20:10 [baseline] task_level=object scene=00813-svBbv1Pavdk episode=4 task=3 sec=38.566
Elapsed 20:20:10 [BASELINE_LIVE_METRICS] rows=524 avg_sr=0.438931 avg_spl=0.260374 follower_error_count=7 levels=[object:n=121,sr=0.570248,spl=0.378923; room:n=131,sr=0.511450,spl=0.287344; region:n=156,sr=0.397436,spl=0.239524; instance:n=116,sr=0.275862,spl=0.134297] latest_scene=00813-svBbv1Pavdk latest_episode=4 latest_task=3 latest_level=object by_level={"instance": {"avg_spl": 0.13429740540207194, "avg_sr": 0.27586206896551724, "count": 116}, "object": {"avg_spl": 0.3789231256094048, "avg_sr": 0.5702479338842975, "count": 121}, "region": {"avg_spl": 0.23952414852229567, "avg_sr": 0.3974358974358974, "count": 156}, "room": {"avg_spl": 0.28734440050589033, "avg_sr": 0.5114503816793893, "count": 131}}
Elapsed 20:20:10 

Begin to process [00813-svBbv1Pavdk_sequence_4_4] type: [object], Question: [shower curtain]

Elapsed 20:20:10 Current start position is [    0.62445    0.027547     -2.3371]
Elapsed 20:20:50 ===Episode_id 4 task_id 4 task_level=object===
SR: False, SPL: 0.0, Object category: shower curtain, goal type: sequence===

Elapsed 20:20:50 [baseline] task_level=object scene=00813-svBbv1Pavdk episode=4 task=4 sec=39.824
Elapsed 20:20:50 [BASELINE_LIVE_METRICS] rows=525 avg_sr=0.438095 avg_spl=0.259878 follower_error_count=7 levels=[object:n=122,sr=0.565574,spl=0.375817; room:n=131,sr=0.511450,spl=0.287344; region:n=156,sr=0.397436,spl=0.239524; instance:n=116,sr=0.275862,spl=0.134297] latest_scene=00813-svBbv1Pavdk latest_episode=4 latest_task=4 latest_level=object by_level={"instance": {"avg_spl": 0.13429740540207194, "avg_sr": 0.27586206896551724, "count": 116}, "object": {"avg_spl": 0.3758171983503113, "avg_sr": 0.5655737704918032, "count": 122}, "region": {"avg_spl": 0.23952414852229567, "avg_sr": 0.3974358974358974, "count": 156}, "room": {"avg_spl": 0.28734440050589033, "avg_sr": 0.5114503816793893, "count": 131}}
Elapsed 20:20:50 [Metrics] sequence count: 525, invalid_count: 0, follower_error_count: 7, avg_sr: 0.438095, avg_spl: 0.259878

=== Episode ===: 5it [48:59, 586.81s/it][AElapsed 20:20:55 

Begin to process [00813-svBbv1Pavdk_sequence_5_0] type: [instance], Question: [white bath cabinet near toilet below botanical leaf print and bathtub with white shower curtain]

Elapsed 20:20:55 Current start position is [    0.40542     0.02755      5.0314]
Elapsed 20:24:11 ===Episode_id 5 task_id 0 task_level=instance===
SR: True, SPL: 0.4423783559734215, Object category: cabinet, goal type: sequence===

Elapsed 20:24:11 [baseline] task_level=instance scene=00813-svBbv1Pavdk episode=5 task=0 sec=196.063
Elapsed 20:24:11 [BASELINE_LIVE_METRICS] rows=526 avg_sr=0.439163 avg_spl=0.260225 follower_error_count=7 levels=[object:n=122,sr=0.565574,spl=0.375817; room:n=131,sr=0.511450,spl=0.287344; region:n=156,sr=0.397436,spl=0.239524; instance:n=117,sr=0.282051,spl=0.136931] latest_scene=00813-svBbv1Pavdk latest_episode=5 latest_task=0 latest_level=instance by_level={"instance": {"avg_spl": 0.1369305759197758, "avg_sr": 0.28205128205128205, "count": 117}, "object": {"avg_spl": 0.3758171983503113, "avg_sr": 0.5655737704918032, "count": 122}, "region": {"avg_spl": 0.23952414852229567, "avg_sr": 0.3974358974358974, "count": 156}, "room": {"avg_spl": 0.28734440050589033, "avg_sr": 0.5114503816793893, "count": 131}}
Elapsed 20:24:11 

Begin to process [00813-svBbv1Pavdk_sequence_5_1] type: [object], Question: [flowerpot]

Elapsed 20:24:11 Current start position is [     3.3083    0.027547     -2.8404]
Elapsed 20:24:33 ===Episode_id 5 task_id 1 task_level=object===
SR: True, SPL: 0.38647623042378965, Object category: flowerpot, goal type: sequence===

Elapsed 20:24:33 [baseline] task_level=object scene=00813-svBbv1Pavdk episode=5 task=1 sec=22.267
Elapsed 20:24:33 [BASELINE_LIVE_METRICS] rows=527 avg_sr=0.440228 avg_spl=0.260465 follower_error_count=7 levels=[object:n=123,sr=0.569106,spl=0.375904; room:n=131,sr=0.511450,spl=0.287344; region:n=156,sr=0.397436,spl=0.239524; instance:n=117,sr=0.282051,spl=0.136931] latest_scene=00813-svBbv1Pavdk latest_episode=5 latest_task=1 latest_level=object by_level={"instance": {"avg_spl": 0.1369305759197758, "avg_sr": 0.28205128205128205, "count": 117}, "object": {"avg_spl": 0.3759038571476566, "avg_sr": 0.5691056910569106, "count": 123}, "region": {"avg_spl": 0.23952414852229567, "avg_sr": 0.3974358974358974, "count": 156}, "room": {"avg_spl": 0.28734440050589033, "avg_sr": 0.5114503816793893, "count": 131}}
Elapsed 20:24:33 

Begin to process [00813-svBbv1Pavdk_sequence_5_2] type: [room], Question: [shower curtain in the bathroom]

Elapsed 20:24:33 Current start position is [      9.179    0.027547      3.1573]
Elapsed 20:25:01 ===Episode_id 5 task_id 2 task_level=room===
SR: False, SPL: 0.0, Object category: shower curtain, goal type: sequence===

Elapsed 20:25:01 [baseline] task_level=room scene=00813-svBbv1Pavdk episode=5 task=2 sec=27.759
Elapsed 20:25:01 [BASELINE_LIVE_METRICS] rows=528 avg_sr=0.439394 avg_spl=0.259971 follower_error_count=7 levels=[object:n=123,sr=0.569106,spl=0.375904; room:n=132,sr=0.507576,spl=0.285168; region:n=156,sr=0.397436,spl=0.239524; instance:n=117,sr=0.282051,spl=0.136931] latest_scene=00813-svBbv1Pavdk latest_episode=5 latest_task=2 latest_level=room by_level={"instance": {"avg_spl": 0.1369305759197758, "avg_sr": 0.28205128205128205, "count": 117}, "object": {"avg_spl": 0.3759038571476566, "avg_sr": 0.5691056910569106, "count": 123}, "region": {"avg_spl": 0.23952414852229567, "avg_sr": 0.3974358974358974, "count": 156}, "room": {"avg_spl": 0.28516754898690627, "avg_sr": 0.5075757575757576, "count": 132}}
Elapsed 20:25:01 

Begin to process [00813-svBbv1Pavdk_sequence_5_3] type: [room], Question: [cabinet in the kitchen]

Elapsed 20:25:01 Current start position is [     3.3083    0.027547     -2.8404]
Elapsed 20:25:24 ===Episode_id 5 task_id 3 task_level=room===
SR: True, SPL: 0.8695570628842353, Object category: cabinet, goal type: sequence===

Elapsed 20:25:24 [baseline] task_level=room scene=00813-svBbv1Pavdk episode=5 task=3 sec=23.743
Elapsed 20:25:24 [BASELINE_LIVE_METRICS] rows=529 avg_sr=0.440454 avg_spl=0.261124 follower_error_count=7 levels=[object:n=123,sr=0.569106,spl=0.375904; room:n=133,sr=0.511278,spl=0.289561; region:n=156,sr=0.397436,spl=0.239524; instance:n=117,sr=0.282051,spl=0.136931] latest_scene=00813-svBbv1Pavdk latest_episode=5 latest_task=3 latest_level=room by_level={"instance": {"avg_spl": 0.1369305759197758, "avg_sr": 0.28205128205128205, "count": 117}, "object": {"avg_spl": 0.3759038571476566, "avg_sr": 0.5691056910569106, "count": 123}, "region": {"avg_spl": 0.23952414852229567, "avg_sr": 0.3974358974358974, "count": 156}, "room": {"avg_spl": 0.28956145510643505, "avg_sr": 0.5112781954887218, "count": 133}}
Elapsed 20:25:24 

Begin to process [00813-svBbv1Pavdk_sequence_5_4] type: [object], Question: [desk]

Elapsed 20:25:24 Current start position is [   0.086147    0.027547      1.6531]
Elapsed 20:25:55 ===Episode_id 5 task_id 4 task_level=object===
SR: True, SPL: 0.7041201286311706, Object category: desk, goal type: sequence===

Elapsed 20:25:55 [baseline] task_level=object scene=00813-svBbv1Pavdk episode=5 task=4 sec=30.143
Elapsed 20:25:55 [BASELINE_LIVE_METRICS] rows=530 avg_sr=0.441509 avg_spl=0.261960 follower_error_count=7 levels=[object:n=124,sr=0.572581,spl=0.378551; room:n=133,sr=0.511278,spl=0.289561; region:n=156,sr=0.397436,spl=0.239524; instance:n=117,sr=0.282051,spl=0.136931] latest_scene=00813-svBbv1Pavdk latest_episode=5 latest_task=4 latest_level=object by_level={"instance": {"avg_spl": 0.1369305759197758, "avg_sr": 0.28205128205128205, "count": 117}, "object": {"avg_spl": 0.3785507625628462, "avg_sr": 0.5725806451612904, "count": 124}, "region": {"avg_spl": 0.23952414852229567, "avg_sr": 0.3974358974358974, "count": 156}, "room": {"avg_spl": 0.28956145510643505, "avg_sr": 0.5112781954887218, "count": 133}}
Elapsed 20:25:55 [Metrics] sequence count: 530, invalid_count: 0, follower_error_count: 7, avg_sr: 0.441509, avg_spl: 0.261960

=== Episode ===: 6it [54:04, 490.86s/it][AElapsed 20:25:59 

Begin to process [00813-svBbv1Pavdk_sequence_6_0] type: [instance], Question: [white bathtub with built-in shelves and white shower curtain in bathroom with toilet below botanical leaf print]

Elapsed 20:25:59 Current start position is [     7.4109     0.02755      4.3943]
Elapsed 20:32:08 ===Episode_id 6 task_id 0 task_level=instance===
SR: True, SPL: 0.27433436676830114, Object category: bathtub, goal type: sequence===

Elapsed 20:32:08 [baseline] task_level=instance scene=00813-svBbv1Pavdk episode=6 task=0 sec=369.827
Elapsed 20:32:09 [BASELINE_LIVE_METRICS] rows=531 avg_sr=0.442561 avg_spl=0.261983 follower_error_count=7 levels=[object:n=124,sr=0.572581,spl=0.378551; room:n=133,sr=0.511278,spl=0.289561; region:n=156,sr=0.397436,spl=0.239524; instance:n=118,sr=0.288136,spl=0.138095] latest_scene=00813-svBbv1Pavdk latest_episode=6 latest_task=0 latest_level=instance by_level={"instance": {"avg_spl": 0.13809501482527178, "avg_sr": 0.288135593220339, "count": 118}, "object": {"avg_spl": 0.3785507625628462, "avg_sr": 0.5725806451612904, "count": 124}, "region": {"avg_spl": 0.23952414852229567, "avg_sr": 0.3974358974358974, "count": 156}, "room": {"avg_spl": 0.28956145510643505, "avg_sr": 0.5112781954887218, "count": 133}}
Elapsed 20:32:09 

Begin to process [00813-svBbv1Pavdk_sequence_6_1] type: [object], Question: [dishwasher]

Elapsed 20:32:09 Current start position is [     3.3513    0.027547      -2.766]
Elapsed 20:32:35 ===Episode_id 6 task_id 1 task_level=object===
SR: True, SPL: 0.7576461576629085, Object category: dishwasher, goal type: sequence===

Elapsed 20:32:35 [baseline] task_level=object scene=00813-svBbv1Pavdk episode=6 task=1 sec=26.841
Elapsed 20:32:35 [BASELINE_LIVE_METRICS] rows=532 avg_sr=0.443609 avg_spl=0.262915 follower_error_count=7 levels=[object:n=125,sr=0.576000,spl=0.381584; room:n=133,sr=0.511278,spl=0.289561; region:n=156,sr=0.397436,spl=0.239524; instance:n=118,sr=0.288136,spl=0.138095] latest_scene=00813-svBbv1Pavdk latest_episode=6 latest_task=1 latest_level=object by_level={"instance": {"avg_spl": 0.13809501482527178, "avg_sr": 0.288135593220339, "count": 118}, "object": {"avg_spl": 0.38158352572364673, "avg_sr": 0.576, "count": 125}, "region": {"avg_spl": 0.23952414852229567, "avg_sr": 0.3974358974358974, "count": 156}, "room": {"avg_spl": 0.28956145510643505, "avg_sr": 0.5112781954887218, "count": 133}}
Elapsed 20:32:35 

Begin to process [00813-svBbv1Pavdk_sequence_6_2] type: [region], Question: [nightstand in the bedroom that has bed with white quilt, patterned blanket, and gray headboard beneath coastal landscape painting, nightstand with alarm clock and small potted plant, potted plant with large leaf in corner]

Elapsed 20:32:35 Current start position is [    0.28457    0.027547      3.8115]
Elapsed 20:34:56 ===Episode_id 6 task_id 2 task_level=region===
SR: False, SPL: 0.0, Object category: nightstand, goal type: sequence===

Elapsed 20:34:56 [baseline] task_level=region scene=00813-svBbv1Pavdk episode=6 task=2 sec=140.561
Elapsed 20:34:56 [BASELINE_LIVE_METRICS] rows=533 avg_sr=0.442777 avg_spl=0.262421 follower_error_count=7 levels=[object:n=125,sr=0.576000,spl=0.381584; room:n=133,sr=0.511278,spl=0.289561; region:n=157,sr=0.394904,spl=0.237999; instance:n=118,sr=0.288136,spl=0.138095] latest_scene=00813-svBbv1Pavdk latest_episode=6 latest_task=2 latest_level=region by_level={"instance": {"avg_spl": 0.13809501482527178, "avg_sr": 0.288135593220339, "count": 118}, "object": {"avg_spl": 0.38158352572364673, "avg_sr": 0.576, "count": 125}, "region": {"avg_spl": 0.2379985170030454, "avg_sr": 0.39490445859872614, "count": 157}, "room": {"avg_spl": 0.28956145510643505, "avg_sr": 0.5112781954887218, "count": 133}}
Elapsed 20:34:56 

Begin to process [00813-svBbv1Pavdk_sequence_6_3] type: [room], Question: [microwave in the kitchen]

Elapsed 20:34:56 Current start position is [     8.1323    0.027547       7.113]
Elapsed 20:35:39 ===Episode_id 6 task_id 3 task_level=room===
SR: True, SPL: 0.9136353353045681, Object category: microwave, goal type: sequence===

Elapsed 20:35:39 [baseline] task_level=room scene=00813-svBbv1Pavdk episode=6 task=3 sec=42.541
Elapsed 20:35:39 [BASELINE_LIVE_METRICS] rows=534 avg_sr=0.443820 avg_spl=0.263641 follower_error_count=7 levels=[object:n=125,sr=0.576000,spl=0.381584; room:n=134,sr=0.514925,spl=0.294219; region:n=157,sr=0.394904,spl=0.237999; instance:n=118,sr=0.288136,spl=0.138095] latest_scene=00813-svBbv1Pavdk latest_episode=6 latest_task=3 latest_level=room by_level={"instance": {"avg_spl": 0.13809501482527178, "avg_sr": 0.288135593220339, "count": 118}, "object": {"avg_spl": 0.38158352572364673, "avg_sr": 0.576, "count": 125}, "region": {"avg_spl": 0.2379985170030454, "avg_sr": 0.39490445859872614, "count": 157}, "room": {"avg_spl": 0.2942187228691077, "avg_sr": 0.5149253731343284, "count": 134}}
Elapsed 20:35:39 

Begin to process [00813-svBbv1Pavdk_sequence_6_4] type: [region], Question: [sink in the bathroom that has toilet below botanical leaf print, bathtub with white shower curtain, white single-sink vanity]

Elapsed 20:35:39 Current start position is [   0.053856    0.027547      2.4106]
Elapsed 20:36:17 ===Episode_id 6 task_id 4 task_level=region===
SR: False, SPL: 0.0, Object category: sink, goal type: sequence===

Elapsed 20:36:17 [baseline] task_level=region scene=00813-svBbv1Pavdk episode=6 task=4 sec=38.666
Elapsed 20:36:17 [BASELINE_LIVE_METRICS] rows=535 avg_sr=0.442991 avg_spl=0.263148 follower_error_count=7 levels=[object:n=125,sr=0.576000,spl=0.381584; room:n=134,sr=0.514925,spl=0.294219; region:n=158,sr=0.392405,spl=0.236492; instance:n=118,sr=0.288136,spl=0.138095] latest_scene=00813-svBbv1Pavdk latest_episode=6 latest_task=4 latest_level=region by_level={"instance": {"avg_spl": 0.13809501482527178, "avg_sr": 0.288135593220339, "count": 118}, "object": {"avg_spl": 0.38158352572364673, "avg_sr": 0.576, "count": 125}, "region": {"avg_spl": 0.236492197275178, "avg_sr": 0.3924050632911392, "count": 158}, "room": {"avg_spl": 0.2942187228691077, "avg_sr": 0.5149253731343284, "count": 134}}
Elapsed 20:36:17 [Metrics] sequence count: 535, invalid_count: 0, follower_error_count: 7, avg_sr: 0.442991, avg_spl: 0.263148

=== Episode ===: 7it [1:04:27, 533.94s/it][AElapsed 20:36:21 

Begin to process [00813-svBbv1Pavdk_sequence_7_0] type: [instance], Question: [right wooden nightstand with single drawer and lamp beside bed with patterned blanket and gray headboard beneath coastal landscape painting]

Elapsed 20:36:21 Current start position is [      7.495     0.02755      4.4159]
Elapsed 20:42:39 ===Episode_id 7 task_id 0 task_level=instance===
SR: False, SPL: 0.0, Object category: cabinet, goal type: sequence===

Elapsed 20:42:39 [baseline] task_level=instance scene=00813-svBbv1Pavdk episode=7 task=0 sec=377.421
Elapsed 20:42:39 [BASELINE_LIVE_METRICS] rows=536 avg_sr=0.442164 avg_spl=0.262657 follower_error_count=7 levels=[object:n=125,sr=0.576000,spl=0.381584; room:n=134,sr=0.514925,spl=0.294219; region:n=158,sr=0.392405,spl=0.236492; instance:n=119,sr=0.285714,spl=0.136935] latest_scene=00813-svBbv1Pavdk latest_episode=7 latest_task=0 latest_level=instance by_level={"instance": {"avg_spl": 0.1369345525158157, "avg_sr": 0.2857142857142857, "count": 119}, "object": {"avg_spl": 0.38158352572364673, "avg_sr": 0.576, "count": 125}, "region": {"avg_spl": 0.236492197275178, "avg_sr": 0.3924050632911392, "count": 158}, "room": {"avg_spl": 0.2942187228691077, "avg_sr": 0.5149253731343284, "count": 134}}
Elapsed 20:42:39 

Begin to process [00813-svBbv1Pavdk_sequence_7_1] type: [region], Question: [clothes dryer in the laundry room that has white washing machine and clothes dryer]

Elapsed 20:42:39 Current start position is [     7.4922    0.027547     -2.8642]
Elapsed 20:47:20 ===Episode_id 7 task_id 1 task_level=region===
SR: False, SPL: 0.0, Object category: clothes dryer, goal type: sequence===

Elapsed 20:47:20 [baseline] task_level=region scene=00813-svBbv1Pavdk episode=7 task=1 sec=281.562
Elapsed 20:47:20 [BASELINE_LIVE_METRICS] rows=537 avg_sr=0.441341 avg_spl=0.262168 follower_error_count=7 levels=[object:n=125,sr=0.576000,spl=0.381584; room:n=134,sr=0.514925,spl=0.294219; region:n=159,sr=0.389937,spl=0.235005; instance:n=119,sr=0.285714,spl=0.136935] latest_scene=00813-svBbv1Pavdk latest_episode=7 latest_task=1 latest_level=region by_level={"instance": {"avg_spl": 0.1369345525158157, "avg_sr": 0.2857142857142857, "count": 119}, "object": {"avg_spl": 0.38158352572364673, "avg_sr": 0.576, "count": 125}, "region": {"avg_spl": 0.23500482496527123, "avg_sr": 0.389937106918239, "count": 159}, "room": {"avg_spl": 0.2942187228691077, "avg_sr": 0.5149253731343284, "count": 134}}
Elapsed 20:47:20 

Begin to process [00813-svBbv1Pavdk_sequence_7_2] type: [room], Question: [picture in the office]

Elapsed 20:47:20 Current start position is [     3.3079    0.027547     -2.7499]
Elapsed 20:48:02 ===Episode_id 7 task_id 2 task_level=room===
SR: False, SPL: 0.0, Object category: picture, goal type: sequence===

Elapsed 20:48:02 [baseline] task_level=room scene=00813-svBbv1Pavdk episode=7 task=2 sec=41.144
Elapsed 20:48:02 [BASELINE_LIVE_METRICS] rows=538 avg_sr=0.440520 avg_spl=0.261681 follower_error_count=7 levels=[object:n=125,sr=0.576000,spl=0.381584; room:n=135,sr=0.511111,spl=0.292039; region:n=159,sr=0.389937,spl=0.235005; instance:n=119,sr=0.285714,spl=0.136935] latest_scene=00813-svBbv1Pavdk latest_episode=7 latest_task=2 latest_level=room by_level={"instance": {"avg_spl": 0.1369345525158157, "avg_sr": 0.2857142857142857, "count": 119}, "object": {"avg_spl": 0.38158352572364673, "avg_sr": 0.576, "count": 125}, "region": {"avg_spl": 0.23500482496527123, "avg_sr": 0.389937106918239, "count": 159}, "room": {"avg_spl": 0.29203932492192913, "avg_sr": 0.5111111111111111, "count": 135}}
Elapsed 20:48:02 

Begin to process [00813-svBbv1Pavdk_sequence_7_3] type: [region], Question: [picture in the kitchen that has granite countertop kitchen island flanked by bar stools, glass dining table with vase centerpiece, black brushstroke painting, dark kitchen cabinets with marble countertop, microwave above stainless steel stove and oven, refrigerator]

Elapsed 20:48:02 Current start position is [     3.2128    0.027547     -2.2764]
Elapsed 20:48:42 ===Episode_id 7 task_id 3 task_level=region===
SR: False, SPL: 0.0, Object category: picture, goal type: sequence===

Elapsed 20:48:42 [baseline] task_level=region scene=00813-svBbv1Pavdk episode=7 task=3 sec=40.296
Elapsed 20:48:42 [BASELINE_LIVE_METRICS] rows=539 avg_sr=0.439703 avg_spl=0.261195 follower_error_count=7 levels=[object:n=125,sr=0.576000,spl=0.381584; room:n=135,sr=0.511111,spl=0.292039; region:n=160,sr=0.387500,spl=0.233536; instance:n=119,sr=0.285714,spl=0.136935] latest_scene=00813-svBbv1Pavdk latest_episode=7 latest_task=3 latest_level=region by_level={"instance": {"avg_spl": 0.1369345525158157, "avg_sr": 0.2857142857142857, "count": 119}, "object": {"avg_spl": 0.38158352572364673, "avg_sr": 0.576, "count": 125}, "region": {"avg_spl": 0.23353604480923829, "avg_sr": 0.3875, "count": 160}, "room": {"avg_spl": 0.29203932492192913, "avg_sr": 0.5111111111111111, "count": 135}}
Elapsed 20:48:42 

Begin to process [00813-svBbv1Pavdk_sequence_7_4] type: [object], Question: [shower curtain]

Elapsed 20:48:42 Current start position is [    0.12358    0.027547      2.4205]
Elapsed 20:49:27 ===Episode_id 7 task_id 4 task_level=object===
SR: False, SPL: 0.0, Object category: shower curtain, goal type: sequence===

Elapsed 20:49:27 [baseline] task_level=object scene=00813-svBbv1Pavdk episode=7 task=4 sec=45.143
Elapsed 20:49:27 [BASELINE_LIVE_METRICS] rows=540 avg_sr=0.438889 avg_spl=0.260712 follower_error_count=7 levels=[object:n=126,sr=0.571429,spl=0.378555; room:n=135,sr=0.511111,spl=0.292039; region:n=160,sr=0.387500,spl=0.233536; instance:n=119,sr=0.285714,spl=0.136935] latest_scene=00813-svBbv1Pavdk latest_episode=7 latest_task=4 latest_level=object by_level={"instance": {"avg_spl": 0.1369345525158157, "avg_sr": 0.2857142857142857, "count": 119}, "object": {"avg_spl": 0.3785550850433003, "avg_sr": 0.5714285714285714, "count": 126}, "region": {"avg_spl": 0.23353604480923829, "avg_sr": 0.3875, "count": 160}, "room": {"avg_spl": 0.29203932492192913, "avg_sr": 0.5111111111111111, "count": 135}}
Elapsed 20:49:27 [Metrics] sequence count: 540, invalid_count: 0, follower_error_count: 7, avg_sr: 0.438889, avg_spl: 0.260712

=== Episode ===: 8it [1:17:36, 615.40s/it][AElapsed 20:49:31 

Begin to process [00813-svBbv1Pavdk_sequence_8_0] type: [instance], Question: [left wooden nightstand with single drawer and plant beside bed with patterned blanket and gray headboard beneath coastal landscape painting]

Elapsed 20:49:31 Current start position is [    0.25824     0.02755      -0.496]
Elapsed 20:52:34 ===Episode_id 8 task_id 0 task_level=instance===
SR: False, SPL: 0.0, Object category: cabinet, goal type: sequence===

Elapsed 20:52:34 [baseline] task_level=instance scene=00813-svBbv1Pavdk episode=8 task=0 sec=182.744
Elapsed 20:52:34 [BASELINE_LIVE_METRICS] rows=541 avg_sr=0.438078 avg_spl=0.260230 follower_error_count=7 levels=[object:n=126,sr=0.571429,spl=0.378555; room:n=135,sr=0.511111,spl=0.292039; region:n=160,sr=0.387500,spl=0.233536; instance:n=120,sr=0.283333,spl=0.135793] latest_scene=00813-svBbv1Pavdk latest_episode=8 latest_task=0 latest_level=instance by_level={"instance": {"avg_spl": 0.13579343124485058, "avg_sr": 0.2833333333333333, "count": 120}, "object": {"avg_spl": 0.3785550850433003, "avg_sr": 0.5714285714285714, "count": 126}, "region": {"avg_spl": 0.23353604480923829, "avg_sr": 0.3875, "count": 160}, "room": {"avg_spl": 0.29203932492192913, "avg_sr": 0.5111111111111111, "count": 135}}
Elapsed 20:52:34 

Begin to process [00813-svBbv1Pavdk_sequence_8_1] type: [room], Question: [toilet in the bathroom]

Elapsed 20:52:34 Current start position is [      8.242    0.027547      2.3145]
Elapsed 20:56:29 ===Episode_id 8 task_id 1 task_level=room===
SR: True, SPL: 0.15549991200093183, Object category: toilet, goal type: sequence===

Elapsed 20:56:29 [baseline] task_level=room scene=00813-svBbv1Pavdk episode=8 task=1 sec=234.478
Elapsed 20:56:29 [BASELINE_LIVE_METRICS] rows=542 avg_sr=0.439114 avg_spl=0.260036 follower_error_count=7 levels=[object:n=126,sr=0.571429,spl=0.378555; room:n=136,sr=0.514706,spl=0.291035; region:n=160,sr=0.387500,spl=0.233536; instance:n=120,sr=0.283333,spl=0.135793] latest_scene=00813-svBbv1Pavdk latest_episode=8 latest_task=1 latest_level=room by_level={"instance": {"avg_spl": 0.13579343124485058, "avg_sr": 0.2833333333333333, "count": 120}, "object": {"avg_spl": 0.3785550850433003, "avg_sr": 0.5714285714285714, "count": 126}, "region": {"avg_spl": 0.23353604480923829, "avg_sr": 0.3875, "count": 160}, "room": {"avg_spl": 0.2910353586504512, "avg_sr": 0.5147058823529411, "count": 136}}
Elapsed 20:56:29 

Begin to process [00813-svBbv1Pavdk_sequence_8_2] type: [object], Question: [ironing board]

Elapsed 20:56:29 Current start position is [     3.2514    0.027547     -2.8064]
Elapsed 20:57:05 ===Episode_id 8 task_id 2 task_level=object===
SR: False, SPL: 0.0, Object category: ironing board, goal type: sequence===

Elapsed 20:57:05 [baseline] task_level=object scene=00813-svBbv1Pavdk episode=8 task=2 sec=36.030
Elapsed 20:57:05 [BASELINE_LIVE_METRICS] rows=543 avg_sr=0.438306 avg_spl=0.259558 follower_error_count=7 levels=[object:n=127,sr=0.566929,spl=0.375574; room:n=136,sr=0.514706,spl=0.291035; region:n=160,sr=0.387500,spl=0.233536; instance:n=120,sr=0.283333,spl=0.135793] latest_scene=00813-svBbv1Pavdk latest_episode=8 latest_task=2 latest_level=object by_level={"instance": {"avg_spl": 0.13579343124485058, "avg_sr": 0.2833333333333333, "count": 120}, "object": {"avg_spl": 0.37557433634217197, "avg_sr": 0.5669291338582677, "count": 127}, "region": {"avg_spl": 0.23353604480923829, "avg_sr": 0.3875, "count": 160}, "room": {"avg_spl": 0.2910353586504512, "avg_sr": 0.5147058823529411, "count": 136}}
Elapsed 20:57:05 

Begin to process [00813-svBbv1Pavdk_sequence_8_3] type: [room], Question: [nightstand in the bedroom]

Elapsed 20:57:05 Current start position is [     6.5174    0.027547     -2.9315]
Elapsed 20:57:36 ===Episode_id 8 task_id 3 task_level=room===
SR: True, SPL: 0.2687770523098645, Object category: nightstand, goal type: sequence===

Elapsed 20:57:36 [baseline] task_level=room scene=00813-svBbv1Pavdk episode=8 task=3 sec=31.048
Elapsed 20:57:36 [BASELINE_LIVE_METRICS] rows=544 avg_sr=0.439338 avg_spl=0.259574 follower_error_count=7 levels=[object:n=127,sr=0.566929,spl=0.375574; room:n=137,sr=0.518248,spl=0.290873; region:n=160,sr=0.387500,spl=0.233536; instance:n=120,sr=0.283333,spl=0.135793] latest_scene=00813-svBbv1Pavdk latest_episode=8 latest_task=3 latest_level=room by_level={"instance": {"avg_spl": 0.13579343124485058, "avg_sr": 0.2833333333333333, "count": 120}, "object": {"avg_spl": 0.37557433634217197, "avg_sr": 0.5669291338582677, "count": 127}, "region": {"avg_spl": 0.23353604480923829, "avg_sr": 0.3875, "count": 160}, "room": {"avg_spl": 0.2908728892611039, "avg_sr": 0.5182481751824818, "count": 137}}
Elapsed 20:57:36 

Begin to process [00813-svBbv1Pavdk_sequence_8_4] type: [object], Question: [tv stand]

Elapsed 20:57:36 Current start position is [     7.7009    0.027547     -3.2396]
Elapsed 20:58:09 ===Episode_id 8 task_id 4 task_level=object===
SR: True, SPL: 0.8699754774681197, Object category: tv stand, goal type: sequence===

Elapsed 20:58:09 [baseline] task_level=object scene=00813-svBbv1Pavdk episode=8 task=4 sec=33.180
Elapsed 20:58:09 [BASELINE_LIVE_METRICS] rows=545 avg_sr=0.440367 avg_spl=0.260694 follower_error_count=7 levels=[object:n=128,sr=0.570312,spl=0.379437; room:n=137,sr=0.518248,spl=0.290873; region:n=160,sr=0.387500,spl=0.233536; instance:n=120,sr=0.283333,spl=0.135793] latest_scene=00813-svBbv1Pavdk latest_episode=8 latest_task=4 latest_level=object by_level={"instance": {"avg_spl": 0.13579343124485058, "avg_sr": 0.2833333333333333, "count": 120}, "object": {"avg_spl": 0.37943684525721844, "avg_sr": 0.5703125, "count": 128}, "region": {"avg_spl": 0.23353604480923829, "avg_sr": 0.3875, "count": 160}, "room": {"avg_spl": 0.2908728892611039, "avg_sr": 0.5182481751824818, "count": 137}}
Elapsed 20:58:09 [Metrics] sequence count: 545, invalid_count: 0, follower_error_count: 7, avg_sr: 0.440367, avg_spl: 0.260694

=== Episode ===: 9it [1:26:18, 586.19s/it][AElapsed 20:58:13 

Begin to process [00813-svBbv1Pavdk_sequence_9_0] type: [instance], Question: [green plant in white flowerpot on hanging ironing board in closet with white shelves and woven basket]

Elapsed 20:58:13 Current start position is [     5.8375     0.02755    -0.88158]
Elapsed 21:04:13 ===Episode_id 9 task_id 0 task_level=instance===
SR: False, SPL: 0.0, Object category: plant, goal type: sequence===

Elapsed 21:04:13 [baseline] task_level=instance scene=00813-svBbv1Pavdk episode=9 task=0 sec=359.578
Elapsed 21:04:13 [BASELINE_LIVE_METRICS] rows=546 avg_sr=0.439560 avg_spl=0.260217 follower_error_count=7 levels=[object:n=128,sr=0.570312,spl=0.379437; room:n=137,sr=0.518248,spl=0.290873; region:n=160,sr=0.387500,spl=0.233536; instance:n=121,sr=0.280992,spl=0.134671] latest_scene=00813-svBbv1Pavdk latest_episode=9 latest_task=0 latest_level=instance by_level={"instance": {"avg_spl": 0.13467117148249644, "avg_sr": 0.2809917355371901, "count": 121}, "object": {"avg_spl": 0.37943684525721844, "avg_sr": 0.5703125, "count": 128}, "region": {"avg_spl": 0.23353604480923829, "avg_sr": 0.3875, "count": 160}, "room": {"avg_spl": 0.2908728892611039, "avg_sr": 0.5182481751824818, "count": 137}}
Elapsed 21:04:13 

Begin to process [00813-svBbv1Pavdk_sequence_9_1] type: [object], Question: [microwave]

Elapsed 21:04:13 Current start position is [     6.8634    0.027547      6.2474]
Elapsed 21:04:48 ===Episode_id 9 task_id 1 task_level=object===
SR: True, SPL: 0.9139329313265722, Object category: microwave, goal type: sequence===

Elapsed 21:04:48 [baseline] task_level=object scene=00813-svBbv1Pavdk episode=9 task=1 sec=34.528
Elapsed 21:04:48 [BASELINE_LIVE_METRICS] rows=547 avg_sr=0.440585 avg_spl=0.261412 follower_error_count=7 levels=[object:n=129,sr=0.573643,spl=0.383580; room:n=137,sr=0.518248,spl=0.290873; region:n=160,sr=0.387500,spl=0.233536; instance:n=121,sr=0.280992,spl=0.134671] latest_scene=00813-svBbv1Pavdk latest_episode=9 latest_task=1 latest_level=object by_level={"instance": {"avg_spl": 0.13467117148249644, "avg_sr": 0.2809917355371901, "count": 121}, "object": {"avg_spl": 0.38358022576938394, "avg_sr": 0.5736434108527132, "count": 129}, "region": {"avg_spl": 0.23353604480923829, "avg_sr": 0.3875, "count": 160}, "room": {"avg_spl": 0.2908728892611039, "avg_sr": 0.5182481751824818, "count": 137}}
Elapsed 21:04:48 

Begin to process [00813-svBbv1Pavdk_sequence_9_2] type: [region], Question: [cabinet in the bathroom that has toilet below botanical leaf print, bathtub with white shower curtain, white single-sink vanity]

Elapsed 21:04:48 Current start position is [    0.18724    0.027547      2.2045]
Elapsed 21:05:26 ===Episode_id 9 task_id 2 task_level=region===
SR: True, SPL: 0.8430956664133177, Object category: cabinet, goal type: sequence===

Elapsed 21:05:26 [baseline] task_level=region scene=00813-svBbv1Pavdk episode=9 task=2 sec=38.795
Elapsed 21:05:26 [BASELINE_LIVE_METRICS] rows=548 avg_sr=0.441606 avg_spl=0.262474 follower_error_count=7 levels=[object:n=129,sr=0.573643,spl=0.383580; room:n=137,sr=0.518248,spl=0.290873; region:n=161,sr=0.391304,spl=0.237322; instance:n=121,sr=0.280992,spl=0.134671] latest_scene=00813-svBbv1Pavdk latest_episode=9 latest_task=2 latest_level=region by_level={"instance": {"avg_spl": 0.13467117148249644, "avg_sr": 0.2809917355371901, "count": 121}, "object": {"avg_spl": 0.38358022576938394, "avg_sr": 0.5736434108527132, "count": 129}, "region": {"avg_spl": 0.23732212941547481, "avg_sr": 0.391304347826087, "count": 161}, "room": {"avg_spl": 0.2908728892611039, "avg_sr": 0.5182481751824818, "count": 137}}
Elapsed 21:05:26 

Begin to process [00813-svBbv1Pavdk_sequence_9_3] type: [object], Question: [picture]

Elapsed 21:05:26 Current start position is [     3.2655    0.027547     -2.7975]
Elapsed 21:06:02 ===Episode_id 9 task_id 3 task_level=object===
SR: True, SPL: 0.11355902704134288, Object category: picture, goal type: sequence===

Elapsed 21:06:02 [baseline] task_level=object scene=00813-svBbv1Pavdk episode=9 task=3 sec=35.536
Elapsed 21:06:02 [BASELINE_LIVE_METRICS] rows=549 avg_sr=0.442623 avg_spl=0.262202 follower_error_count=7 levels=[object:n=130,sr=0.576923,spl=0.381503; room:n=137,sr=0.518248,spl=0.290873; region:n=161,sr=0.391304,spl=0.237322; instance:n=121,sr=0.280992,spl=0.134671] latest_scene=00813-svBbv1Pavdk latest_episode=9 latest_task=3 latest_level=object by_level={"instance": {"avg_spl": 0.13467117148249644, "avg_sr": 0.2809917355371901, "count": 121}, "object": {"avg_spl": 0.38150313962532206, "avg_sr": 0.5769230769230769, "count": 130}, "region": {"avg_spl": 0.23732212941547481, "avg_sr": 0.391304347826087, "count": 161}, "room": {"avg_spl": 0.2908728892611039, "avg_sr": 0.5182481751824818, "count": 137}}
Elapsed 21:06:02 

Begin to process [00813-svBbv1Pavdk_sequence_9_4] type: [room], Question: [shower curtain in the bathroom]

Elapsed 21:06:02 Current start position is [     3.1907    0.027547     -2.2037]
Elapsed 21:06:39 ===Episode_id 9 task_id 4 task_level=room===
SR: False, SPL: 0.0, Object category: shower curtain, goal type: sequence===

Elapsed 21:06:39 [baseline] task_level=room scene=00813-svBbv1Pavdk episode=9 task=4 sec=36.898
Elapsed 21:06:39 [BASELINE_LIVE_METRICS] rows=550 avg_sr=0.441818 avg_spl=0.261726 follower_error_count=7 levels=[object:n=130,sr=0.576923,spl=0.381503; room:n=138,sr=0.514493,spl=0.288765; region:n=161,sr=0.391304,spl=0.237322; instance:n=121,sr=0.280992,spl=0.134671] latest_scene=00813-svBbv1Pavdk latest_episode=9 latest_task=4 latest_level=room by_level={"instance": {"avg_spl": 0.13467117148249644, "avg_sr": 0.2809917355371901, "count": 121}, "object": {"avg_spl": 0.38150313962532206, "avg_sr": 0.5769230769230769, "count": 130}, "region": {"avg_spl": 0.23732212941547481, "avg_sr": 0.391304347826087, "count": 161}, "room": {"avg_spl": 0.28876511470124083, "avg_sr": 0.5144927536231884, "count": 138}}
Elapsed 21:06:39 [Metrics] sequence count: 550, invalid_count: 0, follower_error_count: 7, avg_sr: 0.441818, avg_spl: 0.261726

=== Episode ===: 10it [1:34:48, 562.65s/it][AElapsed 21:06:43 

Begin to process [00813-svBbv1Pavdk_sequence_10_0] type: [instance], Question: [wall-mounted folded ironing board in closet with potted plant on white shelves and woven basket]

Elapsed 21:06:43 Current start position is [     2.7726     0.02755      1.2245]
Elapsed 21:09:38 ===Episode_id 10 task_id 0 task_level=instance===
SR: False, SPL: 0.0, Object category: ironing board, goal type: sequence===

Elapsed 21:09:38 [baseline] task_level=instance scene=00813-svBbv1Pavdk episode=10 task=0 sec=175.162
Elapsed 21:09:38 [BASELINE_LIVE_METRICS] rows=551 avg_sr=0.441016 avg_spl=0.261251 follower_error_count=7 levels=[object:n=130,sr=0.576923,spl=0.381503; room:n=138,sr=0.514493,spl=0.288765; region:n=161,sr=0.391304,spl=0.237322; instance:n=122,sr=0.278689,spl=0.133567] latest_scene=00813-svBbv1Pavdk latest_episode=10 latest_task=0 latest_level=instance by_level={"instance": {"avg_spl": 0.13356730942116452, "avg_sr": 0.2786885245901639, "count": 122}, "object": {"avg_spl": 0.38150313962532206, "avg_sr": 0.5769230769230769, "count": 130}, "region": {"avg_spl": 0.23732212941547481, "avg_sr": 0.391304347826087, "count": 161}, "room": {"avg_spl": 0.28876511470124083, "avg_sr": 0.5144927536231884, "count": 138}}
Elapsed 21:09:38 

Begin to process [00813-svBbv1Pavdk_sequence_10_1] type: [object], Question: [kitchen cabinet]

Elapsed 21:09:38 Current start position is [     4.4416    0.027547      -3.395]
Elapsed 21:09:54 ===Episode_id 10 task_id 1 task_level=object===
SR: True, SPL: 0.8068032372202292, Object category: kitchen cabinet, goal type: sequence===

Elapsed 21:09:54 [baseline] task_level=object scene=00813-svBbv1Pavdk episode=10 task=1 sec=15.593
Elapsed 21:09:54 [BASELINE_LIVE_METRICS] rows=552 avg_sr=0.442029 avg_spl=0.262239 follower_error_count=7 levels=[object:n=131,sr=0.580153,spl=0.384750; room:n=138,sr=0.514493,spl=0.288765; region:n=161,sr=0.391304,spl=0.237322; instance:n=122,sr=0.278689,spl=0.133567] latest_scene=00813-svBbv1Pavdk latest_episode=10 latest_task=1 latest_level=object by_level={"instance": {"avg_spl": 0.13356730942116452, "avg_sr": 0.2786885245901639, "count": 122}, "object": {"avg_spl": 0.38474970525581753, "avg_sr": 0.5801526717557252, "count": 131}, "region": {"avg_spl": 0.23732212941547481, "avg_sr": 0.391304347826087, "count": 161}, "room": {"avg_spl": 0.28876511470124083, "avg_sr": 0.5144927536231884, "count": 138}}
Elapsed 21:09:54 

Begin to process [00813-svBbv1Pavdk_sequence_10_2] type: [room], Question: [plant in the walk-in closet]

Elapsed 21:09:54 Current start position is [    0.11352    0.027547        2.84]
Elapsed 21:10:16 ===Episode_id 10 task_id 2 task_level=room===
SR: False, SPL: 0.0, Object category: plant, goal type: sequence===

Elapsed 21:10:16 [baseline] task_level=room scene=00813-svBbv1Pavdk episode=10 task=2 sec=22.315
Elapsed 21:10:16 [BASELINE_LIVE_METRICS] rows=553 avg_sr=0.441230 avg_spl=0.261765 follower_error_count=7 levels=[object:n=131,sr=0.580153,spl=0.384750; room:n=139,sr=0.510791,spl=0.286688; region:n=161,sr=0.391304,spl=0.237322; instance:n=122,sr=0.278689,spl=0.133567] latest_scene=00813-svBbv1Pavdk latest_episode=10 latest_task=2 latest_level=room by_level={"instance": {"avg_spl": 0.13356730942116452, "avg_sr": 0.2786885245901639, "count": 122}, "object": {"avg_spl": 0.38474970525581753, "avg_sr": 0.5801526717557252, "count": 131}, "region": {"avg_spl": 0.23732212941547481, "avg_sr": 0.391304347826087, "count": 161}, "room": {"avg_spl": 0.2866876678328866, "avg_sr": 0.5107913669064749, "count": 139}}
Elapsed 21:10:16 

Begin to process [00813-svBbv1Pavdk_sequence_10_3] type: [region], Question: [cabinet in the bedroom that has bed with white quilt, patterned blanket, and gray headboard beneath coastal landscape painting, nightstand with alarm clock and small potted plant, potted plant with large leaf in corner]

Elapsed 21:10:16 Current start position is [     6.8699    0.027547     -1.8056]
Elapsed 21:11:10 ===Episode_id 10 task_id 3 task_level=region===
SR: False, SPL: 0.0, Object category: cabinet, goal type: sequence===

Elapsed 21:11:10 [baseline] task_level=region scene=00813-svBbv1Pavdk episode=10 task=3 sec=54.161
Elapsed 21:11:10 [BASELINE_LIVE_METRICS] rows=554 avg_sr=0.440433 avg_spl=0.261292 follower_error_count=7 levels=[object:n=131,sr=0.580153,spl=0.384750; room:n=139,sr=0.510791,spl=0.286688; region:n=162,sr=0.388889,spl=0.235857; instance:n=122,sr=0.278689,spl=0.133567] latest_scene=00813-svBbv1Pavdk latest_episode=10 latest_task=3 latest_level=region by_level={"instance": {"avg_spl": 0.13356730942116452, "avg_sr": 0.2786885245901639, "count": 122}, "object": {"avg_spl": 0.38474970525581753, "avg_sr": 0.5801526717557252, "count": 131}, "region": {"avg_spl": 0.2358571779993299, "avg_sr": 0.3888888888888889, "count": 162}, "room": {"avg_spl": 0.2866876678328866, "avg_sr": 0.5107913669064749, "count": 139}}
Elapsed 21:11:10 

Begin to process [00813-svBbv1Pavdk_sequence_10_4] type: [region], Question: [picture in the tie: living room & office that has wood desk with lamp and chair, gray couch and potted plant below framed world map with adventure quote, potted plant on round side table, grayscale cityscape picture]

Elapsed 21:11:10 Current start position is [     7.7791    0.027547       3.173]
Elapsed 21:11:39 ===Episode_id 10 task_id 4 task_level=region===
SR: False, SPL: 0.0, Object category: picture, goal type: sequence===

Elapsed 21:11:39 [baseline] task_level=region scene=00813-svBbv1Pavdk episode=10 task=4 sec=28.940
Elapsed 21:11:39 [BASELINE_LIVE_METRICS] rows=555 avg_sr=0.439640 avg_spl=0.260821 follower_error_count=7 levels=[object:n=131,sr=0.580153,spl=0.384750; room:n=139,sr=0.510791,spl=0.286688; region:n=163,sr=0.386503,spl=0.234410; instance:n=122,sr=0.278689,spl=0.133567] latest_scene=00813-svBbv1Pavdk latest_episode=10 latest_task=4 latest_level=region by_level={"instance": {"avg_spl": 0.13356730942116452, "avg_sr": 0.2786885245901639, "count": 122}, "object": {"avg_spl": 0.38474970525581753, "avg_sr": 0.5801526717557252, "count": 131}, "region": {"avg_spl": 0.23441020144718677, "avg_sr": 0.38650306748466257, "count": 163}, "room": {"avg_spl": 0.2866876678328866, "avg_sr": 0.5107913669064749, "count": 139}}
Elapsed 21:11:39 [Metrics] sequence count: 555, invalid_count: 0, follower_error_count: 7, avg_sr: 0.439640, avg_spl: 0.260821

=== Episode ===: 11it [1:39:49, 482.38s/it][AElapsed 21:11:44 

Begin to process [00813-svBbv1Pavdk_sequence_11_0] type: [instance], Question: [gray striped rug under glass coffee table beside gray couch and TV on white stand in living room]

Elapsed 21:11:44 Current start position is [    0.06555     0.02755      6.0632]
Elapsed 21:13:11 ===Episode_id 11 task_id 0 task_level=instance===
SR: True, SPL: 0.799575383511676, Object category: rug, goal type: sequence===

Elapsed 21:13:11 [baseline] task_level=instance scene=00813-svBbv1Pavdk episode=11 task=0 sec=87.144
Elapsed 21:13:11 [BASELINE_LIVE_METRICS] rows=556 avg_sr=0.440647 avg_spl=0.261790 follower_error_count=7 levels=[object:n=131,sr=0.580153,spl=0.384750; room:n=139,sr=0.510791,spl=0.286688; region:n=163,sr=0.386503,spl=0.234410; instance:n=123,sr=0.284553,spl=0.138982] latest_scene=00813-svBbv1Pavdk latest_episode=11 latest_task=0 latest_level=instance by_level={"instance": {"avg_spl": 0.13898200921051826, "avg_sr": 0.2845528455284553, "count": 123}, "object": {"avg_spl": 0.38474970525581753, "avg_sr": 0.5801526717557252, "count": 131}, "region": {"avg_spl": 0.23441020144718677, "avg_sr": 0.38650306748466257, "count": 163}, "room": {"avg_spl": 0.2866876678328866, "avg_sr": 0.5107913669064749, "count": 139}}
Elapsed 21:13:11 

Begin to process [00813-svBbv1Pavdk_sequence_11_1] type: [room], Question: [ironing board in the walk-in closet]

Elapsed 21:13:11 Current start position is [      7.435    0.027547     0.98857]
Elapsed 21:22:08 ===Episode_id 11 task_id 1 task_level=room===
SR: False, SPL: 0.0, Object category: ironing board, goal type: sequence===

Elapsed 21:22:08 [baseline] task_level=room scene=00813-svBbv1Pavdk episode=11 task=1 sec=537.036
Elapsed 21:22:08 [BASELINE_LIVE_METRICS] rows=557 avg_sr=0.439856 avg_spl=0.261320 follower_error_count=7 levels=[object:n=131,sr=0.580153,spl=0.384750; room:n=140,sr=0.507143,spl=0.284640; region:n=163,sr=0.386503,spl=0.234410; instance:n=123,sr=0.284553,spl=0.138982] latest_scene=00813-svBbv1Pavdk latest_episode=11 latest_task=1 latest_level=room by_level={"instance": {"avg_spl": 0.13898200921051826, "avg_sr": 0.2845528455284553, "count": 123}, "object": {"avg_spl": 0.38474970525581753, "avg_sr": 0.5801526717557252, "count": 131}, "region": {"avg_spl": 0.23441020144718677, "avg_sr": 0.38650306748466257, "count": 163}, "room": {"avg_spl": 0.28463989877693735, "avg_sr": 0.5071428571428571, "count": 140}}
Elapsed 21:22:08 

Begin to process [00813-svBbv1Pavdk_sequence_11_2] type: [room], Question: [cabinet in the kitchen]

Elapsed 21:22:08 Current start position is [       3.71    0.027547     -1.9364]
Elapsed 21:23:16 ===Episode_id 11 task_id 2 task_level=room===
SR: True, SPL: 0.7677969770165955, Object category: cabinet, goal type: sequence===

Elapsed 21:23:16 [baseline] task_level=room scene=00813-svBbv1Pavdk episode=11 task=2 sec=67.785
Elapsed 21:23:16 [BASELINE_LIVE_METRICS] rows=558 avg_sr=0.440860 avg_spl=0.262228 follower_error_count=7 levels=[object:n=131,sr=0.580153,spl=0.384750; room:n=141,sr=0.510638,spl=0.288067; region:n=163,sr=0.386503,spl=0.234410; instance:n=123,sr=0.284553,spl=0.138982] latest_scene=00813-svBbv1Pavdk latest_episode=11 latest_task=2 latest_level=room by_level={"instance": {"avg_spl": 0.13898200921051826, "avg_sr": 0.2845528455284553, "count": 123}, "object": {"avg_spl": 0.38474970525581753, "avg_sr": 0.5801526717557252, "count": 131}, "region": {"avg_spl": 0.23441020144718677, "avg_sr": 0.38650306748466257, "count": 163}, "room": {"avg_spl": 0.28806654472189946, "avg_sr": 0.5106382978723404, "count": 141}}
Elapsed 21:23:16 

Begin to process [00813-svBbv1Pavdk_sequence_11_3] type: [object], Question: [tv stand]

Elapsed 21:23:16 Current start position is [   0.053695    0.027547      2.9696]
Elapsed 21:25:19 ===Episode_id 11 task_id 3 task_level=object===
SR: True, SPL: 0.8062329167438789, Object category: tv stand, goal type: sequence===

Elapsed 21:25:19 [baseline] task_level=object scene=00813-svBbv1Pavdk episode=11 task=3 sec=123.498
Elapsed 21:25:19 [BASELINE_LIVE_METRICS] rows=559 avg_sr=0.441860 avg_spl=0.263201 follower_error_count=7 levels=[object:n=132,sr=0.583333,spl=0.387943; room:n=141,sr=0.510638,spl=0.288067; region:n=163,sr=0.386503,spl=0.234410; instance:n=123,sr=0.284553,spl=0.138982] latest_scene=00813-svBbv1Pavdk latest_episode=11 latest_task=3 latest_level=object by_level={"instance": {"avg_spl": 0.13898200921051826, "avg_sr": 0.2845528455284553, "count": 123}, "object": {"avg_spl": 0.3879427598883029, "avg_sr": 0.5833333333333334, "count": 132}, "region": {"avg_spl": 0.23441020144718677, "avg_sr": 0.38650306748466257, "count": 163}, "room": {"avg_spl": 0.28806654472189946, "avg_sr": 0.5106382978723404, "count": 141}}
Elapsed 21:25:19 

Begin to process [00813-svBbv1Pavdk_sequence_11_4] type: [region], Question: [toilet in the bathroom that has toilet below botanical leaf print, bathtub with white shower curtain, white single-sink vanity]

Elapsed 21:25:19 Current start position is [      7.889    0.027547       3.218]
Elapsed 21:27:10 ===Episode_id 11 task_id 4 task_level=region===
SR: True, SPL: 0.8270954802606876, Object category: toilet, goal type: sequence===

Elapsed 21:27:10 [baseline] task_level=region scene=00813-svBbv1Pavdk episode=11 task=4 sec=110.995
Elapsed 21:27:10 [BASELINE_LIVE_METRICS] rows=560 avg_sr=0.442857 avg_spl=0.264208 follower_error_count=7 levels=[object:n=132,sr=0.583333,spl=0.387943; room:n=141,sr=0.510638,spl=0.288067; region:n=164,sr=0.390244,spl=0.238024; instance:n=123,sr=0.284553,spl=0.138982] latest_scene=00813-svBbv1Pavdk latest_episode=11 latest_task=4 latest_level=region by_level={"instance": {"avg_spl": 0.13898200921051826, "avg_sr": 0.2845528455284553, "count": 123}, "object": {"avg_spl": 0.3879427598883029, "avg_sr": 0.5833333333333334, "count": 132}, "region": {"avg_spl": 0.23802413607409836, "avg_sr": 0.3902439024390244, "count": 164}, "room": {"avg_spl": 0.28806654472189946, "avg_sr": 0.5106382978723404, "count": 141}}
Elapsed 21:27:10 [Metrics] sequence count: 560, invalid_count: 0, follower_error_count: 7, avg_sr: 0.442857, avg_spl: 0.264208

=== Episode ===: 12it [1:55:20, 618.82s/it][AElapsed 21:27:15 

Begin to process [00813-svBbv1Pavdk_sequence_12_0] type: [instance], Question: [black flat-screen tv on white stand in living room with gray couch and glass coffee table]

Elapsed 21:27:15 Current start position is [    0.71514     0.02755      4.3594]
Elapsed 21:31:22 ===Episode_id 12 task_id 0 task_level=instance===
SR: True, SPL: 0.6330690126814373, Object category: tv, goal type: sequence===

Elapsed 21:31:22 [baseline] task_level=instance scene=00813-svBbv1Pavdk episode=12 task=0 sec=246.860
Elapsed 21:31:22 [BASELINE_LIVE_METRICS] rows=561 avg_sr=0.443850 avg_spl=0.264866 follower_error_count=7 levels=[object:n=132,sr=0.583333,spl=0.387943; room:n=141,sr=0.510638,spl=0.288067; region:n=164,sr=0.390244,spl=0.238024; instance:n=124,sr=0.290323,spl=0.142967] latest_scene=00813-svBbv1Pavdk latest_episode=12 latest_task=0 latest_level=instance by_level={"instance": {"avg_spl": 0.14296658181915473, "avg_sr": 0.2903225806451613, "count": 124}, "object": {"avg_spl": 0.3879427598883029, "avg_sr": 0.5833333333333334, "count": 132}, "region": {"avg_spl": 0.23802413607409836, "avg_sr": 0.3902439024390244, "count": 164}, "room": {"avg_spl": 0.28806654472189946, "avg_sr": 0.5106382978723404, "count": 141}}
Elapsed 21:31:22 

Begin to process [00813-svBbv1Pavdk_sequence_12_1] type: [object], Question: [bath sink]

Elapsed 21:31:22 Current start position is [     7.7795    0.027547      3.2143]
Elapsed 21:32:45 ===Episode_id 12 task_id 1 task_level=object===
SR: False, SPL: 0.0, Object category: bath sink, goal type: sequence===

Elapsed 21:32:45 [baseline] task_level=object scene=00813-svBbv1Pavdk episode=12 task=1 sec=83.227
Elapsed 21:32:45 [BASELINE_LIVE_METRICS] rows=562 avg_sr=0.443060 avg_spl=0.264394 follower_error_count=7 levels=[object:n=133,sr=0.578947,spl=0.385026; room:n=141,sr=0.510638,spl=0.288067; region:n=164,sr=0.390244,spl=0.238024; instance:n=124,sr=0.290323,spl=0.142967] latest_scene=00813-svBbv1Pavdk latest_episode=12 latest_task=1 latest_level=object by_level={"instance": {"avg_spl": 0.14296658181915473, "avg_sr": 0.2903225806451613, "count": 124}, "object": {"avg_spl": 0.38502589703199985, "avg_sr": 0.5789473684210527, "count": 133}, "region": {"avg_spl": 0.23802413607409836, "avg_sr": 0.3902439024390244, "count": 164}, "room": {"avg_spl": 0.28806654472189946, "avg_sr": 0.5106382978723404, "count": 141}}
Elapsed 21:32:45 

Begin to process [00813-svBbv1Pavdk_sequence_12_2] type: [object], Question: [ironing board]

Elapsed 21:32:45 Current start position is [     0.5943    0.027547      5.1234]
Elapsed 21:34:03 ===Episode_id 12 task_id 2 task_level=object===
SR: False, SPL: 0.0, Object category: ironing board, goal type: sequence===

Elapsed 21:34:03 [baseline] task_level=object scene=00813-svBbv1Pavdk episode=12 task=2 sec=77.716
Elapsed 21:34:03 [BASELINE_LIVE_METRICS] rows=563 avg_sr=0.442274 avg_spl=0.263925 follower_error_count=7 levels=[object:n=134,sr=0.574627,spl=0.382153; room:n=141,sr=0.510638,spl=0.288067; region:n=164,sr=0.390244,spl=0.238024; instance:n=124,sr=0.290323,spl=0.142967] latest_scene=00813-svBbv1Pavdk latest_episode=12 latest_task=2 latest_level=object by_level={"instance": {"avg_spl": 0.14296658181915473, "avg_sr": 0.2903225806451613, "count": 124}, "object": {"avg_spl": 0.3821525694422088, "avg_sr": 0.5746268656716418, "count": 134}, "region": {"avg_spl": 0.23802413607409836, "avg_sr": 0.3902439024390244, "count": 164}, "room": {"avg_spl": 0.28806654472189946, "avg_sr": 0.5106382978723404, "count": 141}}
Elapsed 21:34:03 

Begin to process [00813-svBbv1Pavdk_sequence_12_3] type: [room], Question: [flowerpot in the bedroom]

Elapsed 21:34:03 Current start position is [    0.59036    0.027547      6.5596]
Elapsed 21:34:45 ===Episode_id 12 task_id 3 task_level=room===
SR: False, SPL: 0.0, Object category: flowerpot, goal type: sequence===

Elapsed 21:34:45 [baseline] task_level=room scene=00813-svBbv1Pavdk episode=12 task=3 sec=42.021
Elapsed 21:34:45 [BASELINE_LIVE_METRICS] rows=564 avg_sr=0.441489 avg_spl=0.263457 follower_error_count=7 levels=[object:n=134,sr=0.574627,spl=0.382153; room:n=142,sr=0.507042,spl=0.286038; region:n=164,sr=0.390244,spl=0.238024; instance:n=124,sr=0.290323,spl=0.142967] latest_scene=00813-svBbv1Pavdk latest_episode=12 latest_task=3 latest_level=room by_level={"instance": {"avg_spl": 0.14296658181915473, "avg_sr": 0.2903225806451613, "count": 124}, "object": {"avg_spl": 0.3821525694422088, "avg_sr": 0.5746268656716418, "count": 134}, "region": {"avg_spl": 0.23802413607409836, "avg_sr": 0.3902439024390244, "count": 164}, "room": {"avg_spl": 0.28603790708301285, "avg_sr": 0.5070422535211268, "count": 142}}
Elapsed 21:34:45 

Begin to process [00813-svBbv1Pavdk_sequence_12_4] type: [object], Question: [clothes dryer]

Elapsed 21:34:45 Current start position is [       6.04    0.027547      0.2081]
Elapsed 21:36:13 ===Episode_id 12 task_id 4 task_level=object===
SR: True, SPL: 0.7384626979005092, Object category: clothes dryer, goal type: sequence===

Elapsed 21:36:13 [baseline] task_level=object scene=00813-svBbv1Pavdk episode=12 task=4 sec=88.299
Elapsed 21:36:13 [BASELINE_LIVE_METRICS] rows=565 avg_sr=0.442478 avg_spl=0.264298 follower_error_count=7 levels=[object:n=135,sr=0.577778,spl=0.384792; room:n=142,sr=0.507042,spl=0.286038; region:n=164,sr=0.390244,spl=0.238024; instance:n=124,sr=0.290323,spl=0.142967] latest_scene=00813-svBbv1Pavdk latest_episode=12 latest_task=4 latest_level=object by_level={"instance": {"avg_spl": 0.14296658181915473, "avg_sr": 0.2903225806451613, "count": 124}, "object": {"avg_spl": 0.3847919037270851, "avg_sr": 0.5777777777777777, "count": 135}, "region": {"avg_spl": 0.23802413607409836, "avg_sr": 0.3902439024390244, "count": 164}, "room": {"avg_spl": 0.28603790708301285, "avg_sr": 0.5070422535211268, "count": 142}}
Elapsed 21:36:13 [Metrics] sequence count: 565, invalid_count: 0, follower_error_count: 7, avg_sr: 0.442478, avg_spl: 0.264298

=== Episode ===: 13it [2:04:22, 595.76s/it][AElapsed 21:36:17 

Begin to process [00813-svBbv1Pavdk_sequence_13_0] type: [instance], Question: [yellow blanket on gray couch below white-and-black wall painting in living room with TV on white stand]

Elapsed 21:36:17 Current start position is [     6.7421     0.02755      -3.287]
Elapsed 21:41:39 ===Episode_id 13 task_id 0 task_level=instance===
SR: False, SPL: 0.0, Object category: blanket, goal type: sequence===

Elapsed 21:41:39 [baseline] task_level=instance scene=00813-svBbv1Pavdk episode=13 task=0 sec=322.657
Elapsed 21:41:39 [BASELINE_LIVE_METRICS] rows=566 avg_sr=0.441696 avg_spl=0.263831 follower_error_count=7 levels=[object:n=135,sr=0.577778,spl=0.384792; room:n=142,sr=0.507042,spl=0.286038; region:n=164,sr=0.390244,spl=0.238024; instance:n=125,sr=0.288000,spl=0.141823] latest_scene=00813-svBbv1Pavdk latest_episode=13 latest_task=0 latest_level=instance by_level={"instance": {"avg_spl": 0.14182284916460147, "avg_sr": 0.288, "count": 125}, "object": {"avg_spl": 0.3847919037270851, "avg_sr": 0.5777777777777777, "count": 135}, "region": {"avg_spl": 0.23802413607409836, "avg_sr": 0.3902439024390244, "count": 164}, "room": {"avg_spl": 0.28603790708301285, "avg_sr": 0.5070422535211268, "count": 142}}
Elapsed 21:41:39 

Begin to process [00813-svBbv1Pavdk_sequence_13_1] type: [room], Question: [plant in the office]

Elapsed 21:41:39 Current start position is [     7.8735    0.027547      3.2394]
Elapsed 21:43:20 ===Episode_id 13 task_id 1 task_level=room===
SR: False, SPL: 0.0, Object category: plant, goal type: sequence===

Elapsed 21:43:20 [baseline] task_level=room scene=00813-svBbv1Pavdk episode=13 task=1 sec=100.469
Elapsed 21:43:20 [BASELINE_LIVE_METRICS] rows=567 avg_sr=0.440917 avg_spl=0.263365 follower_error_count=7 levels=[object:n=135,sr=0.577778,spl=0.384792; room:n=143,sr=0.503497,spl=0.284038; region:n=164,sr=0.390244,spl=0.238024; instance:n=125,sr=0.288000,spl=0.141823] latest_scene=00813-svBbv1Pavdk latest_episode=13 latest_task=1 latest_level=room by_level={"instance": {"avg_spl": 0.14182284916460147, "avg_sr": 0.288, "count": 125}, "object": {"avg_spl": 0.3847919037270851, "avg_sr": 0.5777777777777777, "count": 135}, "region": {"avg_spl": 0.23802413607409836, "avg_sr": 0.3902439024390244, "count": 164}, "room": {"avg_spl": 0.2840376419985163, "avg_sr": 0.5034965034965035, "count": 143}}
Elapsed 21:43:20 

Begin to process [00813-svBbv1Pavdk_sequence_13_2] type: [object], Question: [microwave]

Elapsed 21:43:20 Current start position is [     6.3103    0.027547     -1.4946]
Elapsed 21:44:38 ===Episode_id 13 task_id 2 task_level=object===
SR: True, SPL: 0.8449708140592352, Object category: microwave, goal type: sequence===

Elapsed 21:44:38 [baseline] task_level=object scene=00813-svBbv1Pavdk episode=13 task=2 sec=78.258
Elapsed 21:44:38 [BASELINE_LIVE_METRICS] rows=568 avg_sr=0.441901 avg_spl=0.264389 follower_error_count=7 levels=[object:n=136,sr=0.580882,spl=0.388176; room:n=143,sr=0.503497,spl=0.284038; region:n=164,sr=0.390244,spl=0.238024; instance:n=125,sr=0.288000,spl=0.141823] latest_scene=00813-svBbv1Pavdk latest_episode=13 latest_task=2 latest_level=object by_level={"instance": {"avg_spl": 0.14182284916460147, "avg_sr": 0.288, "count": 125}, "object": {"avg_spl": 0.38817557218540977, "avg_sr": 0.5808823529411765, "count": 136}, "region": {"avg_spl": 0.23802413607409836, "avg_sr": 0.3902439024390244, "count": 164}, "room": {"avg_spl": 0.2840376419985163, "avg_sr": 0.5034965034965035, "count": 143}}
Elapsed 21:44:38 

Begin to process [00813-svBbv1Pavdk_sequence_13_3] type: [room], Question: [couch in the office]

Elapsed 21:44:38 Current start position is [    0.10911    0.027547      2.7531]
Elapsed 21:46:38 ===Episode_id 13 task_id 3 task_level=room===
SR: False, SPL: 0.0, Object category: couch, goal type: sequence===

Elapsed 21:46:38 [baseline] task_level=room scene=00813-svBbv1Pavdk episode=13 task=3 sec=120.037
Elapsed 21:46:38 [BASELINE_LIVE_METRICS] rows=569 avg_sr=0.441125 avg_spl=0.263925 follower_error_count=7 levels=[object:n=136,sr=0.580882,spl=0.388176; room:n=144,sr=0.500000,spl=0.282065; region:n=164,sr=0.390244,spl=0.238024; instance:n=125,sr=0.288000,spl=0.141823] latest_scene=00813-svBbv1Pavdk latest_episode=13 latest_task=3 latest_level=room by_level={"instance": {"avg_spl": 0.14182284916460147, "avg_sr": 0.288, "count": 125}, "object": {"avg_spl": 0.38817557218540977, "avg_sr": 0.5808823529411765, "count": 136}, "region": {"avg_spl": 0.23802413607409836, "avg_sr": 0.3902439024390244, "count": 164}, "room": {"avg_spl": 0.2820651583735266, "avg_sr": 0.5, "count": 144}}
Elapsed 21:46:38 

Begin to process [00813-svBbv1Pavdk_sequence_13_4] type: [region], Question: [clothes dryer in the laundry room that has white washing machine and clothes dryer]

Elapsed 21:46:38 Current start position is [     7.4715    0.027547     0.96695]
Elapsed 21:47:48 ===Episode_id 13 task_id 4 task_level=region===
SR: True, SPL: 0.8603370217767031, Object category: clothes dryer, goal type: sequence===

Elapsed 21:47:48 [baseline] task_level=region scene=00813-svBbv1Pavdk episode=13 task=4 sec=69.340
Elapsed 21:47:48 [BASELINE_LIVE_METRICS] rows=570 avg_sr=0.442105 avg_spl=0.264971 follower_error_count=7 levels=[object:n=136,sr=0.580882,spl=0.388176; room:n=144,sr=0.500000,spl=0.282065; region:n=165,sr=0.393939,spl=0.241796; instance:n=125,sr=0.288000,spl=0.141823] latest_scene=00813-svBbv1Pavdk latest_episode=13 latest_task=4 latest_level=region by_level={"instance": {"avg_spl": 0.14182284916460147, "avg_sr": 0.288, "count": 125}, "object": {"avg_spl": 0.38817557218540977, "avg_sr": 0.5808823529411765, "count": 136}, "region": {"avg_spl": 0.2417957293207808, "avg_sr": 0.3939393939393939, "count": 165}, "room": {"avg_spl": 0.2820651583735266, "avg_sr": 0.5, "count": 144}}
Elapsed 21:47:48 [Metrics] sequence count: 570, invalid_count: 0, follower_error_count: 7, avg_sr: 0.442105, avg_spl: 0.264971

=== Episode ===: 14it [2:15:57, 625.67s/it][AElapsed 21:47:52 

Begin to process [00813-svBbv1Pavdk_sequence_14_0] type: [instance], Question: [glass flowerpot with green plant on glass dining table in kitchen near granite countertop island with stools and refrigerator]

Elapsed 21:47:52 Current start position is [     3.9826     0.02755      6.0875]
Elapsed 21:51:13 ===Episode_id 14 task_id 0 task_level=instance===
SR: True, SPL: 0.6455780351067925, Object category: flower vase, goal type: sequence===

Elapsed 21:51:13 [baseline] task_level=instance scene=00813-svBbv1Pavdk episode=14 task=0 sec=200.656
Elapsed 21:51:13 [BASELINE_LIVE_METRICS] rows=571 avg_sr=0.443082 avg_spl=0.265637 follower_error_count=7 levels=[object:n=136,sr=0.580882,spl=0.388176; room:n=144,sr=0.500000,spl=0.282065; region:n=165,sr=0.393939,spl=0.241796; instance:n=126,sr=0.293651,spl=0.145821] latest_scene=00813-svBbv1Pavdk latest_episode=14 latest_task=0 latest_level=instance by_level={"instance": {"avg_spl": 0.1458209061958887, "avg_sr": 0.29365079365079366, "count": 126}, "object": {"avg_spl": 0.38817557218540977, "avg_sr": 0.5808823529411765, "count": 136}, "region": {"avg_spl": 0.2417957293207808, "avg_sr": 0.3939393939393939, "count": 165}, "room": {"avg_spl": 0.2820651583735266, "avg_sr": 0.5, "count": 144}}
Elapsed 21:51:13 

Begin to process [00813-svBbv1Pavdk_sequence_14_1] type: [object], Question: [bathtub]

Elapsed 21:51:13 Current start position is [       2.47    0.027547      2.6927]
Elapsed 21:56:37 ===Episode_id 14 task_id 1 task_level=object===
SR: True, SPL: 0.43308209267675873, Object category: bathtub, goal type: sequence===

Elapsed 21:56:37 [baseline] task_level=object scene=00813-svBbv1Pavdk episode=14 task=1 sec=324.154
Elapsed 21:56:37 [BASELINE_LIVE_METRICS] rows=572 avg_sr=0.444056 avg_spl=0.265930 follower_error_count=7 levels=[object:n=137,sr=0.583942,spl=0.388503; room:n=144,sr=0.500000,spl=0.282065; region:n=165,sr=0.393939,spl=0.241796; instance:n=126,sr=0.293651,spl=0.145821] latest_scene=00813-svBbv1Pavdk latest_episode=14 latest_task=1 latest_level=object by_level={"instance": {"avg_spl": 0.1458209061958887, "avg_sr": 0.29365079365079366, "count": 126}, "object": {"avg_spl": 0.38850335700651445, "avg_sr": 0.583941605839416, "count": 137}, "region": {"avg_spl": 0.2417957293207808, "avg_sr": 0.3939393939393939, "count": 165}, "room": {"avg_spl": 0.2820651583735266, "avg_sr": 0.5, "count": 144}}
Elapsed 21:56:37 

Begin to process [00813-svBbv1Pavdk_sequence_14_2] type: [room], Question: [refrigerator in the kitchen]

Elapsed 21:56:37 Current start position is [     3.3636    0.027547     -2.7883]
Elapsed 21:57:15 ===Episode_id 14 task_id 2 task_level=room===
SR: True, SPL: 0.8222822971677524, Object category: refrigerator, goal type: sequence===

Elapsed 21:57:15 [baseline] task_level=room scene=00813-svBbv1Pavdk episode=14 task=2 sec=38.483
Elapsed 21:57:15 [BASELINE_LIVE_METRICS] rows=573 avg_sr=0.445026 avg_spl=0.266901 follower_error_count=7 levels=[object:n=137,sr=0.583942,spl=0.388503; room:n=145,sr=0.503448,spl=0.285791; region:n=165,sr=0.393939,spl=0.241796; instance:n=126,sr=0.293651,spl=0.145821] latest_scene=00813-svBbv1Pavdk latest_episode=14 latest_task=2 latest_level=room by_level={"instance": {"avg_spl": 0.1458209061958887, "avg_sr": 0.29365079365079366, "count": 126}, "object": {"avg_spl": 0.38850335700651445, "avg_sr": 0.583941605839416, "count": 137}, "region": {"avg_spl": 0.2417957293207808, "avg_sr": 0.3939393939393939, "count": 165}, "room": {"avg_spl": 0.28579079381348677, "avg_sr": 0.503448275862069, "count": 145}}
Elapsed 21:57:15 

Begin to process [00813-svBbv1Pavdk_sequence_14_3] type: [room], Question: [sink in the bathroom]

Elapsed 21:57:15 Current start position is [    0.26599    0.027547      4.0151]
Elapsed 21:57:58 ===Episode_id 14 task_id 3 task_level=room===
SR: False, SPL: 0.0, Object category: sink, goal type: sequence===

Elapsed 21:57:58 [baseline] task_level=room scene=00813-svBbv1Pavdk episode=14 task=3 sec=42.389
Elapsed 21:57:58 [BASELINE_LIVE_METRICS] rows=574 avg_sr=0.444251 avg_spl=0.266436 follower_error_count=7 levels=[object:n=137,sr=0.583942,spl=0.388503; room:n=146,sr=0.500000,spl=0.283833; region:n=165,sr=0.393939,spl=0.241796; instance:n=126,sr=0.293651,spl=0.145821] latest_scene=00813-svBbv1Pavdk latest_episode=14 latest_task=3 latest_level=room by_level={"instance": {"avg_spl": 0.1458209061958887, "avg_sr": 0.29365079365079366, "count": 126}, "object": {"avg_spl": 0.38850335700651445, "avg_sr": 0.583941605839416, "count": 137}, "region": {"avg_spl": 0.2417957293207808, "avg_sr": 0.3939393939393939, "count": 165}, "room": {"avg_spl": 0.28383332262298344, "avg_sr": 0.5, "count": 146}}
Elapsed 21:57:58 

Begin to process [00813-svBbv1Pavdk_sequence_14_4] type: [region], Question: [kitchen sink in the kitchen that has granite countertop kitchen island flanked by bar stools, glass dining table with vase centerpiece, black brushstroke painting, dark kitchen cabinets with marble countertop, microwave above stainless steel stove and oven, refrigerator]

Elapsed 21:57:58 Current start position is [     2.5518    0.027547      4.1675]
Elapsed 21:58:47 ===Episode_id 14 task_id 4 task_level=region===
SR: False, SPL: 0.0, Object category: kitchen sink, goal type: sequence===

Elapsed 21:58:47 [baseline] task_level=region scene=00813-svBbv1Pavdk episode=14 task=4 sec=49.392
Elapsed 21:58:47 [BASELINE_LIVE_METRICS] rows=575 avg_sr=0.443478 avg_spl=0.265973 follower_error_count=7 levels=[object:n=137,sr=0.583942,spl=0.388503; room:n=146,sr=0.500000,spl=0.283833; region:n=166,sr=0.391566,spl=0.240339; instance:n=126,sr=0.293651,spl=0.145821] latest_scene=00813-svBbv1Pavdk latest_episode=14 latest_task=4 latest_level=region by_level={"instance": {"avg_spl": 0.1458209061958887, "avg_sr": 0.29365079365079366, "count": 126}, "object": {"avg_spl": 0.38850335700651445, "avg_sr": 0.583941605839416, "count": 137}, "region": {"avg_spl": 0.24033912854173997, "avg_sr": 0.39156626506024095, "count": 166}, "room": {"avg_spl": 0.28383332262298344, "avg_sr": 0.5, "count": 146}}
Elapsed 21:58:47 [Metrics] sequence count: 575, invalid_count: 0, follower_error_count: 7, avg_sr: 0.443478, avg_spl: 0.265973

=== Episode ===: 15it [2:26:57, 635.90s/it][AElapsed 21:58:51 

Begin to process [00813-svBbv1Pavdk_sequence_15_0] type: [instance], Question: [white kitchen cabinet above cutting board on white countertop near glass dining table and refrigerator]

Elapsed 21:58:51 Current start position is [      7.161     0.02755      6.7325]
Elapsed 22:04:12 ===Episode_id 15 task_id 0 task_level=instance===
SR: True, SPL: 0.545718581972067, Object category: cabinet, goal type: sequence===

Elapsed 22:04:12 [baseline] task_level=instance scene=00813-svBbv1Pavdk episode=15 task=0 sec=320.505
Elapsed 22:04:12 [BASELINE_LIVE_METRICS] rows=576 avg_sr=0.444444 avg_spl=0.266458 follower_error_count=7 levels=[object:n=137,sr=0.583942,spl=0.388503; room:n=146,sr=0.500000,spl=0.283833; region:n=166,sr=0.391566,spl=0.240339; instance:n=127,sr=0.299213,spl=0.148970] latest_scene=00813-svBbv1Pavdk latest_episode=15 latest_task=0 latest_level=instance by_level={"instance": {"avg_spl": 0.14896970679255153, "avg_sr": 0.2992125984251969, "count": 127}, "object": {"avg_spl": 0.38850335700651445, "avg_sr": 0.583941605839416, "count": 137}, "region": {"avg_spl": 0.24033912854173997, "avg_sr": 0.39156626506024095, "count": 166}, "room": {"avg_spl": 0.28383332262298344, "avg_sr": 0.5, "count": 146}}
Elapsed 22:04:12 

Begin to process [00813-svBbv1Pavdk_sequence_15_1] type: [object], Question: [cabinet]

Elapsed 22:04:12 Current start position is [    0.10742    0.027547       2.044]
Elapsed 22:04:42 ===Episode_id 15 task_id 1 task_level=object===
SR: True, SPL: 0.010110673294791175, Object category: cabinet, goal type: sequence===

Elapsed 22:04:42 [baseline] task_level=object scene=00813-svBbv1Pavdk episode=15 task=1 sec=30.255
Elapsed 22:04:42 [BASELINE_LIVE_METRICS] rows=577 avg_sr=0.445407 avg_spl=0.266014 follower_error_count=7 levels=[object:n=138,sr=0.586957,spl=0.385761; room:n=146,sr=0.500000,spl=0.283833; region:n=166,sr=0.391566,spl=0.240339; instance:n=127,sr=0.299213,spl=0.148970] latest_scene=00813-svBbv1Pavdk latest_episode=15 latest_task=1 latest_level=object by_level={"instance": {"avg_spl": 0.14896970679255153, "avg_sr": 0.2992125984251969, "count": 127}, "object": {"avg_spl": 0.38576138103758895, "avg_sr": 0.5869565217391305, "count": 138}, "region": {"avg_spl": 0.24033912854173997, "avg_sr": 0.39156626506024095, "count": 166}, "room": {"avg_spl": 0.28383332262298344, "avg_sr": 0.5, "count": 146}}
Elapsed 22:04:42 

Begin to process [00813-svBbv1Pavdk_sequence_15_2] type: [room], Question: [kitchen sink in the kitchen]

Elapsed 22:04:42 Current start position is [     7.8966    0.027547      3.1304]
Elapsed 22:05:07 ===Episode_id 15 task_id 2 task_level=room===
SR: True, SPL: 0.5955072923355784, Object category: kitchen sink, goal type: sequence===

Elapsed 22:05:07 [baseline] task_level=room scene=00813-svBbv1Pavdk episode=15 task=2 sec=24.496
Elapsed 22:05:07 [BASELINE_LIVE_METRICS] rows=578 avg_sr=0.446367 avg_spl=0.266584 follower_error_count=7 levels=[object:n=138,sr=0.586957,spl=0.385761; room:n=147,sr=0.503401,spl=0.285954; region:n=166,sr=0.391566,spl=0.240339; instance:n=127,sr=0.299213,spl=0.148970] latest_scene=00813-svBbv1Pavdk latest_episode=15 latest_task=2 latest_level=room by_level={"instance": {"avg_spl": 0.14896970679255153, "avg_sr": 0.2992125984251969, "count": 127}, "object": {"avg_spl": 0.38576138103758895, "avg_sr": 0.5869565217391305, "count": 138}, "region": {"avg_spl": 0.24033912854173997, "avg_sr": 0.39156626506024095, "count": 166}, "room": {"avg_spl": 0.2859535537094636, "avg_sr": 0.5034013605442177, "count": 147}}
Elapsed 22:05:07 

Begin to process [00813-svBbv1Pavdk_sequence_15_3] type: [region], Question: [nightstand in the bedroom that has bed with white quilt, patterned blanket, and gray headboard beneath coastal landscape painting, nightstand with alarm clock and small potted plant, potted plant with large leaf in corner]

Elapsed 22:05:07 Current start position is [    0.79976    0.027547      3.5058]
Elapsed 22:13:38 ===Episode_id 15 task_id 3 task_level=region===
SR: False, SPL: 0.0, Object category: nightstand, goal type: sequence===

Elapsed 22:13:38 [baseline] task_level=region scene=00813-svBbv1Pavdk episode=15 task=3 sec=510.804
Elapsed 22:13:38 [BASELINE_LIVE_METRICS] rows=579 avg_sr=0.445596 avg_spl=0.266124 follower_error_count=7 levels=[object:n=138,sr=0.586957,spl=0.385761; room:n=147,sr=0.503401,spl=0.285954; region:n=167,sr=0.389222,spl=0.238900; instance:n=127,sr=0.299213,spl=0.148970] latest_scene=00813-svBbv1Pavdk latest_episode=15 latest_task=3 latest_level=region by_level={"instance": {"avg_spl": 0.14896970679255153, "avg_sr": 0.2992125984251969, "count": 127}, "object": {"avg_spl": 0.38576138103758895, "avg_sr": 0.5869565217391305, "count": 138}, "region": {"avg_spl": 0.2388999720834062, "avg_sr": 0.38922155688622756, "count": 167}, "room": {"avg_spl": 0.2859535537094636, "avg_sr": 0.5034013605442177, "count": 147}}
Elapsed 22:13:38 

Begin to process [00813-svBbv1Pavdk_sequence_15_4] type: [region], Question: [decoration in the bedroom that has bed with white quilt and brown headboard beneath abstract painting, nightstand with small potted plant, round chair with pillow by window]

Elapsed 22:13:38 Current start position is [     8.1357    0.027547      7.0462]
Elapsed 22:14:16 ===Episode_id 15 task_id 4 task_level=region===
SR: True, SPL: 0.624038797682733, Object category: decoration, goal type: sequence===

Elapsed 22:14:16 [baseline] task_level=region scene=00813-svBbv1Pavdk episode=15 task=4 sec=38.674
Elapsed 22:14:16 [BASELINE_LIVE_METRICS] rows=580 avg_sr=0.446552 avg_spl=0.266741 follower_error_count=7 levels=[object:n=138,sr=0.586957,spl=0.385761; room:n=147,sr=0.503401,spl=0.285954; region:n=168,sr=0.392857,spl=0.241192; instance:n=127,sr=0.299213,spl=0.148970] latest_scene=00813-svBbv1Pavdk latest_episode=15 latest_task=4 latest_level=region by_level={"instance": {"avg_spl": 0.14896970679255153, "avg_sr": 0.2992125984251969, "count": 127}, "object": {"avg_spl": 0.38576138103758895, "avg_sr": 0.5869565217391305, "count": 138}, "region": {"avg_spl": 0.24119246509292602, "avg_sr": 0.39285714285714285, "count": 168}, "room": {"avg_spl": 0.2859535537094636, "avg_sr": 0.5034013605442177, "count": 147}}
Elapsed 22:14:16 [Metrics] sequence count: 580, invalid_count: 0, follower_error_count: 7, avg_sr: 0.446552, avg_spl: 0.266741

=== Episode ===: 16it [2:42:26, 724.12s/it][AElapsed 22:14:20 

Begin to process [00813-svBbv1Pavdk_sequence_16_0] type: [instance], Question: [black stainless steel stove in kitchen near granite countertop island with stools, glass dining table, and refrigerator]

Elapsed 22:14:20 Current start position is [     7.4412     0.02755      6.0559]
Elapsed 22:16:53 ===Episode_id 16 task_id 0 task_level=instance===
SR: True, SPL: 0.6320741059903224, Object category: stove, goal type: sequence===

Elapsed 22:16:53 [baseline] task_level=instance scene=00813-svBbv1Pavdk episode=16 task=0 sec=153.753
Elapsed 22:16:53 [BASELINE_LIVE_METRICS] rows=581 avg_sr=0.447504 avg_spl=0.267370 follower_error_count=7 levels=[object:n=138,sr=0.586957,spl=0.385761; room:n=147,sr=0.503401,spl=0.285954; region:n=168,sr=0.392857,spl=0.241192; instance:n=128,sr=0.304688,spl=0.152744] latest_scene=00813-svBbv1Pavdk latest_episode=16 latest_task=0 latest_level=instance by_level={"instance": {"avg_spl": 0.15274395991128412, "avg_sr": 0.3046875, "count": 128}, "object": {"avg_spl": 0.38576138103758895, "avg_sr": 0.5869565217391305, "count": 138}, "region": {"avg_spl": 0.24119246509292602, "avg_sr": 0.39285714285714285, "count": 168}, "room": {"avg_spl": 0.2859535537094636, "avg_sr": 0.5034013605442177, "count": 147}}
Elapsed 22:16:53 

Begin to process [00813-svBbv1Pavdk_sequence_16_1] type: [region], Question: [flowerpot in the walk-in closet that has white shelves with potted plant, woven basket, hanging ironing board]

Elapsed 22:16:53 Current start position is [   0.054222    0.027547      2.6571]
Elapsed 22:22:22 ===Episode_id 16 task_id 1 task_level=region===
SR: False, SPL: 0.0, Object category: flowerpot, goal type: sequence===

Elapsed 22:22:22 [baseline] task_level=region scene=00813-svBbv1Pavdk episode=16 task=1 sec=328.506
Elapsed 22:22:22 [BASELINE_LIVE_METRICS] rows=582 avg_sr=0.446735 avg_spl=0.266910 follower_error_count=7 levels=[object:n=138,sr=0.586957,spl=0.385761; room:n=147,sr=0.503401,spl=0.285954; region:n=169,sr=0.390533,spl=0.239765; instance:n=128,sr=0.304688,spl=0.152744] latest_scene=00813-svBbv1Pavdk latest_episode=16 latest_task=1 latest_level=region by_level={"instance": {"avg_spl": 0.15274395991128412, "avg_sr": 0.3046875, "count": 128}, "object": {"avg_spl": 0.38576138103758895, "avg_sr": 0.5869565217391305, "count": 138}, "region": {"avg_spl": 0.23976529074326372, "avg_sr": 0.3905325443786982, "count": 169}, "room": {"avg_spl": 0.2859535537094636, "avg_sr": 0.5034013605442177, "count": 147}}
Elapsed 22:22:22 

Begin to process [00813-svBbv1Pavdk_sequence_16_2] type: [room], Question: [flowerpot in the living room]

Elapsed 22:22:22 Current start position is [     3.5513    0.027547    -0.21126]
Elapsed 22:22:59 ===Episode_id 16 task_id 2 task_level=room===
SR: False, SPL: 0.0, Object category: flowerpot, goal type: sequence===

Elapsed 22:22:59 [baseline] task_level=room scene=00813-svBbv1Pavdk episode=16 task=2 sec=36.546
Elapsed 22:22:59 [BASELINE_LIVE_METRICS] rows=583 avg_sr=0.445969 avg_spl=0.266452 follower_error_count=7 levels=[object:n=138,sr=0.586957,spl=0.385761; room:n=148,sr=0.500000,spl=0.284021; region:n=169,sr=0.390533,spl=0.239765; instance:n=128,sr=0.304688,spl=0.152744] latest_scene=00813-svBbv1Pavdk latest_episode=16 latest_task=2 latest_level=room by_level={"instance": {"avg_spl": 0.15274395991128412, "avg_sr": 0.3046875, "count": 128}, "object": {"avg_spl": 0.38576138103758895, "avg_sr": 0.5869565217391305, "count": 138}, "region": {"avg_spl": 0.23976529074326372, "avg_sr": 0.3905325443786982, "count": 169}, "room": {"avg_spl": 0.2840214351033186, "avg_sr": 0.5, "count": 148}}
Elapsed 22:22:59 

Begin to process [00813-svBbv1Pavdk_sequence_16_3] type: [object], Question: [microwave]

Elapsed 22:22:59 Current start position is [     3.5513    0.027547    -0.21126]
Elapsed 22:23:36 ===Episode_id 16 task_id 3 task_level=object===
SR: True, SPL: 0.8072920544579656, Object category: microwave, goal type: sequence===

Elapsed 22:23:36 [baseline] task_level=object scene=00813-svBbv1Pavdk episode=16 task=3 sec=37.853
Elapsed 22:23:36 [BASELINE_LIVE_METRICS] rows=584 avg_sr=0.446918 avg_spl=0.267379 follower_error_count=7 levels=[object:n=139,sr=0.589928,spl=0.388794; room:n=148,sr=0.500000,spl=0.284021; region:n=169,sr=0.390533,spl=0.239765; instance:n=128,sr=0.304688,spl=0.152744] latest_scene=00813-svBbv1Pavdk latest_episode=16 latest_task=3 latest_level=object by_level={"instance": {"avg_spl": 0.15274395991128412, "avg_sr": 0.3046875, "count": 128}, "object": {"avg_spl": 0.38879397581039743, "avg_sr": 0.5899280575539568, "count": 139}, "region": {"avg_spl": 0.23976529074326372, "avg_sr": 0.3905325443786982, "count": 169}, "room": {"avg_spl": 0.2840214351033186, "avg_sr": 0.5, "count": 148}}
Elapsed 22:23:36 

Begin to process [00813-svBbv1Pavdk_sequence_16_4] type: [region], Question: [flowerpot in the bedroom that has bed with white quilt, patterned blanket, and gray headboard beneath coastal landscape painting, nightstand with alarm clock and small potted plant, potted plant with large leaf in corner]

Elapsed 22:23:36 Current start position is [   0.049942    0.027547      2.3675]
Elapsed 22:25:11 ===Episode_id 16 task_id 4 task_level=region===
SR: False, SPL: 0.0, Object category: flowerpot, goal type: sequence===

Elapsed 22:25:11 [baseline] task_level=region scene=00813-svBbv1Pavdk episode=16 task=4 sec=94.112
Elapsed 22:25:11 [BASELINE_LIVE_METRICS] rows=585 avg_sr=0.446154 avg_spl=0.266922 follower_error_count=7 levels=[object:n=139,sr=0.589928,spl=0.388794; room:n=148,sr=0.500000,spl=0.284021; region:n=170,sr=0.388235,spl=0.238355; instance:n=128,sr=0.304688,spl=0.152744] latest_scene=00813-svBbv1Pavdk latest_episode=16 latest_task=4 latest_level=region by_level={"instance": {"avg_spl": 0.15274395991128412, "avg_sr": 0.3046875, "count": 128}, "object": {"avg_spl": 0.38879397581039743, "avg_sr": 0.5899280575539568, "count": 139}, "region": {"avg_spl": 0.23835490668006806, "avg_sr": 0.38823529411764707, "count": 170}, "room": {"avg_spl": 0.2840214351033186, "avg_sr": 0.5, "count": 148}}
Elapsed 22:25:11 [Metrics] sequence count: 585, invalid_count: 0, follower_error_count: 7, avg_sr: 0.446154, avg_spl: 0.266922

=== Episode ===: 17it [2:53:20, 703.11s/it][AElapsed 22:25:15 

Begin to process [00813-svBbv1Pavdk_sequence_17_0] type: [instance], Question: [dark kitchen cabinet with white countertop and drink directly left of stove in kitchen near glass dining table and refrigerator]

Elapsed 22:25:15 Current start position is [     8.0438     0.02755      5.5205]
Elapsed 22:27:08 ===Episode_id 17 task_id 0 task_level=instance===
SR: True, SPL: 0.8609237625829101, Object category: cabinet, goal type: sequence===

Elapsed 22:27:08 [baseline] task_level=instance scene=00813-svBbv1Pavdk episode=17 task=0 sec=113.286
Elapsed 22:27:08 [BASELINE_LIVE_METRICS] rows=586 avg_sr=0.447099 avg_spl=0.267935 follower_error_count=7 levels=[object:n=139,sr=0.589928,spl=0.388794; room:n=148,sr=0.500000,spl=0.284021; region:n=170,sr=0.388235,spl=0.238355; instance:n=129,sr=0.310078,spl=0.158234] latest_scene=00813-svBbv1Pavdk latest_episode=17 latest_task=0 latest_level=instance by_level={"instance": {"avg_spl": 0.15823372582346726, "avg_sr": 0.31007751937984496, "count": 129}, "object": {"avg_spl": 0.38879397581039743, "avg_sr": 0.5899280575539568, "count": 139}, "region": {"avg_spl": 0.23835490668006806, "avg_sr": 0.38823529411764707, "count": 170}, "room": {"avg_spl": 0.2840214351033186, "avg_sr": 0.5, "count": 148}}
Elapsed 22:27:08 

Begin to process [00813-svBbv1Pavdk_sequence_17_1] type: [region], Question: [bathtub in the bathroom that has toilet below botanical leaf print, bathtub with white shower curtain, white single-sink vanity]

Elapsed 22:27:08 Current start position is [   0.099132    0.027547      2.2525]
Elapsed 22:30:19 ===Episode_id 17 task_id 1 task_level=region===
SR: True, SPL: 0.30672409793792715, Object category: bathtub, goal type: sequence===

Elapsed 22:30:19 [baseline] task_level=region scene=00813-svBbv1Pavdk episode=17 task=1 sec=191.432
Elapsed 22:30:19 [BASELINE_LIVE_METRICS] rows=587 avg_sr=0.448041 avg_spl=0.268001 follower_error_count=7 levels=[object:n=139,sr=0.589928,spl=0.388794; room:n=148,sr=0.500000,spl=0.284021; region:n=171,sr=0.391813,spl=0.238755; instance:n=129,sr=0.310078,spl=0.158234] latest_scene=00813-svBbv1Pavdk latest_episode=17 latest_task=1 latest_level=region by_level={"instance": {"avg_spl": 0.15823372582346726, "avg_sr": 0.31007751937984496, "count": 129}, "object": {"avg_spl": 0.38879397581039743, "avg_sr": 0.5899280575539568, "count": 139}, "region": {"avg_spl": 0.23875472651198537, "avg_sr": 0.391812865497076, "count": 171}, "room": {"avg_spl": 0.2840214351033186, "avg_sr": 0.5, "count": 148}}
Elapsed 22:30:19 

Begin to process [00813-svBbv1Pavdk_sequence_17_2] type: [object], Question: [worktop]

Elapsed 22:30:19 Current start position is [     3.4323    0.027547     -2.7964]
Elapsed 22:30:48 ===Episode_id 17 task_id 2 task_level=object===
SR: True, SPL: 0.700910308362746, Object category: worktop, goal type: sequence===

Elapsed 22:30:48 [baseline] task_level=object scene=00813-svBbv1Pavdk episode=17 task=2 sec=28.256
Elapsed 22:30:48 [BASELINE_LIVE_METRICS] rows=588 avg_sr=0.448980 avg_spl=0.268738 follower_error_count=7 levels=[object:n=140,sr=0.592857,spl=0.391023; room:n=148,sr=0.500000,spl=0.284021; region:n=171,sr=0.391813,spl=0.238755; instance:n=129,sr=0.310078,spl=0.158234] latest_scene=00813-svBbv1Pavdk latest_episode=17 latest_task=2 latest_level=object by_level={"instance": {"avg_spl": 0.15823372582346726, "avg_sr": 0.31007751937984496, "count": 129}, "object": {"avg_spl": 0.3910233781857713, "avg_sr": 0.5928571428571429, "count": 140}, "region": {"avg_spl": 0.23875472651198537, "avg_sr": 0.391812865497076, "count": 171}, "room": {"avg_spl": 0.2840214351033186, "avg_sr": 0.5, "count": 148}}
Elapsed 22:30:48 

Begin to process [00813-svBbv1Pavdk_sequence_17_3] type: [object], Question: [toilet]

Elapsed 22:30:48 Current start position is [     2.3331    0.027547      3.3787]
Elapsed 22:31:20 ===Episode_id 17 task_id 3 task_level=object===
SR: False, SPL: 0.0, Object category: toilet, goal type: sequence===

Elapsed 22:31:20 [baseline] task_level=object scene=00813-svBbv1Pavdk episode=17 task=3 sec=32.521
Elapsed 22:31:20 [BASELINE_LIVE_METRICS] rows=589 avg_sr=0.448217 avg_spl=0.268281 follower_error_count=7 levels=[object:n=141,sr=0.588652,spl=0.388250; room:n=148,sr=0.500000,spl=0.284021; region:n=171,sr=0.391813,spl=0.238755; instance:n=129,sr=0.310078,spl=0.158234] latest_scene=00813-svBbv1Pavdk latest_episode=17 latest_task=3 latest_level=object by_level={"instance": {"avg_spl": 0.15823372582346726, "avg_sr": 0.31007751937984496, "count": 129}, "object": {"avg_spl": 0.3882501627376453, "avg_sr": 0.5886524822695035, "count": 141}, "region": {"avg_spl": 0.23875472651198537, "avg_sr": 0.391812865497076, "count": 171}, "room": {"avg_spl": 0.2840214351033186, "avg_sr": 0.5, "count": 148}}
Elapsed 22:31:20 

Begin to process [00813-svBbv1Pavdk_sequence_17_4] type: [object], Question: [stove]

Elapsed 22:31:20 Current start position is [      3.955    0.027547      6.3137]
Elapsed 22:31:45 ===Episode_id 17 task_id 4 task_level=object===
SR: True, SPL: 0.8841689937444976, Object category: stove, goal type: sequence===

Elapsed 22:31:45 [baseline] task_level=object scene=00813-svBbv1Pavdk episode=17 task=4 sec=24.731
Elapsed 22:31:45 [BASELINE_LIVE_METRICS] rows=590 avg_sr=0.449153 avg_spl=0.269325 follower_error_count=7 levels=[object:n=142,sr=0.591549,spl=0.391743; room:n=148,sr=0.500000,spl=0.284021; region:n=171,sr=0.391813,spl=0.238755; instance:n=129,sr=0.310078,spl=0.158234] latest_scene=00813-svBbv1Pavdk latest_episode=17 latest_task=4 latest_level=object by_level={"instance": {"avg_spl": 0.15823372582346726, "avg_sr": 0.31007751937984496, "count": 129}, "object": {"avg_spl": 0.39174254887149634, "avg_sr": 0.5915492957746479, "count": 142}, "region": {"avg_spl": 0.23875472651198537, "avg_sr": 0.391812865497076, "count": 171}, "room": {"avg_spl": 0.2840214351033186, "avg_sr": 0.5, "count": 148}}
Elapsed 22:31:45 [Metrics] sequence count: 590, invalid_count: 0, follower_error_count: 7, avg_sr: 0.449153, avg_spl: 0.269325

=== Episode ===: 18it [2:59:54, 610.38s/it][AElapsed 22:31:49 

Begin to process [00813-svBbv1Pavdk_sequence_18_0] type: [instance], Question: [dark kitchen cabinet with white countertop and cutting board directly right of stove in kitchen near glass dining table and refrigerator]

Elapsed 22:31:49 Current start position is [     8.6699     0.02755      5.1045]
Elapsed 22:34:02 ===Episode_id 18 task_id 0 task_level=instance===
SR: True, SPL: 0.8248165420370639, Object category: cabinet, goal type: sequence===

Elapsed 22:34:02 [baseline] task_level=instance scene=00813-svBbv1Pavdk episode=18 task=0 sec=132.265
Elapsed 22:34:02 [BASELINE_LIVE_METRICS] rows=591 avg_sr=0.450085 avg_spl=0.270265 follower_error_count=7 levels=[object:n=142,sr=0.591549,spl=0.391743; room:n=148,sr=0.500000,spl=0.284021; region:n=171,sr=0.391813,spl=0.238755; instance:n=130,sr=0.315385,spl=0.163361] latest_scene=00813-svBbv1Pavdk latest_episode=18 latest_task=0 latest_level=instance by_level={"instance": {"avg_spl": 0.16336128594818722, "avg_sr": 0.3153846153846154, "count": 130}, "object": {"avg_spl": 0.39174254887149634, "avg_sr": 0.5915492957746479, "count": 142}, "region": {"avg_spl": 0.23875472651198537, "avg_sr": 0.391812865497076, "count": 171}, "room": {"avg_spl": 0.2840214351033186, "avg_sr": 0.5, "count": 148}}
Elapsed 22:34:02 

Begin to process [00813-svBbv1Pavdk_sequence_18_1] type: [object], Question: [shower curtain]

Elapsed 22:34:02 Current start position is [    0.16935    0.027547      2.4234]
Elapsed 22:34:22 ===Episode_id 18 task_id 1 task_level=object===
SR: False, SPL: 0.0, Object category: shower curtain, goal type: sequence===

Elapsed 22:34:22 [baseline] task_level=object scene=00813-svBbv1Pavdk episode=18 task=1 sec=20.112
Elapsed 22:34:22 [BASELINE_LIVE_METRICS] rows=592 avg_sr=0.449324 avg_spl=0.269809 follower_error_count=7 levels=[object:n=143,sr=0.587413,spl=0.389003; room:n=148,sr=0.500000,spl=0.284021; region:n=171,sr=0.391813,spl=0.238755; instance:n=130,sr=0.315385,spl=0.163361] latest_scene=00813-svBbv1Pavdk latest_episode=18 latest_task=1 latest_level=object by_level={"instance": {"avg_spl": 0.16336128594818722, "avg_sr": 0.3153846153846154, "count": 130}, "object": {"avg_spl": 0.3890030904877796, "avg_sr": 0.5874125874125874, "count": 143}, "region": {"avg_spl": 0.23875472651198537, "avg_sr": 0.391812865497076, "count": 171}, "room": {"avg_spl": 0.2840214351033186, "avg_sr": 0.5, "count": 148}}
Elapsed 22:34:22 

Begin to process [00813-svBbv1Pavdk_sequence_18_2] type: [region], Question: [picture in the kitchen that has granite countertop kitchen island flanked by bar stools, glass dining table with vase centerpiece, black brushstroke painting, dark kitchen cabinets with marble countertop, microwave above stainless steel stove and oven, refrigerator]

Elapsed 22:34:22 Current start position is [    0.69953    0.027547      5.8245]
Elapsed 22:34:40 ===Episode_id 18 task_id 2 task_level=region===
SR: False, SPL: 0.0, Object category: picture, goal type: sequence===

Elapsed 22:34:40 [baseline] task_level=region scene=00813-svBbv1Pavdk episode=18 task=2 sec=18.114
Elapsed 22:34:40 [BASELINE_LIVE_METRICS] rows=593 avg_sr=0.448567 avg_spl=0.269354 follower_error_count=7 levels=[object:n=143,sr=0.587413,spl=0.389003; room:n=148,sr=0.500000,spl=0.284021; region:n=172,sr=0.389535,spl=0.237367; instance:n=130,sr=0.315385,spl=0.163361] latest_scene=00813-svBbv1Pavdk latest_episode=18 latest_task=2 latest_level=region by_level={"instance": {"avg_spl": 0.16336128594818722, "avg_sr": 0.3153846153846154, "count": 130}, "object": {"avg_spl": 0.3890030904877796, "avg_sr": 0.5874125874125874, "count": 143}, "region": {"avg_spl": 0.2373666176369157, "avg_sr": 0.38953488372093026, "count": 172}, "room": {"avg_spl": 0.2840214351033186, "avg_sr": 0.5, "count": 148}}
Elapsed 22:34:40 

Begin to process [00813-svBbv1Pavdk_sequence_18_3] type: [room], Question: [bath cabinet in the bathroom]

Elapsed 22:34:40 Current start position is [    0.16935    0.027547      2.4234]
Elapsed 22:35:01 ===Episode_id 18 task_id 3 task_level=room===
SR: False, SPL: 0.0, Object category: bath cabinet, goal type: sequence===

Elapsed 22:35:01 [baseline] task_level=room scene=00813-svBbv1Pavdk episode=18 task=3 sec=21.448
Elapsed 22:35:02 [BASELINE_LIVE_METRICS] rows=594 avg_sr=0.447811 avg_spl=0.268900 follower_error_count=7 levels=[object:n=143,sr=0.587413,spl=0.389003; room:n=149,sr=0.496644,spl=0.282115; region:n=172,sr=0.389535,spl=0.237367; instance:n=130,sr=0.315385,spl=0.163361] latest_scene=00813-svBbv1Pavdk latest_episode=18 latest_task=3 latest_level=room by_level={"instance": {"avg_spl": 0.16336128594818722, "avg_sr": 0.3153846153846154, "count": 130}, "object": {"avg_spl": 0.3890030904877796, "avg_sr": 0.5874125874125874, "count": 143}, "region": {"avg_spl": 0.2373666176369157, "avg_sr": 0.38953488372093026, "count": 172}, "room": {"avg_spl": 0.2821152509751084, "avg_sr": 0.4966442953020134, "count": 149}}
Elapsed 22:35:02 

Begin to process [00813-svBbv1Pavdk_sequence_18_4] type: [region], Question: [plant in the living room that has gray couch with beige and brown pillows beneath white-and-black wall painting, glass coffee table on gray rug, TV on white stand beside potted plant and woven basket]

Elapsed 22:35:02 Current start position is [     0.6099    0.027547      6.5463]
Elapsed 22:35:53 ===Episode_id 18 task_id 4 task_level=region===
SR: True, SPL: 0.8865305542049466, Object category: plant, goal type: sequence===

Elapsed 22:35:53 [baseline] task_level=region scene=00813-svBbv1Pavdk episode=18 task=4 sec=51.688
Elapsed 22:35:53 [BASELINE_LIVE_METRICS] rows=595 avg_sr=0.448739 avg_spl=0.269938 follower_error_count=7 levels=[object:n=143,sr=0.587413,spl=0.389003; room:n=149,sr=0.496644,spl=0.282115; region:n=173,sr=0.393064,spl=0.241119; instance:n=130,sr=0.315385,spl=0.163361] latest_scene=00813-svBbv1Pavdk latest_episode=18 latest_task=4 latest_level=region by_level={"instance": {"avg_spl": 0.16336128594818722, "avg_sr": 0.3153846153846154, "count": 130}, "object": {"avg_spl": 0.3890030904877796, "avg_sr": 0.5874125874125874, "count": 143}, "region": {"avg_spl": 0.24111901033384073, "avg_sr": 0.3930635838150289, "count": 173}, "room": {"avg_spl": 0.2821152509751084, "avg_sr": 0.4966442953020134, "count": 149}}
Elapsed 22:35:53 [Metrics] sequence count: 595, invalid_count: 0, follower_error_count: 7, avg_sr: 0.448739, avg_spl: 0.269938

=== Episode ===: 19it [3:04:03, 501.59s/it][AElapsed 22:35:58 

Begin to process [00813-svBbv1Pavdk_sequence_19_0] type: [instance], Question: [tall plant with dried branches in dark flowerpot in kitchen with glass dining table and refrigerator]

Elapsed 22:35:58 Current start position is [     5.3698     0.02755      6.4117]
Elapsed 22:38:29 ===Episode_id 19 task_id 0 task_level=instance===
SR: False, SPL: 0.0, Object category: plant, goal type: sequence===

Elapsed 22:38:29 [baseline] task_level=instance scene=00813-svBbv1Pavdk episode=19 task=0 sec=151.611
Elapsed 22:38:29 [BASELINE_LIVE_METRICS] rows=596 avg_sr=0.447987 avg_spl=0.269485 follower_error_count=7 levels=[object:n=143,sr=0.587413,spl=0.389003; room:n=149,sr=0.496644,spl=0.282115; region:n=173,sr=0.393064,spl=0.241119; instance:n=131,sr=0.312977,spl=0.162114] latest_scene=00813-svBbv1Pavdk latest_episode=19 latest_task=0 latest_level=instance by_level={"instance": {"avg_spl": 0.1621142532310255, "avg_sr": 0.31297709923664124, "count": 131}, "object": {"avg_spl": 0.3890030904877796, "avg_sr": 0.5874125874125874, "count": 143}, "region": {"avg_spl": 0.24111901033384073, "avg_sr": 0.3930635838150289, "count": 173}, "room": {"avg_spl": 0.2821152509751084, "avg_sr": 0.4966442953020134, "count": 149}}
Elapsed 22:38:29 

Begin to process [00813-svBbv1Pavdk_sequence_19_1] type: [object], Question: [decoration]

Elapsed 22:38:29 Current start position is [     5.9951    0.027547      0.1227]
Elapsed 22:38:52 ===Episode_id 19 task_id 1 task_level=object===
SR: True, SPL: 0.4248832739131808, Object category: decoration, goal type: sequence===

Elapsed 22:38:52 [baseline] task_level=object scene=00813-svBbv1Pavdk episode=19 task=1 sec=22.769
Elapsed 22:38:52 [BASELINE_LIVE_METRICS] rows=597 avg_sr=0.448911 avg_spl=0.269745 follower_error_count=7 levels=[object:n=144,sr=0.590278,spl=0.389252; room:n=149,sr=0.496644,spl=0.282115; region:n=173,sr=0.393064,spl=0.241119; instance:n=131,sr=0.312977,spl=0.162114] latest_scene=00813-svBbv1Pavdk latest_episode=19 latest_task=1 latest_level=object by_level={"instance": {"avg_spl": 0.1621142532310255, "avg_sr": 0.31297709923664124, "count": 131}, "object": {"avg_spl": 0.38925225842823374, "avg_sr": 0.5902777777777778, "count": 144}, "region": {"avg_spl": 0.24111901033384073, "avg_sr": 0.3930635838150289, "count": 173}, "room": {"avg_spl": 0.2821152509751084, "avg_sr": 0.4966442953020134, "count": 149}}
Elapsed 22:38:52 

Begin to process [00813-svBbv1Pavdk_sequence_19_2] type: [object], Question: [kitchen sink]

Elapsed 22:38:52 Current start position is [     9.3906    0.027547      4.4904]
Elapsed 22:39:12 ===Episode_id 19 task_id 2 task_level=object===
SR: True, SPL: 0.5755387229065227, Object category: kitchen sink, goal type: sequence===

Elapsed 22:39:12 [baseline] task_level=object scene=00813-svBbv1Pavdk episode=19 task=2 sec=19.899
Elapsed 22:39:12 [BASELINE_LIVE_METRICS] rows=598 avg_sr=0.449833 avg_spl=0.270257 follower_error_count=7 levels=[object:n=145,sr=0.593103,spl=0.390537; room:n=149,sr=0.496644,spl=0.282115; region:n=173,sr=0.393064,spl=0.241119; instance:n=131,sr=0.312977,spl=0.162114] latest_scene=00813-svBbv1Pavdk latest_episode=19 latest_task=2 latest_level=object by_level={"instance": {"avg_spl": 0.1621142532310255, "avg_sr": 0.31297709923664124, "count": 131}, "object": {"avg_spl": 0.39053699266601505, "avg_sr": 0.593103448275862, "count": 145}, "region": {"avg_spl": 0.24111901033384073, "avg_sr": 0.3930635838150289, "count": 173}, "room": {"avg_spl": 0.2821152509751084, "avg_sr": 0.4966442953020134, "count": 149}}
Elapsed 22:39:12 

Begin to process [00813-svBbv1Pavdk_sequence_19_3] type: [room], Question: [couch in the living room]

Elapsed 22:39:12 Current start position is [    0.81348    0.027547      3.3032]
Elapsed 22:39:36 ===Episode_id 19 task_id 3 task_level=room===
SR: True, SPL: 0.4873739418091471, Object category: couch, goal type: sequence===

Elapsed 22:39:36 [baseline] task_level=room scene=00813-svBbv1Pavdk episode=19 task=3 sec=23.657
Elapsed 22:39:36 [BASELINE_LIVE_METRICS] rows=599 avg_sr=0.450751 avg_spl=0.270619 follower_error_count=7 levels=[object:n=145,sr=0.593103,spl=0.390537; room:n=150,sr=0.500000,spl=0.283484; region:n=173,sr=0.393064,spl=0.241119; instance:n=131,sr=0.312977,spl=0.162114] latest_scene=00813-svBbv1Pavdk latest_episode=19 latest_task=3 latest_level=room by_level={"instance": {"avg_spl": 0.1621142532310255, "avg_sr": 0.31297709923664124, "count": 131}, "object": {"avg_spl": 0.39053699266601505, "avg_sr": 0.593103448275862, "count": 145}, "region": {"avg_spl": 0.24111901033384073, "avg_sr": 0.3930635838150289, "count": 173}, "room": {"avg_spl": 0.28348364224733535, "avg_sr": 0.5, "count": 150}}
Elapsed 22:39:36 

Begin to process [00813-svBbv1Pavdk_sequence_19_4] type: [room], Question: [flowerpot in the walk-in closet]

Elapsed 22:39:36 Current start position is [     7.4701    0.027547     0.96705]
Elapsed 22:40:00 ===Episode_id 19 task_id 4 task_level=room===
SR: False, SPL: 0.0, Object category: flowerpot, goal type: sequence===

Elapsed 22:40:00 [baseline] task_level=room scene=00813-svBbv1Pavdk episode=19 task=4 sec=23.885
Elapsed 22:40:00 [BASELINE_LIVE_METRICS] rows=600 avg_sr=0.450000 avg_spl=0.270168 follower_error_count=7 levels=[object:n=145,sr=0.593103,spl=0.390537; room:n=151,sr=0.496689,spl=0.281606; region:n=173,sr=0.393064,spl=0.241119; instance:n=131,sr=0.312977,spl=0.162114] latest_scene=00813-svBbv1Pavdk latest_episode=19 latest_task=4 latest_level=room by_level={"instance": {"avg_spl": 0.1621142532310255, "avg_sr": 0.31297709923664124, "count": 131}, "object": {"avg_spl": 0.39053699266601505, "avg_sr": 0.593103448275862, "count": 145}, "region": {"avg_spl": 0.24111901033384073, "avg_sr": 0.3930635838150289, "count": 173}, "room": {"avg_spl": 0.2816062671331146, "avg_sr": 0.4966887417218543, "count": 151}}
Elapsed 22:40:00 [Metrics] sequence count: 600, invalid_count: 0, follower_error_count: 7, avg_sr: 0.450000, avg_spl: 0.270168

=== Episode ===: 20it [3:08:09, 424.95s/it][A=== Episode ===: 20it [3:08:09, 564.47s/it]
Elapsed 22:40:00 [Metrics] sequence count: 600, invalid_count: 0, follower_error_count: 7, avg_sr: 0.450000, avg_spl: 0.270168
*** Scene ***:  86%|########5 | 6/7 [22:39:49<3:27:30, 12450.92s/it]Elapsed 22:40:00 




*************************** Processing 00814-p53SfW6mjZe.json.gz, Total Episode 20 ***************************

=== Episode ===: 0it [00:00, ?it/s][AElapsed 22:40:09 

Begin to process [00814-p53SfW6mjZe_sequence_0_0] type: [instance], Question: [small chalkboard with wooden frame in rec room beside table tennis table and board games on white wall]

Elapsed 22:40:09 Current start position is [    -12.282      2.8048     -4.9878]
Elapsed 22:41:44 ===Episode_id 0 task_id 0 task_level=instance===
SR: False, SPL: 0.0, Object category: board, goal type: sequence===

Elapsed 22:41:44 [baseline] task_level=instance scene=00814-p53SfW6mjZe episode=0 task=0 sec=95.062
Elapsed 22:41:44 [BASELINE_LIVE_METRICS] rows=601 avg_sr=0.449251 avg_spl=0.269719 follower_error_count=7 levels=[object:n=145,sr=0.593103,spl=0.390537; room:n=151,sr=0.496689,spl=0.281606; region:n=173,sr=0.393064,spl=0.241119; instance:n=132,sr=0.310606,spl=0.160886] latest_scene=00814-p53SfW6mjZe latest_episode=0 latest_task=0 latest_level=instance by_level={"instance": {"avg_spl": 0.16088611494897226, "avg_sr": 0.3106060606060606, "count": 132}, "object": {"avg_spl": 0.39053699266601505, "avg_sr": 0.593103448275862, "count": 145}, "region": {"avg_spl": 0.24111901033384073, "avg_sr": 0.3930635838150289, "count": 173}, "room": {"avg_spl": 0.2816062671331146, "avg_sr": 0.4966887417218543, "count": 151}}
Elapsed 22:41:44 

Begin to process [00814-p53SfW6mjZe_sequence_0_1] type: [object], Question: [bowl]

Elapsed 22:41:44 Current start position is [     -11.96      2.8048     -11.135]
Elapsed 22:42:00 ===Episode_id 0 task_id 1 task_level=object===
SR: False, SPL: 0.0, Object category: bowl, goal type: sequence===

Elapsed 22:42:00 [baseline] task_level=object scene=00814-p53SfW6mjZe episode=0 task=1 sec=16.169
Elapsed 22:42:00 [BASELINE_LIVE_METRICS] rows=602 avg_sr=0.448505 avg_spl=0.269271 follower_error_count=7 levels=[object:n=146,sr=0.589041,spl=0.387862; room:n=151,sr=0.496689,spl=0.281606; region:n=173,sr=0.393064,spl=0.241119; instance:n=132,sr=0.310606,spl=0.160886] latest_scene=00814-p53SfW6mjZe latest_episode=0 latest_task=1 latest_level=object by_level={"instance": {"avg_spl": 0.16088611494897226, "avg_sr": 0.3106060606060606, "count": 132}, "object": {"avg_spl": 0.3878620817573437, "avg_sr": 0.589041095890411, "count": 146}, "region": {"avg_spl": 0.24111901033384073, "avg_sr": 0.3930635838150289, "count": 173}, "room": {"avg_spl": 0.2816062671331146, "avg_sr": 0.4966887417218543, "count": 151}}
Elapsed 22:42:00 

Begin to process [00814-p53SfW6mjZe_sequence_0_2] type: [object], Question: [pool stick]

Elapsed 22:42:00 Current start position is [    -14.891      2.8801     -6.9693]
Elapsed 22:42:19 ===Episode_id 0 task_id 2 task_level=object===
SR: False, SPL: 0.0, Object category: pool stick, goal type: sequence===

Elapsed 22:42:19 [baseline] task_level=object scene=00814-p53SfW6mjZe episode=0 task=2 sec=18.693
Elapsed 22:42:19 [BASELINE_LIVE_METRICS] rows=603 avg_sr=0.447761 avg_spl=0.268824 follower_error_count=7 levels=[object:n=147,sr=0.585034,spl=0.385224; room:n=151,sr=0.496689,spl=0.281606; region:n=173,sr=0.393064,spl=0.241119; instance:n=132,sr=0.310606,spl=0.160886] latest_scene=00814-p53SfW6mjZe latest_episode=0 latest_task=2 latest_level=object by_level={"instance": {"avg_spl": 0.16088611494897226, "avg_sr": 0.3106060606060606, "count": 132}, "object": {"avg_spl": 0.3852235641943686, "avg_sr": 0.5850340136054422, "count": 147}, "region": {"avg_spl": 0.24111901033384073, "avg_sr": 0.3930635838150289, "count": 173}, "room": {"avg_spl": 0.2816062671331146, "avg_sr": 0.4966887417218543, "count": 151}}
Elapsed 22:42:19 

Begin to process [00814-p53SfW6mjZe_sequence_0_3] type: [region], Question: [tv in the living room that has L-shaped gray couch by red-top trunk and TV on low black lattice-front cabinet with wooden statue]

Elapsed 22:42:19 Current start position is [    -13.512      2.8048      3.4549]
Elapsed 22:43:14 ===Episode_id 0 task_id 3 task_level=region===
SR: True, SPL: 0.7899622117243911, Object category: tv, goal type: sequence===

Elapsed 22:43:14 [baseline] task_level=region scene=00814-p53SfW6mjZe episode=0 task=3 sec=54.882
Elapsed 22:43:14 [BASELINE_LIVE_METRICS] rows=604 avg_sr=0.448675 avg_spl=0.269687 follower_error_count=7 levels=[object:n=147,sr=0.585034,spl=0.385224; room:n=151,sr=0.496689,spl=0.281606; region:n=174,sr=0.396552,spl=0.244273; instance:n=132,sr=0.310606,spl=0.160886] latest_scene=00814-p53SfW6mjZe latest_episode=0 latest_task=3 latest_level=region by_level={"instance": {"avg_spl": 0.16088611494897226, "avg_sr": 0.3106060606060606, "count": 132}, "object": {"avg_spl": 0.3852235641943686, "avg_sr": 0.5850340136054422, "count": 147}, "region": {"avg_spl": 0.24427328160620024, "avg_sr": 0.39655172413793105, "count": 174}, "room": {"avg_spl": 0.2816062671331146, "avg_sr": 0.4966887417218543, "count": 151}}
Elapsed 22:43:14 

Begin to process [00814-p53SfW6mjZe_sequence_0_4] type: [region], Question: [shelf in the rec room that has table tennis table beside board games on white wall and wall cabinet between pool sticks]

Elapsed 22:43:14 Current start position is [    -11.443      2.8048     -3.3036]
Elapsed 22:46:17 ===Episode_id 0 task_id 4 task_level=region===
SR: True, SPL: 0.13795281595577033, Object category: shelf, goal type: sequence===

Elapsed 22:46:17 [baseline] task_level=region scene=00814-p53SfW6mjZe episode=0 task=4 sec=183.132
Elapsed 22:46:17 [BASELINE_LIVE_METRICS] rows=605 avg_sr=0.449587 avg_spl=0.269469 follower_error_count=7 levels=[object:n=147,sr=0.585034,spl=0.385224; room:n=151,sr=0.496689,spl=0.281606; region:n=175,sr=0.400000,spl=0.243666; instance:n=132,sr=0.310606,spl=0.160886] latest_scene=00814-p53SfW6mjZe latest_episode=0 latest_task=4 latest_level=region by_level={"instance": {"avg_spl": 0.16088611494897226, "avg_sr": 0.3106060606060606, "count": 132}, "object": {"avg_spl": 0.3852235641943686, "avg_sr": 0.5850340136054422, "count": 147}, "region": {"avg_spl": 0.24366573608819778, "avg_sr": 0.4, "count": 175}, "room": {"avg_spl": 0.2816062671331146, "avg_sr": 0.4966887417218543, "count": 151}}
Elapsed 22:46:17 [Metrics] sequence count: 605, invalid_count: 0, follower_error_count: 7, avg_sr: 0.449587, avg_spl: 0.269469

=== Episode ===: 1it [06:17, 377.31s/it][AElapsed 22:46:26 

Begin to process [00814-p53SfW6mjZe_sequence_1_0] type: [instance], Question: [dark wood shelf holding triangular metal frame beside pool sticks in rec room near table tennis table and board games on white wall]

Elapsed 22:46:26 Current start position is [    -16.217      2.8353     -4.4451]
Elapsed 22:52:18 ===Episode_id 1 task_id 0 task_level=instance===
SR: False, SPL: 0.0, Object category: shelf, goal type: sequence===

Elapsed 22:52:18 [baseline] task_level=instance scene=00814-p53SfW6mjZe episode=1 task=0 sec=352.129
Elapsed 22:52:18 [BASELINE_LIVE_METRICS] rows=606 avg_sr=0.448845 avg_spl=0.269025 follower_error_count=7 levels=[object:n=147,sr=0.585034,spl=0.385224; room:n=151,sr=0.496689,spl=0.281606; region:n=175,sr=0.400000,spl=0.243666; instance:n=133,sr=0.308271,spl=0.159676] latest_scene=00814-p53SfW6mjZe latest_episode=1 latest_task=0 latest_level=instance by_level={"instance": {"avg_spl": 0.15967644491176194, "avg_sr": 0.3082706766917293, "count": 133}, "object": {"avg_spl": 0.3852235641943686, "avg_sr": 0.5850340136054422, "count": 147}, "region": {"avg_spl": 0.24366573608819778, "avg_sr": 0.4, "count": 175}, "room": {"avg_spl": 0.2816062671331146, "avg_sr": 0.4966887417218543, "count": 151}}
Elapsed 22:52:18 

Begin to process [00814-p53SfW6mjZe_sequence_1_1] type: [object], Question: [bowl]

Elapsed 22:52:18 Current start position is [    -15.012      2.7666     -8.1832]
Elapsed 22:52:40 ===Episode_id 1 task_id 1 task_level=object===
SR: False, SPL: 0.0, Object category: bowl, goal type: sequence===

Elapsed 22:52:40 [baseline] task_level=object scene=00814-p53SfW6mjZe episode=1 task=1 sec=21.509
Elapsed 22:52:40 [BASELINE_LIVE_METRICS] rows=607 avg_sr=0.448105 avg_spl=0.268581 follower_error_count=7 levels=[object:n=148,sr=0.581081,spl=0.382621; room:n=151,sr=0.496689,spl=0.281606; region:n=175,sr=0.400000,spl=0.243666; instance:n=133,sr=0.308271,spl=0.159676] latest_scene=00814-p53SfW6mjZe latest_episode=1 latest_task=1 latest_level=object by_level={"instance": {"avg_spl": 0.15967644491176194, "avg_sr": 0.3082706766917293, "count": 133}, "object": {"avg_spl": 0.38262070227413636, "avg_sr": 0.581081081081081, "count": 148}, "region": {"avg_spl": 0.24366573608819778, "avg_sr": 0.4, "count": 175}, "room": {"avg_spl": 0.2816062671331146, "avg_sr": 0.4966887417218543, "count": 151}}
Elapsed 22:52:40 

Begin to process [00814-p53SfW6mjZe_sequence_1_2] type: [region], Question: [hat in the tie: hall & living room that has burgundy leather couch with wood coffee table by window, beach-jump photo, straw hat on railing, swirl print, and starburst print beside staircase downstairs]

Elapsed 22:52:40 Current start position is [     -13.62      2.7854     -7.7607]
Elapsed 22:53:08 ===Episode_id 1 task_id 2 task_level=region===
SR: False, SPL: 0.0, Object category: hat, goal type: sequence===

Elapsed 22:53:08 [baseline] task_level=region scene=00814-p53SfW6mjZe episode=1 task=2 sec=28.405
Elapsed 22:53:08 [BASELINE_LIVE_METRICS] rows=608 avg_sr=0.447368 avg_spl=0.268140 follower_error_count=7 levels=[object:n=148,sr=0.581081,spl=0.382621; room:n=151,sr=0.496689,spl=0.281606; region:n=176,sr=0.397727,spl=0.242281; instance:n=133,sr=0.308271,spl=0.159676] latest_scene=00814-p53SfW6mjZe latest_episode=1 latest_task=2 latest_level=region by_level={"instance": {"avg_spl": 0.15967644491176194, "avg_sr": 0.3082706766917293, "count": 133}, "object": {"avg_spl": 0.38262070227413636, "avg_sr": 0.581081081081081, "count": 148}, "region": {"avg_spl": 0.24228127167860575, "avg_sr": 0.3977272727272727, "count": 176}, "room": {"avg_spl": 0.2816062671331146, "avg_sr": 0.4966887417218543, "count": 151}}
Elapsed 22:53:08 

Begin to process [00814-p53SfW6mjZe_sequence_1_3] type: [object], Question: [couch]

Elapsed 22:53:08 Current start position is [    -15.376      2.8048       1.605]
Elapsed 22:53:38 ===Episode_id 1 task_id 3 task_level=object===
SR: True, SPL: 0.27139576545167693, Object category: couch, goal type: sequence===

Elapsed 22:53:38 [baseline] task_level=object scene=00814-p53SfW6mjZe episode=1 task=3 sec=29.255
Elapsed 22:53:38 [BASELINE_LIVE_METRICS] rows=609 avg_sr=0.448276 avg_spl=0.268145 follower_error_count=7 levels=[object:n=149,sr=0.583893,spl=0.381874; room:n=151,sr=0.496689,spl=0.281606; region:n=176,sr=0.397727,spl=0.242281; instance:n=133,sr=0.308271,spl=0.159676] latest_scene=00814-p53SfW6mjZe latest_episode=1 latest_task=3 latest_level=object by_level={"instance": {"avg_spl": 0.15967644491176194, "avg_sr": 0.3082706766917293, "count": 133}, "object": {"avg_spl": 0.3818742261880796, "avg_sr": 0.5838926174496645, "count": 149}, "region": {"avg_spl": 0.24228127167860575, "avg_sr": 0.3977272727272727, "count": 176}, "room": {"avg_spl": 0.2816062671331146, "avg_sr": 0.4966887417218543, "count": 151}}
Elapsed 22:53:38 

Begin to process [00814-p53SfW6mjZe_sequence_1_4] type: [object], Question: [toy]

Elapsed 22:53:38 Current start position is [     -12.91      2.8048     -2.8687]
Elapsed 22:54:08 ===Episode_id 1 task_id 4 task_level=object===
SR: False, SPL: 0.0, Object category: toy, goal type: sequence===

Elapsed 22:54:08 [baseline] task_level=object scene=00814-p53SfW6mjZe episode=1 task=4 sec=30.670
Elapsed 22:54:08 [BASELINE_LIVE_METRICS] rows=610 avg_sr=0.447541 avg_spl=0.267705 follower_error_count=7 levels=[object:n=150,sr=0.580000,spl=0.379328; room:n=151,sr=0.496689,spl=0.281606; region:n=176,sr=0.397727,spl=0.242281; instance:n=133,sr=0.308271,spl=0.159676] latest_scene=00814-p53SfW6mjZe latest_episode=1 latest_task=4 latest_level=object by_level={"instance": {"avg_spl": 0.15967644491176194, "avg_sr": 0.3082706766917293, "count": 133}, "object": {"avg_spl": 0.37932839801349244, "avg_sr": 0.58, "count": 150}, "region": {"avg_spl": 0.24228127167860575, "avg_sr": 0.3977272727272727, "count": 176}, "room": {"avg_spl": 0.2816062671331146, "avg_sr": 0.4966887417218543, "count": 151}}
Elapsed 22:54:08 [Metrics] sequence count: 610, invalid_count: 0, follower_error_count: 7, avg_sr: 0.447541, avg_spl: 0.267705

=== Episode ===: 2it [14:08, 432.66s/it][AElapsed 22:54:18 

Begin to process [00814-p53SfW6mjZe_sequence_2_0] type: [instance], Question: [right wooden pool stick with black handle in rec room with table tennis table]

Elapsed 22:54:18 Current start position is [      -15.2      2.8048      5.2144]
Elapsed 22:59:29 ===Episode_id 2 task_id 0 task_level=instance===
SR: False, SPL: 0.0, Object category: pool stick, goal type: sequence===

Elapsed 22:59:29 [baseline] task_level=instance scene=00814-p53SfW6mjZe episode=2 task=0 sec=311.564
Elapsed 22:59:29 [BASELINE_LIVE_METRICS] rows=611 avg_sr=0.446809 avg_spl=0.267267 follower_error_count=7 levels=[object:n=150,sr=0.580000,spl=0.379328; room:n=151,sr=0.496689,spl=0.281606; region:n=176,sr=0.397727,spl=0.242281; instance:n=134,sr=0.305970,spl=0.158485] latest_scene=00814-p53SfW6mjZe latest_episode=2 latest_task=0 latest_level=instance by_level={"instance": {"avg_spl": 0.15848482965122643, "avg_sr": 0.30597014925373134, "count": 134}, "object": {"avg_spl": 0.37932839801349244, "avg_sr": 0.58, "count": 150}, "region": {"avg_spl": 0.24228127167860575, "avg_sr": 0.3977272727272727, "count": 176}, "room": {"avg_spl": 0.2816062671331146, "avg_sr": 0.4966887417218543, "count": 151}}
Elapsed 22:59:29 

Begin to process [00814-p53SfW6mjZe_sequence_2_1] type: [room], Question: [bowl in the living room]

Elapsed 22:59:29 Current start position is [    -15.098      2.7717     -8.2014]
Elapsed 22:59:54 ===Episode_id 2 task_id 1 task_level=room===
SR: False, SPL: 0.0, Object category: bowl, goal type: sequence===

Elapsed 22:59:54 [baseline] task_level=room scene=00814-p53SfW6mjZe episode=2 task=1 sec=24.646
Elapsed 22:59:54 [BASELINE_LIVE_METRICS] rows=612 avg_sr=0.446078 avg_spl=0.266831 follower_error_count=7 levels=[object:n=150,sr=0.580000,spl=0.379328; room:n=152,sr=0.493421,spl=0.279754; region:n=176,sr=0.397727,spl=0.242281; instance:n=134,sr=0.305970,spl=0.158485] latest_scene=00814-p53SfW6mjZe latest_episode=2 latest_task=1 latest_level=room by_level={"instance": {"avg_spl": 0.15848482965122643, "avg_sr": 0.30597014925373134, "count": 134}, "object": {"avg_spl": 0.37932839801349244, "avg_sr": 0.58, "count": 150}, "region": {"avg_spl": 0.24228127167860575, "avg_sr": 0.3977272727272727, "count": 176}, "room": {"avg_spl": 0.2797535943230283, "avg_sr": 0.4934210526315789, "count": 152}}
Elapsed 22:59:54 

Begin to process [00814-p53SfW6mjZe_sequence_2_2] type: [object], Question: [tv]

Elapsed 22:59:54 Current start position is [    -11.276      2.8048     -2.0076]
Elapsed 23:00:21 ===Episode_id 2 task_id 2 task_level=object===
SR: True, SPL: 0.10082817895401529, Object category: tv, goal type: sequence===

Elapsed 23:00:21 [baseline] task_level=object scene=00814-p53SfW6mjZe episode=2 task=2 sec=27.208
Elapsed 23:00:21 [BASELINE_LIVE_METRICS] rows=613 avg_sr=0.446982 avg_spl=0.266560 follower_error_count=7 levels=[object:n=151,sr=0.582781,spl=0.377484; room:n=152,sr=0.493421,spl=0.279754; region:n=176,sr=0.397727,spl=0.242281; instance:n=134,sr=0.305970,spl=0.158485] latest_scene=00814-p53SfW6mjZe latest_episode=2 latest_task=2 latest_level=object by_level={"instance": {"avg_spl": 0.15848482965122643, "avg_sr": 0.30597014925373134, "count": 134}, "object": {"avg_spl": 0.37748402570184025, "avg_sr": 0.5827814569536424, "count": 151}, "region": {"avg_spl": 0.24228127167860575, "avg_sr": 0.3977272727272727, "count": 176}, "room": {"avg_spl": 0.2797535943230283, "avg_sr": 0.4934210526315789, "count": 152}}
Elapsed 23:00:21 

Begin to process [00814-p53SfW6mjZe_sequence_2_3] type: [region], Question: [coffee table in the tie: hall & living room that has burgundy leather couch with wood coffee table by window, beach-jump photo, straw hat on railing, swirl print, and starburst print beside staircase downstairs]

Elapsed 23:00:21 Current start position is [    -11.497      2.8048     -3.3786]
Elapsed 23:00:49 ===Episode_id 2 task_id 3 task_level=region===
SR: False, SPL: 0.0, Object category: coffee table, goal type: sequence===

Elapsed 23:00:49 [baseline] task_level=region scene=00814-p53SfW6mjZe episode=2 task=3 sec=27.563
Elapsed 23:00:49 [BASELINE_LIVE_METRICS] rows=614 avg_sr=0.446254 avg_spl=0.266126 follower_error_count=7 levels=[object:n=151,sr=0.582781,spl=0.377484; room:n=152,sr=0.493421,spl=0.279754; region:n=177,sr=0.395480,spl=0.240912; instance:n=134,sr=0.305970,spl=0.158485] latest_scene=00814-p53SfW6mjZe latest_episode=2 latest_task=3 latest_level=region by_level={"instance": {"avg_spl": 0.15848482965122643, "avg_sr": 0.30597014925373134, "count": 134}, "object": {"avg_spl": 0.37748402570184025, "avg_sr": 0.5827814569536424, "count": 151}, "region": {"avg_spl": 0.24091245093465882, "avg_sr": 0.3954802259887006, "count": 177}, "room": {"avg_spl": 0.2797535943230283, "avg_sr": 0.4934210526315789, "count": 152}}
Elapsed 23:00:49 

Begin to process [00814-p53SfW6mjZe_sequence_2_4] type: [region], Question: [cabinet in the rec room that has table tennis table beside board games on white wall and wall cabinet between pool sticks]

Elapsed 23:00:49 Current start position is [    -13.997      2.8048     -5.7624]
Elapsed 23:03:41 ===Episode_id 2 task_id 4 task_level=region===
SR: False, SPL: 0.0, Object category: cabinet, goal type: sequence===

Elapsed 23:03:41 [baseline] task_level=region scene=00814-p53SfW6mjZe episode=2 task=4 sec=172.225
Elapsed 23:03:41 [BASELINE_LIVE_METRICS] rows=615 avg_sr=0.445528 avg_spl=0.265693 follower_error_count=7 levels=[object:n=151,sr=0.582781,spl=0.377484; room:n=152,sr=0.493421,spl=0.279754; region:n=178,sr=0.393258,spl=0.239559; instance:n=134,sr=0.305970,spl=0.158485] latest_scene=00814-p53SfW6mjZe latest_episode=2 latest_task=4 latest_level=region by_level={"instance": {"avg_spl": 0.15848482965122643, "avg_sr": 0.30597014925373134, "count": 134}, "object": {"avg_spl": 0.37748402570184025, "avg_sr": 0.5827814569536424, "count": 151}, "region": {"avg_spl": 0.23955901019907086, "avg_sr": 0.39325842696629215, "count": 178}, "room": {"avg_spl": 0.2797535943230283, "avg_sr": 0.4934210526315789, "count": 152}}
Elapsed 23:03:41 [Metrics] sequence count: 615, invalid_count: 0, follower_error_count: 7, avg_sr: 0.445528, avg_spl: 0.265693

=== Episode ===: 3it [23:41, 496.60s/it][AElapsed 23:03:51 

Begin to process [00814-p53SfW6mjZe_sequence_3_0] type: [instance], Question: [wooden round bowl on wooden coffee table beside burgundy leather couch in tie: living room & hall near beach-jump photo and straw hat on railing]

Elapsed 23:03:51 Current start position is [    -14.779      2.8048     -10.682]
Elapsed 23:05:41 ===Episode_id 3 task_id 0 task_level=instance===
SR: False, SPL: 0.0, Object category: bowl, goal type: sequence===

Elapsed 23:05:41 [baseline] task_level=instance scene=00814-p53SfW6mjZe episode=3 task=0 sec=110.616
Elapsed 23:05:41 [BASELINE_LIVE_METRICS] rows=616 avg_sr=0.444805 avg_spl=0.265262 follower_error_count=7 levels=[object:n=151,sr=0.582781,spl=0.377484; room:n=152,sr=0.493421,spl=0.279754; region:n=178,sr=0.393258,spl=0.239559; instance:n=135,sr=0.303704,spl=0.157311] latest_scene=00814-p53SfW6mjZe latest_episode=3 latest_task=0 latest_level=instance by_level={"instance": {"avg_spl": 0.1573108679501062, "avg_sr": 0.3037037037037037, "count": 135}, "object": {"avg_spl": 0.37748402570184025, "avg_sr": 0.5827814569536424, "count": 151}, "region": {"avg_spl": 0.23955901019907086, "avg_sr": 0.39325842696629215, "count": 178}, "room": {"avg_spl": 0.2797535943230283, "avg_sr": 0.4934210526315789, "count": 152}}
Elapsed 23:05:41 

Begin to process [00814-p53SfW6mjZe_sequence_3_1] type: [region], Question: [hat in the tie: hall & living room that has burgundy leather couch with wood coffee table by window, beach-jump photo, straw hat on railing, swirl print, and starburst print beside staircase downstairs]

Elapsed 23:05:41 Current start position is [    -14.082      2.8048     -5.7149]
Elapsed 23:12:31 ===Episode_id 3 task_id 1 task_level=region===
SR: False, SPL: 0.0, Object category: hat, goal type: sequence===

Elapsed 23:12:31 [baseline] task_level=region scene=00814-p53SfW6mjZe episode=3 task=1 sec=409.899
Elapsed 23:12:31 [BASELINE_LIVE_METRICS] rows=617 avg_sr=0.444084 avg_spl=0.264832 follower_error_count=7 levels=[object:n=151,sr=0.582781,spl=0.377484; room:n=152,sr=0.493421,spl=0.279754; region:n=179,sr=0.391061,spl=0.238221; instance:n=135,sr=0.303704,spl=0.157311] latest_scene=00814-p53SfW6mjZe latest_episode=3 latest_task=1 latest_level=region by_level={"instance": {"avg_spl": 0.1573108679501062, "avg_sr": 0.3037037037037037, "count": 135}, "object": {"avg_spl": 0.37748402570184025, "avg_sr": 0.5827814569536424, "count": 151}, "region": {"avg_spl": 0.2382206917063386, "avg_sr": 0.39106145251396646, "count": 179}, "room": {"avg_spl": 0.2797535943230283, "avg_sr": 0.4934210526315789, "count": 152}}
Elapsed 23:12:31 

Begin to process [00814-p53SfW6mjZe_sequence_3_2] type: [room], Question: [pool stick in the rec room]

Elapsed 23:12:31 Current start position is [    -12.671      2.8048     -1.8776]
Elapsed 23:13:08 ===Episode_id 3 task_id 2 task_level=room===
SR: False, SPL: 0.0, Object category: pool stick, goal type: sequence===

Elapsed 23:13:08 [baseline] task_level=room scene=00814-p53SfW6mjZe episode=3 task=2 sec=36.565
Elapsed 23:13:08 [BASELINE_LIVE_METRICS] rows=618 avg_sr=0.443366 avg_spl=0.264403 follower_error_count=7 levels=[object:n=151,sr=0.582781,spl=0.377484; room:n=153,sr=0.490196,spl=0.277925; region:n=179,sr=0.391061,spl=0.238221; instance:n=135,sr=0.303704,spl=0.157311] latest_scene=00814-p53SfW6mjZe latest_episode=3 latest_task=2 latest_level=room by_level={"instance": {"avg_spl": 0.1573108679501062, "avg_sr": 0.3037037037037037, "count": 135}, "object": {"avg_spl": 0.37748402570184025, "avg_sr": 0.5827814569536424, "count": 151}, "region": {"avg_spl": 0.2382206917063386, "avg_sr": 0.39106145251396646, "count": 179}, "room": {"avg_spl": 0.27792513945817193, "avg_sr": 0.49019607843137253, "count": 153}}
Elapsed 23:13:08 

Begin to process [00814-p53SfW6mjZe_sequence_3_3] type: [object], Question: [picture]

Elapsed 23:13:08 Current start position is [    -12.215      2.8048       1.365]
Elapsed 23:13:40 ===Episode_id 3 task_id 3 task_level=object===
SR: False, SPL: 0.0, Object category: picture, goal type: sequence===

Elapsed 23:13:40 [baseline] task_level=object scene=00814-p53SfW6mjZe episode=3 task=3 sec=32.589
Elapsed 23:13:40 [BASELINE_LIVE_METRICS] rows=619 avg_sr=0.442649 avg_spl=0.263976 follower_error_count=7 levels=[object:n=152,sr=0.578947,spl=0.375001; room:n=153,sr=0.490196,spl=0.277925; region:n=179,sr=0.391061,spl=0.238221; instance:n=135,sr=0.303704,spl=0.157311] latest_scene=00814-p53SfW6mjZe latest_episode=3 latest_task=3 latest_level=object by_level={"instance": {"avg_spl": 0.1573108679501062, "avg_sr": 0.3037037037037037, "count": 135}, "object": {"avg_spl": 0.37500057816432814, "avg_sr": 0.5789473684210527, "count": 152}, "region": {"avg_spl": 0.2382206917063386, "avg_sr": 0.39106145251396646, "count": 179}, "room": {"avg_spl": 0.27792513945817193, "avg_sr": 0.49019607843137253, "count": 153}}
Elapsed 23:13:40 

Begin to process [00814-p53SfW6mjZe_sequence_3_4] type: [room], Question: [shelf in the rec room]

Elapsed 23:13:40 Current start position is [    -16.719      2.8815     -2.1413]
Elapsed 23:14:13 ===Episode_id 3 task_id 4 task_level=room===
SR: True, SPL: 0.8612359616269017, Object category: shelf, goal type: sequence===

Elapsed 23:14:13 [baseline] task_level=room scene=00814-p53SfW6mjZe episode=3 task=4 sec=33.063
Elapsed 23:14:13 [BASELINE_LIVE_METRICS] rows=620 avg_sr=0.443548 avg_spl=0.264939 follower_error_count=7 levels=[object:n=152,sr=0.578947,spl=0.375001; room:n=154,sr=0.493506,spl=0.281713; region:n=179,sr=0.391061,spl=0.238221; instance:n=135,sr=0.303704,spl=0.157311] latest_scene=00814-p53SfW6mjZe latest_episode=3 latest_task=4 latest_level=room by_level={"instance": {"avg_spl": 0.1573108679501062, "avg_sr": 0.3037037037037037, "count": 135}, "object": {"avg_spl": 0.37500057816432814, "avg_sr": 0.5789473684210527, "count": 152}, "region": {"avg_spl": 0.2382206917063386, "avg_sr": 0.39106145251396646, "count": 179}, "room": {"avg_spl": 0.28171287206965717, "avg_sr": 0.4935064935064935, "count": 154}}
Elapsed 23:14:14 [Metrics] sequence count: 620, invalid_count: 0, follower_error_count: 7, avg_sr: 0.443548, avg_spl: 0.264939

=== Episode ===: 4it [34:13, 550.25s/it][AElapsed 23:14:23 

Begin to process [00814-p53SfW6mjZe_sequence_4_0] type: [instance], Question: [beige straw hat on railing near burgundy leather couch, wood coffee table, and beach-jump photo]

Elapsed 23:14:23 Current start position is [    -11.999      2.8048     -9.1646]
Elapsed 23:16:00 ===Episode_id 4 task_id 0 task_level=instance===
SR: False, SPL: 0.0, Object category: hat, goal type: sequence===

Elapsed 23:16:00 [baseline] task_level=instance scene=00814-p53SfW6mjZe episode=4 task=0 sec=97.179
Elapsed 23:16:00 [BASELINE_LIVE_METRICS] rows=621 avg_sr=0.442834 avg_spl=0.264513 follower_error_count=7 levels=[object:n=152,sr=0.578947,spl=0.375001; room:n=154,sr=0.493506,spl=0.281713; region:n=179,sr=0.391061,spl=0.238221; instance:n=136,sr=0.301471,spl=0.156154] latest_scene=00814-p53SfW6mjZe latest_episode=4 latest_task=0 latest_level=instance by_level={"instance": {"avg_spl": 0.15615417039164955, "avg_sr": 0.3014705882352941, "count": 136}, "object": {"avg_spl": 0.37500057816432814, "avg_sr": 0.5789473684210527, "count": 152}, "region": {"avg_spl": 0.2382206917063386, "avg_sr": 0.39106145251396646, "count": 179}, "room": {"avg_spl": 0.28171287206965717, "avg_sr": 0.4935064935064935, "count": 154}}
Elapsed 23:16:00 

Begin to process [00814-p53SfW6mjZe_sequence_4_1] type: [room], Question: [table in the living room]

Elapsed 23:16:00 Current start position is [    -14.365      2.8048     -5.7814]
Elapsed 23:16:17 ===Episode_id 4 task_id 1 task_level=room===
SR: True, SPL: 0.6459187140552596, Object category: table, goal type: sequence===

Elapsed 23:16:17 [baseline] task_level=room scene=00814-p53SfW6mjZe episode=4 task=1 sec=16.694
Elapsed 23:16:17 [BASELINE_LIVE_METRICS] rows=622 avg_sr=0.443730 avg_spl=0.265126 follower_error_count=7 levels=[object:n=152,sr=0.578947,spl=0.375001; room:n=155,sr=0.496774,spl=0.284063; region:n=179,sr=0.391061,spl=0.238221; instance:n=136,sr=0.301471,spl=0.156154] latest_scene=00814-p53SfW6mjZe latest_episode=4 latest_task=1 latest_level=room by_level={"instance": {"avg_spl": 0.15615417039164955, "avg_sr": 0.3014705882352941, "count": 136}, "object": {"avg_spl": 0.37500057816432814, "avg_sr": 0.5789473684210527, "count": 152}, "region": {"avg_spl": 0.2382206917063386, "avg_sr": 0.39106145251396646, "count": 179}, "room": {"avg_spl": 0.2840625871792417, "avg_sr": 0.4967741935483871, "count": 155}}
Elapsed 23:16:17 

Begin to process [00814-p53SfW6mjZe_sequence_4_2] type: [object], Question: [shelf]

Elapsed 23:16:17 Current start position is [     -12.68      2.8048     -3.6169]
Elapsed 23:16:37 ===Episode_id 4 task_id 2 task_level=object===
SR: False, SPL: 0.0, Object category: shelf, goal type: sequence===

Elapsed 23:16:37 [baseline] task_level=object scene=00814-p53SfW6mjZe episode=4 task=2 sec=20.566
Elapsed 23:16:37 [BASELINE_LIVE_METRICS] rows=623 avg_sr=0.443018 avg_spl=0.264700 follower_error_count=7 levels=[object:n=153,sr=0.575163,spl=0.372550; room:n=155,sr=0.496774,spl=0.284063; region:n=179,sr=0.391061,spl=0.238221; instance:n=136,sr=0.301471,spl=0.156154] latest_scene=00814-p53SfW6mjZe latest_episode=4 latest_task=2 latest_level=object by_level={"instance": {"avg_spl": 0.15615417039164955, "avg_sr": 0.3014705882352941, "count": 136}, "object": {"avg_spl": 0.3725495939933195, "avg_sr": 0.5751633986928104, "count": 153}, "region": {"avg_spl": 0.2382206917063386, "avg_sr": 0.39106145251396646, "count": 179}, "room": {"avg_spl": 0.2840625871792417, "avg_sr": 0.4967741935483871, "count": 155}}
Elapsed 23:16:37 

Begin to process [00814-p53SfW6mjZe_sequence_4_3] type: [region], Question: [cabinet in the rec room that has table tennis table beside board games on white wall and wall cabinet between pool sticks]

Elapsed 23:16:37 Current start position is [    -11.475      2.8048     -3.5131]
Elapsed 23:21:26 geodesic_distance: 11.832765579223633
Elapsed 23:21:26 [baseline][follow-error] scene=00814-p53SfW6mjZe episode_id=4 task_id=3 task_level=region final=False error=GreedyFollowerError path_found=True
Elapsed 23:21:26 ===Episode_id 4 task_id 3 task_level=region===
SR: 0, SPL: 0, Object category: cabinet, goal type: sequence===

Elapsed 23:21:26 [baseline] task_level=region scene=00814-p53SfW6mjZe episode=4 task=3 sec=288.425
Elapsed 23:21:26 [BASELINE_LIVE_METRICS] rows=624 avg_sr=0.442308 avg_spl=0.264276 follower_error_count=8 levels=[object:n=153,sr=0.575163,spl=0.372550; room:n=155,sr=0.496774,spl=0.284063; region:n=180,sr=0.388889,spl=0.236897; instance:n=136,sr=0.301471,spl=0.156154] latest_scene=00814-p53SfW6mjZe latest_episode=4 latest_task=3 latest_level=region by_level={"instance": {"avg_spl": 0.15615417039164955, "avg_sr": 0.3014705882352941, "count": 136}, "object": {"avg_spl": 0.3725495939933195, "avg_sr": 0.5751633986928104, "count": 153}, "region": {"avg_spl": 0.23689724341908117, "avg_sr": 0.3888888888888889, "count": 180}, "room": {"avg_spl": 0.2840625871792417, "avg_sr": 0.4967741935483871, "count": 155}}
Elapsed 23:21:26 

Begin to process [00814-p53SfW6mjZe_sequence_4_4] type: [room], Question: [picture in the hall]

Elapsed 23:21:26 Current start position is [    -15.963      2.8386     -2.4334]
Elapsed 23:21:55 geodesic_distance: 14.381957054138184
Elapsed 23:21:55 [baseline][follow-error] scene=00814-p53SfW6mjZe episode_id=4 task_id=4 task_level=room final=True error=GreedyFollowerError path_found=True
Elapsed 23:21:55 ===Episode_id 4 task_id 4 task_level=room===
SR: 0, SPL: 0, Object category: picture, goal type: sequence===

Elapsed 23:21:55 [baseline] task_level=room scene=00814-p53SfW6mjZe episode=4 task=4 sec=29.310
Elapsed 23:21:55 [BASELINE_LIVE_METRICS] rows=625 avg_sr=0.441600 avg_spl=0.263853 follower_error_count=9 levels=[object:n=153,sr=0.575163,spl=0.372550; room:n=156,sr=0.493590,spl=0.282242; region:n=180,sr=0.388889,spl=0.236897; instance:n=136,sr=0.301471,spl=0.156154] latest_scene=00814-p53SfW6mjZe latest_episode=4 latest_task=4 latest_level=room by_level={"instance": {"avg_spl": 0.15615417039164955, "avg_sr": 0.3014705882352941, "count": 136}, "object": {"avg_spl": 0.3725495939933195, "avg_sr": 0.5751633986928104, "count": 153}, "region": {"avg_spl": 0.23689724341908117, "avg_sr": 0.3888888888888889, "count": 180}, "room": {"avg_spl": 0.28224167315886195, "avg_sr": 0.4935897435897436, "count": 156}}
Elapsed 23:21:55 [Metrics] sequence count: 625, invalid_count: 0, follower_error_count: 9, avg_sr: 0.441600, avg_spl: 0.263853

=== Episode ===: 5it [41:55, 518.28s/it][AElapsed 23:22:04 

Begin to process [00814-p53SfW6mjZe_sequence_5_0] type: [instance], Question: [blue striped bath mat by walk-in shower in bathroom near black vanity with white countertop below pelican coastal painting]

Elapsed 23:22:04 Current start position is [     2.6054     0.04371       3.499]
Elapsed 23:25:57 ===Episode_id 5 task_id 0 task_level=instance===
SR: False, SPL: 0.0, Object category: mat, goal type: sequence===

Elapsed 23:25:57 [baseline] task_level=instance scene=00814-p53SfW6mjZe episode=5 task=0 sec=233.225
Elapsed 23:25:57 [BASELINE_LIVE_METRICS] rows=626 avg_sr=0.440895 avg_spl=0.263432 follower_error_count=9 levels=[object:n=153,sr=0.575163,spl=0.372550; room:n=156,sr=0.493590,spl=0.282242; region:n=180,sr=0.388889,spl=0.236897; instance:n=137,sr=0.299270,spl=0.155014] latest_scene=00814-p53SfW6mjZe latest_episode=5 latest_task=0 latest_level=instance by_level={"instance": {"avg_spl": 0.15501435892893678, "avg_sr": 0.29927007299270075, "count": 137}, "object": {"avg_spl": 0.3725495939933195, "avg_sr": 0.5751633986928104, "count": 153}, "region": {"avg_spl": 0.23689724341908117, "avg_sr": 0.3888888888888889, "count": 180}, "room": {"avg_spl": 0.28224167315886195, "avg_sr": 0.4935897435897436, "count": 156}}
Elapsed 23:25:57 

Begin to process [00814-p53SfW6mjZe_sequence_5_1] type: [room], Question: [refrigerator cabinet in the kitchen]

Elapsed 23:25:57 Current start position is [     4.5116   0.0048132      5.2415]
Elapsed 23:26:21 ===Episode_id 5 task_id 1 task_level=room===
SR: False, SPL: 0.0, Object category: refrigerator cabinet, goal type: sequence===

Elapsed 23:26:21 [baseline] task_level=room scene=00814-p53SfW6mjZe episode=5 task=1 sec=24.041
Elapsed 23:26:21 [BASELINE_LIVE_METRICS] rows=627 avg_sr=0.440191 avg_spl=0.263012 follower_error_count=9 levels=[object:n=153,sr=0.575163,spl=0.372550; room:n=157,sr=0.490446,spl=0.280444; region:n=180,sr=0.388889,spl=0.236897; instance:n=137,sr=0.299270,spl=0.155014] latest_scene=00814-p53SfW6mjZe latest_episode=5 latest_task=1 latest_level=room by_level={"instance": {"avg_spl": 0.15501435892893678, "avg_sr": 0.29927007299270075, "count": 137}, "object": {"avg_spl": 0.3725495939933195, "avg_sr": 0.5751633986928104, "count": 153}, "region": {"avg_spl": 0.23689724341908117, "avg_sr": 0.3888888888888889, "count": 180}, "room": {"avg_spl": 0.2804439554954297, "avg_sr": 0.49044585987261147, "count": 157}}
Elapsed 23:26:21 

Begin to process [00814-p53SfW6mjZe_sequence_5_2] type: [object], Question: [shelf]

Elapsed 23:26:21 Current start position is [    -7.4344   0.0048132      6.6479]
Elapsed 23:26:42 ===Episode_id 5 task_id 2 task_level=object===
SR: True, SPL: 0.905775782435927, Object category: shelf, goal type: sequence===

Elapsed 23:26:42 [baseline] task_level=object scene=00814-p53SfW6mjZe episode=5 task=2 sec=21.070
Elapsed 23:26:42 [BASELINE_LIVE_METRICS] rows=628 avg_sr=0.441083 avg_spl=0.264035 follower_error_count=9 levels=[object:n=154,sr=0.577922,spl=0.376012; room:n=157,sr=0.490446,spl=0.280444; region:n=180,sr=0.388889,spl=0.236897; instance:n=137,sr=0.299270,spl=0.155014] latest_scene=00814-p53SfW6mjZe latest_episode=5 latest_task=2 latest_level=object by_level={"instance": {"avg_spl": 0.15501435892893678, "avg_sr": 0.29927007299270075, "count": 137}, "object": {"avg_spl": 0.3760121017104793, "avg_sr": 0.577922077922078, "count": 154}, "region": {"avg_spl": 0.23689724341908117, "avg_sr": 0.3888888888888889, "count": 180}, "room": {"avg_spl": 0.2804439554954297, "avg_sr": 0.49044585987261147, "count": 157}}
Elapsed 23:26:42 

Begin to process [00814-p53SfW6mjZe_sequence_5_3] type: [region], Question: [towel in the bathroom that has two framed floral prints on black vanity and toilet]

Elapsed 23:26:42 Current start position is [     4.5387   0.0048132       4.519]
Elapsed 23:37:26 ===Episode_id 5 task_id 3 task_level=region===
SR: False, SPL: 0.0, Object category: towel, goal type: sequence===

Elapsed 23:37:26 [baseline] task_level=region scene=00814-p53SfW6mjZe episode=5 task=3 sec=643.465
Elapsed 23:37:26 [BASELINE_LIVE_METRICS] rows=629 avg_sr=0.440382 avg_spl=0.263615 follower_error_count=9 levels=[object:n=154,sr=0.577922,spl=0.376012; room:n=157,sr=0.490446,spl=0.280444; region:n=181,sr=0.386740,spl=0.235588; instance:n=137,sr=0.299270,spl=0.155014] latest_scene=00814-p53SfW6mjZe latest_episode=5 latest_task=3 latest_level=region by_level={"instance": {"avg_spl": 0.15501435892893678, "avg_sr": 0.29927007299270075, "count": 137}, "object": {"avg_spl": 0.3760121017104793, "avg_sr": 0.577922077922078, "count": 154}, "region": {"avg_spl": 0.23558841886980447, "avg_sr": 0.3867403314917127, "count": 181}, "room": {"avg_spl": 0.2804439554954297, "avg_sr": 0.49044585987261147, "count": 157}}
Elapsed 23:37:26 

Begin to process [00814-p53SfW6mjZe_sequence_5_4] type: [room], Question: [refrigerator in the kitchen]

Elapsed 23:37:26 Current start position is [    -6.4522   0.0048132      2.0385]
Elapsed 23:38:37 ===Episode_id 5 task_id 4 task_level=room===
SR: True, SPL: 0.7836954123567758, Object category: refrigerator, goal type: sequence===

Elapsed 23:38:37 [baseline] task_level=room scene=00814-p53SfW6mjZe episode=5 task=4 sec=71.090
Elapsed 23:38:37 [BASELINE_LIVE_METRICS] rows=630 avg_sr=0.441270 avg_spl=0.264441 follower_error_count=9 levels=[object:n=154,sr=0.577922,spl=0.376012; room:n=158,sr=0.493671,spl=0.283629; region:n=181,sr=0.386740,spl=0.235588; instance:n=137,sr=0.299270,spl=0.155014] latest_scene=00814-p53SfW6mjZe latest_episode=5 latest_task=4 latest_level=room by_level={"instance": {"avg_spl": 0.15501435892893678, "avg_sr": 0.29927007299270075, "count": 137}, "object": {"avg_spl": 0.3760121017104793, "avg_sr": 0.577922077922078, "count": 154}, "region": {"avg_spl": 0.23558841886980447, "avg_sr": 0.3867403314917127, "count": 181}, "room": {"avg_spl": 0.2836290912983497, "avg_sr": 0.4936708860759494, "count": 158}}
Elapsed 23:38:37 [Metrics] sequence count: 630, invalid_count: 0, follower_error_count: 9, avg_sr: 0.441270, avg_spl: 0.264441

=== Episode ===: 6it [58:37, 682.68s/it][AElapsed 23:38:46 

Begin to process [00814-p53SfW6mjZe_sequence_6_0] type: [instance], Question: [stainless steel refrigerator with arched handle in laundry room with side-by-side washing machines]

Elapsed 23:38:46 Current start position is [   -0.71106     0.00481      2.7665]
Elapsed 23:41:12 ===Episode_id 6 task_id 0 task_level=instance===
SR: False, SPL: 0.0, Object category: refrigerator, goal type: sequence===

Elapsed 23:41:12 [baseline] task_level=instance scene=00814-p53SfW6mjZe episode=6 task=0 sec=146.553
Elapsed 23:41:12 [BASELINE_LIVE_METRICS] rows=631 avg_sr=0.440571 avg_spl=0.264022 follower_error_count=9 levels=[object:n=154,sr=0.577922,spl=0.376012; room:n=158,sr=0.493671,spl=0.283629; region:n=181,sr=0.386740,spl=0.235588; instance:n=138,sr=0.297101,spl=0.153891] latest_scene=00814-p53SfW6mjZe latest_episode=6 latest_task=0 latest_level=instance by_level={"instance": {"avg_spl": 0.15389106647293, "avg_sr": 0.2971014492753623, "count": 138}, "object": {"avg_spl": 0.3760121017104793, "avg_sr": 0.577922077922078, "count": 154}, "region": {"avg_spl": 0.23558841886980447, "avg_sr": 0.3867403314917127, "count": 181}, "room": {"avg_spl": 0.2836290912983497, "avg_sr": 0.4936708860759494, "count": 158}}
Elapsed 23:41:12 

Begin to process [00814-p53SfW6mjZe_sequence_6_1] type: [region], Question: [table in the dining room that has wood dining table with bowl of fruit and carved chairs]

Elapsed 23:41:12 Current start position is [    -6.6727   0.0048132      4.4384]
Elapsed 23:41:39 ===Episode_id 6 task_id 1 task_level=region===
SR: True, SPL: 0.5644287288276695, Object category: table, goal type: sequence===

Elapsed 23:41:39 [baseline] task_level=region scene=00814-p53SfW6mjZe episode=6 task=1 sec=26.707
Elapsed 23:41:39 [BASELINE_LIVE_METRICS] rows=632 avg_sr=0.441456 avg_spl=0.264497 follower_error_count=9 levels=[object:n=154,sr=0.577922,spl=0.376012; room:n=158,sr=0.493671,spl=0.283629; region:n=182,sr=0.390110,spl=0.237395; instance:n=138,sr=0.297101,spl=0.153891] latest_scene=00814-p53SfW6mjZe latest_episode=6 latest_task=1 latest_level=region by_level={"instance": {"avg_spl": 0.15389106647293, "avg_sr": 0.2971014492753623, "count": 138}, "object": {"avg_spl": 0.3760121017104793, "avg_sr": 0.577922077922078, "count": 154}, "region": {"avg_spl": 0.23739523375968286, "avg_sr": 0.3901098901098901, "count": 182}, "room": {"avg_spl": 0.2836290912983497, "avg_sr": 0.4936708860759494, "count": 158}}
Elapsed 23:41:39 

Begin to process [00814-p53SfW6mjZe_sequence_6_2] type: [object], Question: [hand towel]

Elapsed 23:41:39 Current start position is [    0.27921   0.0048132      4.6755]
Elapsed 23:42:09 ===Episode_id 6 task_id 2 task_level=object===
SR: False, SPL: 0.0, Object category: hand towel, goal type: sequence===

Elapsed 23:42:09 [baseline] task_level=object scene=00814-p53SfW6mjZe episode=6 task=2 sec=29.952
Elapsed 23:42:09 [BASELINE_LIVE_METRICS] rows=633 avg_sr=0.440758 avg_spl=0.264079 follower_error_count=9 levels=[object:n=155,sr=0.574194,spl=0.373586; room:n=158,sr=0.493671,spl=0.283629; region:n=182,sr=0.390110,spl=0.237395; instance:n=138,sr=0.297101,spl=0.153891] latest_scene=00814-p53SfW6mjZe latest_episode=6 latest_task=2 latest_level=object by_level={"instance": {"avg_spl": 0.15389106647293, "avg_sr": 0.2971014492753623, "count": 138}, "object": {"avg_spl": 0.37358621718331486, "avg_sr": 0.5741935483870968, "count": 155}, "region": {"avg_spl": 0.23739523375968286, "avg_sr": 0.3901098901098901, "count": 182}, "room": {"avg_spl": 0.2836290912983497, "avg_sr": 0.4936708860759494, "count": 158}}
Elapsed 23:42:09 

Begin to process [00814-p53SfW6mjZe_sequence_6_3] type: [object], Question: [dresser]

Elapsed 23:42:09 Current start position is [    -6.8406   0.0048132      3.6705]
Elapsed 23:42:40 ===Episode_id 6 task_id 3 task_level=object===
SR: False, SPL: 0.0, Object category: dresser, goal type: sequence===

Elapsed 23:42:40 [baseline] task_level=object scene=00814-p53SfW6mjZe episode=6 task=3 sec=30.519
Elapsed 23:42:40 [BASELINE_LIVE_METRICS] rows=634 avg_sr=0.440063 avg_spl=0.263663 follower_error_count=9 levels=[object:n=156,sr=0.570513,spl=0.371191; room:n=158,sr=0.493671,spl=0.283629; region:n=182,sr=0.390110,spl=0.237395; instance:n=138,sr=0.297101,spl=0.153891] latest_scene=00814-p53SfW6mjZe latest_episode=6 latest_task=3 latest_level=object by_level={"instance": {"avg_spl": 0.15389106647293, "avg_sr": 0.2971014492753623, "count": 138}, "object": {"avg_spl": 0.3711914337398321, "avg_sr": 0.5705128205128205, "count": 156}, "region": {"avg_spl": 0.23739523375968286, "avg_sr": 0.3901098901098901, "count": 182}, "room": {"avg_spl": 0.2836290912983497, "avg_sr": 0.4936708860759494, "count": 158}}
Elapsed 23:42:40 

Begin to process [00814-p53SfW6mjZe_sequence_6_4] type: [region], Question: [book in the living room that has stone fireplace flanked by dark cabinet with drawers, one with TV and another with books and chicken picture, and couch beside wood coffee table]

Elapsed 23:42:40 Current start position is [     5.0897   0.0048132       2.702]
Elapsed 23:43:08 ===Episode_id 6 task_id 4 task_level=region===
SR: False, SPL: 0.0, Object category: book, goal type: sequence===

Elapsed 23:43:08 [baseline] task_level=region scene=00814-p53SfW6mjZe episode=6 task=4 sec=28.684
Elapsed 23:43:08 [BASELINE_LIVE_METRICS] rows=635 avg_sr=0.439370 avg_spl=0.263247 follower_error_count=9 levels=[object:n=156,sr=0.570513,spl=0.371191; room:n=158,sr=0.493671,spl=0.283629; region:n=183,sr=0.387978,spl=0.236098; instance:n=138,sr=0.297101,spl=0.153891] latest_scene=00814-p53SfW6mjZe latest_episode=6 latest_task=4 latest_level=region by_level={"instance": {"avg_spl": 0.15389106647293, "avg_sr": 0.2971014492753623, "count": 138}, "object": {"avg_spl": 0.3711914337398321, "avg_sr": 0.5705128205128205, "count": 156}, "region": {"avg_spl": 0.23609799204514909, "avg_sr": 0.3879781420765027, "count": 183}, "room": {"avg_spl": 0.2836290912983497, "avg_sr": 0.4936708860759494, "count": 158}}
Elapsed 23:43:08 [Metrics] sequence count: 635, invalid_count: 0, follower_error_count: 9, avg_sr: 0.439370, avg_spl: 0.263247

=== Episode ===: 7it [1:03:08, 548.22s/it][AElapsed 23:43:18 

Begin to process [00814-p53SfW6mjZe_sequence_7_0] type: [instance], Question: [black sink cabinet in laundry room near stainless-steel fridge and side-by-side washing machines under white cabinets]

Elapsed 23:43:18 Current start position is [     4.9871     0.02088      1.7728]
Elapsed 23:45:10 ===Episode_id 7 task_id 0 task_level=instance===
SR: False, SPL: 0.0, Object category: cabinet, goal type: sequence===

Elapsed 23:45:10 [baseline] task_level=instance scene=00814-p53SfW6mjZe episode=7 task=0 sec=112.381
Elapsed 23:45:10 [BASELINE_LIVE_METRICS] rows=636 avg_sr=0.438679 avg_spl=0.262834 follower_error_count=9 levels=[object:n=156,sr=0.570513,spl=0.371191; room:n=158,sr=0.493671,spl=0.283629; region:n=183,sr=0.387978,spl=0.236098; instance:n=139,sr=0.294964,spl=0.152784] latest_scene=00814-p53SfW6mjZe latest_episode=7 latest_task=0 latest_level=instance by_level={"instance": {"avg_spl": 0.1527839364983046, "avg_sr": 0.2949640287769784, "count": 139}, "object": {"avg_spl": 0.3711914337398321, "avg_sr": 0.5705128205128205, "count": 156}, "region": {"avg_spl": 0.23609799204514909, "avg_sr": 0.3879781420765027, "count": 183}, "room": {"avg_spl": 0.2836290912983497, "avg_sr": 0.4936708860759494, "count": 158}}
Elapsed 23:45:10 

Begin to process [00814-p53SfW6mjZe_sequence_7_1] type: [region], Question: [bathroom cabinet in the bathroom that has two framed floral prints on black vanity and toilet]

Elapsed 23:45:10 Current start position is [    -6.7612   0.0048132      4.5756]
Elapsed 23:55:22 ===Episode_id 7 task_id 1 task_level=region===
SR: False, SPL: 0.0, Object category: bathroom cabinet, goal type: sequence===

Elapsed 23:55:22 [baseline] task_level=region scene=00814-p53SfW6mjZe episode=7 task=1 sec=611.902
Elapsed 23:55:22 [BASELINE_LIVE_METRICS] rows=637 avg_sr=0.437991 avg_spl=0.262421 follower_error_count=9 levels=[object:n=156,sr=0.570513,spl=0.371191; room:n=158,sr=0.493671,spl=0.283629; region:n=184,sr=0.385870,spl=0.234815; instance:n=139,sr=0.294964,spl=0.152784] latest_scene=00814-p53SfW6mjZe latest_episode=7 latest_task=1 latest_level=region by_level={"instance": {"avg_spl": 0.1527839364983046, "avg_sr": 0.2949640287769784, "count": 139}, "object": {"avg_spl": 0.3711914337398321, "avg_sr": 0.5705128205128205, "count": 156}, "region": {"avg_spl": 0.23481485078403413, "avg_sr": 0.3858695652173913, "count": 184}, "room": {"avg_spl": 0.2836290912983497, "avg_sr": 0.4936708860759494, "count": 158}}
Elapsed 23:55:22 

Begin to process [00814-p53SfW6mjZe_sequence_7_2] type: [region], Question: [bathroom cabinet in the bathroom that has walk-in shower, black vanity with white countertop below black-framed mirror, pelican coastal painting, and toilet beside blue bath mat]

Elapsed 23:55:22 Current start position is [    0.55899   0.0048132      5.1355]
Elapsed 1 day, 2:06:03 ===Episode_id 7 task_id 2 task_level=region===
SR: True, SPL: 0.5249671221125288, Object category: bathroom cabinet, goal type: sequence===

Elapsed 1 day, 2:06:03 [baseline] task_level=region scene=00814-p53SfW6mjZe episode=7 task=2 sec=7841.045
Elapsed 1 day, 2:06:03 [BASELINE_LIVE_METRICS] rows=638 avg_sr=0.438871 avg_spl=0.262832 follower_error_count=9 levels=[object:n=156,sr=0.570513,spl=0.371191; room:n=158,sr=0.493671,spl=0.283629; region:n=185,sr=0.389189,spl=0.236383; instance:n=139,sr=0.294964,spl=0.152784] latest_scene=00814-p53SfW6mjZe latest_episode=7 latest_task=2 latest_level=region by_level={"instance": {"avg_spl": 0.1527839364983046, "avg_sr": 0.2949640287769784, "count": 139}, "object": {"avg_spl": 0.3711914337398321, "avg_sr": 0.5705128205128205, "count": 156}, "region": {"avg_spl": 0.23638324143986383, "avg_sr": 0.3891891891891892, "count": 185}, "room": {"avg_spl": 0.2836290912983497, "avg_sr": 0.4936708860759494, "count": 158}}
Elapsed 1 day, 2:06:03 

Begin to process [00814-p53SfW6mjZe_sequence_7_3] type: [region], Question: [toilet in the bathroom that has two framed floral prints on black vanity and toilet]

Elapsed 1 day, 2:06:03 Current start position is [    -16.109    0.025903      2.3408]
Elapsed 1 day, 2:17:20 ===Episode_id 7 task_id 3 task_level=region===
SR: False, SPL: 0.0, Object category: toilet, goal type: sequence===

Elapsed 1 day, 2:17:20 [baseline] task_level=region scene=00814-p53SfW6mjZe episode=7 task=3 sec=677.042
Elapsed 1 day, 2:17:20 [BASELINE_LIVE_METRICS] rows=639 avg_sr=0.438185 avg_spl=0.262421 follower_error_count=9 levels=[object:n=156,sr=0.570513,spl=0.371191; room:n=158,sr=0.493671,spl=0.283629; region:n=186,sr=0.387097,spl=0.235112; instance:n=139,sr=0.294964,spl=0.152784] latest_scene=00814-p53SfW6mjZe latest_episode=7 latest_task=3 latest_level=region by_level={"instance": {"avg_spl": 0.1527839364983046, "avg_sr": 0.2949640287769784, "count": 139}, "object": {"avg_spl": 0.3711914337398321, "avg_sr": 0.5705128205128205, "count": 156}, "region": {"avg_spl": 0.23511236379771402, "avg_sr": 0.3870967741935484, "count": 186}, "room": {"avg_spl": 0.2836290912983497, "avg_sr": 0.4936708860759494, "count": 158}}
Elapsed 1 day, 2:17:20 

Begin to process [00814-p53SfW6mjZe_sequence_7_4] type: [room], Question: [mantel in the living room]

Elapsed 1 day, 2:17:20 Current start position is [    -16.109    0.025903      2.3408]
Elapsed 1 day, 2:26:56 ===Episode_id 7 task_id 4 task_level=room===
SR: False, SPL: 0.0, Object category: mantel, goal type: sequence===

Elapsed 1 day, 2:26:56 [baseline] task_level=room scene=00814-p53SfW6mjZe episode=7 task=4 sec=576.168
Elapsed 1 day, 2:26:56 [BASELINE_LIVE_METRICS] rows=640 avg_sr=0.437500 avg_spl=0.262011 follower_error_count=9 levels=[object:n=156,sr=0.570513,spl=0.371191; room:n=159,sr=0.490566,spl=0.281845; region:n=186,sr=0.387097,spl=0.235112; instance:n=139,sr=0.294964,spl=0.152784] latest_scene=00814-p53SfW6mjZe latest_episode=7 latest_task=4 latest_level=room by_level={"instance": {"avg_spl": 0.1527839364983046, "avg_sr": 0.2949640287769784, "count": 139}, "object": {"avg_spl": 0.3711914337398321, "avg_sr": 0.5705128205128205, "count": 156}, "region": {"avg_spl": 0.23511236379771402, "avg_sr": 0.3870967741935484, "count": 186}, "room": {"avg_spl": 0.28184526053546693, "avg_sr": 0.49056603773584906, "count": 159}}
Elapsed 1 day, 2:26:57 [Metrics] sequence count: 640, invalid_count: 0, follower_error_count: 9, avg_sr: 0.437500, avg_spl: 0.262011

=== Episode ===: 8it [3:46:56, 3502.51s/it][AElapsed 1 day, 2:27:06 

Begin to process [00814-p53SfW6mjZe_sequence_8_0] type: [instance], Question: [stainless steel utility sink in dark cabinets with white countertop in laundry room with side-by-side washing machines and stainless fridge]

Elapsed 1 day, 2:27:06 Current start position is [    -6.3938     0.00481      6.6849]
Elapsed 1 day, 2:32:39 ===Episode_id 8 task_id 0 task_level=instance===
SR: False, SPL: 0.0, Object category: sink, goal type: sequence===

Elapsed 1 day, 2:32:39 [baseline] task_level=instance scene=00814-p53SfW6mjZe episode=8 task=0 sec=332.929
Elapsed 1 day, 2:32:39 [BASELINE_LIVE_METRICS] rows=641 avg_sr=0.436817 avg_spl=0.261602 follower_error_count=9 levels=[object:n=156,sr=0.570513,spl=0.371191; room:n=159,sr=0.490566,spl=0.281845; region:n=186,sr=0.387097,spl=0.235112; instance:n=140,sr=0.292857,spl=0.151693] latest_scene=00814-p53SfW6mjZe latest_episode=8 latest_task=0 latest_level=instance by_level={"instance": {"avg_spl": 0.15169262266617387, "avg_sr": 0.29285714285714287, "count": 140}, "object": {"avg_spl": 0.3711914337398321, "avg_sr": 0.5705128205128205, "count": 156}, "region": {"avg_spl": 0.23511236379771402, "avg_sr": 0.3870967741935484, "count": 186}, "room": {"avg_spl": 0.28184526053546693, "avg_sr": 0.49056603773584906, "count": 159}}
Elapsed 1 day, 2:32:39 

Begin to process [00814-p53SfW6mjZe_sequence_8_1] type: [room], Question: [bucket in the living room]

Elapsed 1 day, 2:32:39 Current start position is [    -4.7487   0.0048132      6.9122]
Elapsed 1 day, 2:33:26 ===Episode_id 8 task_id 1 task_level=room===
SR: False, SPL: 0.0, Object category: bucket, goal type: sequence===

Elapsed 1 day, 2:33:26 [baseline] task_level=room scene=00814-p53SfW6mjZe episode=8 task=1 sec=46.995
Elapsed 1 day, 2:33:26 [BASELINE_LIVE_METRICS] rows=642 avg_sr=0.436137 avg_spl=0.261195 follower_error_count=9 levels=[object:n=156,sr=0.570513,spl=0.371191; room:n=160,sr=0.487500,spl=0.280084; region:n=186,sr=0.387097,spl=0.235112; instance:n=140,sr=0.292857,spl=0.151693] latest_scene=00814-p53SfW6mjZe latest_episode=8 latest_task=1 latest_level=room by_level={"instance": {"avg_spl": 0.15169262266617387, "avg_sr": 0.29285714285714287, "count": 140}, "object": {"avg_spl": 0.3711914337398321, "avg_sr": 0.5705128205128205, "count": 156}, "region": {"avg_spl": 0.23511236379771402, "avg_sr": 0.3870967741935484, "count": 186}, "room": {"avg_spl": 0.2800837276571203, "avg_sr": 0.4875, "count": 160}}
Elapsed 1 day, 2:33:26 

Begin to process [00814-p53SfW6mjZe_sequence_8_2] type: [room], Question: [bathroom cabinet in the bathroom]

Elapsed 1 day, 2:33:26 Current start position is [    -1.8084   0.0048132      5.3719]
Elapsed 1 day, 2:49:33 ===Episode_id 8 task_id 2 task_level=room===
SR: False, SPL: 0.0, Object category: bathroom cabinet, goal type: sequence===

Elapsed 1 day, 2:49:33 [baseline] task_level=room scene=00814-p53SfW6mjZe episode=8 task=2 sec=966.686
Elapsed 1 day, 2:49:33 [BASELINE_LIVE_METRICS] rows=643 avg_sr=0.435459 avg_spl=0.260789 follower_error_count=9 levels=[object:n=156,sr=0.570513,spl=0.371191; room:n=161,sr=0.484472,spl=0.278344; region:n=186,sr=0.387097,spl=0.235112; instance:n=140,sr=0.292857,spl=0.151693] latest_scene=00814-p53SfW6mjZe latest_episode=8 latest_task=2 latest_level=room by_level={"instance": {"avg_spl": 0.15169262266617387, "avg_sr": 0.29285714285714287, "count": 140}, "object": {"avg_spl": 0.3711914337398321, "avg_sr": 0.5705128205128205, "count": 156}, "region": {"avg_spl": 0.23511236379771402, "avg_sr": 0.3870967741935484, "count": 186}, "room": {"avg_spl": 0.27834407717477794, "avg_sr": 0.484472049689441, "count": 161}}
Elapsed 1 day, 2:49:33 

Begin to process [00814-p53SfW6mjZe_sequence_8_3] type: [room], Question: [side table in the living room]

Elapsed 1 day, 2:49:33 Current start position is [     -13.31   0.0048132     -1.5819]
Elapsed 1 day, 2:50:27 ===Episode_id 8 task_id 3 task_level=room===
SR: True, SPL: 0.9157584417954174, Object category: side table, goal type: sequence===

Elapsed 1 day, 2:50:27 [baseline] task_level=room scene=00814-p53SfW6mjZe episode=8 task=3 sec=54.019
Elapsed 1 day, 2:50:27 [BASELINE_LIVE_METRICS] rows=644 avg_sr=0.436335 avg_spl=0.261806 follower_error_count=9 levels=[object:n=156,sr=0.570513,spl=0.371191; room:n=162,sr=0.487654,spl=0.282279; region:n=186,sr=0.387097,spl=0.235112; instance:n=140,sr=0.292857,spl=0.151693] latest_scene=00814-p53SfW6mjZe latest_episode=8 latest_task=3 latest_level=room by_level={"instance": {"avg_spl": 0.15169262266617387, "avg_sr": 0.29285714285714287, "count": 140}, "object": {"avg_spl": 0.3711914337398321, "avg_sr": 0.5705128205128205, "count": 156}, "region": {"avg_spl": 0.23511236379771402, "avg_sr": 0.3870967741935484, "count": 186}, "room": {"avg_spl": 0.28227873374651025, "avg_sr": 0.4876543209876543, "count": 162}}
Elapsed 1 day, 2:50:27 

Begin to process [00814-p53SfW6mjZe_sequence_8_4] type: [region], Question: [bath mat in the bathroom that has walk-in shower, black vanity with white countertop below black-framed mirror, pelican coastal painting, and toilet beside blue bath mat]

Elapsed 1 day, 2:50:27 Current start position is [     3.1878   0.0048132      2.9199]
Elapsed 1 day, 3:25:32 ===Episode_id 8 task_id 4 task_level=region===
SR: False, SPL: 0.0, Object category: bath mat, goal type: sequence===

Elapsed 1 day, 3:25:32 [baseline] task_level=region scene=00814-p53SfW6mjZe episode=8 task=4 sec=2104.895
Elapsed 1 day, 3:25:32 [BASELINE_LIVE_METRICS] rows=645 avg_sr=0.435659 avg_spl=0.261400 follower_error_count=9 levels=[object:n=156,sr=0.570513,spl=0.371191; room:n=162,sr=0.487654,spl=0.282279; region:n=187,sr=0.385027,spl=0.233855; instance:n=140,sr=0.292857,spl=0.151693] latest_scene=00814-p53SfW6mjZe latest_episode=8 latest_task=4 latest_level=region by_level={"instance": {"avg_spl": 0.15169262266617387, "avg_sr": 0.29285714285714287, "count": 140}, "object": {"avg_spl": 0.3711914337398321, "avg_sr": 0.5705128205128205, "count": 156}, "region": {"avg_spl": 0.23385507842981182, "avg_sr": 0.3850267379679144, "count": 187}, "room": {"avg_spl": 0.28227873374651025, "avg_sr": 0.4876543209876543, "count": 162}}
Elapsed 1 day, 3:25:32 [Metrics] sequence count: 645, invalid_count: 0, follower_error_count: 9, avg_sr: 0.435659, avg_spl: 0.261400

=== Episode ===: 9it [4:45:32, 3506.57s/it][AElapsed 1 day, 3:25:42 

Begin to process [00814-p53SfW6mjZe_sequence_9_0] type: [instance], Question: [white ceramic toilet in bathroom beside two framed floral prints on black vanity]

Elapsed 1 day, 3:25:42 Current start position is [    -1.4265     0.00481    -0.77532]
Elapsed 1 day, 3:31:50 ===Episode_id 9 task_id 0 task_level=instance===
SR: False, SPL: 0.0, Object category: toilet, goal type: sequence===

Elapsed 1 day, 3:31:50 [baseline] task_level=instance scene=00814-p53SfW6mjZe episode=9 task=0 sec=368.939
Elapsed 1 day, 3:31:51 [BASELINE_LIVE_METRICS] rows=646 avg_sr=0.434985 avg_spl=0.260995 follower_error_count=9 levels=[object:n=156,sr=0.570513,spl=0.371191; room:n=162,sr=0.487654,spl=0.282279; region:n=187,sr=0.385027,spl=0.233855; instance:n=141,sr=0.290780,spl=0.150617] latest_scene=00814-p53SfW6mjZe latest_episode=9 latest_task=0 latest_level=instance by_level={"instance": {"avg_spl": 0.15061678846286766, "avg_sr": 0.2907801418439716, "count": 141}, "object": {"avg_spl": 0.3711914337398321, "avg_sr": 0.5705128205128205, "count": 156}, "region": {"avg_spl": 0.23385507842981182, "avg_sr": 0.3850267379679144, "count": 187}, "room": {"avg_spl": 0.28227873374651025, "avg_sr": 0.4876543209876543, "count": 162}}
Elapsed 1 day, 3:31:51 

Begin to process [00814-p53SfW6mjZe_sequence_9_1] type: [object], Question: [washing machine]

Elapsed 1 day, 3:31:51 Current start position is [    -6.1741   0.0048132      4.6342]
Elapsed 1 day, 3:32:36 ===Episode_id 9 task_id 1 task_level=object===
SR: True, SPL: 0.8639149234048625, Object category: washing machine, goal type: sequence===

Elapsed 1 day, 3:32:36 [baseline] task_level=object scene=00814-p53SfW6mjZe episode=9 task=1 sec=45.844
Elapsed 1 day, 3:32:36 [BASELINE_LIVE_METRICS] rows=647 avg_sr=0.435858 avg_spl=0.261927 follower_error_count=9 levels=[object:n=157,sr=0.573248,spl=0.374330; room:n=162,sr=0.487654,spl=0.282279; region:n=187,sr=0.385027,spl=0.233855; instance:n=141,sr=0.290780,spl=0.150617] latest_scene=00814-p53SfW6mjZe latest_episode=9 latest_task=1 latest_level=object by_level={"instance": {"avg_spl": 0.15061678846286766, "avg_sr": 0.2907801418439716, "count": 141}, "object": {"avg_spl": 0.3743297999160425, "avg_sr": 0.5732484076433121, "count": 157}, "region": {"avg_spl": 0.23385507842981182, "avg_sr": 0.3850267379679144, "count": 187}, "room": {"avg_spl": 0.28227873374651025, "avg_sr": 0.4876543209876543, "count": 162}}
Elapsed 1 day, 3:32:36 

Begin to process [00814-p53SfW6mjZe_sequence_9_2] type: [region], Question: [tv in the living room that has stone fireplace flanked by dark cabinet with drawers, one with TV and another with books and chicken picture, and couch beside wood coffee table]

Elapsed 1 day, 3:32:36 Current start position is [    -14.818   0.0048132     -2.1221]
Elapsed 1 day, 3:34:31 ===Episode_id 9 task_id 2 task_level=region===
SR: True, SPL: 0.923121163647556, Object category: tv, goal type: sequence===

Elapsed 1 day, 3:34:31 [baseline] task_level=region scene=00814-p53SfW6mjZe episode=9 task=2 sec=114.426
Elapsed 1 day, 3:34:31 [BASELINE_LIVE_METRICS] rows=648 avg_sr=0.436728 avg_spl=0.262947 follower_error_count=9 levels=[object:n=157,sr=0.573248,spl=0.374330; room:n=162,sr=0.487654,spl=0.282279; region:n=188,sr=0.388298,spl=0.237521; instance:n=141,sr=0.290780,spl=0.150617] latest_scene=00814-p53SfW6mjZe latest_episode=9 latest_task=2 latest_level=region by_level={"instance": {"avg_spl": 0.15061678846286766, "avg_sr": 0.2907801418439716, "count": 141}, "object": {"avg_spl": 0.3743297999160425, "avg_sr": 0.5732484076433121, "count": 157}, "region": {"avg_spl": 0.237521387393736, "avg_sr": 0.3882978723404255, "count": 188}, "room": {"avg_spl": 0.28227873374651025, "avg_sr": 0.4876543209876543, "count": 162}}
Elapsed 1 day, 3:34:31 

Begin to process [00814-p53SfW6mjZe_sequence_9_3] type: [region], Question: [bathroom cabinet in the bathroom that has walk-in shower, black vanity with white countertop below black-framed mirror, pelican coastal painting, and toilet beside blue bath mat]

Elapsed 1 day, 3:34:31 Current start position is [     5.1827    0.037671      6.5475]
Elapsed 1 day, 4:26:07 ===Episode_id 9 task_id 3 task_level=region===
SR: False, SPL: 0.0, Object category: bathroom cabinet, goal type: sequence===

Elapsed 1 day, 4:26:07 [baseline] task_level=region scene=00814-p53SfW6mjZe episode=9 task=3 sec=3095.968
Elapsed 1 day, 4:26:07 [BASELINE_LIVE_METRICS] rows=649 avg_sr=0.436055 avg_spl=0.262542 follower_error_count=9 levels=[object:n=157,sr=0.573248,spl=0.374330; room:n=162,sr=0.487654,spl=0.282279; region:n=189,sr=0.386243,spl=0.236265; instance:n=141,sr=0.290780,spl=0.150617] latest_scene=00814-p53SfW6mjZe latest_episode=9 latest_task=3 latest_level=region by_level={"instance": {"avg_spl": 0.15061678846286766, "avg_sr": 0.2907801418439716, "count": 141}, "object": {"avg_spl": 0.3743297999160425, "avg_sr": 0.5732484076433121, "count": 157}, "region": {"avg_spl": 0.2362646604763088, "avg_sr": 0.3862433862433862, "count": 189}, "room": {"avg_spl": 0.28227873374651025, "avg_sr": 0.4876543209876543, "count": 162}}
Elapsed 1 day, 4:26:07 

Begin to process [00814-p53SfW6mjZe_sequence_9_4] type: [room], Question: [microwave in the kitchen]

Elapsed 1 day, 4:26:07 Current start position is [    -4.1272   0.0048132      6.7009]
Elapsed 1 day, 4:29:01 ===Episode_id 9 task_id 4 task_level=room===
SR: False, SPL: 0.0, Object category: microwave, goal type: sequence===

Elapsed 1 day, 4:29:01 [baseline] task_level=room scene=00814-p53SfW6mjZe episode=9 task=4 sec=173.863
Elapsed 1 day, 4:29:01 [BASELINE_LIVE_METRICS] rows=650 avg_sr=0.435385 avg_spl=0.262138 follower_error_count=9 levels=[object:n=157,sr=0.573248,spl=0.374330; room:n=163,sr=0.484663,spl=0.280547; region:n=189,sr=0.386243,spl=0.236265; instance:n=141,sr=0.290780,spl=0.150617] latest_scene=00814-p53SfW6mjZe latest_episode=9 latest_task=4 latest_level=room by_level={"instance": {"avg_spl": 0.15061678846286766, "avg_sr": 0.2907801418439716, "count": 141}, "object": {"avg_spl": 0.3743297999160425, "avg_sr": 0.5732484076433121, "count": 157}, "region": {"avg_spl": 0.2362646604763088, "avg_sr": 0.3862433862433862, "count": 189}, "room": {"avg_spl": 0.2805469623738323, "avg_sr": 0.48466257668711654, "count": 163}}
Elapsed 1 day, 4:29:01 [Metrics] sequence count: 650, invalid_count: 0, follower_error_count: 9, avg_sr: 0.435385, avg_spl: 0.262138

=== Episode ===: 10it [5:49:01, 3599.89s/it][AElapsed 1 day, 4:29:11 

Begin to process [00814-p53SfW6mjZe_sequence_10_0] type: [instance], Question: [red-and-black bucket with mop in kitchen beside pantry cabinet holding jars and boxes and coffee machine on light countertop]

Elapsed 1 day, 4:29:11 Current start position is [    -15.874     0.00481      4.4281]
Elapsed 1 day, 4:31:32 ===Episode_id 10 task_id 0 task_level=instance===
SR: False, SPL: 0.0, Object category: bucket, goal type: sequence===

Elapsed 1 day, 4:31:32 [baseline] task_level=instance scene=00814-p53SfW6mjZe episode=10 task=0 sec=141.483
Elapsed 1 day, 4:31:33 [BASELINE_LIVE_METRICS] rows=651 avg_sr=0.434716 avg_spl=0.261736 follower_error_count=9 levels=[object:n=157,sr=0.573248,spl=0.374330; room:n=163,sr=0.484663,spl=0.280547; region:n=189,sr=0.386243,spl=0.236265; instance:n=142,sr=0.288732,spl=0.149556] latest_scene=00814-p53SfW6mjZe latest_episode=10 latest_task=0 latest_level=instance by_level={"instance": {"avg_spl": 0.14955610685397422, "avg_sr": 0.2887323943661972, "count": 142}, "object": {"avg_spl": 0.3743297999160425, "avg_sr": 0.5732484076433121, "count": 157}, "region": {"avg_spl": 0.2362646604763088, "avg_sr": 0.3862433862433862, "count": 189}, "room": {"avg_spl": 0.2805469623738323, "avg_sr": 0.48466257668711654, "count": 163}}
Elapsed 1 day, 4:31:33 

Begin to process [00814-p53SfW6mjZe_sequence_10_1] type: [object], Question: [couch]

Elapsed 1 day, 4:31:33 Current start position is [    -15.212   0.0048132      3.9232]
Elapsed 1 day, 4:31:55 ===Episode_id 10 task_id 1 task_level=object===
SR: False, SPL: 0.0, Object category: couch, goal type: sequence===

Elapsed 1 day, 4:31:55 [baseline] task_level=object scene=00814-p53SfW6mjZe episode=10 task=1 sec=22.459
Elapsed 1 day, 4:31:55 [BASELINE_LIVE_METRICS] rows=652 avg_sr=0.434049 avg_spl=0.261334 follower_error_count=9 levels=[object:n=158,sr=0.569620,spl=0.371961; room:n=163,sr=0.484663,spl=0.280547; region:n=189,sr=0.386243,spl=0.236265; instance:n=142,sr=0.288732,spl=0.149556] latest_scene=00814-p53SfW6mjZe latest_episode=10 latest_task=1 latest_level=object by_level={"instance": {"avg_spl": 0.14955610685397422, "avg_sr": 0.2887323943661972, "count": 142}, "object": {"avg_spl": 0.37196062396720675, "avg_sr": 0.569620253164557, "count": 158}, "region": {"avg_spl": 0.2362646604763088, "avg_sr": 0.3862433862433862, "count": 189}, "room": {"avg_spl": 0.2805469623738323, "avg_sr": 0.48466257668711654, "count": 163}}
Elapsed 1 day, 4:31:55 

Begin to process [00814-p53SfW6mjZe_sequence_10_2] type: [object], Question: [picture]

Elapsed 1 day, 4:31:55 Current start position is [    -13.345   0.0048132       6.268]
Elapsed 1 day, 4:32:14 ===Episode_id 10 task_id 2 task_level=object===
SR: False, SPL: 0.0, Object category: picture, goal type: sequence===

Elapsed 1 day, 4:32:14 [baseline] task_level=object scene=00814-p53SfW6mjZe episode=10 task=2 sec=19.446
Elapsed 1 day, 4:32:14 [BASELINE_LIVE_METRICS] rows=653 avg_sr=0.433384 avg_spl=0.260934 follower_error_count=9 levels=[object:n=159,sr=0.566038,spl=0.369621; room:n=163,sr=0.484663,spl=0.280547; region:n=189,sr=0.386243,spl=0.236265; instance:n=142,sr=0.288732,spl=0.149556] latest_scene=00814-p53SfW6mjZe latest_episode=10 latest_task=2 latest_level=object by_level={"instance": {"avg_spl": 0.14955610685397422, "avg_sr": 0.2887323943661972, "count": 142}, "object": {"avg_spl": 0.3696212489737023, "avg_sr": 0.5660377358490566, "count": 159}, "region": {"avg_spl": 0.2362646604763088, "avg_sr": 0.3862433862433862, "count": 189}, "room": {"avg_spl": 0.2805469623738323, "avg_sr": 0.48466257668711654, "count": 163}}
Elapsed 1 day, 4:32:14 

Begin to process [00814-p53SfW6mjZe_sequence_10_3] type: [object], Question: [table]

Elapsed 1 day, 4:32:14 Current start position is [    -13.668   0.0048132      2.6857]
Elapsed 1 day, 4:32:32 ===Episode_id 10 task_id 3 task_level=object===
SR: True, SPL: 0.7288338644694264, Object category: table, goal type: sequence===

Elapsed 1 day, 4:32:32 [baseline] task_level=object scene=00814-p53SfW6mjZe episode=10 task=3 sec=17.763
Elapsed 1 day, 4:32:32 [BASELINE_LIVE_METRICS] rows=654 avg_sr=0.434251 avg_spl=0.261649 follower_error_count=9 levels=[object:n=160,sr=0.568750,spl=0.371866; room:n=163,sr=0.484663,spl=0.280547; region:n=189,sr=0.386243,spl=0.236265; instance:n=142,sr=0.288732,spl=0.149556] latest_scene=00814-p53SfW6mjZe latest_episode=10 latest_task=3 latest_level=object by_level={"instance": {"avg_spl": 0.14955610685397422, "avg_sr": 0.2887323943661972, "count": 142}, "object": {"avg_spl": 0.3718663278205506, "avg_sr": 0.56875, "count": 160}, "region": {"avg_spl": 0.2362646604763088, "avg_sr": 0.3862433862433862, "count": 189}, "room": {"avg_spl": 0.2805469623738323, "avg_sr": 0.48466257668711654, "count": 163}}
Elapsed 1 day, 4:32:32 

Begin to process [00814-p53SfW6mjZe_sequence_10_4] type: [region], Question: [cutting board in the kitchen that has white kitchen cabinets with marble countertop and stainless sink below window, stainless stove and oven, dark island with stools, and black sideboard with statue below lake map]

Elapsed 1 day, 4:32:32 Current start position is [    -15.772   0.0048132      5.5956]
Elapsed 1 day, 4:36:07 ===Episode_id 10 task_id 4 task_level=region===
SR: False, SPL: 0.0, Object category: cutting board, goal type: sequence===

Elapsed 1 day, 4:36:07 [baseline] task_level=region scene=00814-p53SfW6mjZe episode=10 task=4 sec=215.087
Elapsed 1 day, 4:36:07 [BASELINE_LIVE_METRICS] rows=655 avg_sr=0.433588 avg_spl=0.261250 follower_error_count=9 levels=[object:n=160,sr=0.568750,spl=0.371866; room:n=163,sr=0.484663,spl=0.280547; region:n=190,sr=0.384211,spl=0.235021; instance:n=142,sr=0.288732,spl=0.149556] latest_scene=00814-p53SfW6mjZe latest_episode=10 latest_task=4 latest_level=region by_level={"instance": {"avg_spl": 0.14955610685397422, "avg_sr": 0.2887323943661972, "count": 142}, "object": {"avg_spl": 0.3718663278205506, "avg_sr": 0.56875, "count": 160}, "region": {"avg_spl": 0.23502116226327563, "avg_sr": 0.38421052631578945, "count": 190}, "room": {"avg_spl": 0.2805469623738323, "avg_sr": 0.48466257668711654, "count": 163}}
Elapsed 1 day, 4:36:07 [Metrics] sequence count: 655, invalid_count: 0, follower_error_count: 9, avg_sr: 0.433588, avg_spl: 0.261250

=== Episode ===: 11it [5:56:07, 2628.72s/it][AElapsed 1 day, 4:36:16 

Begin to process [00814-p53SfW6mjZe_sequence_11_0] type: [instance], Question: [black kitchen wall rack above coffee machine on white countertop]

Elapsed 1 day, 4:36:16 Current start position is [    -15.838     0.00481      4.9925]
Elapsed 1 day, 4:37:52 ===Episode_id 11 task_id 0 task_level=instance===
SR: False, SPL: 0.0, Object category: rack, goal type: sequence===

Elapsed 1 day, 4:37:52 [baseline] task_level=instance scene=00814-p53SfW6mjZe episode=11 task=0 sec=95.631
Elapsed 1 day, 4:37:52 [BASELINE_LIVE_METRICS] rows=656 avg_sr=0.432927 avg_spl=0.260852 follower_error_count=9 levels=[object:n=160,sr=0.568750,spl=0.371866; room:n=163,sr=0.484663,spl=0.280547; region:n=190,sr=0.384211,spl=0.235021; instance:n=143,sr=0.286713,spl=0.148510] latest_scene=00814-p53SfW6mjZe latest_episode=11 latest_task=0 latest_level=instance by_level={"instance": {"avg_spl": 0.1485102599528975, "avg_sr": 0.2867132867132867, "count": 143}, "object": {"avg_spl": 0.3718663278205506, "avg_sr": 0.56875, "count": 160}, "region": {"avg_spl": 0.23502116226327563, "avg_sr": 0.38421052631578945, "count": 190}, "room": {"avg_spl": 0.2805469623738323, "avg_sr": 0.48466257668711654, "count": 163}}
Elapsed 1 day, 4:37:52 

Begin to process [00814-p53SfW6mjZe_sequence_11_1] type: [object], Question: [bucket]

Elapsed 1 day, 4:37:52 Current start position is [    -13.714   0.0048132      5.6622]
Elapsed 1 day, 4:38:17 ===Episode_id 11 task_id 1 task_level=object===
SR: False, SPL: 0.0, Object category: bucket, goal type: sequence===

Elapsed 1 day, 4:38:17 [baseline] task_level=object scene=00814-p53SfW6mjZe episode=11 task=1 sec=24.376
Elapsed 1 day, 4:38:17 [BASELINE_LIVE_METRICS] rows=657 avg_sr=0.432268 avg_spl=0.260455 follower_error_count=9 levels=[object:n=161,sr=0.565217,spl=0.369557; room:n=163,sr=0.484663,spl=0.280547; region:n=190,sr=0.384211,spl=0.235021; instance:n=143,sr=0.286713,spl=0.148510] latest_scene=00814-p53SfW6mjZe latest_episode=11 latest_task=1 latest_level=object by_level={"instance": {"avg_spl": 0.1485102599528975, "avg_sr": 0.2867132867132867, "count": 143}, "object": {"avg_spl": 0.3695565990763236, "avg_sr": 0.5652173913043478, "count": 161}, "region": {"avg_spl": 0.23502116226327563, "avg_sr": 0.38421052631578945, "count": 190}, "room": {"avg_spl": 0.2805469623738323, "avg_sr": 0.48466257668711654, "count": 163}}
Elapsed 1 day, 4:38:17 

Begin to process [00814-p53SfW6mjZe_sequence_11_2] type: [region], Question: [coffee machine in the kitchen that has black pantry cabinet stocked with jars and boxes and black cabinet with white countertop and coffee machine]

Elapsed 1 day, 4:38:17 Current start position is [    -13.714   0.0048132      5.6622]
Elapsed 1 day, 4:45:42 ===Episode_id 11 task_id 2 task_level=region===
SR: False, SPL: 0.0, Object category: coffee machine, goal type: sequence===

Elapsed 1 day, 4:45:42 [baseline] task_level=region scene=00814-p53SfW6mjZe episode=11 task=2 sec=445.073
Elapsed 1 day, 4:45:42 [BASELINE_LIVE_METRICS] rows=658 avg_sr=0.431611 avg_spl=0.260059 follower_error_count=9 levels=[object:n=161,sr=0.565217,spl=0.369557; room:n=163,sr=0.484663,spl=0.280547; region:n=191,sr=0.382199,spl=0.233791; instance:n=143,sr=0.286713,spl=0.148510] latest_scene=00814-p53SfW6mjZe latest_episode=11 latest_task=2 latest_level=region by_level={"instance": {"avg_spl": 0.1485102599528975, "avg_sr": 0.2867132867132867, "count": 143}, "object": {"avg_spl": 0.3695565990763236, "avg_sr": 0.5652173913043478, "count": 161}, "region": {"avg_spl": 0.2337906849739391, "avg_sr": 0.38219895287958117, "count": 191}, "room": {"avg_spl": 0.2805469623738323, "avg_sr": 0.48466257668711654, "count": 163}}
Elapsed 1 day, 4:45:42 

Begin to process [00814-p53SfW6mjZe_sequence_11_3] type: [region], Question: [cabinet in the bathroom that has walk-in shower, black vanity with white countertop below black-framed mirror, pelican coastal painting, and toilet beside blue bath mat]

Elapsed 1 day, 4:45:42 Current start position is [    -5.6244   0.0048132      6.7627]
Elapsed 1 day, 4:54:03 ===Episode_id 11 task_id 3 task_level=region===
SR: False, SPL: 0.0, Object category: cabinet, goal type: sequence===

Elapsed 1 day, 4:54:03 [baseline] task_level=region scene=00814-p53SfW6mjZe episode=11 task=3 sec=501.570
Elapsed 1 day, 4:54:03 [BASELINE_LIVE_METRICS] rows=659 avg_sr=0.430956 avg_spl=0.259664 follower_error_count=9 levels=[object:n=161,sr=0.565217,spl=0.369557; room:n=163,sr=0.484663,spl=0.280547; region:n=192,sr=0.380208,spl=0.232573; instance:n=143,sr=0.286713,spl=0.148510] latest_scene=00814-p53SfW6mjZe latest_episode=11 latest_task=3 latest_level=region by_level={"instance": {"avg_spl": 0.1485102599528975, "avg_sr": 0.2867132867132867, "count": 143}, "object": {"avg_spl": 0.3695565990763236, "avg_sr": 0.5652173913043478, "count": 161}, "region": {"avg_spl": 0.2325730251563665, "avg_sr": 0.3802083333333333, "count": 192}, "room": {"avg_spl": 0.2805469623738323, "avg_sr": 0.48466257668711654, "count": 163}}
Elapsed 1 day, 4:54:03 

Begin to process [00814-p53SfW6mjZe_sequence_11_4] type: [region], Question: [shelf in the living room that has stone fireplace flanked by dark cabinet with drawers, one with TV and another with books and chicken picture, and couch beside wood coffee table]

Elapsed 1 day, 4:54:03 Current start position is [    -14.156   0.0048132     -1.6882]
Elapsed 1 day, 4:58:19 ===Episode_id 11 task_id 4 task_level=region===
SR: True, SPL: 0.8697166706112947, Object category: shelf, goal type: sequence===

Elapsed 1 day, 4:58:19 [baseline] task_level=region scene=00814-p53SfW6mjZe episode=11 task=4 sec=255.543
Elapsed 1 day, 4:58:19 [BASELINE_LIVE_METRICS] rows=660 avg_sr=0.431818 avg_spl=0.260589 follower_error_count=9 levels=[object:n=161,sr=0.565217,spl=0.369557; room:n=163,sr=0.484663,spl=0.280547; region:n=193,sr=0.383420,spl=0.235874; instance:n=143,sr=0.286713,spl=0.148510] latest_scene=00814-p53SfW6mjZe latest_episode=11 latest_task=4 latest_level=region by_level={"instance": {"avg_spl": 0.1485102599528975, "avg_sr": 0.2867132867132867, "count": 143}, "object": {"avg_spl": 0.3695565990763236, "avg_sr": 0.5652173913043478, "count": 161}, "region": {"avg_spl": 0.23587428756805007, "avg_sr": 0.38341968911917096, "count": 193}, "room": {"avg_spl": 0.2805469623738323, "avg_sr": 0.48466257668711654, "count": 163}}
Elapsed 1 day, 4:58:19 [Metrics] sequence count: 660, invalid_count: 0, follower_error_count: 9, avg_sr: 0.431818, avg_spl: 0.260589

=== Episode ===: 12it [6:18:19, 2234.05s/it][AElapsed 1 day, 4:58:28 

Begin to process [00814-p53SfW6mjZe_sequence_12_0] type: [instance], Question: [dark kitchen cabinet with coffee machine under black pantry cabinet with jars and boxes]

Elapsed 1 day, 4:58:28 Current start position is [    -15.859     0.00481      3.9212]
Elapsed 1 day, 5:05:06 ===Episode_id 12 task_id 0 task_level=instance===
SR: False, SPL: 0.0, Object category: cabinet, goal type: sequence===

Elapsed 1 day, 5:05:06 [baseline] task_level=instance scene=00814-p53SfW6mjZe episode=12 task=0 sec=398.044
Elapsed 1 day, 5:05:06 [BASELINE_LIVE_METRICS] rows=661 avg_sr=0.431165 avg_spl=0.260194 follower_error_count=9 levels=[object:n=161,sr=0.565217,spl=0.369557; room:n=163,sr=0.484663,spl=0.280547; region:n=193,sr=0.383420,spl=0.235874; instance:n=144,sr=0.284722,spl=0.147479] latest_scene=00814-p53SfW6mjZe latest_episode=12 latest_task=0 latest_level=instance by_level={"instance": {"avg_spl": 0.1474789387032246, "avg_sr": 0.2847222222222222, "count": 144}, "object": {"avg_spl": 0.3695565990763236, "avg_sr": 0.5652173913043478, "count": 161}, "region": {"avg_spl": 0.23587428756805007, "avg_sr": 0.38341968911917096, "count": 193}, "room": {"avg_spl": 0.2805469623738323, "avg_sr": 0.48466257668711654, "count": 163}}
Elapsed 1 day, 5:05:06 

Begin to process [00814-p53SfW6mjZe_sequence_12_1] type: [region], Question: [toilet in the bathroom that has walk-in shower, black vanity with white countertop below black-framed mirror, pelican coastal painting, and toilet beside blue bath mat]

Elapsed 1 day, 5:05:06 Current start position is [    -5.5307   0.0048132      6.8945]
Elapsed 1 day, 5:08:15 geodesic_distance: 15.021196365356445
Elapsed 1 day, 5:08:15 [baseline][follow-error] scene=00814-p53SfW6mjZe episode_id=12 task_id=1 task_level=region final=True error=GreedyFollowerError path_found=True
Elapsed 1 day, 5:08:15 ===Episode_id 12 task_id 1 task_level=region===
SR: 0, SPL: 0, Object category: toilet, goal type: sequence===

Elapsed 1 day, 5:08:15 [baseline] task_level=region scene=00814-p53SfW6mjZe episode=12 task=1 sec=189.058
Elapsed 1 day, 5:08:15 [BASELINE_LIVE_METRICS] rows=662 avg_sr=0.430514 avg_spl=0.259801 follower_error_count=10 levels=[object:n=161,sr=0.565217,spl=0.369557; room:n=163,sr=0.484663,spl=0.280547; region:n=194,sr=0.381443,spl=0.234658; instance:n=144,sr=0.284722,spl=0.147479] latest_scene=00814-p53SfW6mjZe latest_episode=12 latest_task=1 latest_level=region by_level={"instance": {"avg_spl": 0.1474789387032246, "avg_sr": 0.2847222222222222, "count": 144}, "object": {"avg_spl": 0.3695565990763236, "avg_sr": 0.5652173913043478, "count": 161}, "region": {"avg_spl": 0.2346584407249158, "avg_sr": 0.38144329896907214, "count": 194}, "room": {"avg_spl": 0.2805469623738323, "avg_sr": 0.48466257668711654, "count": 163}}
Elapsed 1 day, 5:08:15 

Begin to process [00814-p53SfW6mjZe_sequence_12_2] type: [object], Question: [throw blanket]

Elapsed 1 day, 5:08:15 Current start position is [    -12.932   0.0048132     -1.4864]
Elapsed 1 day, 5:08:58 ===Episode_id 12 task_id 2 task_level=object===
SR: False, SPL: 0.0, Object category: throw blanket, goal type: sequence===

Elapsed 1 day, 5:08:58 [baseline] task_level=object scene=00814-p53SfW6mjZe episode=12 task=2 sec=42.133
Elapsed 1 day, 5:08:58 [BASELINE_LIVE_METRICS] rows=663 avg_sr=0.429864 avg_spl=0.259409 follower_error_count=10 levels=[object:n=162,sr=0.561728,spl=0.367275; room:n=163,sr=0.484663,spl=0.280547; region:n=194,sr=0.381443,spl=0.234658; instance:n=144,sr=0.284722,spl=0.147479] latest_scene=00814-p53SfW6mjZe latest_episode=12 latest_task=2 latest_level=object by_level={"instance": {"avg_spl": 0.1474789387032246, "avg_sr": 0.2847222222222222, "count": 144}, "object": {"avg_spl": 0.36727538550177835, "avg_sr": 0.5617283950617284, "count": 162}, "region": {"avg_spl": 0.2346584407249158, "avg_sr": 0.38144329896907214, "count": 194}, "room": {"avg_spl": 0.2805469623738323, "avg_sr": 0.48466257668711654, "count": 163}}
Elapsed 1 day, 5:08:58 

Begin to process [00814-p53SfW6mjZe_sequence_12_3] type: [object], Question: [dresser]

Elapsed 1 day, 5:08:58 Current start position is [    -12.925   0.0048132      4.5068]
Elapsed 1 day, 5:09:47 ===Episode_id 12 task_id 3 task_level=object===
SR: False, SPL: 0.0, Object category: dresser, goal type: sequence===

Elapsed 1 day, 5:09:47 [baseline] task_level=object scene=00814-p53SfW6mjZe episode=12 task=3 sec=49.626
Elapsed 1 day, 5:09:47 [BASELINE_LIVE_METRICS] rows=664 avg_sr=0.429217 avg_spl=0.259019 follower_error_count=10 levels=[object:n=163,sr=0.558282,spl=0.365022; room:n=163,sr=0.484663,spl=0.280547; region:n=194,sr=0.381443,spl=0.234658; instance:n=144,sr=0.284722,spl=0.147479] latest_scene=00814-p53SfW6mjZe latest_episode=12 latest_task=3 latest_level=object by_level={"instance": {"avg_spl": 0.1474789387032246, "avg_sr": 0.2847222222222222, "count": 144}, "object": {"avg_spl": 0.36502216227784107, "avg_sr": 0.558282208588957, "count": 163}, "region": {"avg_spl": 0.2346584407249158, "avg_sr": 0.38144329896907214, "count": 194}, "room": {"avg_spl": 0.2805469623738323, "avg_sr": 0.48466257668711654, "count": 163}}
Elapsed 1 day, 5:09:47 

Begin to process [00814-p53SfW6mjZe_sequence_12_4] type: [room], Question: [sink in the kitchen]

Elapsed 1 day, 5:09:47 Current start position is [    -14.261   0.0048132      2.2731]
Elapsed 1 day, 5:13:39 ===Episode_id 12 task_id 4 task_level=room===
SR: True, SPL: 0.665887185104788, Object category: sink, goal type: sequence===

Elapsed 1 day, 5:13:39 [baseline] task_level=room scene=00814-p53SfW6mjZe episode=12 task=4 sec=232.126
Elapsed 1 day, 5:13:39 [BASELINE_LIVE_METRICS] rows=665 avg_sr=0.430075 avg_spl=0.259631 follower_error_count=10 levels=[object:n=163,sr=0.558282,spl=0.365022; room:n=164,sr=0.487805,spl=0.282897; region:n=194,sr=0.381443,spl=0.234658; instance:n=144,sr=0.284722,spl=0.147479] latest_scene=00814-p53SfW6mjZe latest_episode=12 latest_task=4 latest_level=room by_level={"instance": {"avg_spl": 0.1474789387032246, "avg_sr": 0.2847222222222222, "count": 144}, "object": {"avg_spl": 0.36502216227784107, "avg_sr": 0.558282208588957, "count": 163}, "region": {"avg_spl": 0.2346584407249158, "avg_sr": 0.38144329896907214, "count": 194}, "room": {"avg_spl": 0.28289659787828936, "avg_sr": 0.4878048780487805, "count": 164}}
Elapsed 1 day, 5:13:40 [Metrics] sequence count: 665, invalid_count: 0, follower_error_count: 10, avg_sr: 0.430075, avg_spl: 0.259631

=== Episode ===: 13it [6:33:39, 1836.18s/it][AElapsed 1 day, 5:13:48 

Begin to process [00814-p53SfW6mjZe_sequence_13_0] type: [instance], Question: [turquoise coffee machine on white countertop in kitchen with pantry cabinet with jars]

Elapsed 1 day, 5:13:48 Current start position is [    -15.826     0.00481      5.2368]
Elapsed 1 day, 5:16:04 ===Episode_id 13 task_id 0 task_level=instance===
SR: False, SPL: 0.0, Object category: coffee machine, goal type: sequence===

Elapsed 1 day, 5:16:04 [baseline] task_level=instance scene=00814-p53SfW6mjZe episode=13 task=0 sec=135.421
Elapsed 1 day, 5:16:04 [BASELINE_LIVE_METRICS] rows=666 avg_sr=0.429429 avg_spl=0.259241 follower_error_count=10 levels=[object:n=163,sr=0.558282,spl=0.365022; room:n=164,sr=0.487805,spl=0.282897; region:n=194,sr=0.381443,spl=0.234658; instance:n=145,sr=0.282759,spl=0.146462] latest_scene=00814-p53SfW6mjZe latest_episode=13 latest_task=0 latest_level=instance by_level={"instance": {"avg_spl": 0.14646184257423683, "avg_sr": 0.2827586206896552, "count": 145}, "object": {"avg_spl": 0.36502216227784107, "avg_sr": 0.558282208588957, "count": 163}, "region": {"avg_spl": 0.2346584407249158, "avg_sr": 0.38144329896907214, "count": 194}, "room": {"avg_spl": 0.28289659787828936, "avg_sr": 0.4878048780487805, "count": 164}}
Elapsed 1 day, 5:16:04 

Begin to process [00814-p53SfW6mjZe_sequence_13_1] type: [object], Question: [bowl]

Elapsed 1 day, 5:16:04 Current start position is [    -16.211    0.035064      2.4462]
Elapsed 1 day, 5:16:21 ===Episode_id 13 task_id 1 task_level=object===
SR: False, SPL: 0.0, Object category: bowl, goal type: sequence===

Elapsed 1 day, 5:16:21 [baseline] task_level=object scene=00814-p53SfW6mjZe episode=13 task=1 sec=16.955
Elapsed 1 day, 5:16:21 [BASELINE_LIVE_METRICS] rows=667 avg_sr=0.428786 avg_spl=0.258852 follower_error_count=10 levels=[object:n=164,sr=0.554878,spl=0.362796; room:n=164,sr=0.487805,spl=0.282897; region:n=194,sr=0.381443,spl=0.234658; instance:n=145,sr=0.282759,spl=0.146462] latest_scene=00814-p53SfW6mjZe latest_episode=13 latest_task=1 latest_level=object by_level={"instance": {"avg_spl": 0.14646184257423683, "avg_sr": 0.2827586206896552, "count": 145}, "object": {"avg_spl": 0.362796417385903, "avg_sr": 0.5548780487804879, "count": 164}, "region": {"avg_spl": 0.2346584407249158, "avg_sr": 0.38144329896907214, "count": 194}, "room": {"avg_spl": 0.28289659787828936, "avg_sr": 0.4878048780487805, "count": 164}}
Elapsed 1 day, 5:16:21 

Begin to process [00814-p53SfW6mjZe_sequence_13_2] type: [region], Question: [cabinet in the bedroom that has black metal-framed bed with striped bedding beneath two circular mandala prints, white desk beside brown dresser, and gray upholstered armchair near the patterned curtain]

Elapsed 1 day, 5:16:21 Current start position is [    -16.161   0.0070029      1.9659]
Elapsed 1 day, 5:16:44 ===Episode_id 13 task_id 2 task_level=region===
SR: True, SPL: 0.082959234486653, Object category: cabinet, goal type: sequence===

Elapsed 1 day, 5:16:44 [baseline] task_level=region scene=00814-p53SfW6mjZe episode=13 task=2 sec=22.742
Elapsed 1 day, 5:16:44 [BASELINE_LIVE_METRICS] rows=668 avg_sr=0.429641 avg_spl=0.258589 follower_error_count=10 levels=[object:n=164,sr=0.554878,spl=0.362796; room:n=164,sr=0.487805,spl=0.282897; region:n=195,sr=0.384615,spl=0.233880; instance:n=145,sr=0.282759,spl=0.146462] latest_scene=00814-p53SfW6mjZe latest_episode=13 latest_task=2 latest_level=region by_level={"instance": {"avg_spl": 0.14646184257423683, "avg_sr": 0.2827586206896552, "count": 145}, "object": {"avg_spl": 0.362796417385903, "avg_sr": 0.5548780487804879, "count": 164}, "region": {"avg_spl": 0.23388049607754008, "avg_sr": 0.38461538461538464, "count": 195}, "room": {"avg_spl": 0.28289659787828936, "avg_sr": 0.4878048780487805, "count": 164}}
Elapsed 1 day, 5:16:44 

Begin to process [00814-p53SfW6mjZe_sequence_13_3] type: [object], Question: [bucket]

Elapsed 1 day, 5:16:44 Current start position is [    -12.553    0.015243      3.4645]
Elapsed 1 day, 5:17:05 ===Episode_id 13 task_id 3 task_level=object===
SR: False, SPL: 0.0, Object category: bucket, goal type: sequence===

Elapsed 1 day, 5:17:05 [baseline] task_level=object scene=00814-p53SfW6mjZe episode=13 task=3 sec=21.619
Elapsed 1 day, 5:17:05 [BASELINE_LIVE_METRICS] rows=669 avg_sr=0.428999 avg_spl=0.258202 follower_error_count=10 levels=[object:n=165,sr=0.551515,spl=0.360598; room:n=164,sr=0.487805,spl=0.282897; region:n=195,sr=0.384615,spl=0.233880; instance:n=145,sr=0.282759,spl=0.146462] latest_scene=00814-p53SfW6mjZe latest_episode=13 latest_task=3 latest_level=object by_level={"instance": {"avg_spl": 0.14646184257423683, "avg_sr": 0.2827586206896552, "count": 145}, "object": {"avg_spl": 0.3605976512199279, "avg_sr": 0.5515151515151515, "count": 165}, "region": {"avg_spl": 0.23388049607754008, "avg_sr": 0.38461538461538464, "count": 195}, "room": {"avg_spl": 0.28289659787828936, "avg_sr": 0.4878048780487805, "count": 164}}
Elapsed 1 day, 5:17:05 

Begin to process [00814-p53SfW6mjZe_sequence_13_4] type: [region], Question: [refrigerator in the kitchen that has white kitchen cabinets with marble countertop and stainless sink below window, stainless stove and oven, dark island with stools, and black sideboard with statue below lake map]

Elapsed 1 day, 5:17:05 Current start position is [    -15.142   0.0048132      4.8413]
Elapsed 1 day, 5:21:34 ===Episode_id 13 task_id 4 task_level=region===
SR: False, SPL: 0.0, Object category: refrigerator, goal type: sequence===

Elapsed 1 day, 5:21:34 [baseline] task_level=region scene=00814-p53SfW6mjZe episode=13 task=4 sec=269.037
Elapsed 1 day, 5:21:34 [BASELINE_LIVE_METRICS] rows=670 avg_sr=0.428358 avg_spl=0.257817 follower_error_count=10 levels=[object:n=165,sr=0.551515,spl=0.360598; room:n=164,sr=0.487805,spl=0.282897; region:n=196,sr=0.382653,spl=0.232687; instance:n=145,sr=0.282759,spl=0.146462] latest_scene=00814-p53SfW6mjZe latest_episode=13 latest_task=4 latest_level=region by_level={"instance": {"avg_spl": 0.14646184257423683, "avg_sr": 0.2827586206896552, "count": 145}, "object": {"avg_spl": 0.3605976512199279, "avg_sr": 0.5515151515151515, "count": 165}, "region": {"avg_spl": 0.23268722824040977, "avg_sr": 0.3826530612244898, "count": 196}, "room": {"avg_spl": 0.28289659787828936, "avg_sr": 0.4878048780487805, "count": 164}}
Elapsed 1 day, 5:21:34 [Metrics] sequence count: 670, invalid_count: 0, follower_error_count: 10, avg_sr: 0.428358, avg_spl: 0.257817

=== Episode ===: 14it [6:41:34, 1425.00s/it][AElapsed 1 day, 5:21:44 

Begin to process [00814-p53SfW6mjZe_sequence_14_0] type: [instance], Question: [turquoise board on white countertop of black cabinet in kitchen near pantry cabinet holding jars and boxes]

Elapsed 1 day, 5:21:44 Current start position is [    -11.367     0.00481     -1.1494]
Elapsed 1 day, 5:26:55 ===Episode_id 14 task_id 0 task_level=instance===
SR: False, SPL: 0.0, Object category: board, goal type: sequence===

Elapsed 1 day, 5:26:55 [baseline] task_level=instance scene=00814-p53SfW6mjZe episode=14 task=0 sec=310.380
Elapsed 1 day, 5:26:55 [BASELINE_LIVE_METRICS] rows=671 avg_sr=0.427720 avg_spl=0.257433 follower_error_count=10 levels=[object:n=165,sr=0.551515,spl=0.360598; room:n=164,sr=0.487805,spl=0.282897; region:n=196,sr=0.382653,spl=0.232687; instance:n=146,sr=0.280822,spl=0.145459] latest_scene=00814-p53SfW6mjZe latest_episode=14 latest_task=0 latest_level=instance by_level={"instance": {"avg_spl": 0.14545867926893383, "avg_sr": 0.2808219178082192, "count": 146}, "object": {"avg_spl": 0.3605976512199279, "avg_sr": 0.5515151515151515, "count": 165}, "region": {"avg_spl": 0.23268722824040977, "avg_sr": 0.3826530612244898, "count": 196}, "room": {"avg_spl": 0.28289659787828936, "avg_sr": 0.4878048780487805, "count": 164}}
Elapsed 1 day, 5:26:55 

Begin to process [00814-p53SfW6mjZe_sequence_14_1] type: [region], Question: [kitchen sink in the kitchen that has white kitchen cabinets with marble countertop and stainless sink below window, stainless stove and oven, dark island with stools, and black sideboard with statue below lake map]

Elapsed 1 day, 5:26:55 Current start position is [    -5.5296   0.0048132      6.7685]
Elapsed 1 day, 5:27:39 ===Episode_id 14 task_id 1 task_level=region===
SR: False, SPL: 0.0, Object category: kitchen sink, goal type: sequence===

Elapsed 1 day, 5:27:39 [baseline] task_level=region scene=00814-p53SfW6mjZe episode=14 task=1 sec=44.008
Elapsed 1 day, 5:27:39 [BASELINE_LIVE_METRICS] rows=672 avg_sr=0.427083 avg_spl=0.257050 follower_error_count=10 levels=[object:n=165,sr=0.551515,spl=0.360598; room:n=164,sr=0.487805,spl=0.282897; region:n=197,sr=0.380711,spl=0.231506; instance:n=146,sr=0.280822,spl=0.145459] latest_scene=00814-p53SfW6mjZe latest_episode=14 latest_task=1 latest_level=region by_level={"instance": {"avg_spl": 0.14545867926893383, "avg_sr": 0.2808219178082192, "count": 146}, "object": {"avg_spl": 0.3605976512199279, "avg_sr": 0.5515151515151515, "count": 165}, "region": {"avg_spl": 0.23150607479756505, "avg_sr": 0.38071065989847713, "count": 197}, "room": {"avg_spl": 0.28289659787828936, "avg_sr": 0.4878048780487805, "count": 164}}
Elapsed 1 day, 5:27:39 

Begin to process [00814-p53SfW6mjZe_sequence_14_2] type: [object], Question: [shelf]

Elapsed 1 day, 5:27:39 Current start position is [    -6.7447   0.0048132      5.5917]
Elapsed 1 day, 5:28:33 ===Episode_id 14 task_id 2 task_level=object===
SR: False, SPL: 0.0, Object category: shelf, goal type: sequence===

Elapsed 1 day, 5:28:33 [baseline] task_level=object scene=00814-p53SfW6mjZe episode=14 task=2 sec=54.613
Elapsed 1 day, 5:28:33 [BASELINE_LIVE_METRICS] rows=673 avg_sr=0.426449 avg_spl=0.256668 follower_error_count=10 levels=[object:n=166,sr=0.548193,spl=0.358425; room:n=164,sr=0.487805,spl=0.282897; region:n=197,sr=0.380711,spl=0.231506; instance:n=146,sr=0.280822,spl=0.145459] latest_scene=00814-p53SfW6mjZe latest_episode=14 latest_task=2 latest_level=object by_level={"instance": {"avg_spl": 0.14545867926893383, "avg_sr": 0.2808219178082192, "count": 146}, "object": {"avg_spl": 0.3584253762125789, "avg_sr": 0.5481927710843374, "count": 166}, "region": {"avg_spl": 0.23150607479756505, "avg_sr": 0.38071065989847713, "count": 197}, "room": {"avg_spl": 0.28289659787828936, "avg_sr": 0.4878048780487805, "count": 164}}
Elapsed 1 day, 5:28:33 

Begin to process [00814-p53SfW6mjZe_sequence_14_3] type: [room], Question: [nightstand in the bedroom]

Elapsed 1 day, 5:28:33 Current start position is [    -11.288   0.0048132     -2.7811]
Elapsed 1 day, 5:41:20 ===Episode_id 14 task_id 3 task_level=room===
SR: True, SPL: 0.10310181365145821, Object category: nightstand, goal type: sequence===

Elapsed 1 day, 5:41:20 [baseline] task_level=room scene=00814-p53SfW6mjZe episode=14 task=3 sec=766.553
Elapsed 1 day, 5:41:20 [BASELINE_LIVE_METRICS] rows=674 avg_sr=0.427300 avg_spl=0.256440 follower_error_count=10 levels=[object:n=166,sr=0.548193,spl=0.358425; room:n=165,sr=0.490909,spl=0.281807; region:n=197,sr=0.380711,spl=0.231506; instance:n=146,sr=0.280822,spl=0.145459] latest_scene=00814-p53SfW6mjZe latest_episode=14 latest_task=3 latest_level=room by_level={"instance": {"avg_spl": 0.14545867926893383, "avg_sr": 0.2808219178082192, "count": 146}, "object": {"avg_spl": 0.3584253762125789, "avg_sr": 0.5481927710843374, "count": 166}, "region": {"avg_spl": 0.23150607479756505, "avg_sr": 0.38071065989847713, "count": 197}, "room": {"avg_spl": 0.2818069325193388, "avg_sr": 0.4909090909090909, "count": 165}}
Elapsed 1 day, 5:41:20 

Begin to process [00814-p53SfW6mjZe_sequence_14_4] type: [object], Question: [jar]

Elapsed 1 day, 5:41:20 Current start position is [    -15.584   0.0048132      3.4098]
Elapsed 1 day, 5:42:45 ===Episode_id 14 task_id 4 task_level=object===
SR: False, SPL: 0.0, Object category: jar, goal type: sequence===

Elapsed 1 day, 5:42:45 [baseline] task_level=object scene=00814-p53SfW6mjZe episode=14 task=4 sec=85.497
Elapsed 1 day, 5:42:46 [BASELINE_LIVE_METRICS] rows=675 avg_sr=0.426667 avg_spl=0.256060 follower_error_count=10 levels=[object:n=167,sr=0.544910,spl=0.356279; room:n=165,sr=0.490909,spl=0.281807; region:n=197,sr=0.380711,spl=0.231506; instance:n=146,sr=0.280822,spl=0.145459] latest_scene=00814-p53SfW6mjZe latest_episode=14 latest_task=4 latest_level=object by_level={"instance": {"avg_spl": 0.14545867926893383, "avg_sr": 0.2808219178082192, "count": 146}, "object": {"avg_spl": 0.356279116474779, "avg_sr": 0.5449101796407185, "count": 167}, "region": {"avg_spl": 0.23150607479756505, "avg_sr": 0.38071065989847713, "count": 197}, "room": {"avg_spl": 0.2818069325193388, "avg_sr": 0.4909090909090909, "count": 165}}
Elapsed 1 day, 5:42:46 [Metrics] sequence count: 675, invalid_count: 0, follower_error_count: 10, avg_sr: 0.426667, avg_spl: 0.256060

=== Episode ===: 15it [7:02:45, 1378.62s/it][AElapsed 1 day, 5:42:57 

Begin to process [00814-p53SfW6mjZe_sequence_15_0] type: [instance], Question: [white lower kitchen cabinet with marble countertop and black knobs just to the right of the stove near dark island with stools]

Elapsed 1 day, 5:42:57 Current start position is [    -13.284     0.00481      6.0993]
Elapsed 1 day, 5:45:12 ===Episode_id 15 task_id 0 task_level=instance===
SR: False, SPL: 0.0, Object category: kitchen cabinet, goal type: sequence===

Elapsed 1 day, 5:45:12 [baseline] task_level=instance scene=00814-p53SfW6mjZe episode=15 task=0 sec=134.675
Elapsed 1 day, 5:45:12 [BASELINE_LIVE_METRICS] rows=676 avg_sr=0.426036 avg_spl=0.255681 follower_error_count=10 levels=[object:n=167,sr=0.544910,spl=0.356279; room:n=165,sr=0.490909,spl=0.281807; region:n=197,sr=0.380711,spl=0.231506; instance:n=147,sr=0.278912,spl=0.144469] latest_scene=00814-p53SfW6mjZe latest_episode=15 latest_task=0 latest_level=instance by_level={"instance": {"avg_spl": 0.1444691644439751, "avg_sr": 0.2789115646258503, "count": 147}, "object": {"avg_spl": 0.356279116474779, "avg_sr": 0.5449101796407185, "count": 167}, "region": {"avg_spl": 0.23150607479756505, "avg_sr": 0.38071065989847713, "count": 197}, "room": {"avg_spl": 0.2818069325193388, "avg_sr": 0.4909090909090909, "count": 165}}
Elapsed 1 day, 5:45:12 

Begin to process [00814-p53SfW6mjZe_sequence_15_1] type: [object], Question: [throw blanket]

Elapsed 1 day, 5:45:12 Current start position is [    -16.058   0.0048132     -1.6031]
Elapsed 1 day, 5:45:36 ===Episode_id 15 task_id 1 task_level=object===
SR: False, SPL: 0.0, Object category: throw blanket, goal type: sequence===

Elapsed 1 day, 5:45:36 [baseline] task_level=object scene=00814-p53SfW6mjZe episode=15 task=1 sec=23.843
Elapsed 1 day, 5:45:36 [BASELINE_LIVE_METRICS] rows=677 avg_sr=0.425406 avg_spl=0.255303 follower_error_count=10 levels=[object:n=168,sr=0.541667,spl=0.354158; room:n=165,sr=0.490909,spl=0.281807; region:n=197,sr=0.380711,spl=0.231506; instance:n=147,sr=0.278912,spl=0.144469] latest_scene=00814-p53SfW6mjZe latest_episode=15 latest_task=1 latest_level=object by_level={"instance": {"avg_spl": 0.1444691644439751, "avg_sr": 0.2789115646258503, "count": 147}, "object": {"avg_spl": 0.3541584074481434, "avg_sr": 0.5416666666666666, "count": 168}, "region": {"avg_spl": 0.23150607479756505, "avg_sr": 0.38071065989847713, "count": 197}, "room": {"avg_spl": 0.2818069325193388, "avg_sr": 0.4909090909090909, "count": 165}}
Elapsed 1 day, 5:45:36 

Begin to process [00814-p53SfW6mjZe_sequence_15_2] type: [room], Question: [refrigerator in the laundry room]

Elapsed 1 day, 5:45:36 Current start position is [    -11.342   0.0048132     -2.6512]
Elapsed 1 day, 5:46:07 ===Episode_id 15 task_id 2 task_level=room===
SR: True, SPL: 0.7219038109174417, Object category: refrigerator, goal type: sequence===

Elapsed 1 day, 5:46:07 [baseline] task_level=room scene=00814-p53SfW6mjZe episode=15 task=2 sec=30.990
Elapsed 1 day, 5:46:07 [BASELINE_LIVE_METRICS] rows=678 avg_sr=0.426254 avg_spl=0.255992 follower_error_count=10 levels=[object:n=168,sr=0.541667,spl=0.354158; room:n=166,sr=0.493976,spl=0.284458; region:n=197,sr=0.380711,spl=0.231506; instance:n=147,sr=0.278912,spl=0.144469] latest_scene=00814-p53SfW6mjZe latest_episode=15 latest_task=2 latest_level=room by_level={"instance": {"avg_spl": 0.1444691644439751, "avg_sr": 0.2789115646258503, "count": 147}, "object": {"avg_spl": 0.3541584074481434, "avg_sr": 0.5416666666666666, "count": 168}, "region": {"avg_spl": 0.23150607479756505, "avg_sr": 0.38071065989847713, "count": 197}, "room": {"avg_spl": 0.2844581185337852, "avg_sr": 0.4939759036144578, "count": 166}}
Elapsed 1 day, 5:46:07 

Begin to process [00814-p53SfW6mjZe_sequence_15_3] type: [object], Question: [kitchen cabinet]

Elapsed 1 day, 5:46:07 Current start position is [    -15.464   0.0048132     -1.2183]
Elapsed 1 day, 5:46:34 ===Episode_id 15 task_id 3 task_level=object===
SR: False, SPL: 0.0, Object category: kitchen cabinet, goal type: sequence===

Elapsed 1 day, 5:46:34 [baseline] task_level=object scene=00814-p53SfW6mjZe episode=15 task=3 sec=26.645
Elapsed 1 day, 5:46:34 [BASELINE_LIVE_METRICS] rows=679 avg_sr=0.425626 avg_spl=0.255615 follower_error_count=10 levels=[object:n=169,sr=0.538462,spl=0.352063; room:n=166,sr=0.493976,spl=0.284458; region:n=197,sr=0.380711,spl=0.231506; instance:n=147,sr=0.278912,spl=0.144469] latest_scene=00814-p53SfW6mjZe latest_episode=15 latest_task=3 latest_level=object by_level={"instance": {"avg_spl": 0.1444691644439751, "avg_sr": 0.2789115646258503, "count": 147}, "object": {"avg_spl": 0.35206279556975206, "avg_sr": 0.5384615384615384, "count": 169}, "region": {"avg_spl": 0.23150607479756505, "avg_sr": 0.38071065989847713, "count": 197}, "room": {"avg_spl": 0.2844581185337852, "avg_sr": 0.4939759036144578, "count": 166}}
Elapsed 1 day, 5:46:34 

Begin to process [00814-p53SfW6mjZe_sequence_15_4] type: [object], Question: [mantel]

Elapsed 1 day, 5:46:34 Current start position is [    -15.074   0.0048132     -2.1116]
Elapsed 1 day, 5:47:02 ===Episode_id 15 task_id 4 task_level=object===
SR: False, SPL: 0.0, Object category: mantel, goal type: sequence===

Elapsed 1 day, 5:47:02 [baseline] task_level=object scene=00814-p53SfW6mjZe episode=15 task=4 sec=28.645
Elapsed 1 day, 5:47:02 [BASELINE_LIVE_METRICS] rows=680 avg_sr=0.425000 avg_spl=0.255239 follower_error_count=10 levels=[object:n=170,sr=0.535294,spl=0.349992; room:n=166,sr=0.493976,spl=0.284458; region:n=197,sr=0.380711,spl=0.231506; instance:n=147,sr=0.278912,spl=0.144469] latest_scene=00814-p53SfW6mjZe latest_episode=15 latest_task=4 latest_level=object by_level={"instance": {"avg_spl": 0.1444691644439751, "avg_sr": 0.2789115646258503, "count": 147}, "object": {"avg_spl": 0.3499918379487535, "avg_sr": 0.5352941176470588, "count": 170}, "region": {"avg_spl": 0.23150607479756505, "avg_sr": 0.38071065989847713, "count": 197}, "room": {"avg_spl": 0.2844581185337852, "avg_sr": 0.4939759036144578, "count": 166}}
Elapsed 1 day, 5:47:03 [Metrics] sequence count: 680, invalid_count: 0, follower_error_count: 10, avg_sr: 0.425000, avg_spl: 0.255239

=== Episode ===: 16it [7:07:02, 1041.00s/it][AElapsed 1 day, 5:47:12 

Begin to process [00814-p53SfW6mjZe_sequence_16_0] type: [instance], Question: [white kitchen cabinet with marble countertop below a knife holder and kitchen utensil under upper cabinet]

Elapsed 1 day, 5:47:12 Current start position is [     1.0091     0.00481     0.42614]
Elapsed 1 day, 5:49:57 ===Episode_id 16 task_id 0 task_level=instance===
SR: False, SPL: 0.0, Object category: kitchen cabinet, goal type: sequence===

Elapsed 1 day, 5:49:57 [baseline] task_level=instance scene=00814-p53SfW6mjZe episode=16 task=0 sec=164.219
Elapsed 1 day, 5:49:57 [BASELINE_LIVE_METRICS] rows=681 avg_sr=0.424376 avg_spl=0.254864 follower_error_count=10 levels=[object:n=170,sr=0.535294,spl=0.349992; room:n=166,sr=0.493976,spl=0.284458; region:n=197,sr=0.380711,spl=0.231506; instance:n=148,sr=0.277027,spl=0.143493] latest_scene=00814-p53SfW6mjZe latest_episode=16 latest_task=0 latest_level=instance by_level={"instance": {"avg_spl": 0.14349302144097525, "avg_sr": 0.27702702702702703, "count": 148}, "object": {"avg_spl": 0.3499918379487535, "avg_sr": 0.5352941176470588, "count": 170}, "region": {"avg_spl": 0.23150607479756505, "avg_sr": 0.38071065989847713, "count": 197}, "room": {"avg_spl": 0.2844581185337852, "avg_sr": 0.4939759036144578, "count": 166}}
Elapsed 1 day, 5:49:57 

Begin to process [00814-p53SfW6mjZe_sequence_16_1] type: [room], Question: [fireplace wall in the living room]

Elapsed 1 day, 5:49:57 Current start position is [     -5.353   0.0048132      4.0253]
Elapsed 1 day, 5:50:29 ===Episode_id 16 task_id 1 task_level=room===
SR: False, SPL: 0.0, Object category: fireplace wall, goal type: sequence===

Elapsed 1 day, 5:50:29 [baseline] task_level=room scene=00814-p53SfW6mjZe episode=16 task=1 sec=31.973
Elapsed 1 day, 5:50:29 [BASELINE_LIVE_METRICS] rows=682 avg_sr=0.423754 avg_spl=0.254490 follower_error_count=10 levels=[object:n=170,sr=0.535294,spl=0.349992; room:n=167,sr=0.491018,spl=0.282755; region:n=197,sr=0.380711,spl=0.231506; instance:n=148,sr=0.277027,spl=0.143493] latest_scene=00814-p53SfW6mjZe latest_episode=16 latest_task=1 latest_level=room by_level={"instance": {"avg_spl": 0.14349302144097525, "avg_sr": 0.27702702702702703, "count": 148}, "object": {"avg_spl": 0.3499918379487535, "avg_sr": 0.5352941176470588, "count": 170}, "region": {"avg_spl": 0.23150607479756505, "avg_sr": 0.38071065989847713, "count": 197}, "room": {"avg_spl": 0.2827547765066368, "avg_sr": 0.49101796407185627, "count": 167}}
Elapsed 1 day, 5:50:29 

Begin to process [00814-p53SfW6mjZe_sequence_16_2] type: [object], Question: [nightstand]

Elapsed 1 day, 5:50:29 Current start position is [    -1.8392   0.0048132      4.9264]
Elapsed 1 day, 5:50:59 ===Episode_id 16 task_id 2 task_level=object===
SR: False, SPL: 0.0, Object category: nightstand, goal type: sequence===

Elapsed 1 day, 5:50:59 [baseline] task_level=object scene=00814-p53SfW6mjZe episode=16 task=2 sec=30.253
Elapsed 1 day, 5:50:59 [BASELINE_LIVE_METRICS] rows=683 avg_sr=0.423133 avg_spl=0.254118 follower_error_count=10 levels=[object:n=171,sr=0.532164,spl=0.347945; room:n=167,sr=0.491018,spl=0.282755; region:n=197,sr=0.380711,spl=0.231506; instance:n=148,sr=0.277027,spl=0.143493] latest_scene=00814-p53SfW6mjZe latest_episode=16 latest_task=2 latest_level=object by_level={"instance": {"avg_spl": 0.14349302144097525, "avg_sr": 0.27702702702702703, "count": 148}, "object": {"avg_spl": 0.34794510205431634, "avg_sr": 0.5321637426900585, "count": 171}, "region": {"avg_spl": 0.23150607479756505, "avg_sr": 0.38071065989847713, "count": 197}, "room": {"avg_spl": 0.2827547765066368, "avg_sr": 0.49101796407185627, "count": 167}}
Elapsed 1 day, 5:50:59 

Begin to process [00814-p53SfW6mjZe_sequence_16_3] type: [object], Question: [oven and stove]

Elapsed 1 day, 5:50:59 Current start position is [     1.5246   0.0048132     0.51162]
Elapsed 1 day, 5:51:32 ===Episode_id 16 task_id 3 task_level=object===
SR: True, SPL: 0.8883707127047206, Object category: oven and stove, goal type: sequence===

Elapsed 1 day, 5:51:32 [baseline] task_level=object scene=00814-p53SfW6mjZe episode=16 task=3 sec=32.685
Elapsed 1 day, 5:51:32 [BASELINE_LIVE_METRICS] rows=684 avg_sr=0.423977 avg_spl=0.255045 follower_error_count=10 levels=[object:n=172,sr=0.534884,spl=0.351087; room:n=167,sr=0.491018,spl=0.282755; region:n=197,sr=0.380711,spl=0.231506; instance:n=148,sr=0.277027,spl=0.143493] latest_scene=00814-p53SfW6mjZe latest_episode=16 latest_task=3 latest_level=object by_level={"instance": {"avg_spl": 0.14349302144097525, "avg_sr": 0.27702702702702703, "count": 148}, "object": {"avg_spl": 0.3510871114185629, "avg_sr": 0.5348837209302325, "count": 172}, "region": {"avg_spl": 0.23150607479756505, "avg_sr": 0.38071065989847713, "count": 197}, "room": {"avg_spl": 0.2827547765066368, "avg_sr": 0.49101796407185627, "count": 167}}
Elapsed 1 day, 5:51:32 

Begin to process [00814-p53SfW6mjZe_sequence_16_4] type: [region], Question: [table in the bedroom that has black metal-framed bed with striped bedding beneath two circular mandala prints, white desk beside brown dresser, and gray upholstered armchair near the patterned curtain]

Elapsed 1 day, 5:51:32 Current start position is [    -6.6983   0.0048132      4.5303]
Elapsed 1 day, 6:05:22 ===Episode_id 16 task_id 4 task_level=region===
SR: False, SPL: 0.0, Object category: table, goal type: sequence===

Elapsed 1 day, 6:05:22 [baseline] task_level=region scene=00814-p53SfW6mjZe episode=16 task=4 sec=830.154
Elapsed 1 day, 6:05:22 [BASELINE_LIVE_METRICS] rows=685 avg_sr=0.423358 avg_spl=0.254673 follower_error_count=10 levels=[object:n=172,sr=0.534884,spl=0.351087; room:n=167,sr=0.491018,spl=0.282755; region:n=198,sr=0.378788,spl=0.230337; instance:n=148,sr=0.277027,spl=0.143493] latest_scene=00814-p53SfW6mjZe latest_episode=16 latest_task=4 latest_level=region by_level={"instance": {"avg_spl": 0.14349302144097525, "avg_sr": 0.27702702702702703, "count": 148}, "object": {"avg_spl": 0.3510871114185629, "avg_sr": 0.5348837209302325, "count": 172}, "region": {"avg_spl": 0.23033685219757735, "avg_sr": 0.3787878787878788, "count": 198}, "room": {"avg_spl": 0.2827547765066368, "avg_sr": 0.49101796407185627, "count": 167}}
Elapsed 1 day, 6:05:22 [Metrics] sequence count: 685, invalid_count: 0, follower_error_count: 10, avg_sr: 0.423358, avg_spl: 0.254673

=== Episode ===: 17it [7:25:22, 1058.57s/it][AElapsed 1 day, 6:05:34 

Begin to process [00814-p53SfW6mjZe_sequence_17_0] type: [instance], Question: [stainless oven and stove with red knobs in kitchen near dark island beneath lake map and white cabinets]

Elapsed 1 day, 6:05:34 Current start position is [    -15.549      0.0239      2.2326]
Elapsed 1 day, 6:13:31 ===Episode_id 17 task_id 0 task_level=instance===
SR: False, SPL: 0.0, Object category: oven and stove, goal type: sequence===

Elapsed 1 day, 6:13:31 [baseline] task_level=instance scene=00814-p53SfW6mjZe episode=17 task=0 sec=476.921
Elapsed 1 day, 6:13:31 [BASELINE_LIVE_METRICS] rows=686 avg_sr=0.422741 avg_spl=0.254301 follower_error_count=10 levels=[object:n=172,sr=0.534884,spl=0.351087; room:n=167,sr=0.491018,spl=0.282755; region:n=198,sr=0.378788,spl=0.230337; instance:n=149,sr=0.275168,spl=0.142530] latest_scene=00814-p53SfW6mjZe latest_episode=17 latest_task=0 latest_level=instance by_level={"instance": {"avg_spl": 0.14252998102861972, "avg_sr": 0.2751677852348993, "count": 149}, "object": {"avg_spl": 0.3510871114185629, "avg_sr": 0.5348837209302325, "count": 172}, "region": {"avg_spl": 0.23033685219757735, "avg_sr": 0.3787878787878788, "count": 198}, "room": {"avg_spl": 0.2827547765066368, "avg_sr": 0.49101796407185627, "count": 167}}
Elapsed 1 day, 6:13:31 

Begin to process [00814-p53SfW6mjZe_sequence_17_1] type: [region], Question: [table in the bedroom that has black metal-framed bed with striped bedding beneath two circular mandala prints, white desk beside brown dresser, and gray upholstered armchair near the patterned curtain]

Elapsed 1 day, 6:13:31 Current start position is [    -7.0735   0.0048132       6.849]
Elapsed 1 day, 6:15:40 ===Episode_id 17 task_id 1 task_level=region===
SR: False, SPL: 0.0, Object category: table, goal type: sequence===

Elapsed 1 day, 6:15:40 [baseline] task_level=region scene=00814-p53SfW6mjZe episode=17 task=1 sec=128.682
Elapsed 1 day, 6:15:40 [BASELINE_LIVE_METRICS] rows=687 avg_sr=0.422125 avg_spl=0.253931 follower_error_count=10 levels=[object:n=172,sr=0.534884,spl=0.351087; room:n=167,sr=0.491018,spl=0.282755; region:n=199,sr=0.376884,spl=0.229179; instance:n=149,sr=0.275168,spl=0.142530] latest_scene=00814-p53SfW6mjZe latest_episode=17 latest_task=1 latest_level=region by_level={"instance": {"avg_spl": 0.14252998102861972, "avg_sr": 0.2751677852348993, "count": 149}, "object": {"avg_spl": 0.3510871114185629, "avg_sr": 0.5348837209302325, "count": 172}, "region": {"avg_spl": 0.22917938057849405, "avg_sr": 0.3768844221105528, "count": 199}, "room": {"avg_spl": 0.2827547765066368, "avg_sr": 0.49101796407185627, "count": 167}}
Elapsed 1 day, 6:15:40 

Begin to process [00814-p53SfW6mjZe_sequence_17_2] type: [room], Question: [speaker in the living room]

Elapsed 1 day, 6:15:40 Current start position is [    -12.971   0.0048132      4.4089]
Elapsed 1 day, 6:16:40 ===Episode_id 17 task_id 2 task_level=room===
SR: False, SPL: 0.0, Object category: speaker, goal type: sequence===

Elapsed 1 day, 6:16:40 [baseline] task_level=room scene=00814-p53SfW6mjZe episode=17 task=2 sec=60.818
Elapsed 1 day, 6:16:40 [BASELINE_LIVE_METRICS] rows=688 avg_sr=0.421512 avg_spl=0.253562 follower_error_count=10 levels=[object:n=172,sr=0.534884,spl=0.351087; room:n=168,sr=0.488095,spl=0.281072; region:n=199,sr=0.376884,spl=0.229179; instance:n=149,sr=0.275168,spl=0.142530] latest_scene=00814-p53SfW6mjZe latest_episode=17 latest_task=2 latest_level=room by_level={"instance": {"avg_spl": 0.14252998102861972, "avg_sr": 0.2751677852348993, "count": 149}, "object": {"avg_spl": 0.3510871114185629, "avg_sr": 0.5348837209302325, "count": 172}, "region": {"avg_spl": 0.22917938057849405, "avg_sr": 0.3768844221105528, "count": 199}, "room": {"avg_spl": 0.28107171236076395, "avg_sr": 0.4880952380952381, "count": 168}}
Elapsed 1 day, 6:16:40 

Begin to process [00814-p53SfW6mjZe_sequence_17_3] type: [room], Question: [sofa chair in the living room]

Elapsed 1 day, 6:16:40 Current start position is [    -11.586    0.054813      2.5772]
Elapsed 1 day, 6:22:36 ===Episode_id 17 task_id 3 task_level=room===
SR: True, SPL: 0.6118510335898629, Object category: sofa chair, goal type: sequence===

Elapsed 1 day, 6:22:36 [baseline] task_level=room scene=00814-p53SfW6mjZe episode=17 task=3 sec=355.161
Elapsed 1 day, 6:22:36 [BASELINE_LIVE_METRICS] rows=689 avg_sr=0.422351 avg_spl=0.254082 follower_error_count=10 levels=[object:n=172,sr=0.534884,spl=0.351087; room:n=169,sr=0.491124,spl=0.283029; region:n=199,sr=0.376884,spl=0.229179; instance:n=149,sr=0.275168,spl=0.142530] latest_scene=00814-p53SfW6mjZe latest_episode=17 latest_task=3 latest_level=room by_level={"instance": {"avg_spl": 0.14252998102861972, "avg_sr": 0.2751677852348993, "count": 149}, "object": {"avg_spl": 0.3510871114185629, "avg_sr": 0.5348837209302325, "count": 172}, "region": {"avg_spl": 0.22917938057849405, "avg_sr": 0.3768844221105528, "count": 199}, "room": {"avg_spl": 0.283028986450877, "avg_sr": 0.4911242603550296, "count": 169}}
Elapsed 1 day, 6:22:36 

Begin to process [00814-p53SfW6mjZe_sequence_17_4] type: [region], Question: [towel in the bathroom that has two framed floral prints on black vanity and toilet]

Elapsed 1 day, 6:22:36 Current start position is [     3.1385   0.0048132      2.0321]
Elapsed 1 day, 7:42:51 ===Episode_id 17 task_id 4 task_level=region===
SR: False, SPL: 0.0, Object category: towel, goal type: sequence===

Elapsed 1 day, 7:42:51 [baseline] task_level=region scene=00814-p53SfW6mjZe episode=17 task=4 sec=4815.033
Elapsed 1 day, 7:42:51 [BASELINE_LIVE_METRICS] rows=690 avg_sr=0.421739 avg_spl=0.253714 follower_error_count=10 levels=[object:n=172,sr=0.534884,spl=0.351087; room:n=169,sr=0.491124,spl=0.283029; region:n=200,sr=0.375000,spl=0.228033; instance:n=149,sr=0.275168,spl=0.142530] latest_scene=00814-p53SfW6mjZe latest_episode=17 latest_task=4 latest_level=region by_level={"instance": {"avg_spl": 0.14252998102861972, "avg_sr": 0.2751677852348993, "count": 149}, "object": {"avg_spl": 0.3510871114185629, "avg_sr": 0.5348837209302325, "count": 172}, "region": {"avg_spl": 0.22803348367560158, "avg_sr": 0.375, "count": 200}, "room": {"avg_spl": 0.283028986450877, "avg_sr": 0.4911242603550296, "count": 169}}
Elapsed 1 day, 7:42:51 [Metrics] sequence count: 690, invalid_count: 0, follower_error_count: 10, avg_sr: 0.421739, avg_spl: 0.253714

=== Episode ===: 18it [9:02:51, 2498.01s/it][AElapsed 1 day, 7:43:00 

Begin to process [00814-p53SfW6mjZe_sequence_18_0] type: [instance], Question: [white kitchen cabinet above the toaster near oven and lake map]

Elapsed 1 day, 7:43:00 Current start position is [    -11.917     0.05277      2.5018]
Elapsed 1 day, 7:47:38 ===Episode_id 18 task_id 0 task_level=instance===
SR: True, SPL: 0.3476198831724362, Object category: kitchen cabinet, goal type: sequence===

Elapsed 1 day, 7:47:38 [baseline] task_level=instance scene=00814-p53SfW6mjZe episode=18 task=0 sec=277.671
Elapsed 1 day, 7:47:38 [BASELINE_LIVE_METRICS] rows=691 avg_sr=0.422576 avg_spl=0.253850 follower_error_count=10 levels=[object:n=172,sr=0.534884,spl=0.351087; room:n=169,sr=0.491124,spl=0.283029; region:n=200,sr=0.375000,spl=0.228033; instance:n=150,sr=0.280000,spl=0.143897] latest_scene=00814-p53SfW6mjZe latest_episode=18 latest_task=0 latest_level=instance by_level={"instance": {"avg_spl": 0.14389724704291182, "avg_sr": 0.28, "count": 150}, "object": {"avg_spl": 0.3510871114185629, "avg_sr": 0.5348837209302325, "count": 172}, "region": {"avg_spl": 0.22803348367560158, "avg_sr": 0.375, "count": 200}, "room": {"avg_spl": 0.283028986450877, "avg_sr": 0.4911242603550296, "count": 169}}
Elapsed 1 day, 7:47:38 

Begin to process [00814-p53SfW6mjZe_sequence_18_1] type: [room], Question: [throw blanket in the living room]

Elapsed 1 day, 7:47:38 Current start position is [    -6.4753   0.0048132      6.9122]
Elapsed 1 day, 8:16:56 ===Episode_id 18 task_id 1 task_level=room===
SR: False, SPL: 0.0, Object category: throw blanket, goal type: sequence===

Elapsed 1 day, 8:16:56 [baseline] task_level=room scene=00814-p53SfW6mjZe episode=18 task=1 sec=1758.364
Elapsed 1 day, 8:16:56 [BASELINE_LIVE_METRICS] rows=692 avg_sr=0.421965 avg_spl=0.253483 follower_error_count=10 levels=[object:n=172,sr=0.534884,spl=0.351087; room:n=170,sr=0.488235,spl=0.281364; region:n=200,sr=0.375000,spl=0.228033; instance:n=150,sr=0.280000,spl=0.143897] latest_scene=00814-p53SfW6mjZe latest_episode=18 latest_task=1 latest_level=room by_level={"instance": {"avg_spl": 0.14389724704291182, "avg_sr": 0.28, "count": 150}, "object": {"avg_spl": 0.3510871114185629, "avg_sr": 0.5348837209302325, "count": 172}, "region": {"avg_spl": 0.22803348367560158, "avg_sr": 0.375, "count": 200}, "room": {"avg_spl": 0.28136411005998946, "avg_sr": 0.48823529411764705, "count": 170}}
Elapsed 1 day, 8:16:56 

Begin to process [00814-p53SfW6mjZe_sequence_18_2] type: [object], Question: [coffee machine]

Elapsed 1 day, 8:16:56 Current start position is [     1.2674   0.0048132        7.14]
Elapsed 1 day, 8:24:44 ===Episode_id 18 task_id 2 task_level=object===
SR: False, SPL: 0.0, Object category: coffee machine, goal type: sequence===

Elapsed 1 day, 8:24:44 [baseline] task_level=object scene=00814-p53SfW6mjZe episode=18 task=2 sec=467.444
Elapsed 1 day, 8:24:44 [BASELINE_LIVE_METRICS] rows=693 avg_sr=0.421356 avg_spl=0.253117 follower_error_count=10 levels=[object:n=173,sr=0.531792,spl=0.349058; room:n=170,sr=0.488235,spl=0.281364; region:n=200,sr=0.375000,spl=0.228033; instance:n=150,sr=0.280000,spl=0.143897] latest_scene=00814-p53SfW6mjZe latest_episode=18 latest_task=2 latest_level=object by_level={"instance": {"avg_spl": 0.14389724704291182, "avg_sr": 0.28, "count": 150}, "object": {"avg_spl": 0.3490577061502475, "avg_sr": 0.5317919075144508, "count": 173}, "region": {"avg_spl": 0.22803348367560158, "avg_sr": 0.375, "count": 200}, "room": {"avg_spl": 0.28136411005998946, "avg_sr": 0.48823529411764705, "count": 170}}
Elapsed 1 day, 8:24:44 

Begin to process [00814-p53SfW6mjZe_sequence_18_3] type: [object], Question: [book]

Elapsed 1 day, 8:24:44 Current start position is [    -7.4565   0.0048132      6.8825]
Elapsed 1 day, 8:31:49 ===Episode_id 18 task_id 3 task_level=object===
SR: False, SPL: 0.0, Object category: book, goal type: sequence===

Elapsed 1 day, 8:31:49 [baseline] task_level=object scene=00814-p53SfW6mjZe episode=18 task=3 sec=424.911
Elapsed 1 day, 8:31:49 [BASELINE_LIVE_METRICS] rows=694 avg_sr=0.420749 avg_spl=0.252752 follower_error_count=10 levels=[object:n=174,sr=0.528736,spl=0.347052; room:n=170,sr=0.488235,spl=0.281364; region:n=200,sr=0.375000,spl=0.228033; instance:n=150,sr=0.280000,spl=0.143897] latest_scene=00814-p53SfW6mjZe latest_episode=18 latest_task=3 latest_level=object by_level={"instance": {"avg_spl": 0.14389724704291182, "avg_sr": 0.28, "count": 150}, "object": {"avg_spl": 0.34705162737926903, "avg_sr": 0.5287356321839081, "count": 174}, "region": {"avg_spl": 0.22803348367560158, "avg_sr": 0.375, "count": 200}, "room": {"avg_spl": 0.28136411005998946, "avg_sr": 0.48823529411764705, "count": 170}}
Elapsed 1 day, 8:31:49 

Begin to process [00814-p53SfW6mjZe_sequence_18_4] type: [room], Question: [refrigerator in the laundry room]

Elapsed 1 day, 8:31:49 Current start position is [     2.8695    0.036865      3.7586]
Elapsed 1 day, 8:55:22 ===Episode_id 18 task_id 4 task_level=room===
SR: False, SPL: 0.0, Object category: refrigerator, goal type: sequence===

Elapsed 1 day, 8:55:22 [baseline] task_level=room scene=00814-p53SfW6mjZe episode=18 task=4 sec=1412.825
Elapsed 1 day, 8:55:22 [BASELINE_LIVE_METRICS] rows=695 avg_sr=0.420144 avg_spl=0.252389 follower_error_count=10 levels=[object:n=174,sr=0.528736,spl=0.347052; room:n=171,sr=0.485380,spl=0.279719; region:n=200,sr=0.375000,spl=0.228033; instance:n=150,sr=0.280000,spl=0.143897] latest_scene=00814-p53SfW6mjZe latest_episode=18 latest_task=4 latest_level=room by_level={"instance": {"avg_spl": 0.14389724704291182, "avg_sr": 0.28, "count": 150}, "object": {"avg_spl": 0.34705162737926903, "avg_sr": 0.5287356321839081, "count": 174}, "region": {"avg_spl": 0.22803348367560158, "avg_sr": 0.375, "count": 200}, "room": {"avg_spl": 0.27971870590759185, "avg_sr": 0.4853801169590643, "count": 171}}
Elapsed 1 day, 8:55:22 [Metrics] sequence count: 695, invalid_count: 0, follower_error_count: 10, avg_sr: 0.420144, avg_spl: 0.252389

=== Episode ===: 19it [10:15:21, 3054.48s/it][AElapsed 1 day, 8:55:32 

Begin to process [00814-p53SfW6mjZe_sequence_19_0] type: [instance], Question: [hanging brown slatted grate in kitchen with dark island beneath lake map and stainless stove and oven]

Elapsed 1 day, 8:55:32 Current start position is [    -12.702     0.00481      5.4909]
Elapsed 1 day, 9:08:14 ===Episode_id 19 task_id 0 task_level=instance===
SR: False, SPL: 0.0, Object category: grate, goal type: sequence===

Elapsed 1 day, 9:08:14 [baseline] task_level=instance scene=00814-p53SfW6mjZe episode=19 task=0 sec=762.730
Elapsed 1 day, 9:08:14 [BASELINE_LIVE_METRICS] rows=696 avg_sr=0.419540 avg_spl=0.252026 follower_error_count=10 levels=[object:n=174,sr=0.528736,spl=0.347052; room:n=171,sr=0.485380,spl=0.279719; region:n=200,sr=0.375000,spl=0.228033; instance:n=151,sr=0.278146,spl=0.142944] latest_scene=00814-p53SfW6mjZe latest_episode=19 latest_task=0 latest_level=instance by_level={"instance": {"avg_spl": 0.1429442851419654, "avg_sr": 0.2781456953642384, "count": 151}, "object": {"avg_spl": 0.34705162737926903, "avg_sr": 0.5287356321839081, "count": 174}, "region": {"avg_spl": 0.22803348367560158, "avg_sr": 0.375, "count": 200}, "room": {"avg_spl": 0.27971870590759185, "avg_sr": 0.4853801169590643, "count": 171}}
Elapsed 1 day, 9:08:14 

Begin to process [00814-p53SfW6mjZe_sequence_19_1] type: [region], Question: [table in the dining room that has wood dining table with bowl of fruit and carved chairs]

Elapsed 1 day, 9:08:14 Current start position is [    -6.7912   0.0048132      5.6176]
Elapsed 1 day, 9:13:12 ===Episode_id 19 task_id 1 task_level=region===
SR: True, SPL: 0.8762787977686908, Object category: table, goal type: sequence===

Elapsed 1 day, 9:13:12 [baseline] task_level=region scene=00814-p53SfW6mjZe episode=19 task=1 sec=297.692
Elapsed 1 day, 9:13:12 [BASELINE_LIVE_METRICS] rows=697 avg_sr=0.420373 avg_spl=0.252922 follower_error_count=10 levels=[object:n=174,sr=0.528736,spl=0.347052; room:n=171,sr=0.485380,spl=0.279719; region:n=201,sr=0.378109,spl=0.231259; instance:n=151,sr=0.278146,spl=0.142944] latest_scene=00814-p53SfW6mjZe latest_episode=19 latest_task=1 latest_level=region by_level={"instance": {"avg_spl": 0.1429442851419654, "avg_sr": 0.2781456953642384, "count": 151}, "object": {"avg_spl": 0.34705162737926903, "avg_sr": 0.5287356321839081, "count": 174}, "region": {"avg_spl": 0.23125858474074132, "avg_sr": 0.3781094527363184, "count": 201}, "room": {"avg_spl": 0.27971870590759185, "avg_sr": 0.4853801169590643, "count": 171}}
Elapsed 1 day, 9:13:12 

Begin to process [00814-p53SfW6mjZe_sequence_19_2] type: [object], Question: [board]

Elapsed 1 day, 9:13:12 Current start position is [    -1.9029   0.0048132      4.7178]
Elapsed 1 day, 9:36:55 ===Episode_id 19 task_id 2 task_level=object===
SR: False, SPL: 0.0, Object category: board, goal type: sequence===

Elapsed 1 day, 9:36:55 [baseline] task_level=object scene=00814-p53SfW6mjZe episode=19 task=2 sec=1423.024
Elapsed 1 day, 9:36:55 [BASELINE_LIVE_METRICS] rows=698 avg_sr=0.419771 avg_spl=0.252559 follower_error_count=10 levels=[object:n=175,sr=0.525714,spl=0.345068; room:n=171,sr=0.485380,spl=0.279719; region:n=201,sr=0.378109,spl=0.231259; instance:n=151,sr=0.278146,spl=0.142944] latest_scene=00814-p53SfW6mjZe latest_episode=19 latest_task=2 latest_level=object by_level={"instance": {"avg_spl": 0.1429442851419654, "avg_sr": 0.2781456953642384, "count": 151}, "object": {"avg_spl": 0.3450684752228161, "avg_sr": 0.5257142857142857, "count": 175}, "region": {"avg_spl": 0.23125858474074132, "avg_sr": 0.3781094527363184, "count": 201}, "room": {"avg_spl": 0.27971870590759185, "avg_sr": 0.4853801169590643, "count": 171}}
Elapsed 1 day, 9:36:55 

Begin to process [00814-p53SfW6mjZe_sequence_19_3] type: [room], Question: [mantel in the living room]

Elapsed 1 day, 9:36:55 Current start position is [    -12.857   0.0048132      6.3579]
Elapsed 1 day, 10:07:32 ===Episode_id 19 task_id 3 task_level=room===
SR: False, SPL: 0.0, Object category: mantel, goal type: sequence===

Elapsed 1 day, 10:07:32 [baseline] task_level=room scene=00814-p53SfW6mjZe episode=19 task=3 sec=1836.627
Elapsed 1 day, 10:07:32 [BASELINE_LIVE_METRICS] rows=699 avg_sr=0.419170 avg_spl=0.252198 follower_error_count=10 levels=[object:n=175,sr=0.525714,spl=0.345068; room:n=172,sr=0.482558,spl=0.278092; region:n=201,sr=0.378109,spl=0.231259; instance:n=151,sr=0.278146,spl=0.142944] latest_scene=00814-p53SfW6mjZe latest_episode=19 latest_task=3 latest_level=room by_level={"instance": {"avg_spl": 0.1429442851419654, "avg_sr": 0.2781456953642384, "count": 151}, "object": {"avg_spl": 0.3450684752228161, "avg_sr": 0.5257142857142857, "count": 175}, "region": {"avg_spl": 0.23125858474074132, "avg_sr": 0.3781094527363184, "count": 201}, "room": {"avg_spl": 0.2780924343616175, "avg_sr": 0.48255813953488375, "count": 172}}
Elapsed 1 day, 10:07:32 

Begin to process [00814-p53SfW6mjZe_sequence_19_4] type: [region], Question: [cabinet in the bathroom that has two framed floral prints on black vanity and toilet]

Elapsed 1 day, 10:07:32 Current start position is [    -1.9044   0.0048132      5.2498]
Elapsed 1 day, 10:09:12 ===Episode_id 19 task_id 4 task_level=region===
SR: True, SPL: 0.8407901022192568, Object category: cabinet, goal type: sequence===

Elapsed 1 day, 10:09:12 [baseline] task_level=region scene=00814-p53SfW6mjZe episode=19 task=4 sec=99.849
Elapsed 1 day, 10:09:12 [BASELINE_LIVE_METRICS] rows=700 avg_sr=0.420000 avg_spl=0.253039 follower_error_count=10 levels=[object:n=175,sr=0.525714,spl=0.345068; room:n=172,sr=0.482558,spl=0.278092; region:n=202,sr=0.381188,spl=0.234276; instance:n=151,sr=0.278146,spl=0.142944] latest_scene=00814-p53SfW6mjZe latest_episode=19 latest_task=4 latest_level=region by_level={"instance": {"avg_spl": 0.1429442851419654, "avg_sr": 0.2781456953642384, "count": 151}, "object": {"avg_spl": 0.3450684752228161, "avg_sr": 0.5257142857142857, "count": 175}, "region": {"avg_spl": 0.23427606750053598, "avg_sr": 0.3811881188118812, "count": 202}, "room": {"avg_spl": 0.2780924343616175, "avg_sr": 0.48255813953488375, "count": 172}}
Elapsed 1 day, 10:09:12 [Metrics] sequence count: 700, invalid_count: 0, follower_error_count: 10, avg_sr: 0.420000, avg_spl: 0.253039

=== Episode ===: 20it [11:29:12, 3467.53s/it][A=== Episode ===: 20it [11:29:12, 2067.61s/it]
Elapsed 1 day, 10:09:12 [Metrics] sequence count: 700, invalid_count: 0, follower_error_count: 10, avg_sr: 0.420000, avg_spl: 0.253039
*** Scene ***: 100%|##########| 7/7 [34:09:01<00:00, 21899.44s/it]  *** Scene ***: 100%|##########| 7/7 [34:09:01<00:00, 17563.05s/it]
Elapsed 1 day, 10:09:12 [Metrics] sequence count: 700, invalid_count: 0, follower_error_count: 10, avg_sr: 0.420000, avg_spl: 0.253039
Elapsed 1 day, 10:09:12 [Baseline] run finished, log saved -> /home/chenlin/krona/anchor-nav/output_logs/baseline_all_0_0.2/20260513-112352-detailed/refhm3d-nav-sequence-baseline-20260513-112413-119890-pid1086119.log
